date,ticker,return,mkt_rf,smb,hml,rmw,cma,rf,excess_return,predicted_excess_return,predicted_return,residual,cumulative_actual_return,cumulative_predicted_return,cumulative_residual
2015-02-28,IWM,0.0594640867959654,0.0613999999999999,0.0036,-0.0179,-0.011,-0.0175,0.0,0.0594640867959654,0.06339403121335821,0.06339403121335821,-0.0039299444173928125,0.05946408679596549,0.06339403121335829,-0.0039299444173928055
2015-03-31,IWM,0.017699661212049,-0.0109,0.0308,-0.0038,0.0007,-0.0062,0.0,0.017699661212049,0.012997873707246338,0.012997873707246338,0.00470178750480266,0.07821624219858703,0.07721589253210892,0.0007533653238536164
2015-04-30,IWM,-0.0256492667680412,0.006,-0.0301,0.018,0.0005,-0.0062,0.0,-0.0256492667680412,-0.017461100903599567,-0.017461100903599567,-0.008188165864441634,0.05056078616880044,0.058406517137644665,-0.007440969220816163
2015-05-31,IWM,0.0223636239512887,0.0138,0.0081999999999999,-0.0111,-0.0176,-0.0083,0.0,0.0223636239512887,0.020681141745391683,0.020681141745391683,0.0016824822058970172,0.07405513252864981,0.08029557234281448,-0.005771006313227911
2015-06-30,IWM,0.0078293917736971,-0.0154,0.0289999999999999,-0.0081999999999999,0.0034999999999999,-0.0154,0.0,0.0078293917736971,0.006558597888543667,0.006558597888543667,0.0012707938851534324,0.08246433094776684,0.08738079660258502,-0.004507546187608402
2015-07-31,IWM,-0.0110392109858962,0.0157,-0.0458,-0.0416,0.0031,-0.0243999999999999,0.0,-0.0110392109858962,-0.026539648879890416,-0.026539648879890416,0.015500437893994216,0.07051477881372747,0.05852209206201686,0.01092302276665058
2015-08-31,IWM,-0.0631102597148888,-0.0602,0.0029,0.0275,0.0066,0.0129,0.0,-0.0631102597148888,-0.057133240400313076,-0.057133240400313076,-0.005977019314575727,0.002954313094166272,-0.0019547050928047094,0.0048807163340249815
2015-09-30,IWM,-0.0493629634453202,-0.0306,-0.0279999999999999,0.0055,0.018,-0.0059,0.0,-0.0493629634453202,-0.055720519484803416,-0.055720519484803416,0.006357556039483216,-0.046554484000427276,-0.05756630739439739,0.01126930180111474
2015-10-31,IWM,0.0562269429130513,0.0775,-0.0206,-0.0046999999999999,0.0095,0.0060999999999999,0.0,0.0562269429130513,0.05796266526560365,0.05796266526560365,-0.0017357223525523435,0.007054842598385402,-0.0029403387348720944,0.009514019069528423
2015-11-30,IWM,0.0325994303384369,0.0056999999999999,0.033,-0.0043,-0.0265,-0.0106,0.0,0.0325994303384369,0.03464165815213324,0.03464165815213324,-0.00204222781369634,0.03988425678665708,0.0315994612079562,0.0074523614614683265
2015-12-31,IWM,-0.0503040241032823,-0.0215,-0.0295,-0.0256999999999999,0.0034,0.0012,0.0001,-0.0504040241032823,-0.049703875185979594,-0.04960387518597959,-0.0007001489173027037,-0.01242610593136273,-0.019571869707727063,0.006746994781356985
2016-01-31,IWM,-0.0857752352180236,-0.0574,-0.0344,0.0208,0.0278,0.0305,0.0001,-0.0858752352180236,-0.08853984424655865,-0.08843984424655865,0.0026646090285350615,-0.09713548899027968,-0.10628078084572035,0.009429581913102059
2016-02-29,IWM,-0.0022340842308148,-0.0007,0.0087,-0.0060999999999999,0.0331,0.0194,0.0002,-0.0024340842308148,0.0002939343470941651,0.0004939343470941651,-0.002728018577908965,-0.0991525643568888,-0.10583934222672187,0.006675839260552152
2016-03-31,IWM,0.0801345162765931,0.0695,0.01,0.0121999999999999,0.0068,0.0001,0.0002,0.0799345162765931,0.07723880406434616,0.07743880406434617,0.002695712212246945,-0.02696359086261868,-0.036596610247370154,0.009389547614220728
2016-04-30,IWM,0.0167224709659121,0.0091,0.0123,0.0322,-0.0285,0.0177,0.0001,0.0166224709659121,0.024257044994722806,0.024357044994722805,-0.007634574028810705,-0.010692017762043426,-0.01313095053509683,0.0016832883890520733
2016-05-31,IWM,0.0224037948973598,0.0178,-0.0062,-0.0162,-0.011,-0.0254,0.0001,0.0223037948973598,0.012227248510085505,0.012327248510085504,0.010076546387274295,0.011472235362336658,-0.0009655705154310024,0.011776796509861853
2016-06-30,IWM,-0.000173644610281,-0.0003,0.0042,-0.0149,0.0144999999999999,0.019,0.0002,-0.000373644610281,-0.001749193879841299,-0.001549193879841299,0.001375549269560299,0.01129659866021715,-0.0025132685393393084,0.013168545343259064
2016-07-31,IWM,0.0587485457944603,0.0394,0.0247,-0.0124,0.0131,-0.0116,0.0002,0.0585485457944603,0.056195968249890246,0.056395968249890245,0.0023525775445700503,0.0707088031983889,0.05374096149780283,0.015552102911898347
2016-08-31,IWM,0.0178414251990544,0.0049,0.0166,0.0317,-0.0185,-0.0036,0.0002,0.0176414251990544,0.023099846707787572,0.02329984670778757,-0.005458421508733172,0.08981177422062192,0.07829296437041844,0.01000879147012479
2016-09-30,IWM,0.0107383038054422,0.0027,0.0181,-0.0118999999999999,-0.0218,0.0003,0.0002,0.0105383038054422,0.017753924534347525,0.017953924534347524,-0.007215620728905326,0.10151450414295105,0.09765255487864288,0.0027209510980163998
2016-10-31,IWM,-0.0459707656172183,-0.0200999999999999,-0.0401999999999999,0.0411,0.0098999999999999,0.0025,0.0002,-0.0461707656172183,-0.05076189574153884,-0.05056189574153884,0.004591130124320539,0.05087703904902896,0.042153160838435344,0.0073245734628897274
2016-11-30,IWM,0.1106332665985403,0.0484999999999999,0.0696,0.0828999999999999,-0.0024,0.0371,0.0001,0.1105332665985403,0.1121166424331284,0.1122166424331284,-0.001583375834588091,0.16713899867242477,0.1591000894487966,0.0057296000756819065
2016-12-31,IWM,0.0288442530487884,0.0181,0.0044,0.0347,0.0124,-0.0032,0.0003,0.0285442530487884,0.023089433471786262,0.023389433471786264,0.005454819577002137,0.20080425129324175,0.18621078387810086,0.01121567358734521
2017-01-31,IWM,0.0028178739967015,0.0194,-0.0144,-0.0276,-0.0051,-0.0106,0.0004,0.0024178739967015,0.004733191332993954,0.005133191332993954,-0.002315317336292454,0.20418796636808967,0.19229983079300794,0.00887438840755772
2017-02-28,IWM,0.01930049211769,0.0355,-0.023,-0.015,0.0045,-0.018,0.0004,0.01890049211769,0.01430781636913703,0.014707816369137029,0.004592675748552972,0.22742938672119406,0.2098359577612645,0.013507821344533433
2017-03-31,IWM,0.0002602032170964,0.0017,0.0075,-0.0333,0.0063,-0.0095,0.0003,-3.979678290358916e-05,0.0029380897079539993,0.0032380897079539992,-0.0029778864908575884,0.22774876779637765,0.21375351512440388,0.010489710094973015
2017-04-30,IWM,0.0114927578417873,0.0108,0.0040999999999999,-0.0204999999999999,0.0179,-0.016,0.0005,0.0109927578417873,0.009511288670006005,0.010011288670006006,0.001481469171781295,0.24185898707521436,0.22590475193854886,0.011986719448880967
2017-05-31,IWM,-0.0197038082212636,0.0107,-0.0299,-0.0382,0.0098999999999999,-0.0166,0.0006,-0.0203038082212636,-0.01926392131070645,-0.01866392131070645,-0.0010398869105571508,0.21738963575603165,0.2030245621139466,0.010934367705668357
2017-06-30,IWM,0.0337444492890659,0.0078,0.0252,0.015,-0.0226,0.0004,0.0006,0.0331444492890659,0.03158612497989198,0.032186124979891984,0.0015583243091739224,0.25846977858483555,0.24174526102402605,0.012509731305843541
2017-07-31,IWM,0.008524298756052,0.0187999999999999,-0.0163999999999999,-0.0023,-0.0075,-0.0015,0.0007,0.007824298756052,0.005137386183413512,0.005837386183413512,0.0026869125726384875,0.2691973509529555,0.248993807654047,0.015230256432808176
2017-08-31,IWM,-0.0125786435739593,0.0018,-0.0183,-0.0213,0.002,-0.0237999999999999,0.0009,-0.0134786435739593,-0.01575168986637291,-0.01485168986637291,0.0022730462924136097,0.25323256985030485,0.23044413897774896,0.017537921803138845
2017-09-30,IWM,0.0630409157207967,0.0249,0.0475999999999999,0.0315,-0.0154,0.0163,0.0009,0.0621409157207967,0.06733634656617424,0.06823634656617424,-0.00519543084537754,0.33223749866479535,0.3144051516753523,0.01225137389786135
2017-10-31,IWM,0.0072886571204202,0.0225,-0.0191,0.0013,0.0092,-0.0314,0.0009,0.0063886571204202,0.00613290622538043,0.00703290622538043,0.00025575089503976963,0.3419477209955293,0.3236492398492421,0.012510258092740978
2017-11-30,IWM,0.0294117045056814,0.0312,-0.0038,-0.0009,0.0319,-0.001,0.0008,0.0286117045056814,0.023411386498927315,0.024211386498927314,0.005200318006754086,0.3814166908275225,0.35569662318424333,0.017775633419923942
2017-12-31,IWM,-0.0039848277413115,0.0106,-0.0105,0.0005,0.0073,0.0179,0.0009,-0.0048848277413115,-0.0003404910069902292,0.0005595089930097708,-0.00454433673432127,0.3759119832756024,0.3564551476367077,0.013150518221676677
2018-01-31,IWM,0.0255805741394583,0.0558,-0.0321,-0.0132,-0.0075,-0.0105,0.0011,0.0244805741394583,0.028506654714510075,0.029606654714510076,-0.004026080575051775,0.4111086017731531,0.3966152468285076,0.009071492600660758
2018-02-28,IWM,-0.038436891248995,-0.0364,0.0034,-0.011,0.0053,-0.0236,0.0011,-0.039536891248995,-0.035562594918097365,-0.03446259491809737,-0.003974296330897638,0.35686997390627706,0.34848426132061827,0.0050611434700045255
2018-03-31,IWM,0.0121752465368778,-0.0235,0.0361,-0.0021,-0.0040999999999999,0.0008,0.0012,0.0109752465368778,0.005205472349648736,0.006405472349648736,0.005769774187229064,0.37339020035707304,0.35712193997044395,0.010860119312184668
2018-04-30,IWM,0.0098135182647391,0.0029,0.0089,0.0053,-0.0242,0.0124,0.0014,0.0084135182647391,0.012121171626614587,0.013521171626614587,-0.003707653361875486,0.3868679901728911,0.37547181863902845,0.0071122003924308785
2018-05-31,IWM,0.0616357131084104,0.0263,0.0471,-0.0314,-0.0197999999999999,-0.0149,0.0014,0.0602357131084104,0.06326918254519416,0.06466918254519416,-0.003033469436783759,0.4723485877344251,0.464422456764366,0.004057156313128418
2018-06-30,IWM,0.0061437024640103,0.0049,0.0077,-0.0233,0.0083,0.002,0.0014,0.0047437024640103,0.006729422654485416,0.008129422654485416,-0.0019857201904751164,0.4813942593807712,0.4763273658601235,0.0020633797454463476
2018-07-31,IWM,0.0164906936233451,0.032,-0.0192999999999999,0.0049,0.0153,0.0031,0.0016,0.014890693623345,0.013948945932410362,0.015548945932410362,0.0009417476909346391,0.5058234782476017,0.4992827002504203,0.0030070706194917918
2018-08-31,IWM,0.0431058095909522,0.0346,0.0065,-0.0391,-0.0029,-0.0256999999999999,0.0016,0.0415058095909522,0.03605350330940012,0.037653503309400115,0.005452306281552084,0.5707332183785281,0.5557359463660259,0.008475772371071555
2018-09-30,IWM,-0.0232500437655426,0.0006,-0.0249,-0.0162,0.0065,0.0136,0.0015,-0.0247500437655426,-0.02362234595763965,-0.02212234595763965,-0.0011276978079029498,0.5342136023072357,0.5213194175417808,0.007338516453245569
2018-10-31,IWM,-0.1098781778133274,-0.0764,-0.0438,0.0338,0.0103,0.036,0.0019,-0.1117781778133274,-0.11201863380685012,-0.11011863380685012,0.00024045599352272296,0.3656370073092956,0.3537938016982469,0.007580737037033103
2018-11-30,IWM,0.017263112540476,0.0171,-0.0081,0.0036,-0.0060999999999999,0.004,0.0018,0.015463112540476,0.010480717557911258,0.012280717557911257,0.0049823949825647425,0.3892121526559149,0.37041936100855377,0.012600902245775147
2018-12-31,IWM,-0.1197213970591143,-0.0955,-0.0281,-0.0192,-0.0003,0.0024,0.0019,-0.1216213970591143,-0.12153051031844794,-0.11963051031844794,-9.088674066635993e-05,0.22289373292844927,0.20647539350081923,0.012508870250174109
2019-01-31,IWM,0.1132185785868573,0.0836,0.0291,-0.0039,-0.0073,-0.0165,0.0021,0.1111185785868573,0.10743591455153416,0.10953591455153416,0.0036826640353231355,0.3613480231333843,0.3386277791118535,0.01623760025209009
2019-02-28,IWM,0.0517915394153467,0.0342,0.0172,-0.0266,0.0016,-0.0154,0.0018,0.0499915394153467,0.04482940966995844,0.04662940966995844,0.005162129745388266,0.43185433293150144,0.40104720221964674,0.02148355059673346
2019-03-31,IWM,-0.0209333085092766,0.011,-0.0352,-0.0414,0.0088,-0.009,0.0019,-0.0228333085092766,-0.02376564155325665,-0.02186564155325665,0.0009323330439800492,0.401880884439902,0.3704124062967189,0.022435913464836865
2019-04-30,IWM,0.0339666740176767,0.0397,-0.0115,0.0213,0.0161,-0.0218,0.0021,0.0318666740176767,0.030530097507970554,0.03263009750797055,0.0013365765097061444,0.44949811545328444,0.4151290967403134,0.02380247728945406
2019-05-31,IWM,-0.0785265095384817,-0.0692,-0.0156,-0.0245,-0.0048,0.0176,0.0021,-0.0806265095384817,-0.08558646421330589,-0.08348646421330588,0.004959954674824185,0.3356740878641309,0.2969849720480955,0.028880491172782463
2019-06-30,IWM,0.0698488405157822,0.0699,0.0019,-0.0064,0.0045,-0.0055,0.0018,0.0680488405157822,0.06952143393803213,0.07132143393803213,-0.0014725934222499376,0.4289693742084155,0.3894878000506441,0.02736536852920013
2019-07-31,IWM,0.0068171539965176,0.0121999999999999,-0.0182,0.005,-0.0013,0.0037,0.0019,0.0049171539965176,-0.0030595720370258004,-0.0011595720370258004,0.0079767260335434,0.4387108784887017,0.3878765888519169,0.03556038061030797
2019-08-31,IWM,-0.049310671357224,-0.0255,-0.0325,-0.0476999999999999,0.0053,-0.0062,0.0016,-0.050910671357224,-0.05844341740737817,-0.05684341740737817,0.007532746050154172,0.3677670791814822,0.3089849406018792,0.043360993977046514
2019-09-30,IWM,0.0203707571288891,0.0141999999999999,0.0029,0.0676,0.0182,0.0338,0.0018,0.0185707571288891,0.019484782473891224,0.021284782473891223,-0.000914025345002123,0.3956295301603783,0.3368464003241898,0.04240733558456489
2019-10-31,IWM,0.0271573988962798,0.0207,0.0025,-0.0192,0.0043,-0.0103,0.0015,0.0256573988962798,0.019619203549576258,0.02111920354957626,0.0060381953467035406,0.4335311980223713,0.36507953156715467,0.04870159470766122
2019-11-30,IWM,0.0406564151256712,0.0387,0.0039,-0.02,-0.0163999999999999,-0.0113999999999999,0.0012,0.0394564151256712,0.041114092094442535,0.042314092094442535,-0.0016576769687713377,0.4918134375047696,0.4228416325821256,0.046963186227000575
2019-12-31,IWM,0.0278651404043308,0.0276,0.0098999999999999,0.0173,0.0005,0.0118999999999999,0.0014,0.0264651404043308,0.03608846192032889,0.03748846192032889,-0.009623321515998092,0.5333830283979075,0.47618177694383923,0.03688792287052434
2020-01-31,IWM,-0.0310256461544998,-0.0009,-0.0437,-0.0622,-0.0118999999999999,-0.0219,0.0013,-0.0323256461544998,-0.04197153224385373,-0.040671532243853725,0.009645886089353926,0.48580882913951884,0.4161432022050786,0.0468896256619602
2020-02-29,IWM,-0.0884567458540153,-0.0815,0.0008,-0.0382,-0.0143,-0.0253,0.0012,-0.0896567458540153,-0.08336728934640163,-0.08216728934640162,-0.006289456507613672,0.35437901515267245,0.29978255395355413,0.040305258893087226
2020-03-31,IWM,-0.2147710387924177,-0.1335,-0.0818,-0.1383,-0.0161,0.0118999999999999,0.0012,-0.2159710387924177,-0.2144855932051578,-0.2132855932051578,-0.0014854455872598815,0.06349762714968121,0.022557660895855314,0.03875994203686117
2020-04-30,IWM,0.1384761771390126,0.1358,0.0256999999999999,-0.0134,0.0276,-0.0102,0.0,0.1384761771390126,0.15163901971196542,0.15163901971196542,-0.013162842572952804,0.21076671295378002,0.17761730219306315,0.025086908448740397
2020-05-31,IWM,0.0659197613465469,0.0559,0.0192,-0.05,0.0096,-0.0316,0.0001,0.0658197613465469,0.06533970171696615,0.06543970171696616,0.00048005962958075354,0.29058016571803624,0.25468022718531547,0.025579011290298492
2020-06-30,IWM,0.0342992582138652,0.0243999999999999,0.0195,-0.0217,0.0014,0.0055,0.0001,0.0341992582138652,0.03671345950836576,0.036813459508365766,-0.0025142012945005635,0.3348461080676921,0.3008693469247492,0.023000499212499914
2020-07-31,IWM,0.0291944793839988,0.0583,-0.0319,-0.0144,0.0038,0.0097,0.0001,0.0290944793839988,0.029035962434382192,0.02913596243438219,5.851694961660908e-05,0.3738162452504854,0.33877142734878785,0.023060362081170016
2020-08-31,IWM,0.0547637850812448,0.0762,-0.0089,-0.0302,0.0426999999999999,-0.0151,0.0001,0.0546637850812447,0.0604202097293102,0.0605202097293102,-0.0057564246480655,0.44905162284650557,0.4197941549115445,0.017171192196427265
2020-09-30,IWM,-0.0326134916865609,-0.0364,-0.0001,-0.0272,-0.0138,-0.0192999999999999,0.0001,-0.0327134916865609,-0.038079138964962206,-0.0379791389649622,0.005365647278401303,0.40179298979140343,0.36587159540051784,0.022628974035504346
2020-10-31,IWM,0.0220311178408882,-0.0208,0.0467,0.0425,-0.0077,-0.0056999999999999,0.0001,0.0219311178408882,0.021918723140746915,0.022018723140746915,1.2394700141284132e-05,0.43267605633802897,0.39594634390545225,0.022641649214993453
2020-11-30,IWM,0.1824417420156621,0.1244,0.0712,0.0209,-0.0225,0.0128,0.0001,0.1823417420156621,0.18597162998994882,0.1860716299899488,-0.003629887974286705,0.6940559718004677,0.6556923554944494,0.018929574590503373
2020-12-31,IWM,0.0864646601854119,0.0463,0.0493,-0.0168,-0.0197,-0.0006,0.0001,0.0863646601854119,0.086110508169143,0.086210508169143,0.0002541520162689104,0.8405319457372631,0.7984304348333915,0.019188537596321442
2021-01-31,IWM,0.0484541880907922,-0.0007,0.0681,0.0322,-0.0365,0.0496999999999999,0.0,0.0484541880907922,0.059795000108712,0.059795000108712,-0.011340812017919796,0.9297134268231284,0.9059675828797651,0.007630111980623022
2021-02-28,IWM,0.0620257439689779,0.0281,0.045,0.072,0.0033,-0.0199,0.0,0.0620257439689779,0.07180670540541947,0.07180670540541947,-0.009780961436441575,1.0494053377687589,1.0428288356158917,-0.0022254792868567908
2021-03-31,IWM,0.0139505484883213,0.0316,-0.0084,0.0735,0.0635,0.0352,0.0,0.0139505484883213,0.023021655154385055,0.023021655154385055,-0.009071106666063755,1.0779956663055263,1.0898581366088749,-0.011276398392926379
2021-04-30,IWM,0.0178780176929647,0.0496999999999999,-0.0316,-0.0102,0.0243,-0.0272,0.0,0.0178780176929647,0.02004185752088063,0.02004185752088063,-0.002163839827915931,1.1151461095936406,1.1317427756216434,-0.013415837900884187
2021-05-31,IWM,0.0027126103990948,0.0029,0.0127,0.0704,0.0233999999999999,0.0301,0.0,0.0027126103990948,0.01600113500358156,0.01600113500358156,-0.013288524604486759,1.1208836769261294,1.1658530795672748,-0.026526085813335154
2021-06-30,IWM,0.0186896165830874,0.0273,-0.003,-0.0786,-0.0214,-0.0093,0.0,0.0186896165830874,0.01837970522522282,0.01837970522522282,0.00030991135786458124,1.1605221796652074,1.2056608207308623,-0.02622439519074382
2021-07-31,IWM,-0.0362732059426988,0.0134,-0.0455,-0.0179,0.055,-0.0059,0.0,-0.0362732059426988,-0.03272201087563824,-0.03272201087563824,-0.0035511950670605585,1.082153113698443,1.1334871633669379,-0.029682462314966407
2021-08-31,IWM,0.0220312622068756,0.0295,-0.0066,-0.0023,-0.0026,-0.0172,0.0,0.0220312622068756,0.02382307077012721,0.02382307077012721,-0.001791808563251611,1.128025574901196,1.1843133790469866,-0.03142108558806367
2021-09-30,IWM,-0.0288036576437425,-0.044,0.0112,0.0512,-0.0192,0.02,0.0,-0.0288036576437425,-0.02891357656487657,-0.02891357656487657,0.00010991892113406884,1.0667306547846138,1.1211570669202273,-0.031314620438758434
2021-10-31,IWM,0.0425143972499513,0.0663,-0.027,-0.0053,0.0171,-0.0154,0.0,0.0425143972499513,0.041342908191006424,0.041342908191006424,0.0011714890589448745,1.1545964628507788,1.2088518687966148,-0.0301798161150425
2021-11-30,IWM,-0.0433238144928825,-0.0158,-0.017,-0.0037,0.0719,0.017,0.0,-0.0433238144928825,-0.03992680517103639,-0.03992680517103639,-0.0033970093218461117,1.0612511253872108,1.1206594705794926,-0.03347430432021414
2021-12-31,IWM,0.0227149147279199,0.0324,-0.0078,0.0325,0.0487999999999999,0.0429,0.0001,0.0226149147279199,0.021400954770747528,0.021500954770747528,0.0012139599571723732,1.1080722689332103,1.1662556739405794,-0.03230098082808075
2022-01-31,IWM,-0.0953472464011501,-0.0615,-0.0401,0.1286,0.0077,0.0773,0.0,-0.0953472464011501,-0.08519986903082508,-0.08519986903082508,-0.01014737737032502,0.907073382875804,0.9816909742335602,-0.042120587956511635
2022-02-28,IWM,0.0103359646601626,-0.0227999999999999,0.0286,0.0306,-0.0203,0.0302999999999999,0.0,0.0103359646601626,0.004085914388455819,0.004085914388455819,0.00625005027170678,0.9267848259655451,0.989787993898654,-0.03613379347700685
2022-03-31,IWM,0.0115754594652215,0.0308,-0.0210999999999999,-0.019,-0.015,0.0321,0.0,0.0115754594652215,0.011235132114073986,0.011235132114073986,0.0003403273511475135,0.9490882456167131,1.0121435248891038,-0.03580576344408026
2022-04-30,IWM,-0.0989916197968208,-0.0941,-0.0034999999999999,0.0617999999999999,0.0341,0.0592,0.0,-0.0989916197968208,-0.09743370011019412,-0.09743370011019412,-0.001557919686626691,0.756144843056171,0.8160929361063898,-0.03730790062694267
2022-05-31,IWM,0.0019462931192686,-0.0033,-0.0003,0.0843999999999999,0.0155,0.0395,0.0003,0.0016462931192686,0.0012538753156628533,0.0015538753156628532,0.0003924178036057468,0.7595628156806504,0.8189149180907549,-0.03693012310775812
2022-06-30,IWM,-0.0836634089683732,-0.084,0.0133,-0.06,0.0176,-0.0458,0.0006,-0.0842634089683732,-0.08094047120140008,-0.08034047120140007,-0.003322937766973122,0.6123517922268178,0.6727824364960877,-0.04013034437391749
2022-07-31,IWM,0.1056329010597445,0.0957,0.0178,-0.0415,0.0077,-0.0684999999999999,0.0008,0.1048329010597445,0.10642538057195773,0.10722538057195773,-0.001592479512213238,0.7826691895686151,0.8521471698634673,-0.04165891713489711
2022-08-31,IWM,-0.0200269363243712,-0.0377,0.0149,0.0018,-0.0478,0.0132,0.0019,-0.0219269363243712,-0.021280642177645106,-0.019380642177645107,-0.0006462941467260952,0.746967787221706,0.8162513683040054,-0.04227828736731998
2022-09-30,IWM,-0.0966041205394219,-0.0934,-0.0097,0.0003,-0.0137,-0.0077,0.0019,-0.0985041205394219,-0.1004519123340884,-0.0985519123340884,0.0019477917946665035,0.5782035005264532,0.6372563226782408,-0.040412844873880194
2022-10-31,IWM,0.1116298367087615,0.0786,0.0181,0.0797,0.0327,0.0643,0.0023,0.1093298367087615,0.09486908846288035,0.09716908846288035,0.014460748245881144,0.7543780995834171,0.7963470271329731,-0.026536496603620008
2022-11-30,IWM,0.0220366834171727,0.0469,-0.0275,0.0148,0.063,0.0315,0.0029,0.0191366834171727,0.016718885817867117,0.019618885817867117,0.0024177975993055836,0.7930387743579581,0.8315893543475601,-0.024182858882096592
2022-12-31,IWM,-0.0651412842253416,-0.0638,-0.0019,0.0134,0.0032,0.0428,0.0033,-0.0684412842253416,-0.06679487296622456,-0.06349487296622457,-0.0016464112591170338,0.6762379259304483,0.7152928209669724,-0.025789455210072476
2023-01-31,IWM,0.0981876923665143,0.0659,0.0438999999999999,-0.0394,-0.0242,-0.0443,0.0034999999999999,0.0946876923665143,0.10096677709160971,0.10446677709160962,-0.0062790847250954185,0.8408238597347912,0.8944839337417676,-0.03190660576088977
2023-02-28,IWM,-0.017234343249965,-0.0256999999999999,0.0058,-0.008,0.0097,-0.0151,0.0034,-0.020634343249965,-0.023384660411965824,-0.019984660411965824,0.0027503171620008246,0.8090984694733965,0.8566233156700134,-0.029244041884294192
2023-03-31,IWM,-0.0484732697260738,0.0249,-0.0689,-0.0905,0.0227,-0.021,0.0036,-0.0520732697260738,-0.043740016142759186,-0.04014001614275919,-0.00833325358331461,0.7214055514015854,0.7820984258079959,-0.037333597450785905
2023-04-30,IWM,-0.0179370647006746,0.0063,-0.0256999999999999,-0.0012,0.0242,0.0285,0.0034999999999999,-0.0214370647006746,-0.019546708729918073,-0.016046708729918174,-0.001890355970756527,0.6905285886499948,0.7535016114410094,-0.0391533796326915
2023-05-31,IWM,-0.0081619953385558,0.0033,-0.0043,-0.0779,-0.0178,-0.0708,0.0036,-0.0117619953385558,-0.004891239682403459,-0.0012912396824034588,-0.006870755656152342,0.6767305021897383,0.7512374205771584,-0.045755121984275116
2023-06-30,IWM,0.0806731416608377,0.0646,0.0128,-0.0013,0.0232,-0.0154,0.004,0.0766731416608377,0.07184077220078483,0.07584077220078483,0.004832369460052874,0.8119976195199385,0.8840526188606406,-0.04114385817833999
2023-07-31,IWM,0.0610883060632794,0.0321,0.0286,0.0406,-0.0059,0.0066,0.0045,0.0565883060632794,0.059240238086535196,0.0637402380865352,-0.002651932023255796,0.9226894846871063,1.0041425813543783,-0.043686679486532265
2023-08-31,IWM,-0.0508278557370137,-0.0236,-0.0365,-0.0115,0.0335,-0.0241,0.0045,-0.0553278557370137,-0.0586056811633331,-0.0541056811633331,0.0032778254263193946,0.8249633009323569,0.8957070818417587,-0.04055205136902518
2023-09-30,IWM,-0.058536069806076,-0.0523,-0.0178,0.0149,0.0187,-0.0077,0.0043,-0.062836069806076,-0.06813229711776948,-0.06383229711776948,0.005296227311693477,0.7181371217554537,0.7746997441453758,-0.03547059693933752
2023-10-31,IWM,-0.0691411885534911,-0.0315,-0.0403,0.002,0.0241,-0.0069,0.0046999999999999,-0.0738411885534911,-0.06769796356760148,-0.06299796356760158,-0.006143224985889623,0.5993430790594074,0.6628972743202737,-0.04139591806784493
2023-11-30,IWM,0.0920252171195905,0.0888,-0.002,0.0167,-0.0373,-0.0108,0.0044,0.0876252171195905,0.09270176146244945,0.09710176146244945,-0.005076544342858952,0.7465229731585639,0.8243675287878782,-0.046262314197019094
2023-12-31,IWM,0.1212619224919093,0.0486,0.0727,0.0489,-0.0297,0.0129,0.0043,0.1169619224919093,0.11514280963675974,0.11944280963675974,0.00181911285514956,0.9583097065600568,1.0422751122363745,-0.0445273577123344
2024-01-31,IWM,-0.039011590934929,0.0073,-0.0572,-0.0237999999999999,0.0067,-0.0097,0.0046999999999999,-0.043711590934929,-0.04329212594954664,-0.038592125949546745,-0.00041946498538235344,0.881912929363835,0.9634593738813235,-0.04492814503026488
2024-02-29,IWM,0.0562525440413079,0.0507,-0.0081999999999999,-0.0343,-0.0206,-0.0217,0.0042,0.0520525440413079,0.04257719474733198,0.04677719474733198,0.009475349293975921,0.9877753193047811,1.0553044953918445,-0.03587850560358119
2024-03-31,IWM,0.0348697208334281,0.0283999999999999,-0.0121,0.0416,0.0133,0.0113999999999999,0.0043,0.0305697208334281,0.020047279157773584,0.024347279157773585,0.010522441675654515,1.057088489768517,1.1053455676953767,-0.02573359341055015
2024-04-30,IWM,-0.0684736525161345,-0.0465,-0.0259,-0.0045,0.0113999999999999,-0.0031,0.0046999999999999,-0.0731736525161345,-0.07031006519233764,-0.06561006519233774,-0.002863587323796865,0.9162321273251679,0.9672137077464837,-0.028523490342460822
2024-05-31,IWM,0.0503829380734157,0.0432,0.0059,-0.0131,0.0317,-0.0285,0.0044,0.0459829380734157,0.04302526224256005,0.04742526224256005,0.002957675830855648,1.0127775319304817,1.0605093337235196,-0.025650177749602765
2024-06-30,IWM,-0.0112438387652777,0.0279999999999999,-0.0432,-0.0336,0.0056,-0.018,0.0040999999999999,-0.0153438387652777,-0.011776047908353779,-0.007676047908353879,-0.003567790856923922,0.9901461858910818,1.0446927653622478,-0.029126454136873203
2024-07-31,IWM,0.1033564189610125,0.0121999999999999,0.0834,0.0562,0.0026,0.0028,0.0045,0.0988564189610125,0.084851816743846,0.089351816743846,0.014004602217166498,1.1958405688737015,1.2273897786303634,-0.015529756323890198
2024-08-31,IWM,-0.0168854041854893,0.0161,-0.0355,-0.011,0.0076,0.0081999999999999,0.0048,-0.0216854041854893,-0.016152202359148323,-0.011352202359148324,-0.005533201826340976,1.1587629133413744,1.202103999130653,-0.020977028874177184
2024-09-30,IWM,0.007105312136032,0.0173,-0.0092,-0.0276,0.002,-0.0029,0.004,0.003105312136032,0.005787762621401374,0.009787762621401373,-0.002682450485369374,1.1741015976683546,1.2236576703417823,-0.023603209518261448
2024-10-31,IWM,-0.0141700251411822,-0.01,-0.0089,0.0086,-0.0148,0.0098,0.0039,-0.0180700251411822,-0.01595687252375526,-0.012056872523755258,-0.002113152617426943,1.1432945233699097,1.1968473132740005,-0.025666484951715196
2024-11-30,IWM,0.1107181781237354,0.0649,0.0458999999999999,0.0016,-0.0231,-0.0204999999999999,0.004,0.1067181781237354,0.10497977540979489,0.1089797754097949,0.001738402713940504,1.380596188180006,1.4362592400842127,-0.023972700924872137
2024-12-31,IWM,-0.0837388637644023,-0.0315,-0.0383,-0.03,0.0189,-0.0121,0.0037,-0.0874388637644023,-0.0686705489001314,-0.0649705489001314,-0.0187683148642709,1.181247768299945,1.2779741399929243,-0.04229108859003805
2025-01-31,IWM,0.0249817917836328,0.0279999999999999,-0.0123,0.0163,-0.0235,-0.0324,0.0037,0.0212817917836328,0.0225804623282289,0.0262804623282289,-0.0012986705445961026,1.235739245876128,1.337840353563688,-0.0435348369435834
2025-02-28,IWM,-0.0522342126762707,-0.0243,-0.0491,0.0491,0.0108,0.0306,0.0033,-0.0555342126762707,-0.06246460954226045,-0.05916460954226045,0.0069303968659897505,1.1189571666183493,1.1995229418729525,-0.03690615377510886
2025-03-31,IWM,-0.0685409690597013,-0.0639,-0.0149,0.0289999999999999,0.0210999999999999,-0.0046999999999999,0.0034,-0.0719409690597013,-0.0762618527736744,-0.0728618527736744,0.004320883713973087,0.9737217890223286,1.0392616251098863,-0.0327447372599281
2025-04-30,IWM,-0.0232092102364928,-0.0084,-0.0186,-0.0341,-0.0285,-0.0266999999999999,0.0034999999999999,-0.0267092102364928,-0.023936345400264982,-0.020436345400265083,-0.0027728648362278195,0.9279132650725628,0.9975865701776347,-0.03542680536563636
2025-05-31,IWM,0.0523965359404803,0.0605999999999999,-0.0072,-0.0288,0.0129,0.0250999999999999,0.0038,0.0485965359404803,0.04838326455308555,0.05218326455308555,0.0002132713873947492,1.028929241756066,1.101827158636905,-0.03522108950217284
2025-06-30,IWM,0.0551843378798515,0.0486,-0.0002,-0.0161,-0.032,0.0144,0.0034,0.0517843378798515,0.048986722538952275,0.052386722538952275,0.002797615340899222,1.1408943585674436,1.211934994821251,-0.03252200922158799
2025-07-31,IWM,0.0166829853592211,0.0197999999999999,-0.0014,-0.0127,-0.0028,-0.0207,0.0034,0.0132829853592211,0.017405776854371887,0.020805776854371887,-0.004122791495150787,1.1766108678070637,1.2579560207398783,-0.03651071925371485
2025-08-31,IWM,0.0719267492167685,0.0185,0.0487999999999999,0.0441999999999999,-0.0069,0.0208,0.0038,0.0681267492167685,0.062118126973575244,0.06591812697357524,0.006008622243193262,1.3331674118383154,1.406796252415758,-0.030721476130344483
2025-09-30,IWM,0.0317910867703521,0.0339,-0.0218,-0.0105,-0.0204999999999999,-0.0222,0.0033,0.0284910867703521,0.017193458026632323,0.020493458026632324,0.011297628743719777,1.4073413394778251,1.456119830393296,-0.019770927218404344
2025-10-31,IWM,0.0176475323639724,0.0196,-0.0131,-0.031,-0.0524,-0.0403,0.0037,0.0139475323639724,0.012127948387210104,0.015827948387210106,0.0018195839767622957,1.449824973677389,1.4949951683015645,-0.017987318104014438
2025-11-30,IWM,0.0102343040597248,-0.0013,0.0147,0.0375999999999999,0.0144,0.0068,0.003,0.0072343040597248,0.01181123357677051,0.01481123357677051,-0.0045769295170457105,1.4748972273511107,1.531949124512193,-0.022481920933897337
2025-12-31,IWM,-0.0070935209286243,-0.0036,-0.0022,0.0242,0.004,0.0037,0.0034,-0.0104935209286243,-0.004391382353107637,-0.0009913823531076372,-0.006102138575516663,1.4573414920727017,1.5294389948311853,-0.028446871712431543
2026-01-31,IWM,0.0548017051489297,0.0103,0.0326,0.0372,0.0182,0.0183,0.003,0.0518017051489297,0.03714353087273203,0.040143530872732036,0.014658174276197665,1.592007995971501,1.6309796072108833,-0.014205676639407194
2026-02-28,IWM,0.0067784412834743,-0.0116999999999999,0.0063,0.0283,0.0162,0.0507,0.0028,0.0039784412834743,-0.00817245037115803,-0.005372450371158029,0.012150891654632328,1.6095777699784901,1.616844799843614,-0.0022273966225011543
2015-02-28,MTUM,0.0542976384038282,0.0613999999999999,0.0036,-0.0179,-0.011,-0.0175,0.0,0.0542976384038282,0.06183285612983087,0.06183285612983087,-0.0075352177260026645,0.054297638403828286,0.061832856129830915,-0.00753521772600263
2015-03-31,MTUM,-0.010528169964982,-0.0109,0.0308,-0.0038,0.0007,-0.0062,0.0,-0.010528169964982,-0.017281254214625952,-0.017281254214625952,0.0067530842496439526,0.04319781367303377,0.04348305260960905,-0.0008330194365018251
2015-04-30,MTUM,-0.0103842442049193,0.006,-0.0301,0.018,0.0005,-0.0062,0.0,-0.0103842442049193,0.00904289649303113,0.00904289649303113,-0.01942714069795043,0.03236499282181504,0.052919161846589846,-0.020243976948655207
2015-05-31,MTUM,0.0336351719212055,0.0138,0.0081999999999999,-0.0111,-0.0176,-0.0083,0.0,0.0336351719212055,0.015976477632212438,0.015976477632212438,0.01765869428899306,0.06708876684081089,0.06974110128435984,-0.0029427648597918354
2015-06-30,MTUM,-0.0034485291911624,-0.0154,0.0289999999999999,-0.0081999999999999,0.0034999999999999,-0.0154,0.0,-0.0034485291911624,-0.02264755590848545,-0.02264755590848545,0.01919902671732305,0.06340888007879886,0.04551407988541745,0.016199763636365105
2015-07-31,MTUM,0.0379340661524019,0.0157,-0.0458,-0.0416,0.0031,-0.0243999999999999,0.0,0.0379340661524019,0.028371362340871606,0.028371362340871606,0.009562703811530293,0.10374830288275971,0.07517673867832975,0.02591738098936669
2015-08-31,MTUM,-0.060013528087999,-0.0602,0.0029,0.0275,0.0066,0.0129,0.0,-0.060013528087999,-0.06225349435275958,-0.06225349435275958,0.0022399662647605775,0.03750847310562411,0.008243229648799755,0.028215401313214317
2015-09-30,MTUM,-0.0188950917352445,-0.0306,-0.0279999999999999,0.0055,0.018,-0.0059,0.0,-0.0188950917352445,-0.028145382574095767,-0.028145382574095767,0.009250290838851268,0.017904655330199803,-0.020134161777407678,0.037726692820347685
2015-10-31,MTUM,0.0731565409171315,0.0775,-0.0206,-0.0046999999999999,0.0095,0.0060999999999999,0.0,0.0731565409171315,0.08112976830057096,0.08112976830057096,-0.00797322738343946,0.09237103889760223,0.059362126643236035,0.029452661936626434
2015-11-30,MTUM,0.0053284277517442,0.0056999999999999,0.033,-0.0043,-0.0265,-0.0106,0.0,0.0053284277517442,0.0026359643603411304,0.0026359643603411304,0.0026924633914030697,0.09819165905646599,0.06215456745376269,0.03222442554207339
2015-12-31,MTUM,-0.001344755050574,-0.0215,-0.0295,-0.0256999999999999,0.0034,0.0012,0.0001,-0.001444755050574,-0.009815650125616351,-0.009715650125616352,0.00837089507504235,0.0967148602764516,0.051835045297056626,0.040865067902181806
2016-01-31,MTUM,-0.0380681790149053,-0.0574,-0.0344,0.0208,0.0278,0.0305,0.0001,-0.0381681790149053,-0.0508753371753298,-0.050775337175329796,0.012707158160424496,0.0549649226471407,-0.0015722337807296816,0.05409150494367587
2016-02-29,MTUM,-0.0127657617957819,-0.0007,0.0087,-0.0060999999999999,0.0331,0.0194,0.0002,-0.0129657617957819,-0.003384562125637856,-0.0031845621256378557,-0.009581199670144043,0.041497491741721904,-0.00475178903021678,0.043992043764207844
2016-03-31,MTUM,0.053072577497331,0.0695,0.01,0.0121999999999999,0.0068,0.0001,0.0002,0.052872577497331,0.06314695120212202,0.06334695120212203,-0.01027437370479102,0.09677244808546037,0.05829415082408529,0.03326567936174585
2016-04-30,MTUM,-0.0062928062530562,0.0091,0.0123,0.0322,-0.0285,0.0177,0.0001,-0.0063928062530562,0.009689255707454516,0.009789255707454515,-0.016082061960510714,0.08987067156596851,0.0686540628802057,0.016648636684581053
2016-05-31,MTUM,0.0245045859511059,0.0178,-0.0062,-0.0162,-0.011,-0.0254,0.0001,0.0244045859511059,0.019750699926341497,0.019850699926341496,0.004653886024764402,0.1165775011129464,0.08986759400750621,0.021380003566943362
2016-06-30,MTUM,0.0295122581312137,-0.0003,0.0042,-0.0149,0.0144999999999999,0.019,0.0002,0.0293122581312137,0.002746440678851544,0.0029464406788515442,0.026565817452362157,0.14953022454929732,0.09307882422105207,0.04851379829119584
2016-07-31,MTUM,0.026832058647574,0.0394,0.0247,-0.0124,0.0131,-0.0116,0.0002,0.0266320586475741,0.031470744206086594,0.03167074420608659,-0.0048386855585124955,0.1803744869515631,0.1276974440600469,0.0434403697175032
2016-08-31,MTUM,-0.0149136604266013,0.0049,0.0166,0.0317,-0.0185,-0.0036,0.0002,-0.0151136604266013,-0.0007939408426203484,-0.0005939408426203484,-0.014319719583980952,0.16277078267694378,0.12702765848990105,0.02849859622054307
2016-09-30,MTUM,0.004931030937247,0.0027,0.0181,-0.0118999999999999,-0.0218,0.0003,0.0002,0.004731030937247,0.0053398430781607005,0.0055398430781607,-0.0006088121409137002,0.1685044413792507,0.133271214862682,0.027872433788251216
2016-10-31,MTUM,-0.0193875392075481,-0.0200999999999999,-0.0401999999999999,0.0411,0.0098999999999999,0.0025,0.0002,-0.019587539207548,-0.01826902159273628,-0.01806902159273628,-0.0013185176148117206,0.14585001570781642,0.11279411281090179,0.02651716587852193
2016-11-30,MTUM,-0.0059314228353989,0.0484999999999999,0.0696,0.0828999999999999,-0.0024,0.0371,0.0001,-0.0060314228353989,0.025684963009106606,0.025784963009106605,-0.03171638584450551,0.13905349475870477,0.14148746784648258,-0.006040248630489575
2016-12-31,MTUM,0.0109524497305348,0.0181,0.0044,0.0347,0.0124,-0.0032,0.0003,0.0106524497305348,0.008817584067918282,0.009117584067918282,0.0018348656626165187,0.15152892090043957,0.15189507579704808,-0.004216466012678777
2017-01-31,MTUM,0.0315059929050878,0.0194,-0.0144,-0.0276,-0.0051,-0.0106,0.0004,0.0311059929050878,0.026573119230017716,0.026973119230017717,0.004532873675070083,0.18780898291233217,0.18296527901699222,0.00029729495460051325
2017-02-28,MTUM,0.0379548721214806,0.0355,-0.023,-0.015,0.0045,-0.018,0.0004,0.0375548721214806,0.039060609876011516,0.039460609876011514,-0.001505737754530917,0.23289212096351575,0.22964581038914877,-0.0012088904481677432
2017-03-31,MTUM,0.0205238740025635,0.0017,0.0075,-0.0333,0.0063,-0.0095,0.0003,0.0202238740025635,0.003557191823726078,0.003857191823726078,0.016666682178837423,0.25819584351292413,0.23438879015506076,0.01543764353778121
2017-04-30,MTUM,0.02577094795709,0.0108,0.0040999999999999,-0.0204999999999999,0.0179,-0.016,0.0005,0.02527094795709,0.007824729938611687,0.008324729938611688,0.017446218018478312,0.2906207431159227,0.24466474347235145,0.03315319005111106
2017-05-31,MTUM,0.0476527207616386,0.0107,-0.0299,-0.0382,0.0098999999999999,-0.0166,0.0006,0.0470527207616386,0.019547537896590687,0.020147537896590687,0.02750518286504791,0.3521223329968042,0.2697416735600111,0.06157025747107436
2017-06-30,MTUM,0.0034534657284139,0.0078,0.0252,0.015,-0.0226,0.0004,0.0006,0.0028534657284139,0.004384104037616766,0.004984104037616766,-0.0015306383092028664,0.35679184113443174,0.276070198161932,0.059945377367078834
2017-07-31,MTUM,0.0347624777821276,0.0187999999999999,-0.0163999999999999,-0.0023,-0.0075,-0.0015,0.0007,0.0340624777821276,0.02419032098617711,0.02489032098617711,0.00987215679595049,0.40395728736683933,0.30783199499507696,0.07040932432758962
2017-08-31,MTUM,0.0146769930993979,0.0018,-0.0183,-0.0213,0.002,-0.0237999999999999,0.0009,0.0137769930993979,0.00560569979929136,0.00650569979929136,0.00817129330010654,0.424563158785372,0.3163403573424233,0.07915595286783916
2017-09-30,MTUM,0.0280888776024765,0.0249,0.0475999999999999,0.0315,-0.0154,0.0163,0.0009,0.0271888776024765,0.014845914789220708,0.01574591478922071,0.012342962813255792,0.4645775389894917,0.33706734044274933,0.09247593466379067
2017-10-31,MTUM,0.050375971861003,0.0225,-0.0191,0.0013,0.0092,-0.0314,0.0009,0.049475971861003,0.01957417240046592,0.020474172400465923,0.029901799460537077,0.5383570558818835,0.3644426876820068,0.12514293097757023
2017-11-30,MTUM,0.0279603099251399,0.0312,-0.0038,-0.0009,0.0319,-0.001,0.0008,0.0271603099251399,0.02630480592861638,0.027104805928616377,0.0008555039965235205,0.5813699959398668,0.4014256419323472,0.12610549525168158
2017-12-31,MTUM,0.0012254486631351,0.0106,-0.0105,0.0005,0.0073,0.0179,0.0009,0.0003254486631351,0.015144781005644049,0.01604478100564405,-0.01481933234250895,0.5833078836873133,0.4239112094528459,0.10941736366482124
2018-01-31,MTUM,0.0822261351551254,0.0558,-0.0321,-0.0132,-0.0075,-0.0105,0.0011,0.0811261351551254,0.06405528963556155,0.06515528963556155,0.01707084551956385,0.7134971717235621,0.5166865567200689,0.12835605609666523
2018-02-28,MTUM,-0.0146045940280747,-0.0364,0.0034,-0.011,0.0053,-0.0236,0.0011,-0.0157045940280747,-0.03878539859534276,-0.03768539859534276,0.02308080456726806,0.6884722411622852,0.4595296192858751,0.15439942170972576
2018-03-31,MTUM,-0.0345272577750899,-0.0235,0.0361,-0.0021,-0.0040999999999999,0.0008,0.0012,-0.0357272577750899,-0.028959567194724502,-0.027759567194724503,-0.006767690580365398,0.6301739248455913,0.41901370874661814,0.14658680361744159
2018-04-30,MTUM,0.0050035930750265,0.0029,0.0089,0.0053,-0.0242,0.0124,0.0014,0.0036035930750265,0.00721698304920455,0.00861698304920455,-0.0036133899741780497,0.6383306518070375,0.43124132582147645,0.1424437383567254
2018-05-31,MTUM,0.0344762291201732,0.0263,0.0471,-0.0314,-0.0197999999999999,-0.0149,0.0014,0.0330762291201732,0.022248950967958342,0.02364895096795834,0.010827278152214861,0.6948141147333398,0.4650886817591442,0.1548132944851699
2018-06-30,MTUM,-0.0007146197471913,0.0049,0.0077,-0.0233,0.0083,0.002,0.0014,-0.0021146197471913,0.006606023151260899,0.008006023151260899,-0.008720642898452199,0.6936029670991326,0.4768182156639582,0.14474258012957963
2018-07-31,MTUM,0.0175933889995829,0.032,-0.0192999999999999,0.0049,0.0153,0.0031,0.0016,0.0159933889995829,0.033226469579971815,0.03482646957997181,-0.017233080580388915,0.7233991829101556,0.5282505803269273,0.12501513900240435
2018-08-31,MTUM,0.0586760520401727,0.0346,0.0065,-0.0391,-0.0029,-0.0256999999999999,0.0016,0.0570760520401727,0.035702893919029074,0.03730289391902907,0.021373158121143626,0.8245214430525831,0.5852587496065571,0.14906026545698303
2018-09-30,MTUM,0.0091865976408489,0.0006,-0.0249,-0.0162,0.0065,0.0136,0.0015,0.0076865976408489,0.010763330463714554,0.012263330463714554,-0.0030767328228656545,0.8412825874370082,0.6046993015234772,0.14552491402280077
2018-10-31,MTUM,-0.098571418076153,-0.0764,-0.0438,0.0338,0.0103,0.036,0.0019,-0.100471418076153,-0.06544424915737349,-0.06354424915737349,-0.03502716891877951,0.6597847517144142,0.5027298892848062,0.10540041935865374
2018-11-30,MTUM,0.0141699968051782,0.0171,-0.0081,0.0036,-0.0060999999999999,0.004,0.0018,0.0123699968051782,0.020413482099366727,0.022213482099366726,-0.008043485294188527,0.683303896343491,0.5361107527806175,0.09650914734135263
2018-12-31,MTUM,-0.0751449669961629,-0.0955,-0.0281,-0.0192,-0.0003,0.0024,0.0019,-0.0770449669961629,-0.08261523548378535,-0.08071523548378536,0.0055702684876224595,0.5568120806082468,0.41212321164075516,0.10261699769117794
2019-01-31,MTUM,0.0645516062968198,0.0836,0.0291,-0.0039,-0.0073,-0.0165,0.0021,0.0624516062968198,0.0750346320285815,0.0771346320285815,-0.012583025731761704,0.6573068011138035,0.5210468159496835,0.088742739636952
2019-02-28,MTUM,0.0339267826762106,0.0342,0.0172,-0.0266,0.0016,-0.0154,0.0018,0.0321267826762106,0.03183747604200193,0.033637476042001936,0.0002893066342086678,0.7135338887829974,0.5722109917799543,0.08905772013447555
2019-03-31,MTUM,0.0211713017625132,0.011,-0.0352,-0.0414,0.0088,-0.009,0.0019,0.0192713017625132,0.02307568520685396,0.02497568520685396,-0.00380438344434076,0.749811631822715,0.6114780385894059,0.08491452697406454
2019-04-30,MTUM,0.0225529964272204,0.0397,-0.0115,0.0213,0.0161,-0.0218,0.0021,0.0204529964272204,0.031766603823651846,0.03386660382365184,-0.011313607396431447,0.7892751273035215,0.666053326892829,0.07264022995719488
2019-05-31,MTUM,-0.0219683823836479,-0.0692,-0.0156,-0.0245,-0.0048,0.0176,0.0021,-0.0240683823836479,-0.05533612019440274,-0.05323612019440274,0.03126773781075484,0.7499676471173675,0.5773591117320778,0.10617926343276429
2019-06-30,MTUM,0.0612079359197983,0.0699,0.0019,-0.0064,0.0045,-0.0055,0.0018,0.0594079359197983,0.06789203870684726,0.06969203870684726,-0.008484102787048961,0.8570795547238477,0.6872884840015081,0.09679432486089867
2019-07-31,MTUM,0.0179597831722784,0.0121999999999999,-0.0182,0.005,-0.0013,0.0037,0.0019,0.0160597831722784,0.016710679102828255,0.018610679102828254,-0.0006508959305498545,0.8904323008603594,0.7186900685311577,0.09608042589819643
2019-08-31,MTUM,0.0026501930535609,-0.0255,-0.0325,-0.0476999999999999,0.0053,-0.0062,0.0016,0.0010501930535609,-0.010989480392832263,-0.009389480392832262,0.012039673446393163,0.8954423114123269,0.7025524618313288,0.10927687629699423
2019-09-30,MTUM,-0.0113834895629142,0.0141999999999999,0.0029,0.0676,0.0182,0.0338,0.0018,-0.0131834895629142,0.00522835993725829,0.00702835993725829,-0.018411849500172488,0.8738655636432586,0.7145186133451444,0.08885303739659256
2019-10-31,MTUM,0.0064569706709964,0.0207,0.0025,-0.0192,0.0043,-0.0103,0.0015,0.0049569706709964,0.021062220762227073,0.022562220762227074,-0.016105250091230674,0.8859650586290935,0.753201960800385,0.07131678691672438
2019-11-30,MTUM,0.0329113934426956,0.0387,0.0039,-0.02,-0.0163999999999999,-0.0113999999999999,0.0012,0.0317113934426956,0.041985401705263825,0.043185401705263825,-0.010274008262568225,0.9480347966928122,0.8289146917480057,0.06031006939611405
2019-12-31,MTUM,0.0169654809724535,0.0276,0.0098999999999999,0.0173,0.0005,0.0118999999999999,0.0014,0.0155654809724535,0.02458241222059724,0.025982412220597238,-0.00901693124814374,0.9810841439697815,0.8764343071853087,0.050749326398654704
2020-01-31,MTUM,0.0374325962313393,-0.0009,-0.0437,-0.0622,-0.0118999999999999,-0.0219,0.0013,0.0361325962313393,0.018290061216998065,0.019590061216998064,0.017842535014341233,1.055241266831311,0.9131937701327444,0.06949735804621815
2020-02-29,MTUM,-0.0718562543937921,-0.0815,0.0008,-0.0382,-0.0143,-0.0253,0.0012,-0.0730562543937921,-0.07445998143871571,-0.0732599814387157,0.0014037270449236139,0.9075593275212608,0.7730332300441529,0.07099864041218207
2020-03-31,MTUM,-0.1153347337459018,-0.1335,-0.0818,-0.1383,-0.0161,0.0118999999999999,0.0012,-0.1165347337459018,-0.08331862235964325,-0.08211862235964325,-0.033216111386258546,0.6875514803770848,0.6274341837950586,0.03542423027771946
2020-04-30,MTUM,0.1170174537889703,0.1358,0.0256999999999999,-0.0134,0.0276,-0.0102,0.0,0.1170174537889703,0.1232084150856187,0.1232084150856187,-0.006190961296648395,0.8850244577486188,0.8279477702366054,0.029013958942458062
2020-05-31,MTUM,0.0586848174289309,0.0559,0.0192,-0.05,0.0096,-0.0316,0.0001,0.0585848174289309,0.0522619122376137,0.0523619122376137,0.006322905191317202,0.995646773900666,0.9236626109566763,0.035520316645393235
2020-06-30,MTUM,0.0432439491762892,0.0243999999999999,0.0195,-0.0217,0.0014,0.0055,0.0001,0.0431439491762892,0.024622473942554523,0.024722473942554522,0.018521475233734676,1.081946421565052,0.9712203097303189,0.05469968054416996
2020-07-31,MTUM,0.070153003132636,0.0583,-0.0319,-0.0144,0.0038,0.0097,0.0001,0.070053003132636,0.06815942490065023,0.06825942490065023,0.0018935782319857708,1.2280012153990856,1.105774674424992,0.056696836900530734
2020-08-31,MTUM,0.0947994429011236,0.0762,-0.0089,-0.0302,0.0426999999999999,-0.0151,0.0001,0.0946994429011236,0.07191111004125568,0.07201111004125568,0.02278833285986792,1.4392144894019454,1.2574138462270996,0.08077719615178958
2020-09-30,MTUM,-0.0380247994436054,-0.0364,-0.0001,-0.0272,-0.0138,-0.0192999999999999,0.0001,-0.0381247994436054,-0.03110898326086032,-0.03100898326086032,-0.007015816182745084,1.3464638476425002,1.187413738056609,0.07319466200908598
2020-10-31,MTUM,-0.0418586499428552,-0.0208,0.0467,0.0425,-0.0077,-0.0056999999999999,0.0001,-0.0419586499428552,-0.03666390462302081,-0.03656390462302081,-0.005294745319834385,1.2482440388404679,1.1074333507672218,0.06751236959514206
2020-11-30,MTUM,0.1062803034140613,0.1244,0.0712,0.0209,-0.0225,0.0128,0.0001,0.1061803034140613,0.10925059325653666,0.10935059325653666,-0.003070289842475357,1.4871880974372877,1.3378824379222283,0.0642347972100572
2020-12-31,MTUM,0.0343703637402048,0.0463,0.0493,-0.0168,-0.0197,-0.0006,0.0001,0.0342703637402048,0.04131855190553578,0.04141855190553578,-0.007048188165330982,1.5726736570365154,1.4347141430263504,0.056733870107227746
2021-01-31,MTUM,0.0159344023304635,-0.0007,0.0681,0.0322,-0.0365,0.0496999999999999,0.0,0.0159344023304635,-0.005181352625969972,-0.005181352625969972,0.021115754956433475,1.6136676741527203,1.4220990305078947,0.07904760356257534
2021-02-28,MTUM,-0.0058587962091232,0.0281,0.045,0.072,0.0033,-0.0199,0.0,-0.0058587962091232,0.0020472558712005106,0.0020472558712005106,-0.00790605208032371,1.5983547278914862,1.4270576869687313,0.07051659701166124
2021-03-31,MTUM,-0.0119404515458299,0.0316,-0.0084,0.0735,0.0635,0.0352,0.0,-0.0119404515458299,0.015847738823450613,0.015847738823450613,-0.027788190369280513,1.5673291991642198,1.4655210633012596,0.040768878020426946
2021-04-30,MTUM,0.0705583497032933,0.0496999999999999,-0.0316,-0.0102,0.0243,-0.0272,0.0,0.0705583497032933,0.04886247957025038,0.04886247957025038,0.021695870133042923,1.748475710602325,1.5859925358868394,0.06334926443647104
2021-05-31,MTUM,-0.0105685654597823,0.0029,0.0127,0.0704,0.0233999999999999,0.0301,0.0,-0.0105685654597823,-0.010022654914087489,-0.010022654914087489,-0.0005459105456948107,1.7194282651402024,1.5600740250892398,0.06276877085925836
2021-06-30,MTUM,0.0185949038968629,0.0273,-0.003,-0.0786,-0.0214,-0.0093,0.0,0.0185949038968629,0.04350562337953243,0.04350562337953243,-0.024910719482669527,1.7699957723848971,1.6714516414484955,0.036294436133441854
2021-07-31,MTUM,0.0092258583744881,0.0134,-0.0455,-0.0179,0.055,-0.0059,0.0,0.0092258583744881,0.015997690857962835,0.015997690857962835,-0.006771832483474734,1.7955513610788514,1.714188698950386,0.029276823808389363
2021-08-31,MTUM,0.0411930632027781,0.0295,-0.0066,-0.0023,-0.0026,-0.0172,0.0,0.0411930632027781,0.028852485593820597,0.028852485593820597,0.012340577608957504,1.910708684982385,1.7924997892857628,0.04197869433369816
2021-09-30,MTUM,-0.0346725419723389,-0.044,0.0112,0.0512,-0.0192,0.02,0.0,-0.0346725419723389,-0.04638976362873279,-0.04638976362873279,0.01171722165639389,1.809787015933082,1.6629563841275101,0.054187789656445995
2021-10-31,MTUM,0.0858767924450614,0.0663,-0.027,-0.0053,0.0171,-0.0154,0.0,0.0858767924450614,0.06658626715376184,0.06658626715376184,0.019290525291299557,2.0510825123151957,1.8402727093398399,0.07452362587459294
2021-11-30,MTUM,-0.039490287502886,-0.0158,-0.017,-0.0037,0.0719,0.017,0.0,-0.039490287502886,-0.020233376066198266,-0.020233376066198266,-0.019256911436687736,1.930594386708841,1.7828044034812072,0.053831619574497225
2021-12-31,MTUM,-0.0048396637723933,0.0324,-0.0078,0.0325,0.0487999999999999,0.0429,0.0001,-0.0049396637723933,0.027380403107600104,0.027480403107600103,-0.032320066879993406,1.9164112952239072,1.8592769902584756,0.019771711149597637
2022-01-31,MTUM,-0.090309213645868,-0.0615,-0.0401,0.1286,0.0077,0.0773,0.0,-0.090309213645868,-0.059985858447310844,-0.059985858447310844,-0.030323355198557153,1.6530324844843087,1.6877608054591775,-0.011151188669031975
2022-02-28,MTUM,-0.0267834753136454,-0.0227999999999999,0.0286,0.0306,-0.0203,0.0302999999999999,0.0,-0.0267834753136454,-0.02406395014608191,-0.02406395014608191,-0.002719525167563488,1.5819750544298237,1.6230826634320148,-0.013840387898361728
2022-03-31,MTUM,0.047732189357214,0.0308,-0.0210999999999999,-0.019,-0.015,0.0321,0.0,0.047732189357214,0.046976831388171957,0.046976831388171957,0.0007553579690420462,1.705218376643471,1.7463067754292978,-0.013095484376613342
2022-04-30,MTUM,-0.1268200604760457,-0.0941,-0.0034999999999999,0.0617999999999999,0.0341,0.0592,0.0,-0.1268200604760457,-0.09655906746505241,-0.09655906746505241,-0.030260993010993276,1.362142418516636,1.4811259542208899,-0.04296019502641035
2022-05-31,MTUM,-0.0059889534220993,-0.0033,-0.0003,0.0843999999999999,0.0155,0.0395,0.0003,-0.0062889534220993,-0.012503460211162502,-0.012203460211162502,0.006214506789063202,1.3479956575957748,1.4508476323596726,-0.037012664660998396
2022-06-30,MTUM,-0.0639002458233568,-0.084,0.0133,-0.06,0.0176,-0.0458,0.0006,-0.0645002458233568,-0.0852948176531941,-0.0846948176531941,0.020794571829837308,1.1979581578832303,1.2432735390412075,-0.016987755345067912
2022-07-31,MTUM,0.051697816066204,0.0957,0.0178,-0.0415,0.0077,-0.0684999999999999,0.0008,0.050897816066204,0.08390030407480567,0.08470030407480567,-0.03300248800860167,1.3115877944506904,1.433279489920963,-0.049429605161601
2022-08-31,MTUM,-0.0199415003843906,-0.0377,0.0149,0.0018,-0.0478,0.0132,0.0019,-0.0218415003843906,-0.02879875861376789,-0.026898758613767892,0.006957258229377292,1.2654912655590995,1.367827292281747,-0.04281624145950913
2022-09-30,MTUM,-0.0595495743558754,-0.0934,-0.0097,0.0003,-0.0137,-0.0077,0.0019,-0.0614495743558754,-0.08727517690562364,-0.08537517690562364,0.025825602549748243,1.130582224988102,1.1656736183212288,-0.018096394144368144
2022-10-31,MTUM,0.1254767741063966,0.0786,0.0181,0.0797,0.0327,0.0643,0.0023,0.1231767741063966,0.06545823716157785,0.06775823716157785,0.05771853694481875,1.397920809548038,1.312415844966011,0.0385776454064608
2022-11-30,MTUM,0.0346791380815056,0.0469,-0.0275,0.0148,0.063,0.0315,0.0029,0.0317791380815056,0.04433493141468838,0.04723493141468838,-0.012555793333182783,1.4810786364108703,1.4216426488052196,0.0255374791302736
2022-12-31,MTUM,-0.0392705890661055,-0.0638,-0.0019,0.0134,0.0032,0.0428,0.0033,-0.0425705890661055,-0.05649946365522457,-0.05319946365522457,0.013928874589119067,1.3836452168396858,1.2928125587241648,0.03982206206352057
2023-01-31,MTUM,-0.00548189503446,0.0659,0.0438999999999999,-0.0394,-0.0242,-0.0443,0.0034999999999999,-0.00898189503446,0.05862665574573659,0.06212665574573649,-0.06760855078019659,1.370578323961578,1.4352573352495224,-0.030478800621869695
2023-02-28,MTUM,-0.0403776622137248,-0.0256999999999999,0.0058,-0.008,0.0097,-0.0151,0.0034,-0.0437776622137248,-0.028674130426722837,-0.025274130426722836,-0.01510353178700196,1.2748599131454794,1.373708323735792,-0.04512199487484958
2023-03-31,MTUM,0.0043287880945075,0.0249,-0.0689,-0.0905,0.0227,-0.021,0.0036,0.0007287880945075,0.047772443943373336,0.051372443943373335,-0.047043655848865835,1.2847072996541762,1.4956515215348278,-0.09004294712560867
2023-04-30,MTUM,0.0239501063322649,0.0063,-0.0256999999999999,-0.0012,0.0242,0.0285,0.0034999999999999,0.0204501063322649,0.013412386803987254,0.016912386803987153,0.007037719528277645,1.3394262824189953,1.5378589453949836,-0.08363892460470068
2023-05-31,MTUM,-0.048254380281127,0.0033,-0.0043,-0.0779,-0.0178,-0.0708,0.0036,-0.051854380281127,0.008841774708971562,0.012441774708971561,-0.06069615499009856,1.226538716947486,1.5694344146367363,-0.13925851846378723
2023-06-30,MTUM,0.0687634434919988,0.0646,0.0128,-0.0013,0.0232,-0.0154,0.004,0.0647634434919988,0.05436651671571566,0.05836651671571566,0.01039692677628315,1.3796431861930518,1.7194033513485665,-0.1303094523069458
2023-07-31,MTUM,0.0173305819110805,0.0321,0.0286,0.0406,-0.0059,0.0066,0.0045,0.0128305819110805,0.021144300049888366,0.025644300049888366,-0.008313718138807866,1.420883787350515,1.789140546847221,-0.1375398143884513
2023-08-31,MTUM,0.0030664608097346,-0.0236,-0.0365,-0.0115,0.0335,-0.0241,0.0045,-0.0014335391902653,-0.022529125632457334,-0.018029125632457333,0.021095586442192032,1.428307332609347,1.7388547815215318,-0.11934571098993396
2023-09-30,MTUM,-0.0481877072892055,-0.0523,-0.0178,0.0149,0.0187,-0.0077,0.0043,-0.0524877072892055,-0.05361381441369814,-0.04931381441369814,0.0011261071244926396,1.3112927696573364,1.6037914051195092,-0.11835399992086482
2023-10-31,MTUM,-0.0162492547542997,-0.0315,-0.0403,0.002,0.0241,-0.0069,0.0046999999999999,-0.0209492547542997,-0.02698619003174171,-0.02228619003174181,0.0060369352774420106,1.2737359846314034,1.545762815062,-0.11303156008077142
2023-11-30,MTUM,0.0922654895717427,0.0888,-0.002,0.0167,-0.0373,-0.0108,0.0044,0.0878654895717427,0.08988996576991903,0.09428996576991903,-0.0020244761981763337,1.4835233484103085,1.7858027037525286,-0.11482720657592149
2023-12-31,MTUM,0.0475601921767288,0.0486,0.0727,0.0489,-0.0297,0.0129,0.0043,0.0432601921767288,0.03148653330135038,0.03578653330135038,0.011773658875378422,1.601640196136096,1.8854969249813602,-0.10440548406038053
2024-01-31,MTUM,0.0558351588677992,0.0073,-0.0572,-0.0237999999999999,0.0067,-0.0097,0.0046999999999999,0.0511351588677992,0.02161342932190422,0.026313429321904117,0.029521729545894982,1.7469031898042071,1.9614242443754288,-0.07796598497802443
2024-02-29,MTUM,0.0999697677841267,0.0507,-0.0081999999999999,-0.0343,-0.0206,-0.0217,0.0042,0.0957697677841267,0.057738025257261405,0.06193802525726141,0.038031742526865295,2.0215104638144106,2.1448490140210206,-0.04289942471769681
2024-03-31,MTUM,0.0291015993420753,0.0283999999999999,-0.0121,0.0416,0.0133,0.0113999999999999,0.0043,0.0248015993420753,0.02375059002596219,0.02805059002596219,0.00105100931611311,2.109441250740226,2.2330638844068758,-0.04189350309661788
2024-04-30,MTUM,-0.0546570329025075,-0.0465,-0.0259,-0.0045,0.0113999999999999,-0.0031,0.0046999999999999,-0.0593570329025075,-0.04078116666228611,-0.03608116666228621,-0.018575866240221395,1.9394884179901033,2.116411167563773,-0.05969116122698215
2024-05-31,MTUM,0.0535825765266901,0.0432,0.0059,-0.0131,0.0317,-0.0285,0.0044,0.0491825765266901,0.03316450599418796,0.03756450599418796,0.016018070532502142,2.0969937810963777,2.233477613548077,-0.04462922792518076
2024-06-30,MTUM,0.0454007957885191,0.0279999999999999,-0.0432,-0.0336,0.0056,-0.018,0.0040999999999999,0.0413007957885191,0.039132815480186954,0.043232815480186856,0.0021679803083321444,2.2375997633102482,2.373269954573916,-0.04255800290416656
2024-07-31,MTUM,-0.0200132572280264,0.0121999999999999,0.0834,0.0562,0.0026,0.0028,0.0045,-0.0245132572280264,-0.01521088076991291,-0.01071088076991291,-0.00930237645811349,2.172804846445723,2.337139262285745,-0.05146448879796006
2024-08-31,MTUM,0.0335131052685007,0.0161,-0.0355,-0.011,0.0076,0.0081999999999999,0.0048,0.0287131052685007,0.02622598109141901,0.03102598109141901,0.00248712417708169,2.279135389261068,2.4406772819368547,-0.04910536319522896
2024-09-30,MTUM,0.0295405102863948,0.0173,-0.0092,-0.0276,0.002,-0.0029,0.004,0.0255405102863948,0.02344642324530531,0.02744642324530531,0.002094087041089491,2.3760027219580158,2.5351115668674002,-0.04711410705885455
2024-10-31,MTUM,-0.0017261766518981,-0.01,-0.0089,0.0086,-0.0148,0.0098,0.0039,-0.0056261766518981,-0.0041441996713069765,-0.00024419967130697665,-0.0014819769805911234,2.3701751448826274,2.5342482937847377,-0.04852626201732335
2024-11-30,MTUM,0.0697101244289837,0.0649,0.0458999999999999,0.0016,-0.0231,-0.0204999999999999,0.004,0.0657101244289837,0.05426815989624543,0.058268159896245425,0.011441964532738276,2.6051104735798636,2.7401824384800193,-0.03763953325349356
2024-12-31,MTUM,-0.0410176405872663,-0.0315,-0.0383,-0.03,0.0189,-0.0121,0.0037,-0.0447176405872663,-0.022017178780880678,-0.018317178780880676,-0.022700461806385623,2.457237347897175,2.6716728480812706,-0.059485560272848126
2025-01-31,MTUM,0.0590083607096061,0.0279999999999999,-0.0123,0.0163,-0.0235,-0.0324,0.0037,0.0553083607096061,0.026605563909053376,0.030305563909053375,0.02870279680055272,2.661243256380614,2.782944964231934,-0.03249016542137406
2025-02-28,MTUM,-0.0031945063948539,-0.0243,-0.0491,0.0491,0.0108,0.0306,0.0033,-0.0064945063948539,-0.01700142744900627,-0.013701427449006268,0.010506921054152369,2.6495473913849903,2.7311132182609263,-0.02232461597034041
2025-03-31,MTUM,-0.0722308567875096,-0.0639,-0.0149,0.0289999999999999,0.0210999999999999,-0.0046999999999999,0.0034,-0.0756308567875096,-0.06786290602840503,-0.06446290602840503,-0.0077679507591045666,2.3859374564186315,2.4905948174908326,-0.029919150211871415
2025-04-30,MTUM,0.0371048489436511,-0.0084,-0.0186,-0.0341,-0.0285,-0.0266999999999999,0.0034999999999999,0.0336048489436511,0.0028266991468661614,0.006326699146866061,0.03077814979678494,2.5115721542716956,2.5126787607447065,-6.185650209999949e-05
2025-05-31,MTUM,0.1045173223555668,0.0605999999999999,-0.0072,-0.0288,0.0129,0.0250999999999999,0.0038,0.1007173223555668,0.06843356693329473,0.07223356693329473,0.03228375542227206,2.878592273094543,2.766412077124122,0.03221990195998714
2025-06-30,MTUM,0.040047546883225,0.0486,-0.0002,-0.0161,-0.032,0.0144,0.0034,0.036647546883225,0.05920915568444942,0.06260915568444941,-0.022561608801224417,3.033920378992211,3.0022239572325766,0.008931360335127758
2025-07-31,MTUM,0.0040362128583304,0.0197999999999999,-0.0014,-0.0127,-0.0028,-0.0207,0.0034,0.0006362128583304,0.019405655191603075,0.022805655191603075,-0.018769442333272674,3.0502021402953803,3.0934972968007965,-0.01000571865091282
2025-08-31,MTUM,0.0101123770632334,0.0185,0.0487999999999999,0.0441999999999999,-0.0069,0.0208,0.0038,0.0063123770632334,0.005455019516288298,0.009255019516288298,0.0008573575469451025,3.0911593115203626,3.1313826941725615,-0.009156939582365742
2025-09-30,MTUM,0.054690758752836,0.0339,-0.0218,-0.0105,-0.0204999999999999,-0.0222,0.0033,0.051390758752836,0.04022321666714859,0.04352321666714859,0.011167542085687404,3.314907918446141,3.311193758305942,0.001908341995159546
2025-10-31,MTUM,-0.0086956594435327,0.0196,-0.0131,-0.031,-0.0524,-0.0403,0.0037,-0.0123956594435327,0.030342514652193408,0.034042514652193406,-0.04273817409572611,3.2773869486571314,3.4579576349915166,-0.04091139115298992
2025-11-30,MTUM,-0.0156164216544083,-0.0013,0.0147,0.0375999999999999,0.0144,0.0068,0.003,-0.0186164216544083,-0.011503030412472814,-0.008503030412472815,-0.007113391241935486,3.2105894704878386,3.4200514856436683,-0.04773376366340232
2025-12-31,MTUM,0.0029496819218253,-0.0036,-0.0022,0.0242,0.004,0.0037,0.0034,-0.0004503180781746,-0.006437063229649121,-0.003037063229649121,0.00598674515147452,3.223009370129165,3.4066275098034637,-0.04203278839010127
2026-01-31,MTUM,0.0222923343273564,0.0103,0.0326,0.0372,0.0182,0.0183,0.003,0.0192923343273564,-0.002732685155597344,0.00026731484440265614,0.022025019482953743,3.3171501068756433,3.4078054667505873,-0.02093354189036245
2026-02-28,MTUM,-0.0114502021726305,-0.0116999999999999,0.0063,0.0283,0.0162,0.0507,0.0028,-0.0142502021726305,-0.010888045326421656,-0.008088045326421656,-0.003362156846208844,3.2677178653423242,3.37215493634546,-0.024225316885389203
2015-02-28,QQQ,0.0722057299137579,0.0613999999999999,0.0036,-0.0179,-0.011,-0.0175,0.0,0.0722057299137579,0.07716958146524168,0.07716958146524168,-0.0049638515514837805,0.07220572991375795,0.07716958146524178,-0.004963851551483822
2015-03-31,QQQ,-0.0235896630522647,-0.0109,0.0308,-0.0038,0.0007,-0.0062,0.0,-0.0235896630522647,-0.01315952047656809,-0.01315952047656809,-0.01043014257569661,0.046912758022384926,0.0629945463012136,-0.015342220447773891
2015-04-30,QQQ,0.0192234765796524,0.006,-0.0301,0.018,0.0005,-0.0062,0.0,0.0192234765796524,0.010002257573493639,0.010002257573493639,0.00922121900615876,0.06703806090716746,0.07362689155253732,-0.0062624754164049
2015-05-31,QQQ,0.0224845052190678,0.0138,0.0081999999999999,-0.0111,-0.0176,-0.0083,0.0,0.0224845052190678,0.020745791570568977,0.020745791570568977,0.0017387136484988235,0.09102988375657861,0.09590013126924402,-0.004534650419386055
2015-06-30,QQQ,-0.0248411186498604,-0.0154,0.0289999999999999,-0.0081999999999999,0.0034999999999999,-0.0154,0.0,-0.0248411186498604,-0.015193043011056912,-0.015193043011056912,-0.009648075638803488,0.0639274809636381,0.07925007343904733,-0.01413897540794784
2015-07-31,QQQ,0.0455779178418012,0.0157,-0.0458,-0.0416,0.0031,-0.0243999999999999,0.0,0.0455779178418012,0.04384377490247945,0.04384377490247945,0.0017341429393217533,0.1124190802806333,0.1265684707223933,-0.01242935147299895
2015-08-31,QQQ,-0.0682449564432505,-0.0602,0.0029,0.0275,0.0066,0.0129,0.0,-0.0682449564432505,-0.07435510275611931,-0.07435510275611931,0.006110146312868811,0.036502088600240734,0.04280235632002549,-0.006395150316204301
2015-09-30,QQQ,-0.0220728856021531,-0.0306,-0.0279999999999999,0.0055,0.018,-0.0059,0.0,-0.0220728856021531,-0.027084190256764153,-0.027084190256764153,0.005011304654611054,0.013623496572174876,0.014558898901251949,-0.0014158937081398815
2015-10-31,QQQ,0.1136992123651148,0.0775,-0.0206,-0.0046999999999999,0.0095,0.0060999999999999,0.0,0.1136992123651148,0.09181558816687983,0.09181558816687983,0.02188362419823496,0.12887168976720487,0.10771122093381247,0.020436745604281548
2015-11-30,QQQ,0.0060882767415963,0.0056999999999999,0.033,-0.0043,-0.0265,-0.0106,0.0,0.0060882767415963,0.005705983686811254,0.005705983686811254,0.000382293054785046,0.1357445730202611,0.11403180309015859,0.02082685148497343
2015-12-31,QQQ,-0.0159477834240679,-0.0215,-0.0295,-0.0256999999999999,0.0034,0.0012,0.0001,-0.0160477834240679,-0.00837065004482691,-0.00827065004482691,-0.0076771333792409885,0.1176319645446735,0.10481803590799244,0.01298982758901257
2016-01-31,QQQ,-0.0691040646983659,-0.0574,-0.0344,0.0208,0.0278,0.0305,0.0001,-0.0692040646983659,-0.0651673765916257,-0.0650673765916257,-0.004036688106740197,0.04039905295781665,0.032930424700346794,0.008900703599735271
2016-02-29,QQQ,-0.0156537138064312,-0.0007,0.0087,-0.0060999999999999,0.0331,0.0194,0.0002,-0.0158537138064312,-0.0011492096262588315,-0.0009492096262588315,-0.01470450418017237,0.024112943938332965,0.03194995719796556,-0.005934681013725851
2016-03-31,QQQ,0.0685260636301485,0.0695,0.01,0.0121999999999999,0.0068,0.0001,0.0002,0.0683260636301485,0.07328258587826185,0.07348258587826186,-0.004956522248113354,0.09429137269910992,0.10778030854983389,-0.01086178788335923
2016-04-30,QQQ,-0.0318681360708398,0.0091,0.0123,0.0322,-0.0285,0.0177,0.0001,-0.0319681360708398,-0.0016510096553434606,-0.0015510096553434606,-0.03031712641549634,0.05941834633278864,0.1060621305952738,-0.04084961610249749
2016-05-31,QQQ,0.0437004506425251,0.0178,-0.0062,-0.0162,-0.011,-0.0254,0.0001,0.0436004506425251,0.03163772283344656,0.031737722833446565,0.01196272780907854,0.10571540548649039,0.14116602393267796,-0.029375561131958383
2016-06-30,QQQ,-0.0227804307066072,-0.0003,0.0042,-0.0149,0.0144999999999999,0.019,0.0002,-0.0229804307066072,0.002961628433111338,0.003161628433111338,-0.02594205913971854,0.08052673231057739,0.1447739668808441,-0.05455555772752929
2016-07-31,QQQ,0.0715084599060578,0.0394,0.0247,-0.0124,0.0131,-0.0116,0.0002,0.0713084599060578,0.04645243605479362,0.04665243605479362,0.024856023851264182,0.157793534825432,0.19818046116794497,-0.031055568120359478
2016-08-31,QQQ,0.0105008502345445,0.0049,0.0166,0.0317,-0.0185,-0.0036,0.0002,0.0103008502345445,-0.003986938187380594,-0.0037869381873805942,0.014287788421925095,0.16995135133715777,0.1936430258241748,-0.017211495085060813
2016-09-30,QQQ,0.0221352642400807,0.0027,0.0181,-0.0118999999999999,-0.0218,0.0003,0.0002,0.0219352642400807,0.005806300085575409,0.006006300085575409,0.016128964154505293,0.19584853364704524,0.20081240403232914,-0.0013601345178279045
2016-10-31,QQQ,-0.0145721561111967,-0.0200999999999999,-0.0401999999999999,0.0411,0.0098999999999999,0.0025,0.0002,-0.0147721561111967,-0.025051552108363035,-0.024851552108363036,0.010279395997166336,0.17842244212939495,0.17097035200115118,0.008905280118020276
2016-11-30,QQQ,0.0043596868757804,0.0484999999999999,0.0696,0.0828999999999999,-0.0024,0.0371,0.0001,0.0042596868757804,0.01312546806396771,0.01322546806396771,-0.008865781188187311,0.18355999498447173,0.18645698299539526,-3.94533351129045e-05
2016-12-31,QQQ,0.0113221607480584,0.0181,0.0044,0.0347,0.0124,-0.0032,0.0003,0.0110221607480584,0.011508032137264824,0.011808032137264824,-0.0004858713892064246,0.19696045150265729,0.20046670518008725,-0.0005253055550725749
2017-01-31,QQQ,0.0514008926981144,0.0194,-0.0144,-0.0276,-0.0051,-0.0106,0.0004,0.0510008926981144,0.03614654678669495,0.036546546786694944,0.014854345911419452,0.25848528723423203,0.2443396177868209,0.014321237285922717
2017-02-28,QQQ,0.0437508431906352,0.0355,-0.023,-0.015,0.0045,-0.018,0.0004,0.0433508431906352,0.05260670885945533,0.053006708859455326,-0.009255865668820126,0.31354507969373846,0.3102979656291327,0.004932816168572884
2017-03-31,QQQ,0.0202684940270105,0.0017,0.0075,-0.0333,0.0063,-0.0095,0.0003,0.0199684940270105,0.014144821122760208,0.014444821122760208,0.005823672904250293,0.3401686602957201,0.3292249853601621,0.01078521618068562
2017-04-30,QQQ,0.0272704299831876,0.0108,0.0040999999999999,-0.0204999999999999,0.0179,-0.016,0.0005,0.0267704299831876,0.02175916617539809,0.02225916617539809,0.005011263807789511,0.376715635911977,0.3588124251937852,0.015850527551980464
2017-05-31,QQQ,0.0389729523976647,0.0107,-0.0299,-0.0382,0.0098999999999999,-0.0166,0.0006,0.0383729523976647,0.033276142001644006,0.03387614200164401,0.005096810396020696,0.4303703088554951,0.40484374786324806,0.02102812508161045
2017-06-30,QQQ,-0.0231796639379577,0.0078,0.0252,0.015,-0.0226,0.0004,0.0006,-0.0237796639379577,0.00208933381377632,0.0026893338137763197,-0.02586899775173402,0.39721480578939206,0.40862184165744897,-0.005384849190582908
2017-07-31,QQQ,0.0406135738093738,0.0187999999999999,-0.0163999999999999,-0.0023,-0.0075,-0.0015,0.0007,0.0399135738093738,0.027042667699297345,0.027742667699297344,0.012870906110076453,0.4539606924318693,0.44770076932452385,0.007416749031144532
2017-08-31,QQQ,0.0207354184000552,0.0018,-0.0183,-0.0213,0.002,-0.0237999999999999,0.0009,0.0198354184000552,0.01742975949218943,0.018329759492189433,0.00240565890786577,0.4841091757266782,0.47423677624289984,0.00984025010738443
2017-09-30,QQQ,-0.002951965046186,0.0249,0.0475999999999999,0.0315,-0.0154,0.0163,0.0009,-0.003851965046186,0.009575895986074055,0.010475895986074055,-0.013427861032260055,0.47972813731520914,0.4896807273696655,-0.003719744435840222
2017-10-31,QQQ,0.0460635068659429,0.0225,-0.0191,0.0013,0.0092,-0.0314,0.0009,0.0451635068659429,0.03459373281032976,0.035493732810329755,0.010569774055613143,0.5478896045281572,0.542555057079622,0.006810712761541549
2017-11-30,QQQ,0.0197175204680446,0.0312,-0.0038,-0.0009,0.0319,-0.001,0.0008,0.0189175204680446,0.03752877220582242,0.03832877220582242,-0.018611251737777817,0.5784101494877147,0.601679298477366,-0.011927294865955007
2017-12-31,QQQ,0.0060312727810389,0.0106,-0.0105,0.0005,0.0073,0.0179,0.0009,0.0051312727810389,0.013246541584579849,0.014146541584579848,-0.008115268803540947,0.5879299716596358,0.6243375212784368,-0.019945770465559676
2018-01-31,QQQ,0.0875706354831822,0.0558,-0.0321,-0.0132,-0.0075,-0.0105,0.0011,0.0864706354831822,0.07509120819532725,0.07619120819532725,0.01137942728785496,0.7269860083806616,0.748097759541644,-0.008793314622417836
2018-02-28,QQQ,-0.0129278185157988,-0.0364,0.0034,-0.011,0.0053,-0.0236,0.0011,-0.0140278185157988,-0.031639436949209496,-0.030539436949209495,0.017611618433410695,0.7046598466849927,0.6947118382330677,0.008663439309097853
2018-03-31,QQQ,-0.0407881407448927,-0.0235,0.0361,-0.0021,-0.0040999999999999,0.0008,0.0012,-0.0419881407448927,-0.029424737144038225,-0.028224737144038226,-0.012563403600854478,0.6351299409362381,0.6468790420640493,-0.004008806576368373
2018-04-30,QQQ,0.0050581297486462,0.0029,0.0089,0.0053,-0.0242,0.0124,0.0014,0.0036581297486462,0.0008850532533541343,0.002285053253354134,0.002773076495292066,0.6434006403333898,0.6506422483769985,-0.0012468468083675077
2018-05-31,QQQ,0.0567291814489934,0.0263,0.0471,-0.0314,-0.0197999999999999,-0.0149,0.0014,0.0553291814489934,0.0344105165366858,0.0358105165366858,0.0209186649123076,0.7366294134522546,0.7097525999086551,0.019645735733358816
2018-06-30,QQQ,0.0114503589548278,0.0049,0.0077,-0.0233,0.0083,0.002,0.0014,0.0100503589548278,0.013001718215023848,0.014401718215023849,-0.0029513592601960476,0.7565144436077951,0.7343759750699439,0.016636394849082636
2018-07-31,QQQ,0.0279639219567326,0.032,-0.0192999999999999,0.0049,0.0153,0.0031,0.0016,0.0263639219567326,0.03907354947325039,0.04067354947325039,-0.012709627516517788,0.8056334764247173,0.8049192020971683,0.0037153249508152797
2018-08-31,QQQ,0.0578069421339768,0.0346,0.0065,-0.0391,-0.0029,-0.0256999999999999,0.0016,0.0562069421339768,0.054590177629439275,0.05619017762943927,0.0016167645045375226,0.9100116263115723,0.906337932669794,0.005338096260856018
2018-09-30,QQQ,-0.0028163287261233,0.0006,-0.0249,-0.0162,0.0065,0.0136,0.0015,-0.0043163287261233,0.010471557303297858,0.011971557303297858,-0.014787886029421158,0.9046324057011617,0.9291597664702009,-0.009528728927684749
2018-10-31,QQQ,-0.0859572583362271,-0.0764,-0.0438,0.0338,0.0103,0.036,0.0019,-0.0878572583362271,-0.08883342947141361,-0.08693342947141361,0.0009761711351865127,0.7409154259687571,0.761451291972675,-0.008561859462632437
2018-11-30,QQQ,-0.0026500042894057,0.0171,-0.0081,0.0036,-0.0060999999999999,0.004,0.0018,-0.0044500042894057,0.021114293859235835,0.022914293859235834,-0.025564298148641536,0.7363019926224474,0.8018137044956677,-0.03390727968326457
2018-12-31,QQQ,-0.0866070162636515,-0.0955,-0.0281,-0.0192,-0.0003,0.0024,0.0019,-0.0885070162636515,-0.09203805578002186,-0.09013805578002186,0.003531039516370363,0.5859260577087846,0.6394017202946294,-0.03049596811134847
2019-01-31,QQQ,0.0901076127414943,0.0836,0.0291,-0.0039,-0.0073,-0.0165,0.0021,0.0880076127414943,0.09257818396374487,0.09467818396374487,-0.0045705712222505746,0.7288300687534526,0.7946172979591641,-0.03492715533935464
2019-02-28,QQQ,0.0299120182823198,0.0342,0.0172,-0.0266,0.0016,-0.0154,0.0018,0.0281120182823198,0.046979368012270914,0.04877936801227092,-0.018867349729951115,0.7805428653770301,0.8821575955775016,-0.05313552221444584
2019-03-31,QQQ,0.0392457062565219,0.011,-0.0352,-0.0414,0.0088,-0.009,0.0019,0.0373457062565219,0.03446270031731996,0.03636270031731996,0.0028830059392019394,0.8504215276487628,0.9505979281754537,-0.050405706301370645
2019-04-30,QQQ,0.0549925723467792,0.0397,-0.0115,0.0213,0.0161,-0.0218,0.0021,0.0528925723467792,0.044732332458656,0.046832332458656,0.0081602398881232,0.9521809673800252,1.041948978840932,-0.04265678906839676
2019-05-31,QQQ,-0.0822518301504684,-0.0692,-0.0156,-0.0245,-0.0048,0.0176,0.0021,-0.0843518301504684,-0.06592845711195273,-0.06382845711195273,-0.01842337303851567,0.7916105100281061,0.9116145260201878,-0.06029428016928007
2019-06-30,QQQ,0.075900531117393,0.0699,0.0019,-0.0064,0.0045,-0.0055,0.0018,0.074100531117393,0.08155603763685335,0.08335603763685334,-0.00745550651946035,0.9275946992947428,1.0709591383982824,-0.0673002622898522
2019-07-31,QQQ,0.0233481007759825,0.0121999999999999,-0.0182,0.005,-0.0013,0.0037,0.0019,0.0214481007759825,0.01714767912472942,0.01904767912472942,0.004300421651253081,0.9726003745891263,1.1104061035469188,-0.06328926014368552
2019-08-31,QQQ,-0.0189955175068166,-0.0255,-0.0325,-0.0476999999999999,0.0053,-0.0062,0.0016,-0.0205955175068166,-0.004632355517240938,-0.003032355517240938,-0.01596316198957566,0.9351298096396656,1.1040066019552093,-0.0782421254213872
2019-09-30,QQQ,0.0091788637213483,0.0141999999999999,0.0029,0.0676,0.0182,0.0338,0.0018,0.0073788637213483,-0.0075937207363499706,-0.005793720736349971,0.01497258445769827,0.9528921024454668,1.0918165752760443,-0.0644410277947105
2019-10-31,QQQ,0.0438004659168071,0.0207,0.0025,-0.0192,0.0043,-0.0103,0.0015,0.0423004659168071,0.03186486864509952,0.03336486864509952,0.010435597271707578,1.0384296864178313,1.1616097605397715,-0.05467791113684339
2019-11-30,QQQ,0.0406944047357282,0.0387,0.0039,-0.02,-0.0163999999999999,-0.0113999999999999,0.0012,0.0394944047357282,0.05197892530718094,0.05317892530718094,-0.012484520571452745,1.1213823691022422,1.2765618445387896,-0.06647980420190414
2019-12-31,QQQ,0.0388636816573189,0.0276,0.0098999999999999,0.0173,0.0005,0.0118999999999999,0.0014,0.0374636816573189,0.02411701659366692,0.025517016593666918,0.01334666506365198,1.2038270981684809,1.334652910902395,-0.05402042281843211
2020-01-31,QQQ,0.030384077075467,-0.0009,-0.0437,-0.0622,-0.0118999999999999,-0.0219,0.0013,0.029084077075467,0.03114455684498161,0.03244455684498161,-0.0020604797695146088,1.270788350580235,1.4103996899834694,-0.05596959459958872
2020-02-29,QQQ,-0.0605738501480838,-0.0815,0.0008,-0.0382,-0.0143,-0.0253,0.0012,-0.0617738501480838,-0.07220579176156189,-0.07100579176156188,0.010431941613478088,1.1332379573141735,1.2392473515343698,-0.046121524529103564
2020-03-31,QQQ,-0.0728584693268901,-0.1335,-0.0818,-0.1383,-0.0161,0.0118999999999999,0.0012,-0.0740584693268901,-0.0897025348442245,-0.08850253484422449,0.015644065517334396,0.9778135050342411,1.0410682847803616,-0.03119898716326175
2020-04-30,QQQ,0.149737348900105,0.1358,0.0256999999999999,-0.0134,0.0276,-0.0102,0.0,0.149737348900105,0.1521977314721007,0.1521977314721007,-0.002460382571995684,1.273966055896893,1.3517142475035846,-0.033582608290977034
2020-05-31,QQQ,0.0660087642059643,0.0559,0.0192,-0.05,0.0096,-0.0316,0.0001,0.0659087642059643,0.07965956839886583,0.07975956839886583,-0.013750804192901533,1.424067745092958,1.539285960881934,-0.04687162461298244
2020-06-30,QQQ,0.0628669043236136,0.0243999999999999,0.0195,-0.0217,0.0014,0.0055,0.0001,0.0627669043236136,0.03137957177697144,0.03147957177697144,0.031387332546642166,1.5764613800976748,1.6192215955497726,-0.016955467335069252
2020-07-31,QQQ,0.0734650756517709,0.0583,-0.0319,-0.0144,0.0038,0.0097,0.0001,0.0733650756517709,0.07520611952894206,0.07530611952894206,-0.0018410438771711557,1.7657413103004167,1.8164650100970303,-0.018765295452918607
2020-08-31,QQQ,0.1094476625504869,0.0762,-0.0089,-0.0302,0.0426999999999999,-0.0151,0.0001,0.1093476625504869,0.09854978893346172,0.09864978893346173,0.01079787361702518,2.0684452319321185,2.0943086888815823,-0.008170047124580249
2020-09-30,QQQ,-0.0577863926868835,-0.0364,-0.0001,-0.0272,-0.0138,-0.0192999999999999,0.0001,-0.0578863926868835,-0.026601819624905047,-0.026501819624905047,-0.03128457306197846,1.8911308508214937,2.012303878145066,-0.03919902375036988
2020-10-31,QQQ,-0.0304494581025756,-0.0208,0.0467,0.0425,-0.0077,-0.0056999999999999,0.0001,-0.0305494581025756,-0.04073907824276546,-0.040639078242765456,0.01018962014018986,1.8030974831103408,1.889886625150143,-0.02940882677206258
2020-11-30,QQQ,0.1122579449990472,0.1244,0.0712,0.0209,-0.0225,0.0128,0.0001,0.1121579449990472,0.11836770574228805,0.11846770574228806,-0.0062097607432408525,2.1177674461963094,2.232244863487004,-0.03543596573730956
2020-12-31,QQQ,0.0490243774818004,0.0463,0.0493,-0.0168,-0.0197,-0.0006,0.0001,0.0489243774818004,0.04961959211772448,0.04971959211772448,-0.0006952146359240768,2.2706140543791062,2.3929507597241875,-0.03610654477121489
2021-01-31,QQQ,0.0026135958771784,-0.0007,0.0681,0.0322,-0.0365,0.0496999999999999,0.0,0.0026135958771784,-0.027023383803915765,-0.027023383803915765,0.029636979681094165,2.2791621177874735,2.301261749116373,-0.007539654023859699
2021-02-28,QQQ,-0.0013348225421747,0.0281,0.045,0.072,0.0033,-0.0199,0.0,-0.0013348225421747,0.0064237550862676455,0.0064237550862676455,-0.007758577628442346,2.2747850182732057,2.32246824606836,-0.01523973466126638
2021-03-31,QQQ,0.0171673019599454,0.0316,-0.0084,0.0735,0.0635,0.0352,0.0,0.0171673019599454,0.011215605102523504,0.011215605102523504,0.005951696857421897,2.331004241535807,2.3597317378819365,-0.009378740084735937
2021-04-30,QQQ,0.0590983610515183,0.0496999999999999,-0.0316,-0.0102,0.0243,-0.0272,0.0,0.0590983610515183,0.06946534584821534,0.06946534584821534,-0.010366984796697044,2.5278611328662293,2.5931166650111304,-0.019648495625562368
2021-05-31,QQQ,-0.0120122671108396,0.0029,0.0127,0.0704,0.0233999999999999,0.0301,0.0,-0.0120122671108396,-0.022159039019156092,-0.022159039019156092,0.010146771908316492,2.485483522608291,2.513496652630769,-0.00970109252069995
2021-06-30,QQQ,0.0626211899846478,0.0273,-0.003,-0.0786,-0.0214,-0.0093,0.0,0.0626211899846478,0.05793265175122471,0.05793265175122471,0.004688538233423092,2.7037486484659046,2.717042830636721,-0.005058038230466022
2021-07-31,QQQ,0.028609281195532,0.0134,-0.0455,-0.0179,0.055,-0.0059,0.0,0.028609281195532,0.031104738430280048,0.031104738430280048,-0.002495457234748047,2.8097102350274374,2.832660475617824,-0.007540873347118282
2021-08-31,QQQ,0.0421869710635323,0.0295,-0.0066,-0.0023,-0.0026,-0.0172,0.0,0.0421869710635323,0.03919048271618737,0.03919048271618737,0.002996488347344929,2.970430370472983,2.9828642897445383,-0.004566981138886761
2021-09-30,QQQ,-0.0568316957900447,-0.044,0.0112,0.0512,-0.0192,0.02,0.0,-0.0568316957900447,-0.06589367207107642,-0.06589367207107642,0.009061976281031725,2.744784079502708,2.720418736332511,0.004453609267388581
2021-10-31,QQQ,0.0786401378535734,0.0663,-0.027,-0.0053,0.0171,-0.0154,0.0,0.0786401378535734,0.08381341007603327,0.08381341007603327,-0.005173272222459863,3.039274415746668,3.0322397175353055,-0.0007427026881839938
2021-11-30,QQQ,0.0199683840217497,-0.0158,-0.017,-0.0037,0.0719,0.017,0.0,0.0199683840217497,-0.013801538960827977,-0.013801538960827977,0.03376992298257768,3.1199321984495265,2.976588603974344,0.033002139281814724
2021-12-31,QQQ,0.0115234557061967,0.0324,-0.0078,0.0325,0.0487999999999999,0.0429,0.0001,0.0114234557061967,0.023263054720674536,0.023363054720674535,-0.011839599014477835,3.1674080546508936,3.0694938611306073,0.020771808171620165
2022-01-31,QQQ,-0.0874701789918169,-0.0615,-0.0401,0.1286,0.0077,0.0773,0.0,-0.0874701789918169,-0.10721008700818689,-0.10721008700818689,0.01973990801636999,2.8028841261786406,2.6332030701995124,0.040921749770631566
2022-02-28,QQQ,-0.0447595819338627,-0.0227999999999999,0.0286,0.0306,-0.0203,0.0302999999999999,0.0,-0.0447595819338627,-0.04105798623369494,-0.04105798623369494,-0.003701595700167759,2.632668622547962,2.4840310685590428,0.037068678297469404
2022-03-31,QQQ,0.0466787800882673,0.0308,-0.0210999999999999,-0.019,-0.015,0.0321,0.0,0.0466787800882673,0.04139634007876841,0.04139634007876841,0.005282440009498887,2.802237162313427,2.628257203518108,0.04254693137630605
2022-04-30,QQQ,-0.1359575470965135,-0.0941,-0.0034999999999999,0.0617999999999999,0.0341,0.0592,0.0,-0.1359575470965135,-0.12746917212771683,-0.12746917212771683,-0.008488374968796675,2.2852943242460855,2.16576626151923,0.033697402100215657
2022-05-31,QQQ,-0.0158659791898587,-0.0033,-0.0003,0.0843999999999999,0.0155,0.0395,0.0003,-0.0161659791898587,-0.032037200817746275,-0.031737200817746274,0.015871221627887577,2.233169912865036,2.0652937019353486,0.05010344266511968
2022-06-30,QQQ,-0.08907880476854,-0.084,0.0133,-0.06,0.0176,-0.0458,0.0006,-0.08967880476854,-0.06812667856544782,-0.06752667856544782,-0.021552126203092173,1.9451630014134142,1.8583045994160687,0.027471480742499388
2022-07-31,QQQ,0.1255172581353953,0.0957,0.0178,-0.0415,0.0077,-0.0684999999999999,0.0008,0.1247172581353953,0.12635106539557855,0.12715106539557855,-0.001633807260183251,2.3148317861126375,2.221741074456904,0.02579279037763116
2022-08-31,QQQ,-0.0513217413502508,-0.0377,0.0149,0.0018,-0.0478,0.0132,0.0019,-0.0532217413502508,-0.04368569473353948,-0.041785694733539484,-0.009536046616711313,2.144708846566175,2.0871183854091426,0.016010782509503718
2022-09-30,QQQ,-0.1053553190212385,-0.0934,-0.0097,0.0003,-0.0137,-0.0077,0.0019,-0.1072553190212385,-0.09734720993594226,-0.09544720993594226,-0.00990810908529624,1.8133970428072845,1.792461548779889,0.005944036844562239
2022-10-31,QQQ,0.0399985019462447,0.0786,0.0181,0.0797,0.0327,0.0643,0.0023,0.0376985019462447,0.05237907033625465,0.054679070336254645,-0.014680568390009946,1.925928709899571,1.9451507502169112,-0.00882379338485706
2022-11-30,QQQ,0.0554415083857857,0.0469,-0.0275,0.0148,0.063,0.0315,0.0029,0.0525415083857857,0.04954506386830379,0.05244506386830379,0.0029964445174819124,2.0881466110056794,2.09960936941382,-0.005853788874686572
2022-12-31,QQQ,-0.0901366856586987,-0.0638,-0.0019,0.0134,0.0032,0.0428,0.0033,-0.0934366856586987,-0.0774212116281324,-0.0741212116281324,-0.0160154740305663,1.8097913106614847,1.8698625673789562,-0.0217755117015499
2023-01-31,QQQ,0.1064291501910716,0.0659,0.0438999999999999,-0.0394,-0.0242,-0.0443,0.0034999999999999,0.1029291501910716,0.08509580109325543,0.08859580109325534,0.01783334909781617,2.108835012069444,2.124120340563441,-0.004330492905690986
2023-02-28,QQQ,-0.0035977550430864,-0.0256999999999999,0.0058,-0.008,0.0097,-0.0151,0.0034,-0.0069977550430864,-0.022450032445378496,-0.019050032445378496,0.015452277402292096,2.097650185226648,2.0646057467124406,0.011054868518933558
2023-03-31,QQQ,0.0949272706291726,0.0249,-0.0689,-0.0905,0.0227,-0.021,0.0036,0.0913272706291726,0.07208689036513823,0.07568689036513823,0.01924038026403438,2.3917016626741647,2.2965562258762375,0.030507948657041206
2023-04-30,QQQ,0.0050788022934016,0.0063,-0.0256999999999999,-0.0012,0.0242,0.0285,0.0034999999999999,0.0015788022934016,0.010143094036869147,0.013643094036869047,-0.008564291743467546,2.4089274448570883,2.341531452463693,0.021682377940779984
2023-05-31,QQQ,0.0788384531517096,0.0033,-0.0043,-0.0779,-0.0178,-0.0708,0.0036,0.0752384531517096,0.04022680393797616,0.04382680393797616,0.03501164921373344,2.677682011516031,2.4879800962833998,0.057453162965095395
2023-06-30,QQQ,0.0630382469142369,0.0646,0.0128,-0.0013,0.0232,-0.0154,0.004,0.0590382469142369,0.07345051356167079,0.07745051356167079,-0.014412266647433891,2.9095166382300266,2.758125946033435,0.04221286601327012
2023-07-31,QQQ,0.038601011494824,0.0321,0.0286,0.0406,-0.0059,0.0066,0.0045,0.034101011494824,0.019516148574170993,0.024016148574170993,0.01458486292065301,3.0604279349215497,2.848381657113821,0.05741339779821475
2023-08-31,QQQ,-0.0148299371200965,-0.0236,-0.0365,-0.0115,0.0335,-0.0241,0.0045,-0.0193299371200965,-0.01034585177569727,-0.00584585177569727,-0.00898408534439923,3.0002120439659796,2.8258845883700214,0.04791350558808438
2023-09-30,QQQ,-0.050798823448128,-0.0523,-0.0178,0.0149,0.0187,-0.0077,0.0043,-0.055098823448128,-0.055349080738178624,-0.051049080738178626,0.00025025729005062614,2.7970059785894765,2.630576697123367,0.048175753582200276
2023-10-31,QQQ,-0.0206547131185627,-0.0315,-0.0403,0.002,0.0241,-0.0069,0.0046999999999999,-0.0253547131185627,-0.02470526661042502,-0.02000526661042512,-0.0006494465081376792,2.7185799093922434,2.5579460423478175,0.047495019499121716
2023-11-30,QQQ,0.1081881170945364,0.0888,-0.002,0.0167,-0.0373,-0.0108,0.0044,0.1037881170945364,0.09728195802525057,0.10168195802525057,0.006506159069285838,3.120886068054962,2.9197249624819346,0.054310188720267716
2023-12-31,QQQ,0.0558696543596224,0.0486,0.0727,0.0489,-0.0297,0.0129,0.0043,0.0515696543596224,0.026478162370395488,0.03077816237039549,0.025091491989226913,3.3511185483325763,3.040366893824496,0.08076440437470267
2024-01-31,QQQ,0.0181921971344269,0.0073,-0.0572,-0.0237999999999999,0.0067,-0.0097,0.0046999999999999,0.0134921971344269,0.029269197901990784,0.03396919790199068,-0.015777000767563887,3.4302749547191045,3.177614916437472,0.06371318353732724
2024-02-29,QQQ,0.0528334405546833,0.0507,-0.0081999999999999,-0.0343,-0.0206,-0.0217,0.0042,0.0486334405546833,0.07312906913417513,0.07732906913417513,-0.024495628579491835,3.6643416231801584,3.5006659891266256,0.03765686047828809
2024-03-31,QQQ,0.0127497397272671,0.0283999999999999,-0.0121,0.0416,0.0133,0.0113999999999999,0.0043,0.0084497397272671,0.02170634288807612,0.02600634288807612,-0.01325660316080902,3.723810764874764,3.617711852064555,0.02390105526183639
2024-04-30,QQQ,-0.0437376995732621,-0.0465,-0.0259,-0.0045,0.0113999999999999,-0.0031,0.0046999999999999,-0.0484376995732621,-0.042295108388681335,-0.037595108388681436,-0.006142591184580763,3.51720214879973,3.4441084744784893,0.01761164966590223
2024-05-31,QQQ,0.0615181355267628,0.0432,0.0059,-0.0131,0.0317,-0.0285,0.0044,0.0571181355267628,0.05647473287512685,0.060874732875126854,0.0006434026516359478,3.7950920027913764,3.7146423907304547,0.01826638369963285
2024-06-30,QQQ,0.0647011348926613,0.0279999999999999,-0.0432,-0.0336,0.0056,-0.018,0.0040999999999999,0.0606011348926613,0.053577901291046864,0.05767790129104677,0.007023233601614436,4.1053398972867035,3.9865730691655905,0.0254179063810267
2024-07-31,QQQ,-0.0167809895219194,0.0121999999999999,0.0834,0.0562,0.0026,0.0028,0.0045,-0.0212809895219194,-0.016527893415326768,-0.012027893415326767,-0.004753096106592632,4.019667241964498,3.9265950997819283,0.020543996522576657
2024-08-31,QQQ,0.0110386672462059,0.0161,-0.0355,-0.011,0.0076,0.0081999999999999,0.0048,0.0062386672462059,0.028639278192731443,0.033439278192731445,-0.022400610946525543,4.075077678335225,4.091336883866484,-0.00231681249733795
2024-09-30,QQQ,0.0262159024622388,0.0173,-0.0092,-0.0276,0.002,-0.0029,0.004,0.0222159024622388,0.03173981481838037,0.03573981481838037,-0.00952391235614157,4.208125419738747,4.273300321273862,-0.01181865973430929
2024-10-31,QQQ,-0.0086463820698778,-0.01,-0.0089,0.0086,-0.0148,0.0098,0.0039,-0.0125463820698778,-0.010757537471188619,-0.006857537471188619,-0.001788844598689181,4.163093977491843,4.237138466723895,-0.013586362587369005
2024-11-30,QQQ,0.0535084193698465,0.0649,0.0458999999999999,0.0016,-0.0231,-0.0204999999999999,0.004,0.0495084193698465,0.06803454090291122,0.07203454090291123,-0.018526121533064724,4.439362975285405,4.614393331819327,-0.031860781515947845
2024-12-31,QQQ,0.0045402796389355,-0.0315,-0.0383,-0.03,0.0189,-0.0121,0.0037,0.0008402796389355,-0.01474310506398417,-0.01104310506398417,0.015583384702919669,4.464059204250874,4.552392996385514,-0.016773895628326874
2025-01-31,QQQ,0.0216339037527728,0.0279999999999999,-0.0123,0.0163,-0.0235,-0.0324,0.0037,0.0179339037527728,0.03536856146590514,0.03906856146590514,-0.01743465771313234,4.58226813517509,4.769317003447663,-0.0339161062126635
2025-02-28,QQQ,-0.0270346345699361,-0.0243,-0.0491,0.0491,0.0108,0.0306,0.0033,-0.0303346345699361,-0.03440800685238275,-0.03110800685238275,0.004073372282446652,4.431353556069232,4.589845050570844,-0.029980886857192024
2025-03-31,QQQ,-0.0758617438692921,-0.0639,-0.0149,0.0289999999999999,0.0210999999999999,-0.0046999999999999,0.0034,-0.0792617438692921,-0.07327836836559028,-0.06987836836559028,-0.005983375503701829,4.019321603735139,4.199235799020483,-0.03578487545689335
2025-04-30,QQQ,0.013968168310428,-0.0084,-0.0186,-0.0341,-0.0285,-0.0266999999999999,0.0034999999999999,0.010468168310428,0.010779997210826106,0.014279997210826005,-0.0003118289003981069,4.089432332700278,4.273480871728923,-0.03608554559892685
2025-05-31,QQQ,0.0917828651630501,0.0605999999999999,-0.0072,-0.0288,0.0129,0.0250999999999999,0.0038,0.0879828651630501,0.07527596892009483,0.07907596892009483,0.012706896242955262,4.556555014248976,4.690486481242474,-0.023837184639767584
2025-06-30,QQQ,0.0638584388137797,0.0486,-0.0002,-0.0161,-0.032,0.0144,0.0034,0.0604584388137797,0.058945919738448246,0.06234591973844825,0.0015125190753314532,4.911387942641795,5.0452650946747415,-0.022360719760905923
2025-07-31,QQQ,0.0242368540464832,0.0197999999999999,-0.0014,-0.0127,-0.0028,-0.0207,0.0034,0.0208368540464832,0.03117973465641552,0.03457973465641552,-0.010342880609932319,5.054661389419746,5.254308757576285,-0.03247232611599904
2025-08-31,QQQ,0.0095397553778766,0.0185,0.0487999999999999,0.0441999999999999,-0.0069,0.0208,0.0038,0.0057397553778766,-0.002178365743986986,0.001621634256013014,0.007918121121863585,5.112421377970684,5.264450958905252,-0.02481132480543069
2025-09-30,QQQ,0.0537621543526261,0.0339,-0.0218,-0.0105,-0.0204999999999999,-0.0222,0.0033,0.0504621543526261,0.05010962929823365,0.053409629298233646,0.00035252505439244824,5.441038319561436,5.599032962377345,-0.02446754636466475
2025-10-31,QQQ,0.0478038174643991,0.0196,-0.0131,-0.031,-0.0524,-0.0403,0.0037,0.0441038174643991,0.0417695860025715,0.045469586002571505,0.002334231461827596,5.74894453967095,5.899088259193967,-0.02219042781935532
2025-11-30,QQQ,-0.0156102967396978,-0.0013,0.0147,0.0375999999999999,0.0144,0.0068,0.003,-0.0186102967396978,-0.013985465319561402,-0.010985465319561401,-0.004624831420136399,5.643591512726924,5.823298564385999,-0.026712632251686408
2025-12-31,QQQ,-0.0066993235261305,-0.0036,-0.0022,0.0242,0.004,0.0037,0.0034,-0.0100993235261305,-0.0089072663580603,-0.0055072663580603,-0.0011920571680702,5.599083943807711,5.785720841751354,-0.027872846435002985
2026-01-31,QQQ,0.0123064847625091,0.0103,0.0326,0.0372,0.0182,0.0183,0.003,0.0093064847625091,-0.006032201806067592,-0.003032201806067592,0.015338686568576692,5.6802954698087,5.765145166759526,-0.012961692721666807
2026-02-28,QQQ,-0.0234454254454673,-0.0116999999999999,0.0063,0.0283,0.0162,0.0507,0.0028,-0.0262454254454673,-0.027325792070096826,-0.024525792070096825,0.0010803666246295245,5.523673100417606,5.5992246230755605,-0.01189532947725247
2015-02-28,QUAL,0.0601601684980803,0.0613999999999999,0.0036,-0.0179,-0.011,-0.0175,0.0,0.0601601684980803,0.05697610445385891,0.05697610445385891,0.0031840640442213908,0.06016016849808037,0.05697610445385881,0.0031840640442213353
2015-03-31,QUAL,-0.0156985084677161,-0.0109,0.0308,-0.0038,0.0007,-0.0062,0.0,-0.0156985084677161,-0.013609606950893496,-0.013609606950893496,-0.0020889015168226027,0.043517235115777986,0.04259107511575522,0.0010885113311871475
2015-04-30,QUAL,0.0017292920825868,0.006,-0.0301,0.018,0.0005,-0.0062,0.0,0.0017292920825868,0.006976093735343762,0.006976093735343762,-0.005246801652756962,0.04532178120850672,0.0498642881833955,-0.004164001524621264
2015-05-31,QUAL,0.0152228230194284,0.0138,0.0081999999999999,-0.0111,-0.0176,-0.0083,0.0,0.0152228230194284,0.008612749009686598,0.008612749009686598,0.006610074009741802,0.06123452968219745,0.058906505791752384,0.002418548126866149
2015-06-30,QUAL,-0.0184633984238129,-0.0154,0.0289999999999999,-0.0081999999999999,0.0034999999999999,-0.0154,0.0,-0.0184633984238129,-0.017158877581636728,-0.017158877581636728,-0.0013045208421761725,0.04164053373956733,0.0407368586884731,0.001110872238250682
2015-07-31,QUAL,0.0287974622801669,0.0157,-0.0458,-0.0416,0.0031,-0.0243999999999999,0.0,0.0287974622801669,0.01986765272376669,0.01986765272376669,0.008929809556400211,0.07163713771942559,0.0614138571737195,0.010050601672179749
2015-08-31,QUAL,-0.0541369898323437,-0.0602,0.0029,0.0275,0.0066,0.0129,0.0,-0.0541369898323437,-0.05914770761939482,-0.05914770761939482,0.0050107177870511235,0.013621928890747093,-0.0013663393135657786,0.01511168018780018
2015-09-30,QUAL,-0.012963203159767,-0.0306,-0.0279999999999999,0.0055,0.018,-0.0059,0.0,-0.012963203159767,-0.024867725873565755,-0.024867725873565755,0.011904522713798755,0.00048214189934148166,-0.026200087435631514,0.02719610024163832
2015-10-31,QUAL,0.0865178447382557,0.0775,-0.0206,-0.0046999999999999,0.0095,0.0060999999999999,0.0,0.0865178447382557,0.07853421565354096,0.07853421565354096,0.007983629084714741,0.08704170051558635,0.05027652490109791,0.035396852903233134
2015-11-30,QUAL,0.0044148609126737,0.0056999999999999,0.033,-0.0043,-0.0265,-0.0106,0.0,0.0044148609126737,-0.0032888381831861716,-0.0032888381831861716,0.007703699095859872,0.09184083842963897,0.04682233536309921,0.043373238702799854
2015-12-31,QUAL,-0.0171709140146095,-0.0215,-0.0295,-0.0256999999999999,0.0034,0.0012,0.0001,-0.0172709140146095,-0.018050113710905903,-0.017950113710905904,0.0007791996962964037,0.07309293327532451,0.028031755408215453,0.04418623481352091
2016-01-31,QUAL,-0.0461515138389569,-0.0574,-0.0344,0.0208,0.0278,0.0305,0.0001,-0.0462515138389569,-0.04884209082891727,-0.04874209082891727,0.0025905769899603748,0.023568069914781553,-0.022076661788902996,0.046891279646662065
2016-02-29,QUAL,0.0060073326608303,-0.0007,0.0087,-0.0060999999999999,0.0331,0.0194,0.0002,0.0058073326608303,0.004966351624142612,0.005166351624142611,0.0008409810366876887,0.029716983811763686,-0.0170243659622491,0.047771695360318445
2016-03-31,QUAL,0.0590705463854119,0.0695,0.01,0.0121999999999999,0.0068,0.0001,0.0002,0.0588705463854119,0.06728992961520605,0.06748992961520606,-0.008419383229794151,0.09054292866786295,0.04931659039242131,0.038950103919748846
2016-04-30,QUAL,-0.0039621606419828,0.0091,0.0123,0.0322,-0.0285,0.0177,0.0001,-0.0040621606419828,0.0002311351181721339,0.0003311351181721339,-0.004293295760154934,0.08622202239750254,0.04966405596558077,0.0344895838435777
2016-05-31,QUAL,0.0107098783020551,0.0178,-0.0062,-0.0162,-0.011,-0.0254,0.0001,0.0106098783020551,0.015147427476776045,0.015247427476776045,-0.004537549174720946,0.09785532806639208,0.06566873253389449,0.029795536486150853
2016-06-30,QUAL,0.0048400444019067,-0.0003,0.0042,-0.0149,0.0144999999999999,0.019,0.0002,0.0046400444019067,0.0020500774684469886,0.0022500774684469887,0.0025899669334597114,0.10316899660110335,0.06806656973779757,0.03246267287387439
2016-07-31,QUAL,0.0304543786228141,0.0394,0.0247,-0.0124,0.0131,-0.0116,0.0002,0.0302543786228141,0.03877820781404093,0.038978207814040926,-0.008523829191226826,0.13676532290854326,0.10969789045226719,0.023662137403980044
2016-08-31,QUAL,-0.002205696427635,0.0049,0.0166,0.0317,-0.0185,-0.0036,0.0002,-0.002405696427635,-0.0021149605230234673,-0.0019149605230234673,-0.0002907359046115327,0.13425796369674448,0.10757286279956868,0.023364522066445348
2016-09-30,QUAL,-0.0010218002039437,0.0027,0.0181,-0.0118999999999999,-0.0218,0.0003,0.0002,-0.0012218002039437,-0.003837806092920739,-0.0036378060929207388,0.002616005888977039,0.13309897867811427,0.10354372749092278,0.026041649682741363
2016-10-31,QUAL,-0.0204472052536577,-0.0200999999999999,-0.0401999999999999,0.0411,0.0098999999999999,0.0025,0.0002,-0.0206472052536577,-0.016364871813632033,-0.016164871813632034,-0.004282333440025668,0.10993027128837296,0.08570508459529425,0.021647797215445852
2016-11-30,QUAL,0.0301015540503666,0.0484999999999999,0.0696,0.0828999999999999,-0.0024,0.0371,0.0001,0.0300015540503666,0.03827185724326066,0.038371857243260664,-0.008270303192894062,0.14334089734169808,0.1273656051096672,0.013198460176121918
2016-12-31,QUAL,0.0199512704364301,0.0181,0.0044,0.0347,0.0124,-0.0032,0.0003,0.0196512704364301,0.01811913859733097,0.01841913859733097,0.0015321318390991295,0.166152000785593,0.14813070844004605,0.014750813796283957
2017-01-31,QUAL,0.0115770818710851,0.0194,-0.0144,-0.0276,-0.0051,-0.0106,0.0004,0.0111770818710851,0.018927041046249996,0.019327041046249997,-0.0077499591751648955,0.1796526379728176,0.17032067776852688,0.006886536416397471
2017-02-28,QUAL,0.0469241886879281,0.0355,-0.023,-0.015,0.0045,-0.018,0.0004,0.0465241886879281,0.03695687601650804,0.037356876016508035,0.00956731267142006,0.23500688094326638,0.2140402022274812,0.016519734734936176
2017-03-31,QUAL,-0.0004500756538104,0.0017,0.0075,-0.0333,0.0063,-0.0095,0.0003,-0.0007500756538104,0.002504836010613936,0.0028048360106139357,-0.003254911664424336,0.2344510344138655,0.21744538590502183,0.013211052793229872
2017-04-30,QUAL,0.0061808976089587,0.0108,0.0040999999999999,-0.0204999999999999,0.0179,-0.016,0.0005,0.0056808976089587,0.013714952423266251,0.014214952423266251,-0.00803405481430755,0.24208104986085077,0.23475131414358663,0.005070859656626903
2017-05-31,QUAL,0.0148808823749537,0.0107,-0.0299,-0.0382,0.0098999999999999,-0.0166,0.0006,0.0142808823749537,0.015090052097241638,0.015690052097241638,-0.000809169722287938,0.2605643118639891,0.2541246265896371,0.00425758674823884
2017-06-30,QUAL,0.0056484279123689,0.0078,0.0252,0.015,-0.0226,0.0004,0.0006,0.0050484279123689,-0.00034239731888358917,0.0002576026811164108,0.0053908252312524895,0.26768451850845776,0.25444769245590093,0.009671363885557893
2017-07-31,QUAL,0.0102189901668714,0.0187999999999999,-0.0163999999999999,-0.0023,-0.0075,-0.0015,0.0007,0.0095189901668714,0.017292368949933398,0.017992368949933397,-0.007773378783061998,0.2806389741377908,0.2770181781669603,0.0018228059276645947
2017-08-31,QUAL,0.0046586253759812,0.0018,-0.0183,-0.0213,0.002,-0.0237999999999999,0.0009,0.0037586253759812,0.003357741364614612,0.004257741364614612,0.000400884011366588,0.2866049913601798,0.2824553912875065,0.0022244206727832783
2017-09-30,QUAL,0.0265170017112441,0.0249,0.0475999999999999,0.0315,-0.0154,0.0163,0.0009,0.0256170017112441,0.015658190219772647,0.01655819021977265,0.009958811491471452,0.3207218981177731,0.30369053160481796,0.012205384750412662
2017-10-31,QUAL,0.0291679919969602,0.0225,-0.0191,0.0013,0.0092,-0.0314,0.0009,0.0282679919969602,0.024480437624404612,0.025380437624404614,0.003787554372555589,0.3592447038722826,0.33677876782374105,0.0160391676813485
2017-11-30,QUAL,0.0360246296274182,0.0312,-0.0038,-0.0009,0.0319,-0.001,0.0008,0.0352246296274182,0.03663976469669507,0.03743976469669507,-0.0014151350692768669,0.4082109909023113,0.3868274503425999,0.014601335023403772
2017-12-31,QUAL,0.0124806190422253,0.0106,-0.0105,0.0005,0.0073,0.0179,0.0009,0.0115806190422253,0.011884643618830602,0.012784643618830601,-0.00030402457660530166,0.4257863358108376,0.40455754505604147,0.014292871282100217
2018-01-31,QUAL,0.0457177996954452,0.0558,-0.0321,-0.0132,-0.0075,-0.0105,0.0011,0.0446177996954452,0.05491100589085905,0.05601100589085905,-0.010293206195413851,0.49097014991994015,0.4832282259862257,0.0038525456154552273
2018-02-28,QUAL,-0.0290692749085049,-0.0364,0.0034,-0.011,0.0053,-0.0236,0.0011,-0.0301692749085049,-0.03520123528218515,-0.03410123528218515,0.0050319603736802485,0.4476287287515428,0.4326483112746915,0.008903891846010037
2018-03-31,QUAL,-0.0129683518518084,-0.0235,0.0361,-0.0021,-0.0040999999999999,0.0008,0.0012,-0.0141683518518084,-0.027362859464267773,-0.026162859464267774,0.013194507612459373,0.4288553700463067,0.3951661348450912,0.022215881927212022
2018-04-30,QUAL,-0.013057466753757,0.0029,0.0089,0.0053,-0.0242,0.0124,0.0014,-0.014457466753757,-0.003897912915669663,-0.002497912915669663,-0.010559553838087337,0.41019813855599985,0.3916811313373567,0.011421738287853644
2018-05-31,QUAL,0.0269507618721553,0.0263,0.0471,-0.0314,-0.0197999999999999,-0.0149,0.0014,0.0255507618721553,0.01787266971251259,0.01927266971251259,0.00767809215964271,0.44820405278077935,0.4185025421267574,0.019187527606693733
2018-06-30,QUAL,-3.138197240182272e-05,0.0049,0.0077,-0.0233,0.0083,0.002,0.0014,-0.0014313819724018,0.005763634359264268,0.007163634359264268,-0.007195016331666068,0.4481586052811628,0.4286641756762404,0.0118544567005332
2018-07-31,QUAL,0.037147435910499,0.032,-0.0192999999999999,0.0049,0.0153,0.0031,0.0016,0.035547435910499,0.034986630794823934,0.03658663079482393,0.0005608051156750643,0.5019539842590826,0.4809341844014985,0.012421909856169533
2018-08-31,QUAL,0.0373194608647093,0.0346,0.0065,-0.0391,-0.0029,-0.0256999999999999,0.0016,0.0357194608647093,0.03289156161936329,0.03449156161936329,0.002827899245346009,0.5580060971952336,0.5320139170770042,0.015284937011023736
2018-09-30,QUAL,0.0106766126012269,0.0006,-0.0249,-0.0162,0.0065,0.0136,0.0015,0.0091766126012269,0.0035501156284482903,0.005050115628448291,0.00562649697277861,0.5746403247253367,0.5397507645026351,0.02099743463562409
2018-10-31,QUAL,-0.0756890111219531,-0.0764,-0.0438,0.0338,0.0103,0.036,0.0019,-0.0775890111219531,-0.07067834676512298,-0.06877834676512298,-0.006910664356830118,0.4554573556741248,0.43384925248980966,0.013941664055672653
2018-11-30,QUAL,0.009218439961929,0.0171,-0.0081,0.0036,-0.0060999999999999,0.004,0.0018,0.007418439961929,0.015120447011821381,0.016920447011821382,-0.007702007049892381,0.46887440192455476,0.4581106227895031,0.006132278210936093
2018-12-31,QUAL,-0.0847109829028404,-0.0955,-0.0281,-0.0192,-0.0003,0.0024,0.0019,-0.0866109829028404,-0.09131203035568401,-0.08941203035568401,0.00470104745284361,0.3444446075767038,0.3277379915227028,0.010862153794643392
2019-01-31,QUAL,0.0824647756006808,0.0836,0.0291,-0.0039,-0.0073,-0.0165,0.0021,0.0803647756006808,0.07702718542228154,0.07912718542228155,0.003337590178399255,0.45531393044806223,0.4327981617701273,0.014235997390863897
2019-02-28,QUAL,0.0435672211037585,0.0342,0.0172,-0.0266,0.0016,-0.0154,0.0018,0.0417672211037585,0.03227144948425183,0.03407144948425183,0.009495771619506675,0.5187179142312728,0.4816156719600071,0.023866950790370156
2019-03-31,QUAL,0.0253263855719951,0.011,-0.0352,-0.0414,0.0088,-0.009,0.0019,0.0234263855719951,0.015665201985302246,0.017565201985302245,0.007761183586692855,0.5571815497021904,0.5076405505025741,0.0318133701638017
2019-04-30,QUAL,0.0379444026768254,0.0397,-0.0115,0.0213,0.0161,-0.0218,0.0021,0.0358444026768254,0.04156452589295913,0.043664525892959126,-0.0057201232161337295,0.6162678734650133,0.5734709603572687,0.025911270550410537
2019-05-31,QUAL,-0.0658252696459743,-0.0692,-0.0156,-0.0245,-0.0048,0.0176,0.0021,-0.0679252696459743,-0.06740621913356996,-0.06530621913356996,-0.0005190505124043343,0.5098766048740535,0.4707135210198683,0.025378770779749926
2019-06-30,QUAL,0.0707298600245687,0.0699,0.0019,-0.0064,0.0045,-0.0055,0.0018,0.0689298600245687,0.06834673631081431,0.0701467363108143,0.0005831237137543938,0.6166699657911663,0.5738792745675982,0.025976693456571942
2019-07-31,QUAL,0.0137748723240624,0.0121999999999999,-0.0182,0.005,-0.0013,0.0037,0.0019,0.0118748723240624,0.012096517806242558,0.013996517806242559,-0.00022164548218015813,0.638939388160086,0.5959081038589595,0.02574929035764506
2019-08-31,QUAL,-0.0177933632989486,-0.0255,-0.0325,-0.0476999999999999,0.0053,-0.0062,0.0016,-0.0193933632989486,-0.020708683470425922,-0.019108683470425922,0.0013153201714773237,0.6097771442015969,0.565412401054431,0.027098479090130967
2019-09-30,QUAL,0.0185156277427254,0.0141999999999999,0.0029,0.0676,0.0182,0.0338,0.0018,0.0167156277427254,0.014768346536376509,0.01656834653637651,0.0019472812063488897,0.6395831785523813,0.5913486961874419,0.02909852865553253
2019-10-31,QUAL,0.0220780417616355,0.0207,0.0025,-0.0192,0.0043,-0.0103,0.0015,0.0205780417616355,0.02061326790523659,0.022113267905236593,-3.5226143601092136e-05,0.6757819644401359,0.6265386162368836,0.029062277482982513
2019-11-30,QUAL,0.0445782588301924,0.0387,0.0039,-0.02,-0.0163999999999999,-0.0113999999999999,0.0012,0.0433782588301924,0.03373965434855529,0.03493965434855529,0.009638604481637107,0.7504854065939166,0.6833693132727778,0.03898100176261354
2019-12-31,QUAL,0.0283594680930696,0.0276,0.0098999999999999,0.0173,0.0005,0.0118999999999999,0.0014,0.0269594680930696,0.024968534969919933,0.02636853496991993,0.001990933123149668,0.800128241629601,0.727757295877101,0.04104954345334577
2020-01-31,QUAL,-0.0068314758892943,-0.0009,-0.0437,-0.0622,-0.0118999999999999,-0.0219,0.0013,-0.0081314758892943,0.0009429801354633892,0.002242980135463389,-0.00907445602475769,0.7878307089492704,0.7316326211706552,0.03160258515168435
2020-02-29,QUAL,-0.0833419237470038,-0.0815,0.0008,-0.0382,-0.0143,-0.0253,0.0012,-0.0845419237470039,-0.08234856229805947,-0.08114856229805946,-0.002193361448944428,0.6388294583314686,0.5911131235342364,0.02933990781078122
2020-03-31,QUAL,-0.1138999660556993,-0.1335,-0.0818,-0.1383,-0.0161,0.0118999999999999,0.0012,-0.1150999660556993,-0.12414186817727035,-0.12294186817727035,0.00904190212157105,0.45216683865643437,0.3954987036455655,0.038647098507033295
2020-04-30,QUAL,0.1227787731186431,0.1358,0.0256999999999999,-0.0134,0.0276,-0.0102,0.0,0.1227787731186431,0.13582196430583007,0.13582196430583007,-0.01304319118718697,0.6304621014702501,0.5850380787609455,0.025099825825189104
2020-05-31,QUAL,0.056160316764473,0.0559,0.0192,-0.05,0.0096,-0.0316,0.0001,0.056060316764473,0.055604576445902484,0.05570457644590249,0.00045574031857051334,0.7220293695612878,0.673331953588951,0.02556700514637722
2020-06-30,QUAL,0.001874419465514,0.0243999999999999,0.0195,-0.0217,0.0014,0.0055,0.0001,0.001774419465514,0.02237708903070551,0.02247708903070551,-0.02060266956519151,0.7252571749317804,0.7109435848876944,0.0044375870223833935
2020-07-31,QUAL,0.0495204690666519,0.0583,-0.0319,-0.0144,0.0038,0.0097,0.0001,0.0494204690666519,0.059765996515153776,0.05986599651515378,-0.010345527448501875,0.8106927194950091,0.8133709275782057,-0.005953849604463768
2020-08-31,QUAL,0.0686399879522352,0.0762,-0.0089,-0.0302,0.0426999999999999,-0.0151,0.0001,0.0685399879522352,0.08401533622449428,0.08411533622449428,-0.015475348272259076,0.9349786459463465,0.9659032328511694,-0.021337059980533035
2020-09-30,QUAL,-0.0315104006207977,-0.0364,-0.0001,-0.0272,-0.0138,-0.0192999999999999,0.0001,-0.0316104006207978,-0.03847640827774264,-0.038376408277742635,0.006866007656944839,0.8740066936198885,0.8904589277527386,-0.014617552740791129
2020-10-31,QUAL,-0.0259300652475961,-0.0208,0.0467,0.0425,-0.0077,-0.0056999999999999,0.0001,-0.0260300652475961,-0.027577015235584968,-0.02747701523558497,0.0015469499879888667,0.825413577779893,0.838514758992629,-0.013093215375839184
2020-11-30,QUAL,0.1129143184177086,0.1244,0.0712,0.0209,-0.0225,0.0128,0.0001,0.1128143184177086,0.10969114534670552,0.10979114534670552,0.0031231730710030853,1.0315289077453405,1.0403674001192518,-0.010010934682510797
2020-12-31,QUAL,0.0370585687998654,0.0463,0.0493,-0.0168,-0.0197,-0.0006,0.0001,0.0369585687998654,0.036840291456880114,0.03694029145688012,0.00011827734298528597,1.1068144615419366,1.115739166558774,-0.009893841406280579
2021-01-31,QUAL,-0.028310501451605,-0.0007,0.0681,0.0322,-0.0365,0.0496999999999999,0.0,-0.028310501451605,-0.015325687309123887,-0.015325687309123887,-0.012984814142481114,1.0471694876701911,1.0833140096644276,-0.02275018585694588
2021-02-28,QUAL,0.0319693902977062,0.0281,0.045,0.072,0.0033,-0.0199,0.0,0.0319693902977062,0.02172293099773352,0.02172293099773352,0.010246459299972682,1.112616248027075,1.1285696961429799,-0.012736835410423142
2021-03-31,QUAL,0.0497965853494655,0.0316,-0.0084,0.0735,0.0635,0.0352,0.0,0.0497965853494655,0.04197267086988516,0.04197267086988516,0.007823914479580342,1.2178173233326226,1.2179114514228004,-0.005012572841834317
2021-04-30,QUAL,0.0480375588978501,0.0496999999999999,-0.0316,-0.0102,0.0243,-0.0272,0.0,0.0480375588978501,0.055492232962996324,0.055492232962996324,-0.007454674065146223,1.3243558536268858,1.340988310376452,-0.012429879810216815
2021-05-31,QUAL,0.0101071102292069,0.0029,0.0127,0.0704,0.0233999999999999,0.0301,0.0,0.0101071102292069,0.003987316811507944,0.003987316811507944,0.006119793417698957,1.3478483744513952,1.3503225724219594,-0.006386154689163259
2021-06-30,QUAL,0.0336473894614626,0.0273,-0.003,-0.0786,-0.0214,-0.0093,0.0,0.0336473894614626,0.023760596757185934,0.023760596757185934,0.009886792704276663,1.4268473431030233,1.4061676393145892,0.0034374994275243598
2021-07-31,QUAL,0.0337923934084223,0.0134,-0.0455,-0.0179,0.055,-0.0059,0.0,0.0337923934084223,0.027852669509551474,0.027852669509551474,0.005939723898870826,1.5088563232633452,1.4731858313569965,0.009397641123897182
2021-08-31,QUAL,0.0283194745100263,0.0295,-0.0066,-0.0023,-0.0026,-0.0172,0.0,0.0283194745100263,0.027975372453889105,0.027975372453889105,0.0003441020561371945,1.5799058159593198,1.54237412613689,0.00974497692766807
2021-09-30,QUAL,-0.064548340691616,-0.044,0.0112,0.0512,-0.0192,0.02,0.0,-0.064548340691616,-0.05006700215425317,-0.05006700215425317,-0.014481338537362824,1.413377176398496,1.4150850752866768,-0.004877481919623006
2021-10-31,QUAL,0.0771276272151539,0.0663,-0.027,-0.0053,0.0171,-0.0154,0.0,0.0771276272151539,0.06969294689517865,0.06969294689517865,0.007434680319975254,1.59951523158932,1.5833994711859694,0.002520935881513253
2021-11-30,QUAL,-0.0060611750687373,-0.0158,-0.017,-0.0037,0.0719,0.017,0.0,-0.0060611750687373,0.00031712713652131026,0.00031712713652131026,-0.00637830220525861,1.5837591146768082,1.584218737262757,-0.0038734456146377605
2021-12-31,QUAL,0.0350413865785934,0.0324,-0.0078,0.0325,0.0487999999999999,0.0429,0.0001,0.0349413865785934,0.04078479174551476,0.040884791745514765,-0.005843405166921362,1.6742976166401626,1.6898739821606021,-0.009694216669440814
2022-01-31,QUAL,-0.0695247422595088,-0.0615,-0.0401,0.1286,0.0077,0.0773,0.0,-0.0695247422595088,-0.05959643855323572,-0.05959643855323572,-0.009928303706273081,1.4883677641180366,1.5295670726668202,-0.019526273248425263
2022-02-28,QUAL,-0.0410513790668932,-0.0227999999999999,0.0286,0.0306,-0.0203,0.0302999999999999,0.0,-0.0410513790668932,-0.030380390926606795,-0.030380390926606795,-0.010670988140286403,1.38621683577539,1.4527178361241297,-0.02998889675845373
2022-03-31,QUAL,0.0395841774102507,0.0308,-0.0210999999999999,-0.019,-0.015,0.0321,0.0,0.0395841774102507,0.028304274863358958,0.028304274863358958,0.011279902546891742,1.48067326634205,1.5221402359200504,-0.019047266044486144
2022-04-30,QUAL,-0.0828196022186522,-0.0941,-0.0034999999999999,0.0617999999999999,0.0341,0.0592,0.0,-0.0828196022186522,-0.08685549872376155,-0.08685549872376155,0.004035896505109354,1.2752248931891565,1.3030784878779489,-0.015088242333837654
2022-05-31,QUAL,-0.0017007241697004,-0.0033,-0.0003,0.0843999999999999,0.0155,0.0395,0.0003,-0.0020007241697004,-0.0030879343279174984,-0.0027879343279174984,0.0010872101582170982,1.2713553632218058,1.2966576563017056,-0.01401743626595553
2022-06-30,QUAL,-0.090493266783992,-0.084,0.0133,-0.06,0.0176,-0.0458,0.0006,-0.091093266783992,-0.07847694797134942,-0.07787694797134942,-0.01261631881264258,1.0658129963765242,1.1178009674938965,-0.026456906633730903
2022-07-31,QUAL,0.0920968600338325,0.0957,0.0178,-0.0415,0.0077,-0.0684999999999999,0.0008,0.0912968600338325,0.093858060006946,0.094658060006946,-0.0025611999731135066,1.2560678867598853,1.318267898557702,-0.02895034517828543
2022-08-31,QUAL,-0.0513850498309753,-0.0377,0.0149,0.0018,-0.0478,0.0132,0.0019,-0.0532850498309753,-0.048831002535550484,-0.046931002535550485,-0.004454047295424819,1.1401397259766655,1.2094692619324054,-0.033275446267067355
2022-09-30,QUAL,-0.0975722627842912,-0.0934,-0.0097,0.0003,-0.0137,-0.0077,0.0019,-0.0994722627842912,-0.09407533189199183,-0.09217533189199183,-0.0053969308922993675,0.9313214502385694,1.0058106994086318,-0.03849279187545296
2022-10-31,QUAL,0.0829323056144084,0.0786,0.0181,0.0797,0.0327,0.0643,0.0023,0.0806323056144084,0.07915166281816043,0.08145166281816042,0.0014806427962479746,1.0914903909894171,1.1691873161739226,-0.037069143154202844
2022-11-30,QUAL,0.077114400482682,0.0469,-0.0275,0.0148,0.063,0.0315,0.0029,0.074214400482682,0.0599348705175653,0.0628348705175653,0.014279529965116708,1.2527744186058563,1.305487920314056,-0.02331894312953786
2022-12-31,QUAL,-0.0562290342556044,-0.0638,-0.0019,0.0134,0.0032,0.0428,0.0033,-0.0595290342556044,-0.06256433255003928,-0.05926433255003928,0.003035298294434878,1.1261030886519183,1.1688547175144652,-0.020354424783412095
2023-01-31,QUAL,0.0715163358158135,0.0659,0.0438999999999999,-0.0394,-0.0242,-0.0443,0.0034999999999999,0.0680163358158135,0.05602096266006765,0.059520962660067546,0.01199537315574585,1.278154191118987,1.2979470381707547,-0.008603210548313811
2023-02-28,QUAL,-0.0275163179150997,-0.0256999999999999,0.0058,-0.008,0.0097,-0.0151,0.0034,-0.0309163179150997,-0.02409980976399466,-0.02069980976399466,-0.006816508151105041,1.2154677761365402,1.250379971632885,-0.015361074844590594
2023-03-31,QUAL,0.0480057161365166,0.0249,-0.0689,-0.0905,0.0227,-0.021,0.0036,0.0444057161365166,0.036143950036553456,0.039743950036553455,0.008261766099963146,1.3218228933073508,1.339818960788723,-0.007226218352037517
2023-04-30,QUAL,0.0170872007194611,0.0063,-0.0256999999999999,-0.0012,0.0242,0.0285,0.0034999999999999,0.0135872007194611,0.012485731206350608,0.01598573120635051,0.0011014695131104923,1.3614963471203336,1.377222677767414,-0.006132708298136946
2023-05-31,QUAL,0.0072111437279975,0.0033,-0.0043,-0.0779,-0.0178,-0.0708,0.0036,0.0036111437279975,0.0011071065848540398,0.004707106584854039,0.0025040371431434604,1.3785254366925597,1.3884125182875975,-0.0036440276843600072
2023-06-30,QUAL,0.0642910924590369,0.0646,0.0128,-0.0013,0.0232,-0.0154,0.004,0.0602910924590369,0.06609533887581863,0.07009533887581863,-0.005804246416781726,1.5314434354591322,1.5558291031322136,-0.009427123266512072
2023-07-31,QUAL,0.03781409349185,0.0321,0.0286,0.0406,-0.0059,0.0066,0.0045,0.03331409349185,0.025891894698451896,0.030391894698451896,0.0074221987933981055,1.6271676741969139,1.6335055921018462,-0.0020748944560480265
2023-08-31,QUAL,-0.0043578997787518,-0.0236,-0.0365,-0.0115,0.0335,-0.0241,0.0045,-0.0088578997787518,-0.013664258224629477,-0.009164258224629476,0.004806358445877677,1.6157187407707871,1.6093714668198191,0.002721491303336654
2023-09-30,QUAL,-0.050680385661125,-0.0523,-0.0178,0.0149,0.0187,-0.0077,0.0043,-0.054980385661125,-0.04695461343379753,-0.042654613433797534,-0.00802577222732747,1.4831531062074914,1.4980697355974386,-0.005326122993310034
2023-10-31,QUAL,-0.014796308680524,-0.0315,-0.0403,0.002,0.0241,-0.0069,0.0046999999999999,-0.019496308680524,-0.023407369510295643,-0.018707369510295745,0.003911060829771645,1.4464116063470436,1.4513374219911306,-0.0014358929545520427
2023-11-30,QUAL,0.0864910818841753,0.0888,-0.002,0.0167,-0.0373,-0.0108,0.0044,0.0820910818841753,0.07765602128492644,0.08205602128492644,0.004435060599248863,1.6580043929140027,1.6524844176665714,0.0029927993724294666
2023-12-31,QUAL,0.0468902368954717,0.0486,0.0727,0.0489,-0.0297,0.0129,0.0043,0.0425902368954717,0.033323275512810994,0.03762327551281099,0.009266961382660706,1.782638848566945,1.7522795697058786,0.012287494911300545
2024-01-31,QUAL,0.0228355118155163,0.0073,-0.0572,-0.0237999999999999,0.0067,-0.0097,0.0046999999999999,0.0181355118155163,0.012835284999921526,0.017535284999921425,0.005300226815594774,1.8461818308717102,1.8005415763601325,0.017652848236920704
2024-02-29,QUAL,0.0649831678808305,0.0507,-0.0081999999999999,-0.0343,-0.0206,-0.0217,0.0042,0.0607831678808305,0.045899685770865756,0.05009968577086576,0.014883482109964742,2.031135742606616,1.9408478293240203,0.0327990661978097
2024-03-31,QUAL,0.027729897926995,0.0283999999999999,-0.0121,0.0416,0.0133,0.0113999999999999,0.0043,0.023429897926995,0.029468688511124195,0.0337686885111242,-0.006038790584129195,2.115188827351964,2.040156403631079,0.026562208921556918
2024-04-30,QUAL,-0.0449650129178991,-0.0465,-0.0259,-0.0045,0.0113999999999999,-0.0031,0.0046999999999999,-0.0496650129178991,-0.04164411569186358,-0.036944115691863684,-0.008020897226035516,1.975114321488388,1.927840513733972,0.01832825894766521
2024-05-31,QUAL,0.0559378053316801,0.0432,0.0059,-0.0131,0.0317,-0.0285,0.0044,0.0515378053316801,0.04785708012548988,0.05225708012548988,0.0036807252061902204,2.141535687243299,2.0808409100548233,0.022076445438549586
2024-06-30,QUAL,0.0323980643621291,0.0279999999999999,-0.0432,-0.0336,0.0056,-0.018,0.0040999999999999,0.0282980643621291,0.03197197591772054,0.03607197591772044,-0.0036739115555914394,2.243315362634533,2.1919729291686485,0.01832142697495498
2024-07-31,QUAL,0.0059732179708638,0.0121999999999999,0.0834,0.0562,0.0026,0.0028,0.0045,0.0014732179708638,0.003539698423928328,0.008039698423928328,-0.0020664804530645285,2.2626883922438004,2.2176354288965077,0.016217085651174523
2024-08-31,QUAL,0.034928492102989,0.0161,-0.0355,-0.011,0.0076,0.0081999999999999,0.0048,0.030128492102989,0.019577071724036908,0.024377071724036907,0.01055142037895209,2.376649177986802,2.2960719585285196,0.026939619318153696
2024-09-30,QUAL,0.0116170787252178,0.0173,-0.0092,-0.0276,0.002,-0.0029,0.004,0.0076170787252178,0.017972677761538613,0.021972677761538613,-0.010355599036320813,2.415875977314917,2.36849548555211,0.016305044385982903
2024-10-31,QUAL,-0.0160625919347768,-0.01,-0.0089,0.0086,-0.0148,0.0098,0.0039,-0.0199625919347768,-0.013216064195656298,-0.009316064195656299,-0.006746527739120501,2.361008155391501,2.337114365365928,0.009448514212624826
2024-11-30,QUAL,0.0502778109242003,0.0649,0.0458999999999999,0.0016,-0.0231,-0.0204999999999999,0.004,0.0462778109242003,0.05399460464903891,0.05799460464903891,-0.007716793724838605,2.5299922879429704,2.530648993653953,0.0016588082526012293
2024-12-31,QUAL,-0.0360395563487692,-0.0315,-0.0383,-0.03,0.0189,-0.0121,0.0037,-0.0397395563487692,-0.023760100330522803,-0.0200601003305228,-0.0159794560182464,2.402772931970929,2.4598238206093956,-0.014347154619160252
2025-01-31,QUAL,0.0296494947001755,0.0279999999999999,-0.0123,0.0163,-0.0235,-0.0324,0.0037,0.0259494947001755,0.022025666206158548,0.02572566620615855,0.003923828494016953,2.503663429983302,2.548830093350509,-0.010479621899246117
2025-02-28,QUAL,-0.0097621748594959,-0.0243,-0.0491,0.0491,0.0108,0.0306,0.0033,-0.0130621748594959,-0.019768922542424332,-0.01646892254242433,0.006706747682928432,2.4694600549309835,2.4903846854268945,-0.0038431583962085236
2025-03-31,QUAL,-0.0566896043356303,-0.0639,-0.0149,0.0289999999999999,0.0210999999999999,-0.0046999999999999,0.0034,-0.0600896043356303,-0.058387584641741416,-0.054987584641741416,-0.001702019693888883,2.272777737158672,2.298456862104745,-0.005538636958820287
2025-04-30,QUAL,-0.0088945877731879,-0.0084,-0.0186,-0.0341,-0.0285,-0.0266999999999999,0.0034999999999999,-0.0123945877731879,-0.01261669702038999,-0.009116697020390089,0.00022210924720209024,2.243667728313379,2.2683858302581097,-0.005317757894103603
2025-05-31,QUAL,0.0454035710224041,0.0605999999999999,-0.0072,-0.0288,0.0129,0.0250999999999999,0.0038,0.0416035710224041,0.062417216671062356,0.06621721667106235,-0.020813645648658258,2.3909418263889357,2.4848092429449413,-0.026020721614308684
2025-06-30,QUAL,0.0347834502378181,0.0486,-0.0002,-0.0161,-0.032,0.0144,0.0034,0.0313834502378181,0.040365060632013644,0.043765060632013644,-0.008981610394195545,2.5088904826664713,2.6373221307534283,-0.03476862402478864
2025-07-31,QUAL,0.0071107868787492,0.0197999999999999,-0.0014,-0.0127,-0.0028,-0.0207,0.0034,0.0037107868787492,0.01835282238693204,0.02175282238693204,-0.01464203550818284,2.533841455069584,2.716444153027765,-0.04890157610542989
2025-08-31,QUAL,0.0262328875058028,0.0185,0.0487999999999999,0.0441999999999999,-0.0069,0.0208,0.0038,0.0224328875058028,0.01075312655501887,0.014553126555018869,0.011679760950783932,2.626544320423767,2.7705300351214386,-0.037792973873673974
2025-09-30,QUAL,0.031900852795961,0.0339,-0.0218,-0.0105,-0.0204999999999999,-0.0222,0.0033,0.0286008527959609,0.02992114227526573,0.03322114227526573,-0.0013202894793048307,2.742234176947634,2.8957913498713705,-0.03906336568718172
2025-10-31,QUAL,0.009254490402901,0.0196,-0.0131,-0.031,-0.0524,-0.0403,0.0037,0.005554490402901,0.009148179298505199,0.0128481792985052,-0.0035936888956041987,2.7768666472236045,2.945845175644083,-0.04251667299929096
2025-11-30,QUAL,0.0090677392919273,-0.0013,0.0147,0.0375999999999999,0.0144,0.0068,0.003,0.0060677392919273,-0.001260837326829967,0.001739162673170033,0.0073285766187572675,2.811114289321004,2.9527076422876712,-0.035499683076183675
2025-12-31,QUAL,0.0058036757929751,-0.0036,-0.0022,0.0242,0.004,0.0037,0.0034,0.0024036757929751,-0.003995228057308829,-0.0005952280573088289,0.006398903850283929,2.833232761066198,2.9503548797966426,-0.02932793828461988
2026-01-31,QUAL,0.0191320259610319,0.0103,0.0326,0.0372,0.0182,0.0183,0.003,0.0161320259610319,0.009482129657786727,0.012482129657786726,0.006649896303245174,2.906570269765594,2.9996637216005353,-0.022873069729755446
2026-02-28,QUAL,0.0120541533786711,-0.0116999999999999,0.0063,0.0283,0.0162,0.0507,0.0028,0.0092541533786711,-0.010056433064121708,-0.007256433064121708,0.019310586442792807,2.9536606669819054,2.970640429525745,-0.004004175677191246
2015-02-28,SPY,0.0562046745063491,0.0613999999999999,0.0036,-0.0179,-0.011,-0.0175,0.0,0.0562046745063491,0.058235605897340434,0.058235605897340434,-0.0020309313909913362,0.05620467450634914,0.05823560589734034,-0.0020309313909913085
2015-03-31,SPY,-0.0157056316888769,-0.0109,0.0308,-0.0038,0.0007,-0.0062,0.0,-0.0157056316888769,-0.014326619137714833,-0.014326619137714833,-0.001379012551162068,0.03961631290048229,0.04307466741368016,-0.003407143262274648
2015-04-30,SPY,0.0098342796235335,0.006,-0.0301,0.018,0.0005,-0.0062,0.0,0.0098342796235335,0.009091888276623926,0.009091888276623926,0.0007423913469095742,0.04984019042273258,0.05255818575398208,-0.0026672813490407066
2015-05-31,SPY,0.0128554717040239,0.0138,0.0081999999999999,-0.0111,-0.0176,-0.0083,0.0,0.0128554717040239,0.010876900921180849,0.010876900921180849,0.0019785707828430515,0.06333638128445918,0.06400675685420598,-0.0006939879711445052
2015-06-30,SPY,-0.0203116166924072,-0.0154,0.0289999999999999,-0.0081999999999999,0.0034999999999999,-0.0154,0.0,-0.0203116166924072,-0.018650555244214398,-0.018650555244214398,-0.0016610614481928007,0.041738300292717856,0.04416244005527914,-0.0023538966626729385
2015-07-31,SPY,0.0225893257388221,0.0157,-0.0458,-0.0416,0.0031,-0.0243999999999999,0.0,0.0225893257388221,0.01903913989958152,0.01903913989958152,0.0035501858392405806,0.06527046609263687,0.06404239482938001,0.0011879324059687058
2015-08-31,SPY,-0.0609502228500788,-0.0602,0.0029,0.0275,0.0066,0.0129,0.0,-0.0609502228500788,-0.05838009255409413,-0.05838009255409413,-0.002570130295984664,0.00034199378868327024,0.001923501337760758,-0.0013852510310821131
2015-09-30,SPY,-0.025516093701228,-0.0306,-0.0279999999999999,0.0055,0.018,-0.0059,0.0,-0.025516093701228,-0.026046995506419538,-0.026046995506419538,0.0005309018051915387,-0.025182826258101976,-0.024173595599360054,-0.0008550846581636407
2015-10-31,SPY,0.0850598360904308,0.0775,-0.0206,-0.0046999999999999,0.0095,0.0060999999999999,0.0,0.0850598360904308,0.07883459443891362,0.07883459443891362,0.00622524165151718,0.05773496275852086,0.05275528323434786,0.005364833884723863
2015-11-30,SPY,0.0036544982521413,0.0056999999999999,0.033,-0.0043,-0.0265,-0.0106,0.0,0.0036544982521413,-0.00027727411854522365,-0.00027727411854522365,0.003931772370686523,0.06160045333115072,0.05246338144114526,0.009317699561051551
2015-12-31,SPY,-0.0172820628133602,-0.0215,-0.0295,-0.0256999999999999,0.0034,0.0012,0.0001,-0.0173820628133602,-0.01832568561507474,-0.01822568561507474,0.0009436228017145401,0.043253807613990114,0.033281514729620376,0.01027011475653139
2016-01-31,SPY,-0.0497866371733919,-0.0574,-0.0344,0.0208,0.0278,0.0305,0.0001,-0.0498866371733919,-0.04987449864890664,-0.04977449864890664,-1.2138524485262592e-05,-0.008686291185447281,-0.018149554629229292,0.010257851568006737
2016-02-29,SPY,-0.0008255728337612,-0.0007,0.0087,-0.0060999999999999,0.0331,0.0194,0.0002,-0.0010255728337612,0.0008774668564471052,0.0010774668564471053,-0.0019030396902083053,-0.009504692853179564,-0.017091643316354488,0.008335290779128313
2016-03-31,SPY,0.0672655857111519,0.0695,0.01,0.0121999999999999,0.0068,0.0001,0.0002,0.0670655857111519,0.06767656902540385,0.06787656902540386,-0.0006109833142519533,0.05712155412619868,0.04962480360172927,0.007719214741291003
2016-04-30,SPY,0.0039413322543702,0.0091,0.0123,0.0322,-0.0285,0.0177,0.0001,0.0038413322543702,0.006405061879360442,0.0065050618793604425,-0.002563729624990242,0.061288021404266146,0.05645267789927022,0.005135695136786689
2016-05-31,SPY,0.0170115630091642,0.0178,-0.0062,-0.0162,-0.011,-0.0254,0.0001,0.0169115630091642,0.01630503115646625,0.01640503115646625,0.0006065318526979509,0.07934218945125604,0.07378381699554004,0.005745341952170913
2016-06-30,SPY,0.0034756357148959,-0.0003,0.0042,-0.0149,0.0144999999999999,0.019,0.0002,0.0032756357148959,0.0002902269941499776,0.0004902269941499776,0.0029854087207459223,0.08309358971350678,0.07431021480851263,0.008747902866884427
2016-07-31,SPY,0.0364714907406253,0.0394,0.0247,-0.0124,0.0131,-0.0116,0.0002,0.0362714907406253,0.03630918246991632,0.036509182469916315,-3.7691729291015885e-05,0.12259562754197373,0.11353240247025176,0.008709881414006748
2016-08-31,SPY,0.0011975977931217,0.0049,0.0166,0.0317,-0.0185,-0.0036,0.0002,0.0009975977931217,0.0020082302089688923,0.0022082302089688924,-0.0010106324158471922,0.12394004558808613,0.11599133836005238,0.007690446509664328
2016-09-30,SPY,5.7782188110255817e-05,0.0027,0.0181,-0.0118999999999999,-0.0218,0.0003,0.0002,-0.0001422178118897,-0.0011775715818867442,-0.000977571581886744,0.0010353537699970441,0.1240049893032249,0.1149003769420398,0.00873376261244796
2016-10-31,SPY,-0.0173368602266345,-0.0200999999999999,-0.0401999999999999,0.0411,0.0098999999999999,0.0025,0.0002,-0.0175368602266344,-0.014212301458755574,-0.014012301458755573,-0.0033245587678788265,0.10451827190963514,0.09927805676384782,0.005380167937499403
2016-11-30,SPY,0.036838217809874,0.0484999999999999,0.0696,0.0828999999999999,-0.0024,0.0371,0.0001,0.036738217809874,0.0421378007662303,0.0422378007662303,-0.0053995829563563,0.14520675658522797,0.1457091443121281,-4.8465681954601436e-05
2016-12-31,SPY,0.0202721942960748,0.0181,0.0044,0.0347,0.0124,-0.0032,0.0003,0.0199721942960748,0.018489191506107363,0.018789191506107365,0.0014830027899674358,0.1684226104639015,0.16723609283490704,0.001434465233271398
2017-01-31,SPY,0.0178944443864637,0.0194,-0.0144,-0.0276,-0.0051,-0.0106,0.0004,0.0174944443864637,0.019322856789389324,0.019722856789389325,-0.001828412402925625,0.18933088388673447,0.19025732313329624,-0.0003965699636783171
2017-02-28,SPY,0.0392913931322747,0.0355,-0.023,-0.015,0.0045,-0.018,0.0004,0.0388913931322747,0.036752407102841944,0.03715240710284194,0.0021389860294327573,0.23606135120988392,0.23447824775948334,0.0017415678081424968
2017-03-31,SPY,0.0012501434036382,0.0017,0.0075,-0.0333,0.0063,-0.0095,0.0003,0.0009501434036382,0.0003434944707449478,0.0006434944707449478,0.0006066489328932522,0.2376066051545911,0.2352726276861714,0.0023492732612881984
2017-04-30,SPY,0.0099261823278289,0.0108,0.0040999999999999,-0.0204999999999999,0.0179,-0.016,0.0005,0.0094261823278289,0.010511458806960453,0.011011458806960453,-0.0010852764791315535,0.249891313967481,0.24887478134130347,0.0012614471711431818
2017-05-31,SPY,0.0141130252684986,0.0107,-0.0299,-0.0382,0.0098999999999999,-0.0166,0.0006,0.0135130252684986,0.013157723001787929,0.013757723001787929,0.00035530226671067096,0.2675310616643811,0.26605645464691574,0.0016171976328931414
2017-06-30,SPY,0.0063748126282321,0.0078,0.0252,0.015,-0.0226,0.0004,0.0006,0.0057748126282321,0.0034711039738037795,0.004071103973803779,0.0023037086544283204,0.2756113346829556,0.2712107021104886,0.003924631839504311
2017-07-31,SPY,0.020554187284874,0.0187999999999999,-0.0163999999999999,-0.0023,-0.0075,-0.0015,0.0007,0.019854187284874,0.019417413559863702,0.0201174135598637,0.00043677372501029973,0.3018304889587371,0.29678417352656994,0.004363119740582455
2017-08-31,SPY,0.0029176128299743,0.0018,-0.0183,-0.0213,0.002,-0.0237999999999999,0.0009,0.0020176128299743,0.00274312028324257,0.0036431202832425697,-0.0007255074532682699,0.30562872629577487,0.30150851425213254,0.0036344468114228867
2017-09-30,SPY,0.0201494150440295,0.0249,0.0475999999999999,0.0315,-0.0154,0.0163,0.0009,0.0192494150440295,0.01903920763379486,0.01993920763379486,0.00021020741023464184,0.331936381395316,0.32745956275495747,0.0038454182093092815
2017-10-31,SPY,0.0235639211815266,0.0225,-0.0191,0.0013,0.0092,-0.0314,0.0009,0.0226639211815266,0.023854659595006034,0.024754659595006036,-0.001190738413479435,0.3633220253053231,0.360320372357092,0.002650100908652142
2017-11-30,SPY,0.0305662202829166,0.0312,-0.0038,-0.0009,0.0319,-0.001,0.0008,0.0297662202829166,0.03304718551469743,0.03384718551469743,-0.003280965231780831,0.4049936266473577,0.40636338835968466,-0.0006395592120705951
2017-12-31,SPY,0.0121277167645184,0.0106,-0.0105,0.0005,0.0073,0.0179,0.0009,0.0112277167645184,0.01228296451519949,0.013182964515199489,-0.001055247750681089,0.42203299140729045,0.42490342700390604,-0.0016941320693317774
2018-01-31,SPY,0.0563594369786117,0.0558,-0.0321,-0.0132,-0.0075,-0.0105,0.0011,0.0552594369786117,0.05702183026772136,0.05812183026772136,-0.0017623932891096608,0.5021779701680165,0.5077214221361215,-0.003453539631451563
2018-02-28,SPY,-0.0363608287041288,-0.0364,0.0034,-0.011,0.0053,-0.0236,0.0011,-0.0374608287041288,-0.03666600916833649,-0.03556600916833649,-0.0007948195357923085,0.4475575343116214,0.45409778821313074,-0.004245614226477179
2018-03-31,SPY,-0.0274101341080037,-0.0235,0.0361,-0.0021,-0.0040999999999999,0.0008,0.0012,-0.0286101341080037,-0.027403372625392115,-0.026203372625392116,-0.0012067614826115833,0.4078797881670886,0.4159955220348237,-0.005447252265370239
2018-04-30,SPY,0.0051681900960618,0.0029,0.0089,0.0053,-0.0242,0.0124,0.0014,0.0037681900960618,0.0004041002142083454,0.0018041002142083454,0.0033640898818534546,0.4151559785447394,0.4185501198594448,-0.0021014874297465846
2018-05-31,SPY,0.0243088832285671,0.0263,0.0471,-0.0314,-0.0197999999999999,-0.0149,0.0014,0.0229088832285671,0.018365955948905954,0.019765955948905952,0.004542927279661147,0.44955683997739215,0.4465891190399016,0.0024318929453419624
2018-06-30,SPY,0.0057509663757204,0.0049,0.0077,-0.0233,0.0083,0.002,0.0014,0.0043509663757204,0.004045236168204799,0.005445236168204799,0.0003057302075156008,0.4578931926237977,0.454466138431429,0.0027383666559923636
2018-07-31,SPY,0.0370466616240026,0.032,-0.0192999999999999,0.0049,0.0153,0.0031,0.0016,0.0354466616240026,0.03451294608694691,0.03611294608694691,0.0009337155370556863,0.5119032684148683,0.5069911956738931,0.0036746390485409286
2018-08-31,SPY,0.0319197980543428,0.0346,0.0065,-0.0391,-0.0029,-0.0256999999999999,0.0016,0.0303197980543428,0.031629076507697786,0.03322907650769778,-0.001309278453354986,0.5601629154203718,0.5570671214113676,0.0023605494694558526
2018-09-30,SPY,0.0059453875580532,0.0006,-0.0249,-0.0162,0.0065,0.0136,0.0015,0.0044453875580532,0.003557079570985536,0.005057079570985536,0.0008883079870676642,0.5694386886062481,0.5649413337417102,0.003250954351471158
2018-10-31,SPY,-0.0691043755077611,-0.0764,-0.0438,0.0338,0.0103,0.036,0.0019,-0.0710043755077611,-0.06840903638255237,-0.06650903638255237,-0.0025953391252087343,0.4609836081323937,0.4608585936393228,0.0006471778972398923
2018-11-30,SPY,0.0185494670370034,0.0171,-0.0081,0.0036,-0.0060999999999999,0.004,0.0018,0.0167494670370034,0.017193284867822938,0.018993284867822938,-0.0004438178308195373,0.488084075413048,0.4886050970599216,0.00020307283732989845
2018-12-31,SPY,-0.0880484723571608,-0.0955,-0.0281,-0.0192,-0.0003,0.0024,0.0019,-0.0899484723571608,-0.09125996716558998,-0.08935996716558998,0.001311494808429181,0.3570605458339109,0.35558339446411713,0.0015148339747310668
2019-01-31,SPY,0.0800659530130052,0.0836,0.0291,-0.0039,-0.0073,-0.0165,0.0021,0.0779659530130052,0.07784054714457891,0.07994054714457892,0.00012540586842628432,0.46571489173245206,0.46394947271768405,0.0016404298122274508
2019-02-28,SPY,0.0324154612543079,0.0342,0.0172,-0.0266,0.0016,-0.0154,0.0018,0.0306154612543079,0.030867827680424963,0.03266782768042496,-0.00025236642611706217,0.5132267160152675,0.5117735218252741,0.0013876493967013293
2019-03-31,SPY,0.0181005698731153,0.011,-0.0352,-0.0414,0.0088,-0.009,0.0019,0.0162005698731153,0.014066248319195429,0.01596624831919543,0.0021343215539198716,0.5406169819223667,0.535910873277121,0.00352493264063769
2019-04-30,SPY,0.0408521871634173,0.0397,-0.0115,0.0213,0.0161,-0.0218,0.0021,0.0387521871634173,0.04098163620584605,0.04308163620584605,-0.0022294490424287494,0.6035545552149983,0.6020804267642494,0.0012876249405087137
2019-05-31,SPY,-0.0637709563667431,-0.0692,-0.0156,-0.0245,-0.0048,0.0176,0.0021,-0.0658709563667431,-0.06680523089962469,-0.06470523089962468,0.0009342745328815849,0.5012943476426905,0.49841744283069955,0.0022231024685801515
2019-06-30,SPY,0.0695862224625607,0.0699,0.0019,-0.0064,0.0045,-0.0055,0.0018,0.0677862224625607,0.06832549368964325,0.07012549368964324,-0.0005392712270825412,0.6057637500995399,0.603494705762375,0.001682632386301508
2019-07-31,SPY,0.0151196605408674,0.0121999999999999,-0.0182,0.005,-0.0013,0.0037,0.0019,0.0132196605408674,0.01380762859720417,0.01570762859720417,-0.0005879680563367698,0.6300423529098753,0.6286818050580736,0.0010936749958709857
2019-08-31,SPY,-0.016743616566318,-0.0255,-0.0325,-0.0476999999999999,0.0053,-0.0062,0.0016,-0.018343616566318,-0.022345081395390723,-0.020745081395390722,0.004001464829072723,0.6027495487658936,0.5948946684449519,0.005099516126974013
2019-09-30,SPY,0.019457875603134,0.0141999999999999,0.0029,0.0676,0.0182,0.0338,0.0018,0.017657875603134,0.016655406106030907,0.018455406106030907,0.0010024694971030937,0.6339356501087596,0.6243290972474469,0.006107097733444533
2019-10-31,SPY,0.022104762164302,0.0207,0.0025,-0.0192,0.0043,-0.0103,0.0015,0.020604762164302,0.01960824279917323,0.02110824279917323,0.0009965193651287722,0.670053409046188,0.6586158302179081,0.007109702939729345
2019-11-30,SPY,0.036198404197296,0.0387,0.0039,-0.02,-0.0163999999999999,-0.0113999999999999,0.0012,0.034998404197296,0.035645886897672514,0.036845886897672514,-0.0006474827003765116,0.7305066773779141,0.7197290015048063,0.00645761682969459
2019-12-31,SPY,0.0290554568906482,0.0276,0.0098999999999999,0.0173,0.0005,0.0118999999999999,0.0014,0.0276554568906482,0.02646906440003692,0.02786906440003692,0.0011863924906112787,0.7807873395414471,0.7676562397983551,0.007651670588419757
2020-01-31,SPY,-0.0004039095707374,-0.0009,-0.0437,-0.0622,-0.0118999999999999,-0.0219,0.0013,-0.0017039095707374,0.0011813503100757466,0.0024813503100757466,-0.0028852598808131466,0.7800680624915581,0.7720424141570861,0.004744333649436605
2020-02-29,SPY,-0.0791658808542677,-0.0815,0.0008,-0.0382,-0.0143,-0.0253,0.0012,-0.0803658808542678,-0.08254166673847896,-0.08134166673847895,0.002175785884211162,0.6391474063438642,0.6279015306582707,0.006930442187832009
2020-03-31,SPY,-0.1248711209040626,-0.1335,-0.0818,-0.1383,-0.0161,0.0118999999999999,0.0012,-0.1260711209040626,-0.1257335862033429,-0.1245335862033429,-0.00033753470071970493,0.43446523238671886,0.4251731150594851,0.006590568222382576
2020-04-30,SPY,0.1269833940408193,0.1358,0.0256999999999999,-0.0134,0.0276,-0.0102,0.0,0.1269833940408193,0.13189349631945374,0.13189349631945374,-0.004910102278634448,0.6166184962287371,0.6131441800651678,0.001648105579701964
2020-05-31,SPY,0.0476451218274529,0.0559,0.0192,-0.05,0.0096,-0.0316,0.0001,0.0475451218274529,0.05174684304599684,0.05184684304599684,-0.004201721218543938,0.693642481430069,0.6967806131795697,-0.002560540519026544
2020-06-30,SPY,0.0177347521745985,0.0243999999999999,0.0195,-0.0217,0.0014,0.0055,0.0001,0.0176347521745985,0.021565804970708848,0.021665804970708847,-0.003931052796110349,0.7236788111106034,0.733542731022798,-0.006481527695170075
2020-07-31,SPY,0.0588923834115304,0.0583,-0.0319,-0.0144,0.0038,0.0097,0.0001,0.0587923834115304,0.06070733732552352,0.06080733732552352,-0.0019149539139931213,0.82519036453286,0.8389548486363105,-0.008384069782334636
2020-08-31,SPY,0.0697964756622937,0.0762,-0.0089,-0.0302,0.0426999999999999,-0.0151,0.0001,0.0696964756622937,0.07770762998688535,0.07780762998688535,-0.008011154324591652,0.9525822193900308,0.9820395670615931,-0.0163280580300319
2020-09-30,SPY,-0.0374435743744272,-0.0364,-0.0001,-0.0272,-0.0138,-0.0192999999999999,0.0001,-0.0375435743744272,-0.03779896094471996,-0.03769896094471996,0.00025538657029276074,0.879470561836116,0.9073187348320486,-0.016076841426478916
2020-10-31,SPY,-0.024933626820083,-0.0208,0.0467,0.0425,-0.0077,-0.0056999999999999,0.0001,-0.025033626820083,-0.025541027874439296,-0.025441027874439297,0.0005074010543562948,0.8326085442279625,0.8587945857337462,-0.015577597778413277
2020-11-30,SPY,0.1087768727822355,0.1244,0.0712,0.0209,-0.0225,0.0128,0.0001,0.1086768727822355,0.11347626349641439,0.11357626349641439,-0.004799390714178883,1.0319539707030856,1.0699095293887506,-0.020302225514465255
2020-12-31,SPY,0.0370483659999971,0.0463,0.0493,-0.0168,-0.0197,-0.0006,0.0001,0.0369483659999971,0.03836217693269468,0.038462176932694686,-0.0014138109326975803,1.1072345451048409,1.1495227559427716,-0.02168733293877234
2021-01-31,SPY,-0.0101907453754233,-0.0007,0.0681,0.0322,-0.0365,0.0496999999999999,0.0,-0.0101907453754233,-0.008947532553094878,-0.008947532553094878,-0.0012432128223284211,1.0857602544093816,1.1302898311103555,-0.022903583790709225
2021-02-28,SPY,0.0278057476686222,0.0281,0.045,0.072,0.0033,-0.0199,0.0,0.0278057476686222,0.023580926184781425,0.023580926184781425,0.004224821483840777,1.14375637774073,1.1805240383699593,-0.018775525859724418
2021-03-31,SPY,0.0453993002736747,0.0316,-0.0084,0.0735,0.0635,0.0352,0.0,0.0453993002736747,0.038245013226066514,0.038245013226066514,0.0071542870476081835,1.2410814172473867,1.2639182090571746,-0.011755564313586486
2021-04-30,SPY,0.0529104795202339,0.0496999999999999,-0.0316,-0.0102,0.0243,-0.0272,0.0,0.0529104795202339,0.0528571322690937,0.0528571322690937,5.334725114020111e-05,1.3596581096778317,1.3835824332797193,-0.011702844189488082
2021-05-31,SPY,0.0065661741377036,0.0029,0.0127,0.0704,0.0233999999999999,0.0301,0.0,0.0065661741377036,0.004840353475624602,0.004840353475624602,0.0017258206620789987,1.3751520357314209,1.3951198147950823,-0.009997220537716456
2021-06-30,SPY,0.0224274600292815,0.0273,-0.003,-0.0786,-0.0214,-0.0093,0.0,0.0224274600292815,0.02390686381526445,0.02390686381526445,-0.0014794037859829495,1.428420663076254,1.4523796180286297,-0.011461834397786697
2021-07-31,SPY,0.0244125380900248,0.0134,-0.0455,-0.0179,0.055,-0.0059,0.0,0.0244125380900248,0.02121778390834434,0.02121778390834434,0.00319475418168046,1.4877045750122062,1.504413678825189,-0.008303697959478384
2021-08-31,SPY,0.0297595882475267,0.0295,-0.0066,-0.0023,-0.0026,-0.0172,0.0,0.0297595882475267,0.02885155351961186,0.02885155351961186,0.0009080347279148415,1.5617376388460582,1.5766699041150618,-0.007403203277680848
2021-09-30,SPY,-0.0466053784701799,-0.044,0.0112,0.0512,-0.0192,0.02,0.0,-0.0466053784701799,-0.04459607543151557,-0.04459607543151557,-0.0020093030386643257,1.442346886646333,1.4617605387090307,-0.009397631037503462
2021-10-31,SPY,0.0701635165449003,0.0663,-0.027,-0.0053,0.0171,-0.0154,0.0,0.0701635165449003,0.06852718112664784,0.06852718112664784,0.001636335418252463,1.613710532835929,1.6304580490355787,-0.007776673295765368
2021-11-30,SPY,-0.0080349109511457,-0.0158,-0.017,-0.0037,0.0719,0.017,0.0,-0.0080349109511457,-0.00851914253669632,-0.00851914253669632,0.00048423158555062004,1.5927096014525204,1.6080488019790447,-0.007296207421054968
2021-12-31,SPY,0.0462477464287589,0.0324,-0.0078,0.0325,0.0487999999999999,0.0429,0.0001,0.0461477464287589,0.03743664983155919,0.037536649831559195,0.008711096597199708,1.7126165776639053,1.7059462166025496,0.001351331208506723
2022-01-31,SPY,-0.0527412033571841,-0.0615,-0.0401,0.1286,0.0077,0.0773,0.0,-0.0527412033571841,-0.05178717487417501,-0.05178717487417501,-0.0009540284830090937,1.5695499151112644,1.5658129066832411,0.0003960135170346657
2022-02-28,SPY,-0.0295169226003636,-0.0227999999999999,0.0286,0.0306,-0.0203,0.0302999999999999,0.0,-0.0295169226003636,-0.025804258392227393,-0.025804258392227393,-0.003712664208136207,1.4937047091491542,1.4996040074530748,-0.0033181209563121206
2022-03-31,SPY,0.0375901829127112,0.0308,-0.0210999999999999,-0.019,-0.015,0.0321,0.0,0.0375901829127112,0.03169659792999955,0.03169659792999955,0.0058935849827116485,1.5874435252963601,1.5788329506615302,0.00255590839856068
2022-04-30,SPY,-0.0877689411588288,-0.0941,-0.0034999999999999,0.0617999999999999,0.0341,0.0592,0.0,-0.0877689411588288,-0.08738747933239036,-0.08738747933239036,-0.00038146182643844506,1.3603463467728312,1.3534752394839087,0.0021734715906363
2022-05-31,SPY,0.0022572836870256,-0.0033,-0.0003,0.0843999999999999,0.0155,0.0395,0.0003,0.0019572836870256,3.885529112598613e-05,0.0003388552911259861,0.0019184283958996137,1.365674318077132,1.3542727270213422,0.004096069636152944
2022-06-30,SPY,-0.0824604109708225,-0.084,0.0133,-0.06,0.0176,-0.0458,0.0006,-0.0830604109708225,-0.08494454948622461,-0.08434454948622461,0.0018841385154021034,1.1705998415853713,1.1557026544930218,0.005987925714118214
2022-07-31,SPY,0.0920874159407272,0.0957,0.0178,-0.0415,0.0077,-0.0684999999999999,0.0008,0.0912874159407272,0.09010715093902644,0.09090715093902643,0.0011802650017007643,1.3704847720383202,1.351671441084679,0.007175258054972211
2022-08-31,SPY,-0.0408019135208662,-0.0377,0.0149,0.0018,-0.0478,0.0132,0.0019,-0.0427019135208662,-0.041791763054376936,-0.03989176305437694,-0.0009101504664892623,1.2737644573670823,1.257859121175184,0.006258577024017109
2022-09-30,SPY,-0.0924459684840703,-0.0934,-0.0097,0.0003,-0.0137,-0.0077,0.0019,-0.0943459684840703,-0.0920066943495801,-0.0901066943495801,-0.002339274134490199,1.063564100001126,1.05441089945904,0.0039046623621759036
2022-10-31,SPY,0.0812756725414594,0.0786,0.0181,0.0797,0.0327,0.0643,0.0023,0.0789756725414594,0.08021980931488287,0.08251980931488287,-0.001244136773423471,1.231281660061129,1.2239404951368171,0.0026556676547198066
2022-11-30,SPY,0.0555914101901025,0.0469,-0.0275,0.0148,0.063,0.0315,0.0029,0.0526914101901025,0.054195868291172886,0.057095868291172885,-0.0015044581010703884,1.35532175407524,1.3509183087345544,0.0011472142129325125
2022-12-31,SPY,-0.0576281854869518,-0.0638,-0.0019,0.0134,0.0032,0.0428,0.0033,-0.0609281854869518,-0.06116625767054596,-0.05786625767054596,0.0002380721835941596,1.2195888351499393,1.2148794641189165,0.0013855595163194678
2023-01-31,SPY,0.0628872805174549,0.0659,0.0438999999999999,-0.0394,-0.0242,-0.0443,0.0034999999999999,0.0593872805174549,0.056449328171579355,0.059949328171579254,0.002937952345875544,1.3591727408594245,1.3476599999738732,0.004327582570026189
2023-02-28,SPY,-0.0251425806640077,-0.0256999999999999,0.0058,-0.008,0.0097,-0.0151,0.0034,-0.0285425806640077,-0.02585389948703218,-0.02245389948703218,-0.0026886811769755194,1.2998570499220383,1.294945878304734,0.0016272659032527947
2023-03-31,SPY,0.0370776186890138,0.0249,-0.0689,-0.0905,0.0227,-0.021,0.0036,0.0334776186890138,0.031164964715261253,0.034764964715261255,0.002312653973752545,1.3851302726582877,1.3747295907874322,0.0039436831799628536
2023-04-30,SPY,0.0159752375606629,0.0063,-0.0256999999999999,-0.0012,0.0242,0.0285,0.0034999999999999,0.0124752375606629,0.011083346204201122,0.014583346204201021,0.0013918913564617778,1.4232332953771327,1.409361094551246,0.005341063714955352
2023-05-31,SPY,0.0046160038495037,0.0033,-0.0043,-0.0779,-0.0178,-0.0708,0.0036,0.0010160038495037,-0.0007222769329765979,0.002877723067023402,0.0017382807824802978,1.4344189495968394,1.4162945685498247,0.00708862876584937
2023-06-30,SPY,0.0647997973284453,0.0646,0.0128,-0.0013,0.0232,-0.0154,0.004,0.0607997973284453,0.06312085883635109,0.06712085883635109,-0.002321061507905786,1.5921688041432414,1.5784783351924991,0.004751114114571298
2023-07-31,SPY,0.0327334673338179,0.0321,0.0286,0.0406,-0.0059,0.0066,0.0045,0.0282334673338179,0.028714816387554715,0.03321481638755471,-0.00048134905373681605,1.677019477017406,1.6641220196552058,0.00426747811655126
2023-08-31,SPY,-0.0162520729455994,-0.0236,-0.0365,-0.0115,0.0335,-0.0241,0.0045,-0.0207520729455994,-0.017902140647351412,-0.013402140647351412,-0.0028499322982479883,1.633512361200129,1.6284170816460808,0.0014053837945868786
2023-09-30,SPY,-0.0474345825153801,-0.0523,-0.0178,0.0149,0.0187,-0.0077,0.0043,-0.0517345825153801,-0.04827628804042144,-0.04397628804042144,-0.0034582944749586633,1.508592801797508,1.512829054973249,-0.002057770911383816
2023-10-31,SPY,-0.0217086339081956,-0.0315,-0.0403,0.002,0.0241,-0.0069,0.0046999999999999,-0.0264086339081956,-0.025278515008094856,-0.020578515008094957,-0.0011301189001007433,1.4541346790385514,1.461118764552705,-0.003185564285685505
2023-11-30,SPY,0.0913438804303972,0.0888,-0.002,0.0167,-0.0373,-0.0108,0.0044,0.0869438804303972,0.08463240668242626,0.08903240668242626,0.0023114737479709435,1.67830486372074,1.6802380912921118,-0.0008814538859333032
2023-12-31,SPY,0.0456553500513694,0.0486,0.0727,0.0489,-0.0297,0.0129,0.0043,0.0413553500513694,0.038851654336860955,0.04315165433686095,0.0025036957145084457,1.8005838098181957,1.7958947989480367,0.0016200349362582855
2024-01-31,SPY,0.0159264976146638,0.0073,-0.0572,-0.0237999999999999,0.0067,-0.0097,0.0046999999999999,0.0112264976146638,0.012901890486352804,0.017601890486352703,-0.0016753928716890052,1.8451873011849313,1.8451078330104829,-5.80721304148657e-05
2024-02-29,SPY,0.0521866934662715,0.0507,-0.0081999999999999,-0.0343,-0.0206,-0.0217,0.0042,0.0479866934662715,0.04793740910398373,0.052137409103983734,4.928436228776589e-05,1.9936682187259978,1.993444384045099,-8.790630175115055e-06
2024-03-31,SPY,0.0327019903329453,0.0283999999999999,-0.0121,0.0416,0.0133,0.0113999999999999,0.0043,0.0284019903329453,0.030882999931008747,0.03518299993100875,-0.0024810095980634488,2.091567127874821,2.0987627376024363,-0.002489778418600652
2024-04-30,SPY,-0.0403195939360294,-0.0465,-0.0259,-0.0045,0.0113999999999999,-0.0031,0.0046999999999999,-0.0450195939360294,-0.04244533867885274,-0.03774533867885284,-0.0025742552571766664,1.9669163966529317,1.9817988885862228,-0.005057624350594092
2024-05-31,SPY,0.0505796584846154,0.0432,0.0059,-0.0131,0.0317,-0.0285,0.0044,0.0461796584846154,0.0429268227772256,0.0473268227772256,0.003252835707389802,2.116982014748043,2.1229179561436715,-0.0018212402642865388
2024-06-30,SPY,0.0352802512915013,0.0279999999999999,-0.0432,-0.0336,0.0056,-0.018,0.0040999999999999,0.0311802512915013,0.03130157896357661,0.03540157896357651,-0.00012132767207530953,2.226949923499444,2.2334741827648625,-0.0019423469695202256
2024-07-31,SPY,0.0121090315545937,0.0121999999999999,0.0834,0.0562,0.0026,0.0028,0.0045,0.0076090315545937,0.004113847818747361,0.00861384781874736,0.0034951837358463394,2.2660251619481926,2.2613268373010476,0.0015460479067888055
2024-08-31,SPY,0.0233655481376158,0.0161,-0.0355,-0.011,0.0076,0.0081999999999999,0.0048,0.0185655481376158,0.019939176152400092,0.02473917615240009,-0.0013736280147842936,2.3423376300883576,2.342009376419588,0.00017029619728758938
2024-09-30,SPY,0.0210046457716579,0.0173,-0.0092,-0.0276,0.002,-0.0029,0.004,0.0170046457716579,0.017388337703723618,0.021388337703723618,-0.00038369193206571825,2.412542248057646,2.4134894015714607,-0.00021346107605502151
2024-10-31,SPY,-0.008923565233342,-0.01,-0.0089,0.0086,-0.0148,0.0098,0.0039,-0.012823565233342,-0.00971962453385596,-0.005819624533855961,-0.0031039406994860397,2.382090204695568,2.393624174904018,-0.0033167392050194033
2024-11-30,SPY,0.0596336966080701,0.0649,0.0458999999999999,0.0016,-0.0231,-0.0204999999999999,0.004,0.0556336966080701,0.05658305897885335,0.060583058978853355,-0.0009493623707832535,2.5837767458635095,2.599220308444291,-0.0042629527884077145
2024-12-31,SPY,-0.0240603094599622,-0.0315,-0.0383,-0.03,0.0189,-0.0121,0.0037,-0.0277603094599622,-0.026513201349711177,-0.022813201349711175,-0.0012471081102510238,2.497549968322617,2.5171105708457815,-0.005504744535662631
2025-01-31,SPY,0.026856536052225,0.0279999999999999,-0.0123,0.0163,-0.0235,-0.0324,0.0037,0.023156536052225,0.026470262460961947,0.030170262460961945,-0.0033137264087369465,2.591482045141332,2.6232227198724223,-0.008800229727058406
2025-02-28,SPY,-0.0126949344037609,-0.0243,-0.0491,0.0491,0.0108,0.0306,0.0033,-0.0159949344037609,-0.016524686520182727,-0.013224686520182726,0.0005297521164218284,2.545888416165978,2.5753067352093058,-0.008275139550959487
2025-03-31,SPY,-0.0557192143350362,-0.0639,-0.0149,0.0289999999999999,0.0210999999999999,-0.0046999999999999,0.0034,-0.0591192143350362,-0.059500223243647433,-0.05610022324364743,0.00038100890861123005,2.3483142994975035,2.3747312291995475,-0.007897283544237244
2025-04-30,SPY,-0.008670179898342,-0.0084,-0.0186,-0.0341,-0.0285,-0.0266999999999999,0.0034999999999999,-0.012170179898342,-0.009658413467174517,-0.006158413467174617,-0.0025117664311674823,2.3192838121646693,2.3539482389495503,-0.01038921384370084
2025-05-31,SPY,0.0628448677116264,0.0605999999999999,-0.0072,-0.0288,0.0129,0.0250999999999999,0.0038,0.0590448677116264,0.06110339983401873,0.06490339983401873,-0.002058532122392334,2.527883764237501,2.571630882524696,-0.012426359435669498
2025-06-30,SPY,0.0513862711715635,0.0486,-0.0002,-0.0161,-0.032,0.0144,0.0034,0.0479862711715635,0.045390464262806955,0.048790464262806955,0.0025958069087565483,2.7091685560083656,2.745892411458455,-0.009862808956586644
2025-07-31,SPY,0.0230315411488652,0.0197999999999999,-0.0014,-0.0127,-0.0028,-0.0207,0.0034,0.0196315411488652,0.01850298399612962,0.02190298399612962,0.00112855715273558,2.7945964242341494,2.8279386329978524,-0.008745382547445169
2025-08-31,SPY,0.0205194384557563,0.0185,0.0487999999999999,0.0441999999999999,-0.0069,0.0208,0.0038,0.0167194384557563,0.013541389496313276,0.017341389496313277,0.0031780489594430243,2.872459412025655,2.8943204078006532,-0.005595126841906883
2025-09-30,SPY,0.035620412937162,0.0339,-0.0218,-0.0105,-0.0204999999999999,-0.0222,0.0033,0.032320412937162,0.03327897556055639,0.036578975560556386,-0.0009585626233943878,3.0103980153644088,3.0367706588225687,-0.00654832618583745
2025-10-31,SPY,0.0238374141024282,0.0196,-0.0131,-0.031,-0.0524,-0.0403,0.0037,0.0201374141024282,0.015306278745425625,0.019006278745425625,0.004831135357002575,3.105995533572207,3.1134946471955063,-0.001748826679000559
2025-11-30,SPY,0.0019499438514807,-0.0013,0.0147,0.0375999999999999,0.0144,0.0068,0.003,-0.0010500561485192,-0.0012288193533302476,0.0017711806466697525,0.00017876320481104765,3.1140019943171033,3.120780389304799,-0.001570376100051174
2025-12-31,SPY,0.0007975195784812,-0.0036,-0.0022,0.0242,0.004,0.0037,0.0034,-0.0026024804215187,-0.0027162967763855283,0.0006837032236144715,0.00011381635486682829,3.1172829914534823,3.1235977801407735,-0.001456738479667763
2026-01-31,SPY,0.0147377327962257,0.0103,0.0326,0.0372,0.0182,0.0183,0.003,0.0117377327962257,0.008792040890724235,0.011792040890724234,0.0029456919055014658,3.1779624080279687,3.1722234137810927,0.0014846623230857503
2026-02-28,SPY,-0.0086419517230924,-0.0116999999999999,0.0063,0.0283,0.0162,0.0507,0.0028,-0.0114419517230924,-0.009532006530421385,-0.006732006530421384,-0.001909945192671016,3.141856658596896,3.144135978513141,-0.0004281184932520832
2015-02-28,USMV,0.0364942941024197,0.0613999999999999,0.0036,-0.0179,-0.011,-0.0175,0.0,0.0364942941024197,0.03675728618787565,0.03675728618787565,-0.00026299208545595143,0.03649429410241978,0.03675728618787555,-0.00026299208545599306
2015-03-31,USMV,-0.007481006521929,-0.0109,0.0308,-0.0038,0.0007,-0.0062,0.0,-0.007481006521929,-0.013124714473531822,-0.013124714473531822,0.005643707951602822,0.028740273528297333,0.023150142828306075,0.005379231615622926
2015-04-30,USMV,-0.0058172120819909,0.006,-0.0301,0.018,0.0005,-0.0062,0.0,-0.0058172120819909,0.005746712638035969,0.005746712638035969,-0.011563924720026868,0.0227558731798978,0.029029892684705683,-0.006246898133858592
2015-05-31,USMV,0.0102392602296876,0.0138,0.0081999999999999,-0.0111,-0.0176,-0.0083,0.0,0.0102392602296876,0.002036678988102585,0.002036678988102585,0.008202581241585016,0.03322813671682834,0.031125696245265955,0.001904442418275476
2015-06-30,USMV,-0.022314526348752,-0.0154,0.0289999999999999,-0.0081999999999999,0.0034999999999999,-0.0154,0.0,-0.022314526348752,-0.016853881584241316,-0.016853881584241316,-0.0054606447645106845,0.010172140235788829,0.013747225862279944,-0.0035666018297558777
2015-07-31,USMV,0.0401785745190825,0.0157,-0.0458,-0.0416,0.0031,-0.0243999999999999,0.0,0.0401785745190825,0.013407717649317927,0.013407717649317927,0.026770856869764575,0.0507594168493537,0.02733926243442064,0.023108774052913006
2015-08-31,USMV,-0.045302143142451,-0.0602,0.0029,0.0275,0.0066,0.0129,0.0,-0.045302143142451,-0.040553630848633115,-0.040553630848633115,-0.004748512293817883,0.003157763338965891,-0.014323074770651978,0.018250529461409704
2015-09-30,USMV,-0.0062218685008539,-0.0306,-0.0279999999999999,0.0055,0.018,-0.0059,0.0,-0.0062218685008539,-0.015470090203577886,-0.015470090203577886,0.009248221702723986,-0.0030837523501399122,-0.02957158571553531,0.02766753610678485
2015-10-31,USMV,0.0598634523155783,0.0775,-0.0206,-0.0046999999999999,0.0095,0.0060999999999999,0.0,0.0598634523155783,0.060489378531407435,0.060489378531407435,-0.0006259262158291382,0.05659509590367273,0.02912902597375111,0.027024292054779187
2015-11-30,USMV,-0.0021445318024105,0.0056999999999999,0.033,-0.0043,-0.0265,-0.0106,0.0,-0.0021445318024105,-0.009687244422867138,-0.009687244422867138,0.007542712620456638,0.054329194118236446,0.019159601556476114,0.03477084114397622
2015-12-31,USMV,0.0050441407919861,-0.0215,-0.0295,-0.0256999999999999,0.0034,0.0012,0.0001,0.0049441407919861,-0.010826348333032025,-0.010726348333032026,0.015770489125018126,0.05964737901447004,0.008227740663227179,0.05108968344112319
2016-01-31,USMV,-0.0138690017235747,-0.0574,-0.0344,0.0208,0.0278,0.0305,0.0001,-0.0139690017235747,-0.025095980473331357,-0.024995980473331358,0.011126978749756657,0.04495112768853682,-0.016973900255061847,0.06278513601286106
2016-02-29,USMV,0.0104269944751418,-0.0007,0.0087,-0.0060999999999999,0.0331,0.0194,0.0002,0.0102269944751418,0.010063268513704548,0.010263268513704548,0.0001637259614372527,0.05584682732373847,-0.0068848394373998145,0.06295914153105597
2016-03-31,USMV,0.0593168400529773,0.0695,0.01,0.0121999999999999,0.0068,0.0001,0.0002,0.0591168400529773,0.04893475359889611,0.04913475359889611,0.01018208645408119,0.11847632470054426,0.041911629272171735,0.07378228340728099
2016-04-30,USMV,-0.003642128730509,0.0091,0.0123,0.0322,-0.0285,0.0177,0.0001,-0.003742128730509,-0.0011780273798489777,-0.0010780273798489776,-0.0025641013506600223,0.1144026899439583,0.04078842000843319,0.07102899680408159
2016-05-31,USMV,0.0157643891663947,0.0178,-0.0062,-0.0162,-0.011,-0.0254,0.0001,0.0156643891663947,0.005544318577879372,0.0056443185778793726,0.010120070588515329,0.1319705676363121,0.046662961423128424,0.08186788585408578
2016-06-30,USMV,0.0448849881832837,-0.0003,0.0042,-0.0149,0.0144999999999999,0.019,0.0002,0.0446849881832837,0.006002600479983475,0.006202600479983475,0.03868238770330023,0.18277905318849297,0.05315499361003262,0.12371711885844339
2016-07-31,USMV,0.0147152901611506,0.0394,0.0247,-0.0124,0.0131,-0.0116,0.0002,0.0145152901611506,0.025964233568183913,0.02616423356818391,-0.011448943407033313,0.20018399015269273,0.08070998684634478,0.11085174515911866
2016-08-31,USMV,-0.0196205877106016,0.0049,0.0166,0.0317,-0.0185,-0.0036,0.0002,-0.0198205877106016,-0.005687742385776513,-0.0054877423857765135,-0.014132845324825085,0.17663567490504195,0.07477932884479599,0.09515224926597288
2016-09-30,USMV,-0.0064730077054615,0.0027,0.0181,-0.0118999999999999,-0.0218,0.0003,0.0002,-0.0066730077054615,-0.006672581373200415,-0.006472581373200416,-4.263322610845166e-07,0.16901930311486058,0.06782273218061441,0.09515178236723831
2016-10-31,USMV,-0.0275147657617776,-0.0200999999999999,-0.0401999999999999,0.0411,0.0098999999999999,0.0025,0.0002,-0.0277147657617776,-0.00804012101013539,-0.00784012101013539,-0.019674644751642212,0.13685401081865867,0.05945087274294503,0.07360506010003509
2016-11-30,USMV,0.0061113464564441,0.0484999999999999,0.0696,0.0828999999999999,-0.0024,0.0371,0.0001,0.0060113464564441,0.029155688248401465,0.029255688248401465,-0.023144341791957367,0.14380171954916965,0.09044583719040933,0.048757177639505045
2016-12-31,USMV,0.0243283859803509,0.0181,0.0044,0.0347,0.0124,-0.0032,0.0003,0.0240283859803509,0.013516175950704895,0.013816175950704895,0.010512210029646005,0.17162856926735093,0.10551162874174569,0.05978193336095017
2017-01-31,USMV,0.0126051159992786,0.0194,-0.0144,-0.0276,-0.0051,-0.0106,0.0004,0.0122051159992786,0.012102412156799478,0.012502412156799477,0.00010270384247912205,0.18639708329103466,0.11933319076840965,0.059890777037696186
2017-02-28,USMV,0.0454246355605794,0.0355,-0.023,-0.015,0.0045,-0.018,0.0004,0.0450246355605794,0.025610480426769132,0.026010480426769133,0.01941415513381027,0.24028873842966436,0.1484475848179243,0.08046766100800085
2017-03-31,USMV,0.0012295330762628,0.0017,0.0075,-0.0333,0.0063,-0.0095,0.0003,0.0009295330762628,0.00025539067357106945,0.0005553906735710694,0.0006741424026917305,0.24181371445767996,0.14908542189561746,0.08119605007302355
2017-04-30,USMV,0.0140404233995667,0.0108,0.0040999999999999,-0.0204999999999999,0.0179,-0.016,0.0005,0.0135404233995667,0.008848241934077876,0.009348241934077876,0.004692181465488825,0.25924930479205455,0.15982735042241947,0.08626921813973576
2017-05-31,USMV,0.0200455085820996,0.0107,-0.0299,-0.0382,0.0098999999999999,-0.0166,0.0006,0.0194455085820996,0.01103985920973733,0.01163985920973733,0.00840564937236227,0.2844915975382667,0.17332757748893912,0.0954000163114086
2017-06-30,USMV,-0.0035451500768101,0.0078,0.0252,0.015,-0.0226,0.0004,0.0006,-0.0041451500768101,-0.004708396839367594,-0.004108396839367594,0.0005632467625574936,0.27993788205259196,0.16850708217804078,0.09601699682430143
2017-07-31,USMV,0.0202328982427,0.0187999999999999,-0.0163999999999999,-0.0023,-0.0075,-0.0015,0.0007,0.0195328982427,0.012292983075286755,0.012992983075286754,0.007239915167413244,0.3058347349771391,0.183689474920133,0.10395206690335224
2017-08-31,USMV,0.0076123211657463,0.0018,-0.0183,-0.0213,0.002,-0.0237999999999999,0.0009,0.0067123211657463,-0.00045795004137468313,0.00044204995862531684,0.0071702712071209825,0.3157751683691723,0.18421272480354656,0.11186770262271084
2017-09-30,USMV,0.005166135077057,0.0249,0.0475999999999999,0.0315,-0.0154,0.0163,0.0009,0.004266135077057,0.009069071175141222,0.009969071175141222,-0.004802936098084222,0.3225726406200049,0.19601822574362116,0.10652747309749033
2017-10-31,USMV,0.0194675123450991,0.0225,-0.0191,0.0013,0.0092,-0.0314,0.0009,0.0185675123450991,0.014466654953410495,0.015366654953410495,0.004100857391688605,0.3483198398285652,0.2143970251366134,0.11106518446464864
2017-11-30,USMV,0.0307875194366962,0.0312,-0.0038,-0.0009,0.0319,-0.001,0.0008,0.0299875194366962,0.030261416115766954,0.031061416115766953,-0.00027389667907075366,0.38983126310417027,0.2521179164641312,0.11076086740039259
2017-12-31,USMV,0.0023892019143134,0.0106,-0.0105,0.0005,0.0073,0.0179,0.0009,0.0014892019143134,0.013058526819505731,0.013958526819505731,-0.011569324905192331,0.3931518506185514,0.26959563798227926,0.09791011403346417
2018-01-31,USMV,0.0348619515109795,0.0558,-0.0321,-0.0132,-0.0075,-0.0105,0.0011,0.0337619515109796,0.03917373533789751,0.04027373533789751,-0.0054117838269179125,0.44171984288224686,0.3207269966925266,0.09196846183492835
2018-02-28,USMV,-0.0424752366229743,-0.0364,0.0034,-0.011,0.0053,-0.0236,0.0011,-0.0435752366229743,-0.029550171509173634,-0.028450171509173634,-0.014025065113800667,0.38048245141178616,0.2831520871198283,0.07665353305547673
2018-03-31,USMV,-0.0026236308467392,-0.0235,0.0361,-0.0021,-0.0040999999999999,0.0008,0.0012,-0.0038236308467392,-0.02283759544678127,-0.02163759544678127,0.01901396460004207,0.37686057506888004,0.25538776136203656,0.09712498521950375
2018-04-30,USMV,0.0021180547384374,0.0029,0.0089,0.0053,-0.0242,0.0124,0.0014,0.0007180547384374,-0.004335330916005668,-0.002935330916005668,0.005053385654443068,0.3797768411340723,0.2517027828545355,0.10266918088094301
2018-05-31,USMV,0.0099922969831864,0.0263,0.0471,-0.0314,-0.0197999999999999,-0.0149,0.0014,0.0085922969831864,0.004903880416085542,0.006303880416085542,0.0036884165671008575,0.39356398110120683,0.259593367514132,0.106736284155736
2018-06-30,USMV,0.0169573730126935,0.0049,0.0077,-0.0233,0.0083,0.002,0.0014,0.0155573730126935,0.00482588688392962,0.00622588688392962,0.01073148612876388,0.41719516534579415,0.26743545334002294,0.11861320923735308
2018-07-31,USMV,0.0329195170660454,0.032,-0.0192999999999999,0.0049,0.0153,0.0031,0.0016,0.0313195170660454,0.028819746457579534,0.030419746457579534,0.00249977060846587,0.46384854577731205,0.3059905184819738,0.1214094856600465
2018-08-31,USMV,0.0305954725404709,0.0346,0.0065,-0.0391,-0.0029,-0.0256999999999999,0.0016,0.0289954725404709,0.018585657946652633,0.020185657946652634,0.010409814593818265,0.5086356837630501,0.33235279636962245,0.1330831504895167
2018-09-30,USMV,0.0124370712378734,0.0006,-0.0249,-0.0162,0.0065,0.0136,0.0015,0.0109370712378734,0.0071077285127075385,0.008607728512707538,0.003829342725165861,0.5273986932340091,0.3438213275239188,0.13742211420885186
2018-10-31,USMV,-0.0404977998114581,-0.0764,-0.0438,0.0338,0.0103,0.036,0.0019,-0.0423977998114581,-0.04151134086270131,-0.03961134086270131,-0.000886458948756795,0.4655424067231355,0.2905907628608011,0.1364138361971976
2018-11-30,USMV,0.0323404408961902,0.0171,-0.0081,0.0036,-0.0060999999999999,0.004,0.0018,0.0305404408961902,0.011280695833236992,0.013080695833236991,0.019259745062953207,0.5129386943086256,0.30747258807496847,0.15830087696836825
2018-12-31,USMV,-0.0668806403834856,-0.0955,-0.0281,-0.0192,-0.0003,0.0024,0.0019,-0.0687806403834856,-0.06452710773715481,-0.06262710773715481,-0.004253532646330785,0.4117523855723102,0.22558936143822073,0.15337400637390974
2019-01-31,USMV,0.0564882923622358,0.0836,0.0291,-0.0039,-0.0073,-0.0165,0.0021,0.0543882923622358,0.05029838093440407,0.05239838093440407,0.00408991142783173,0.49149986707160287,0.2898082596680136,0.15809120390314235
2019-02-28,USMV,0.0382950212244781,0.0342,0.0172,-0.0266,0.0016,-0.0154,0.0018,0.0364950212244781,0.019731320553165704,0.021531320553165704,0.016763700671312394,0.5486168861374163,0.31757953475904643,0.17750509819545446
2019-03-31,USMV,0.0271370892418765,0.011,-0.0352,-0.0414,0.0088,-0.009,0.0019,0.0252370892418765,0.012995769288826682,0.014895769288826683,0.012241319953049817,0.5906418407780043,0.3372058955284969,0.1919193148488123
2019-04-30,USMV,0.0217688350894675,0.0397,-0.0115,0.0213,0.0161,-0.0218,0.0021,0.0196688350894675,0.028856791925996113,0.030956791925996114,-0.009187956836528614,0.6252682606963078,0.37860150019858785,0.18096801163135656
2019-05-31,USMV,-0.0161452324387958,-0.0692,-0.0156,-0.0245,-0.0048,0.0176,0.0021,-0.0182452324387958,-0.04580035874387343,-0.04370035874387343,0.02755512630507763,0.5990279268519685,0.31835612007506753,0.21350973435411502
2019-06-30,USMV,0.0498352290862738,0.0699,0.0019,-0.0064,0.0045,-0.0055,0.0018,0.0480352290862738,0.04902161048750614,0.05082161048750614,-0.0009863814012323405,0.6787158499019859,0.38535710129334255,0.2123127509219338
2019-07-31,USMV,0.0166856927188656,0.0121999999999999,-0.0182,0.005,-0.0013,0.0037,0.0019,0.0147856927188656,0.010236651454004654,0.012136651454004655,0.004549041264860946,0.7067263867357398,0.40217069757107016,0.21782761165179476
2019-08-31,USMV,0.0159338863157509,-0.0255,-0.0325,-0.0476999999999999,0.0053,-0.0062,0.0016,0.0143338863157509,-0.013591196867852644,-0.011991196867852643,0.027925083183603545,0.7339211709540796,0.3853569926941611,0.25183554901046046
2019-09-30,USMV,0.0098368530297929,0.0141999999999999,0.0029,0.0676,0.0182,0.0338,0.0018,0.0080368530297929,0.018204468200567543,0.020004468200567543,-0.010167615170774642,0.7509774986780013,0.41307032260094534,0.23910736689102663
2019-10-31,USMV,-0.0023400709137006,0.0207,0.0025,-0.0192,0.0043,-0.0103,0.0015,-0.0038400709137006,0.013374138329384036,0.014874138329384036,-0.017214209243084637,0.7468800871628007,0.43408852604845904,0.21777711340271688
2019-11-30,USMV,0.0139170986931185,0.0387,0.0039,-0.02,-0.0163999999999999,-0.0113999999999999,0.0012,0.0127170986931185,0.020239207567135164,0.021439207567135164,-0.007522108874016664,0.771191589740889,0.4648342476280589,0.20861686137141588
2019-12-31,USMV,0.0177329200271483,0.0276,0.0098999999999999,0.0173,0.0005,0.0118999999999999,0.0014,0.0163329200271483,0.019408400115686737,0.020808400115686736,-0.003075480088538439,0.8025999885545219,0.4953151047558646,0.20489978427959632
2020-01-31,USMV,0.0234751673998898,-0.0009,-0.0437,-0.0622,-0.0118999999999999,-0.0219,0.0013,0.0221751673998898,-0.0017982793871992274,-0.0004982793871992275,0.02397344678708903,0.8449163250408789,0.49457002006179707,0.23378538514179836
2020-02-29,USMV,-0.0874288790731659,-0.0815,0.0008,-0.0382,-0.0143,-0.0253,0.0012,-0.088628879073166,-0.06626762317832727,-0.06506762317832726,-0.022361255894838727,0.6836173587587704,0.3973219011827911,0.20619639442533044
2020-03-31,USMV,-0.113010754087611,-0.1335,-0.0818,-0.1383,-0.0161,0.0118999999999999,0.0012,-0.114210754087611,-0.08496419370181568,-0.08376419370181568,-0.029246560385795317,0.49335049145044985,0.2802763587883266,0.17091929873864142
2020-04-30,USMV,0.0936864081062329,0.1358,0.0256999999999999,-0.0134,0.0276,-0.0102,0.0,0.0936864081062329,0.09853871768252145,0.09853871768252145,-0.004852309576288558,0.6332571350381202,0.4064331494625759,0.16523763581231088
2020-05-31,USMV,0.0431690331663434,0.0559,0.0192,-0.05,0.0096,-0.0316,0.0001,0.0430690331663434,0.034769339208481916,0.03486933920848192,0.008299693957861481,0.703763266469748,0.4554745440252401,0.174908751577735
2020-06-30,USMV,-0.0111101685871353,0.0243999999999999,0.0195,-0.0217,0.0014,0.0055,0.0001,-0.0112101685871353,0.015964643598784873,0.016064643598784872,-0.027174812185920175,0.6848341693467006,0.47885622384210946,0.14298082691801617
2020-07-31,USMV,0.0456868751881629,0.0583,-0.0319,-0.0144,0.0038,0.0097,0.0001,0.0455868751881629,0.04752128615399189,0.047621286153991894,-0.0019344109658289907,0.7618089777543955,0.5492812592583065,0.14076983227269357
2020-08-31,USMV,0.0272869488258817,0.0762,-0.0089,-0.0302,0.0426999999999999,-0.0151,0.0001,0.0271869488258817,0.0639757501515925,0.0640757501515925,-0.0367888013257108,0.8098833691713587,0.6485526181410863,0.09880227755484894
2020-09-30,USMV,-0.0166514365567715,-0.0364,-0.0001,-0.0272,-0.0138,-0.0192999999999999,0.0001,-0.0167514365567715,-0.03316769379338964,-0.033067693793389634,0.01641625723661814,0.779746211074446,0.5940387849621063,0.11684049839537125
2020-10-31,USMV,-0.0324807419888526,-0.0208,0.0467,0.0425,-0.0077,-0.0056999999999999,0.0001,-0.0325807419888526,-0.025304424869397355,-0.025204424869397356,-0.007276317119455245,0.7219387335868988,0.5538619541676235,0.10871401275719617
2020-11-30,USMV,0.0809277738541922,0.1244,0.0712,0.0209,-0.0225,0.0128,0.0001,0.0808277738541922,0.07463367155471524,0.07473367155471525,0.00619410229947695,0.8612914020093936,0.6699877630917548,0.11558150077307783
2020-12-31,USMV,0.0230784630296676,0.0463,0.0493,-0.0168,-0.0197,-0.0006,0.0001,0.0229784630296676,0.021044920802211924,0.021144920802211923,0.0019335422274556757,0.9042471468181057,0.705299522082993,0.11773852471299073
2021-01-31,USMV,-0.0272540709054244,-0.0007,0.0681,0.0322,-0.0365,0.0496999999999999,0.0,-0.0272540709054244,-0.011506212108162847,-0.011506212108162847,-0.015747858797261552,0.8523486600572729,0.6856779840739573,0.10013653625355112
2021-02-28,USMV,-0.003785992569966,0.0281,0.045,0.072,0.0033,-0.0199,0.0,-0.003785992569966,0.009494576575632449,0.009494576575632449,-0.013280569145598449,0.8453356817933095,0.7016827827756051,0.08552609691423663
2021-03-31,USMV,0.0560838178181961,0.0316,-0.0084,0.0735,0.0635,0.0352,0.0,0.0560838178181961,0.044278894397635486,0.044278894397635486,0.011804923420560616,0.9488291519844223,0.7770314150124007,0.09834064935932929
2021-04-30,USMV,0.0398898889739338,0.0496999999999999,-0.0316,-0.0102,0.0243,-0.0272,0.0,0.0398898889739338,0.040380269118774514,0.040380269118774514,-0.0004903801448407144,1.0265677304862466,0.8487884217831181,0.09780204491261202
2021-05-31,USMV,0.0087560301732962,0.0029,0.0127,0.0704,0.0233999999999999,0.0301,0.0,0.0087560301732962,0.009677976277863758,0.009677976277863758,-0.0009219461045675576,1.0443124186826127,0.8666809522719243,0.09678993059371854
2021-06-30,USMV,0.0171622194681058,0.0273,-0.003,-0.0786,-0.0214,-0.0093,0.0,0.0171622194681058,0.013298044625791174,0.013298044625791174,0.0038641748423146258,1.079397357073418,0.8915041588773507,0.10102811865082284
2021-07-31,USMV,0.0354573229448766,0.0134,-0.0455,-0.0179,0.055,-0.0059,0.0,0.0354573229448766,0.028433900941868245,0.028433900941868245,0.007023422003008355,1.1531272206938934,0.9452870007620009,0.1087611037652858
2021-08-31,USMV,0.0187614461775775,0.0295,-0.0066,-0.0023,-0.0026,-0.0172,0.0,0.0187614461775775,0.01729400515700925,0.01729400515700925,0.0014674410205682484,1.193523001158419,0.9789288041850419,0.11038814529096141
2021-09-30,USMV,-0.0498703400913198,-0.044,0.0112,0.0512,-0.0192,0.02,0.0,-0.0498703400913198,-0.036299693106291234,-0.036299693106291234,-0.013570646985028564,1.084131263092516,0.907094295913925,0.09531945975485723
2021-10-31,USMV,0.0551020376206754,0.0663,-0.027,-0.0053,0.0171,-0.0154,0.0,0.0551020376206754,0.05162424445759645,0.05162424445759645,0.003477793163078953,1.1989711423578657,1.0055465980498735,0.09912875428338008
2021-11-30,USMV,-0.02050284447537,-0.0158,-0.017,-0.0037,0.0719,0.017,0.0,-0.02050284447537,0.012449718558300491,0.012449718558300491,-0.03295256303367049,1.1538859790202758,1.0305150887511516,0.06290964472573735
2021-12-31,USMV,0.0684286289890987,0.0324,-0.0078,0.0325,0.0487999999999999,0.0429,0.0001,0.0683286289890987,0.04306415373195841,0.043164153731958414,0.025264475257140283,1.3012734435634759,1.1181605541970678,0.08976349914548654
2022-01-31,USMV,-0.0598271456298524,-0.0615,-0.0401,0.1286,0.0077,0.0773,0.0,-0.0598271456298524,-0.02698941255811957,-0.02698941255811957,-0.03283773307173283,1.1635948221212917,1.0609926451355078,0.053978136249229536
2022-02-28,USMV,-0.030633684037462,-0.0227999999999999,0.0286,0.0306,-0.0203,0.0302999999999999,0.0,-0.030633684037462,-0.021388571728645726,-0.021388571728645726,-0.009245112308816274,1.097315941955339,1.0169109561128158,0.044233990008568425
2022-03-31,USMV,0.0558111821090878,0.0308,-0.0210999999999999,-0.019,-0.015,0.0321,0.0,0.0558111821090878,0.025596229215434675,0.025596229215434675,0.030214952893653127,1.2143696239321016,1.0685362712526008,0.07578547082662879
2022-04-30,USMV,-0.0533711910354218,-0.0941,-0.0034999999999999,0.0617999999999999,0.0341,0.0592,0.0,-0.0533711910354218,-0.04914920451821447,-0.04914920451821447,-0.0042219865172073295,1.0961860797101863,0.9668693590034618,0.07124351907339133
2022-05-31,USMV,0.0004086768034823,-0.0033,-0.0003,0.0843999999999999,0.0155,0.0395,0.0003,0.0001086768034823,0.006045064597150082,0.006345064597150082,-0.005936387793667782,1.0970427423367464,0.9793492721404939,0.06488420212271828
2022-06-30,USMV,-0.0413182985403359,-0.084,0.0133,-0.06,0.0176,-0.0458,0.0006,-0.0419182985403359,-0.06404262107631757,-0.06344262107631757,0.02212432253598167,1.0103965042570322,0.8537741662903995,0.08844404367395287
2022-07-31,USMV,0.0512743658781409,0.0957,0.0178,-0.0415,0.0077,-0.0684999999999999,0.0008,0.0504743658781409,0.056096610982720244,0.056896610982720246,-0.005622245104579343,1.113478310176443,0.959247633879641,0.08232454447779847
2022-08-31,USMV,-0.0315672282652693,-0.0377,0.0149,0.0018,-0.0478,0.0132,0.0019,-0.0334672282652693,-0.040071164089168956,-0.03817116408916896,0.006603935823899655,1.0467616579254075,0.8844608709555051,0.08947214631016132
2022-09-30,USMV,-0.0707462407791891,-0.0934,-0.0097,0.0003,-0.0137,-0.0077,0.0019,-0.0726462407791891,-0.07107982103918611,-0.06917982103918612,-0.001566419740002989,0.9019609648562044,0.7540942051474546,0.08776557563399767
2022-10-31,USMV,0.0770044571613322,0.0786,0.0181,0.0797,0.0327,0.0643,0.0023,0.0747044571613322,0.07108730725818256,0.07338730725818256,0.0036171499031496385,1.048420436497,0.8828224555404083,0.0917001867805518
2022-11-30,USMV,0.0571709261514561,0.0469,-0.0275,0.0148,0.063,0.0315,0.0029,0.0542709261514561,0.058003227767492324,0.060903227767492324,-0.0037323016160362224,1.1655305299991037,0.997492420395935,0.08762563240920374
2022-12-31,USMV,-0.0375222943326619,-0.0638,-0.0019,0.0134,0.0032,0.0428,0.0033,-0.0408222943326619,-0.037922621350458804,-0.03462262135045881,-0.0028996729822030956,1.084274856066112,0.9283339966741551,0.08447187374815535
2023-01-31,USMV,0.0152566651657726,0.0659,0.0438999999999999,-0.0394,-0.0242,-0.0443,0.0034999999999999,0.0117566651657726,0.02730776713923885,0.03080776713923875,-0.01555110197346625,1.1160739396585515,0.9877416614103702,0.06760714105214172
2023-02-28,USMV,-0.0349724210385543,-0.0256999999999999,0.0058,-0.008,0.0097,-0.0151,0.0034,-0.0383724210385543,-0.01963538772803538,-0.01623538772803538,-0.018737033310518923,1.0420697108921004,0.9554699048342037,0.047603350487699814
2023-03-31,USMV,0.0344631599759002,0.0249,-0.0689,-0.0905,0.0227,-0.021,0.0036,0.0308631599759002,0.02972387887178682,0.03332387887178682,0.00113928110411338,1.1124458860205153,1.0206337470803235,0.048796865189516314
2023-04-30,USMV,0.0148474060737422,0.0063,-0.0256999999999999,-0.0012,0.0242,0.0285,0.0034999999999999,0.0113474060737422,0.018293364645290675,0.021793364645290574,-0.006945958571548474,1.1438102278990683,1.0646701551450248,0.041511965613939994
2023-05-31,USMV,-0.0322404495767467,0.0033,-0.0043,-0.0779,-0.0178,-0.0708,0.0036,-0.0358404495767467,-0.013361996759847714,-0.009761996759847714,-0.02247845281689899,1.0746928223443746,1.0445148517803449,0.01810038803665126
2023-06-30,USMV,0.0445108621887608,0.0646,0.0128,-0.0013,0.0232,-0.0154,0.004,0.0405108621887608,0.04713678770348072,0.05113678770348072,-0.006625925514719917,1.1670391886437566,1.1490647737124497,0.011354530699012821
2023-07-31,USMV,0.0138571008592691,0.0321,0.0286,0.0406,-0.0059,0.0066,0.0045,0.0093571008592691,0.01716525057260369,0.02166525057260369,-0.00780814971333459,1.1970680692467819,1.1956248005316858,0.003457723110055655
2023-08-31,USMV,-0.0063695132522245,-0.0236,-0.0365,-0.0115,0.0335,-0.0241,0.0045,-0.0108695132522245,-0.008072215349012743,-0.0035722153490127433,-0.002797297903211758,1.1830738150636755,1.1877815559185536,0.0006507529252381961
2023-09-30,USMV,-0.0283173535660195,-0.0523,-0.0178,0.0149,0.0187,-0.0077,0.0043,-0.0326173535660195,-0.03246730090277968,-0.028167300902779684,-0.00015005266323981498,1.1212549419817983,1.1261576545234444,0.0005006026147886811
2023-10-31,USMV,-0.0087040860204182,-0.0315,-0.0403,0.002,0.0241,-0.0069,0.0046999999999999,-0.0134040860204182,-0.013065772050002523,-0.008365772050002624,-0.00033831397041567644,1.1027913564955516,1.1083707042433328,0.00016211928351483884
2023-11-30,USMV,0.0641113643045185,0.0888,-0.002,0.0167,-0.0373,-0.0108,0.0044,0.0597113643045185,0.0502130858807206,0.0546130858807206,0.009498278423797898,1.2376041792082306,1.2235153345825691,0.00966193756140532
2023-12-31,USMV,0.0276709101868444,0.0486,0.0727,0.0489,-0.0297,0.0129,0.0043,0.0233709101868444,0.018026174327898298,0.022326174327898296,0.0053447358589461015,1.2995207234848092,1.2731579255632148,0.015058313924502631
2024-01-31,USMV,0.0216582890019607,0.0073,-0.0572,-0.0237999999999999,0.0067,-0.0097,0.0046999999999999,0.0169582890019607,0.011958097542127696,0.016658097542127596,0.005000191459833004,1.349324407880041,1.3110244120159074,0.02013379983702035
2024-02-29,USMV,0.0209484167834597,0.0507,-0.0081999999999999,-0.0343,-0.0206,-0.0217,0.0042,0.0167484167834597,0.027629582117315872,0.031829582117315874,-0.010881165333856174,1.398539034735867,1.384583353313289,0.009033555298338714
2024-03-31,USMV,0.0313753796223936,0.0283999999999999,-0.0121,0.0416,0.0133,0.0113999999999999,0.0043,0.0270753796223936,0.025474620433566953,0.029774620433566955,0.0016007591888266455,1.4737941074898346,1.4555834175503946,0.010648775033817115
2024-04-30,USMV,-0.0374492406856999,-0.0465,-0.0259,-0.0045,0.0113999999999999,-0.0031,0.0046999999999999,-0.0421492406856999,-0.028096288425621715,-0.023396288425621817,-0.014052952260078182,1.3811523965515815,1.3981318796602116,-0.0035538239534396165
2024-05-31,USMV,0.0292109165089398,0.0432,0.0059,-0.0131,0.0317,-0.0285,0.0044,0.0248109165089398,0.03303863834448203,0.03743863834448203,-0.00822772183554223,1.4507080404023118,1.487914671805183,-0.011752305914040417
2024-06-30,USMV,0.0176875940296963,0.0279999999999999,-0.0432,-0.0336,0.0056,-0.018,0.0040999999999999,0.0135875940296963,0.023445466512357058,0.027545466512356957,-0.009857872482660757,1.4940551693062605,1.5564454420829938,-0.021494325663623415
2024-07-31,USMV,0.0366842329971355,0.0121999999999999,0.0834,0.0562,0.0026,0.0028,0.0045,0.0321842329971355,-0.002353799034757317,0.0021462009652426827,0.03453803203189282,1.5855476702448015,1.5619320877583824,0.012301334659995389
2024-08-31,USMV,0.0491729438546668,0.0161,-0.0355,-0.011,0.0076,0.0081999999999999,0.0048,0.0443729438546668,0.01865249863197403,0.023452498631974027,0.025720445222692772,1.712686660667314,1.622015796541746,0.038338175686976506
2024-09-30,USMV,0.0043703087796993,0.0173,-0.0092,-0.0276,0.002,-0.0029,0.004,0.0003703087796993,0.01323514070202555,0.017235140702025552,-0.01286483192232625,1.7245419389970014,1.6672066077180765,0.024980129578228594
2024-10-31,USMV,-0.0144561671769611,-0.01,-0.0089,0.0086,-0.0148,0.0098,0.0039,-0.0183561671769611,-0.009331963257736376,-0.005431963257736376,-0.009024203919224726,1.685155505246219,1.6527184394241603,0.01573049987576125
2024-11-30,USMV,0.0506723726888083,0.0649,0.0458999999999999,0.0016,-0.0231,-0.0204999999999999,0.004,0.0466723726888083,0.029883552093627253,0.033883552093627256,0.016788820595181046,1.8212187057354607,1.742601962856114,0.03278341701122889
2024-12-31,USMV,-0.0566004966141596,-0.0315,-0.0383,-0.03,0.0189,-0.0121,0.0037,-0.0603004966141596,-0.014904389529991364,-0.011204389529991364,-0.04539610708416823,1.6615363259336773,1.7118727821385553,-0.014100929582166022
2025-01-31,USMV,0.0355895486792738,0.0279999999999999,-0.0123,0.0163,-0.0235,-0.0324,0.0037,0.0318895486792738,0.008218723602534918,0.011918723602534919,0.023670825076738882,1.7562592025671497,1.744194844274102,0.009236114857013922
2025-02-28,USMV,0.0284937034456616,-0.0243,-0.0491,0.0491,0.0108,0.0306,0.0033,0.0251937034456616,-0.004983557145140731,-0.0016835571451407306,0.030177260590802328,1.8347952349044738,1.739574835436366,0.039692096092702966
2025-03-31,USMV,-0.0061587050668046,-0.0639,-0.0149,0.0289999999999999,0.0210999999999999,-0.0046999999999999,0.0034,-0.0095587050668046,-0.04020863053330096,-0.03680863053330096,0.03064992546649636,1.817336567127914,1.63873483750046,0.07155858134604953
2025-04-30,USMV,-0.0119580324574457,-0.0084,-0.0186,-0.0341,-0.0285,-0.0266999999999999,0.0034999999999999,-0.0154580324574457,-0.016120014887842024,-0.012620014887842125,0.0006619824303963247,1.7836467650146495,1.6054339645661364,0.07226793430004119
2025-05-31,USMV,0.0104818660451517,0.0605999999999999,-0.0072,-0.0288,0.0129,0.0250999999999999,0.0038,0.0066818660451517,0.05161428925268972,0.055414289252689715,-0.044932423207538014,1.8128245775225533,1.7498122359073864,0.024088337684199157
2025-06-30,USMV,0.0073699239214946,0.0486,-0.0002,-0.0161,-0.032,0.0144,0.0034,0.0039699239214946,0.027973379890917666,0.031373379890917666,-0.024003455969423066,1.8335548806634048,1.8360831398132027,-0.000493321638203259
2025-07-31,USMV,-0.013422864065901,0.0197999999999999,-0.0014,-0.0127,-0.0028,-0.0207,0.0034,-0.016822864065901,0.009335840593696246,0.012735840593696247,-0.026158704659597246,1.7955204586769895,1.872203042592333,-0.026639121642764607
2025-08-31,USMV,0.0178166160837183,0.0185,0.0487999999999999,0.0441999999999999,-0.0069,0.0208,0.0038,0.0140166160837183,0.007168582038133685,0.010968582038133685,0.006848034045584615,1.8453271734434176,1.9037070372951845,-0.019973513209134208
2025-09-30,USMV,0.0132441937808711,0.0339,-0.0218,-0.0105,-0.0204999999999999,-0.0222,0.0033,0.0099441937808711,0.016750471050092575,0.020050471050092576,-0.006806277269221476,1.8830112378984807,1.9619277311844217,-0.026643845209413874
2025-10-31,USMV,-0.020601252926946,0.0196,-0.0131,-0.031,-0.0524,-0.0403,0.0037,-0.024301252926946,-0.005773642095426372,-0.002073642095426372,-0.01852761083151963,1.8236175941953063,1.9557857531574268,-0.04467780924583831
2025-11-30,USMV,0.0230736329182905,-0.0013,0.0147,0.0375999999999999,0.0144,0.0068,0.003,0.0200736329182905,0.0006931477037946526,0.0036931477037946527,0.019380485214495848,1.8887687100653956,1.9667019065246092,-0.026163201652847468
2025-12-31,USMV,-0.0081810515181756,-0.0036,-0.0022,0.0242,0.004,0.0037,0.0034,-0.0115810515181756,-0.0019355319559224457,0.0014644680440775541,-0.009645519562253154,1.8651355444242568,1.9710465466630187,-0.03555636354174685
2026-01-31,USMV,0.0088147126938029,0.0103,0.0326,0.0372,0.0182,0.0183,0.003,0.0058147126938029,0.00980096395229685,0.012800963952296851,-0.00398625125849395,1.8903908910771592,2.009078806407448,-0.039400878201324985
2026-02-28,USMV,0.0296873308903311,-0.0116999999999999,0.0063,0.0283,0.0162,0.0507,0.0028,0.0268873308903311,0.0026635537593297336,0.005463553759329734,0.024223777131001368,1.9761988818629659,2.0255190702323147,-0.01613153916263821
2015-02-28,VLUE,0.0592505926498074,0.0613999999999999,0.0036,-0.0179,-0.011,-0.0175,0.0,0.0592505926498074,0.05109156803708126,0.05109156803708126,0.008159024612726141,0.059250592649807476,0.05109156803708137,0.008159024612726107
2015-03-31,VLUE,-0.0093969143613321,-0.0109,0.0308,-0.0038,0.0007,-0.0062,0.0,-0.0093969143613321,-0.009539671029232297,-0.009539671029232297,0.00014275666790019605,0.04929690554348709,0.04106450025640762,0.00830294603579329
2015-04-30,VLUE,0.0066569361304054,0.006,-0.0301,0.018,0.0005,-0.0062,0.0,0.0066569361304054,0.00674162656362268,0.00674162656362268,-8.469043321728074e-05,0.05628200802552219,0.04808296834578085,0.008217552422479235
2015-05-31,VLUE,0.0091673158299636,0.0138,0.0081999999999999,-0.0111,-0.0176,-0.0083,0.0,0.0091673158299636,0.00797585529565336,0.00797585529565336,0.0011914605343102402,0.06596527879860026,0.056442326439145596,0.009418803846189538
2015-06-30,VLUE,-0.0165411541314229,-0.0154,0.0289999999999999,-0.0081999999999999,0.0034999999999999,-0.0154,0.0,-0.0165411541314229,-0.016595124363209448,-0.016595124363209448,5.3970231786548695e-05,0.048332982823247495,0.0389105346493297,0.009473282413002826
2015-07-31,VLUE,0.0031963398249073,0.0157,-0.0458,-0.0416,0.0031,-0.0243999999999999,0.0,0.0031963398249073,-0.010230443764528687,-0.010230443764528687,0.013426783589435987,0.05168381128600941,0.028282018848223345,0.0230272617152798
2015-08-31,VLUE,-0.0578060778809874,-0.0602,0.0029,0.0275,0.0066,0.0129,0.0,-0.0578060778809874,-0.048345948982008086,-0.048345948982008086,-0.009460128898979313,-0.00910990501536324,-0.02143125117412914,0.013349291952283515
2015-09-30,VLUE,-0.0286627433141521,-0.0306,-0.0279999999999999,0.0055,0.018,-0.0059,0.0,-0.0286627433141521,-0.03321395265584392,-0.03321395265584392,0.004551209341691818,-0.03751153346044367,-0.053933387268120025,0.017961256716213514
2015-10-31,VLUE,0.0730489026004943,0.0775,-0.0206,-0.0046999999999999,0.0095,0.0060999999999999,0.0,0.0730489026004943,0.07122350598876408,0.07122350598876408,0.001825396611730229,0.03279719278590365,0.013448793789558655,0.019819439745095924
2015-11-30,VLUE,-0.0068386689424048,0.0056999999999999,0.033,-0.0043,-0.0265,-0.0106,0.0,-0.0068386689424048,0.005658924729901789,0.005658924729901789,-0.01249759367230659,0.025734234699795744,0.019183824231223445,0.007074150768042298
2015-12-31,VLUE,-0.0187020501340252,-0.0215,-0.0295,-0.0256999999999999,0.0034,0.0012,0.0001,-0.0188020501340252,-0.03632177180908287,-0.03622177180908287,0.01751972167505767,0.0065509016182543345,-0.017732819681588463,0.024717809595643514
2016-01-31,VLUE,-0.0867603700136265,-0.0574,-0.0344,0.0208,0.0278,0.0305,0.0001,-0.0868603700136265,-0.051311825624849094,-0.05121182562484909,-0.0355485443887774,-0.08077782704369474,-0.06803651523706711,-0.011709416944737927
2016-02-29,VLUE,0.0181208668234638,-0.0007,0.0087,-0.0060999999999999,0.0331,0.0194,0.0002,0.0179208668234638,-0.0002951995307833629,-9.51995307833629e-05,0.018216066354247162,-0.06412072446637851,-0.06812523772352386,0.006293349893474298
2016-03-31,VLUE,0.0601344343653451,0.0695,0.01,0.0121999999999999,0.0068,0.0001,0.0002,0.0599344343653451,0.07361022146135156,0.07381022146135156,-0.013675787096006455,-0.00784215359791518,0.0006566448543472436,-0.007468503715795993
2016-04-30,VLUE,0.0074980074089823,0.0091,0.0123,0.0322,-0.0285,0.0177,0.0001,0.0073980074089823,0.022334981413302066,0.022434981413302066,-0.014936974004319765,-0.0004029467147124155,0.023106358082751743,-0.02229392087426174
2016-05-31,VLUE,0.0147226399562809,0.0178,-0.0062,-0.0162,-0.011,-0.0254,0.0001,0.0146226399562809,0.0066940328316980255,0.006794032831698026,0.007928607124582874,0.014313760802166398,0.030057376269885028,-0.014542073489557494
2016-06-30,VLUE,-0.0120558018107856,-0.0003,0.0042,-0.0149,0.0144999999999999,0.019,0.0002,-0.0122558018107856,-0.004584480670774433,-0.004384480670774433,-0.007671321140011168,0.002085395127982892,0.02554110961384115,-0.022101837713788597
2016-07-31,VLUE,0.0452703114475669,0.0394,0.0247,-0.0124,0.0131,-0.0116,0.0002,0.0450703114475669,0.035847093536868824,0.03604709353686882,0.009223217910698078,0.04745011306248492,0.06250888591799564,-0.01308246986855166
2016-08-31,VLUE,0.0124186924925571,0.0049,0.0166,0.0317,-0.0185,-0.0036,0.0002,0.0122186924925571,0.017178062286140026,0.017378062286140025,-0.004959369793582925,0.060458073917902144,0.08097323151705571,-0.017976958856243064
2016-09-30,VLUE,0.0065105161875342,0.0027,0.0181,-0.0118999999999999,-0.0218,0.0003,0.0002,0.0063105161875342,-0.0012783186389331695,-0.0010783186389331694,0.007588834826467369,0.06736220337434617,0.07980759793332304,-0.010524548201217843
2016-10-31,VLUE,-0.0119484945139552,-0.0200999999999999,-0.0401999999999999,0.0411,0.0098999999999999,0.0025,0.0002,-0.0121484945139553,-0.010534876577855018,-0.010334876577855017,-0.0016136179361002818,0.05460883194292476,0.06864791968085204,-0.0121211835375713
2016-11-30,VLUE,0.0708527690196865,0.0484999999999999,0.0696,0.0828999999999999,-0.0024,0.0371,0.0001,0.0707527690196865,0.09133928901834308,0.09143928901834308,-0.020586519998656586,0.12933078791869823,0.16636432566740056,-0.0324581705489243
2016-12-31,VLUE,0.0207898169852007,0.0181,0.0044,0.0347,0.0124,-0.0032,0.0003,0.0204898169852007,0.03067439840493885,0.03097439840493885,-0.010184581419738149,0.15280936831528047,0.20249175897593052,-0.042312179087971136
2017-01-31,VLUE,0.0126799711219691,0.0194,-0.0144,-0.0276,-0.0051,-0.0106,0.0004,0.0122799711219691,0.004162134074445116,0.0045621340744451165,0.008117837047523984,0.16742695781465367,0.20797768760379398,-0.03453782541540906
2017-02-28,VLUE,0.0457236050869751,0.0355,-0.023,-0.015,0.0045,-0.018,0.0004,0.0453236050869751,0.02333975267849599,0.02373975267849599,0.021983852408479106,0.2208059270016598,0.23665477914864952,-0.013313247463372258
2017-03-31,VLUE,-0.0110134451703877,0.0017,0.0075,-0.0333,0.0063,-0.0095,0.0003,-0.0113134451703877,-0.011854626238956846,-0.011554626238956846,0.0005411810685691451,0.20736064786094266,0.22236569538896722,-0.012779271272291504
2017-04-30,VLUE,0.0021876275076069,0.0108,0.0040999999999999,-0.0204999999999999,0.0179,-0.016,0.0005,0.0016876275076069,0.0013871958699375915,0.0018871958699375915,0.0003004316376693085,0.21000190322580536,0.22467253888085859,-0.01248267893201871
2017-05-31,VLUE,-0.0012276768461758,0.0107,-0.0299,-0.0382,0.0098999999999999,-0.0166,0.0006,-0.0018276768461758,-0.010693932999450099,-0.010093932999450099,0.008866256153274299,0.2085164119053864,0.2123107763271288,-0.003727097407634661
2017-06-30,VLUE,0.01183547799285,0.0078,0.0252,0.015,-0.0226,0.0004,0.0006,0.01123547799285,0.015062432218546246,0.015662432218546248,-0.003826954225696245,0.22281978130249058,0.2312985116891657,-0.007539788202157172
2017-07-31,VLUE,0.0198445014312431,0.0187999999999999,-0.0163999999999999,-0.0023,-0.0075,-0.0015,0.0007,0.0191445014312431,0.013663247185232558,0.014363247185232558,0.005481254246010543,0.24708603020270026,0.2489839565713663,-0.002099861452243723
2017-08-31,VLUE,0.0021329401737746,0.0018,-0.0183,-0.0213,0.002,-0.0237999999999999,0.0009,0.0012329401737746,-0.012195303640569836,-0.011295303640569836,0.013428243814344437,0.24974599009667275,0.23487630353969235,0.011300184910543631
2017-09-30,VLUE,0.034763468495107,0.0249,0.0475999999999999,0.0315,-0.0154,0.0163,0.0009,0.033863468495107,0.04303183723939616,0.04393183723939616,-0.009168368744289161,0.2931914954502848,0.28912668831758537,0.0020282119041159508
2017-10-31,VLUE,0.0261248054797473,0.0225,-0.0191,0.0013,0.0092,-0.0314,0.0009,0.0252248054797473,0.01637155650081587,0.017271556500815872,0.00885324897893143,0.32697587171698705,0.3113919127515723,0.010899417148016566
2017-11-30,VLUE,0.0415934829628097,0.0312,-0.0038,-0.0009,0.0319,-0.001,0.0008,0.0407934829628097,0.029609816706330894,0.030409816706330892,0.011183666256478805,0.3821694200293071,0.3512711004485123,0.022204978848268997
2017-12-31,VLUE,0.0171584639029973,0.0106,-0.0105,0.0005,0.0073,0.0179,0.0009,0.0162584639029973,0.009622182360467406,0.010522182360467406,0.006636281542529893,0.40588532413070677,0.3654894213858608,0.028988618882081818
2018-01-31,VLUE,0.043649962912428,0.0558,-0.0321,-0.0132,-0.0075,-0.0105,0.0011,0.042549962912428,0.04295812394747092,0.04405812394747092,-0.00040816103504292406,0.46725216638813905,0.4256503235622393,0.028568625822351423
2018-02-28,VLUE,-0.0330013006227669,-0.0364,0.0034,-0.011,0.0053,-0.0236,0.0011,-0.0341013006227669,-0.04266660941226861,-0.04156660941226861,0.008565308789501708,0.4188309365557581,0.36639087340425336,0.037378633713713194
2018-03-31,VLUE,-0.0227136184809783,-0.0235,0.0361,-0.0021,-0.0040999999999999,0.0008,0.0012,-0.0239136184809783,-0.020127738294228786,-0.018927738294228787,-0.0037858801867495136,0.3866041519738215,0.3405281845448349,0.03345124249817921
2018-04-30,VLUE,0.00390167965574,0.0029,0.0089,0.0053,-0.0242,0.0124,0.0014,0.00250167965574,0.0051243613832011314,0.006524361383201132,-0.0026226817274611312,0.3920142371841424,0.34927427486517204,0.030740828808257126
2018-05-31,VLUE,0.0197959524696849,0.0263,0.0471,-0.0314,-0.0197999999999999,-0.0149,0.0014,0.0183959524696849,0.01746699047751912,0.018866990477519118,0.0009289619921657791,0.41957048486056436,0.37473101976061485,0.03169834786199344
2018-06-30,VLUE,-0.0106553701304127,0.0049,0.0077,-0.0233,0.0083,0.002,0.0014,-0.0120553701304127,-0.003808032045835784,-0.002408032045835784,-0.008247338084576917,0.4044444359181656,0.37142062341062676,0.02318958278587613
2018-07-31,VLUE,0.0341364488121735,0.032,-0.0192999999999999,0.0049,0.0153,0.0031,0.0016,0.0325364488121735,0.030179503576359026,0.031779503576359024,0.0023569452358144713,0.452387181514428,0.41500369001699733,0.025601184598358362
2018-08-31,VLUE,0.036052789851499,0.0346,0.0065,-0.0391,-0.0029,-0.0256999999999999,0.0016,0.034452789851499,0.016547208538986467,0.018147208538986468,0.017905581312512533,0.5047497913525787,0.4406820570631711,0.04396517000339362
2018-09-30,VLUE,-0.0019571918726922,0.0006,-0.0249,-0.0162,0.0065,0.0136,0.0015,-0.0034571918726922,-0.009090539429732312,-0.0075905394297323125,0.005633347557040112,0.5018047072905083,0.4297465031033252,0.049846188643467126
2018-10-31,VLUE,-0.0590781839086749,-0.0764,-0.0438,0.0338,0.0103,0.036,0.0019,-0.0609781839086749,-0.06654079235608137,-0.06464079235608138,0.005562608447406477,0.4130808125982859,0.3373265562743897,0.05568607192089292
2018-11-30,VLUE,-0.0059277796507773,0.0171,-0.0081,0.0036,-0.0060999999999999,0.004,0.0018,-0.0077277796507773,0.015946568870361912,0.017746568870361912,-0.023674348521139213,0.40470438091246197,0.36105951410747705,0.030693391925325164
2018-12-31,VLUE,-0.1105232315700247,-0.0955,-0.0281,-0.0192,-0.0003,0.0024,0.0019,-0.1124232315700247,-0.10660856742519063,-0.10470856742519064,-0.0058146641448340725,0.24945191333344585,0.218544922204857,0.024700256014979605
2019-01-31,VLUE,0.0983875892797336,0.0836,0.0291,-0.0039,-0.0073,-0.0165,0.0021,0.0962875892797336,0.08221071397779663,0.08431071397779663,0.014076875301936978,0.3723824750072744,0.3212813146099671,0.03912483374076525
2019-02-28,VLUE,0.0189434776809558,0.0342,0.0172,-0.0266,0.0016,-0.0154,0.0018,0.0171434776809558,0.02349311643645404,0.02529311643645404,-0.0063496387554982416,0.39838017179230967,0.3547006367457082,0.03252676642464425
2019-03-31,VLUE,-0.0095205213610675,0.011,-0.0352,-0.0414,0.0088,-0.009,0.0019,-0.0114205213610675,-0.01178703439793174,-0.009887034397931739,0.0003665130368642397,0.38506686349586783,0.34130666495130346,0.03290520094545002
2019-04-30,VLUE,0.0341843120615967,0.0397,-0.0115,0.0213,0.0161,-0.0218,0.0021,0.0320843120615967,0.043122801202420166,0.045222801202420164,-0.01103848914082347,0.4324144213837877,0.40196430961187724,0.02150348810131364
2019-05-31,VLUE,-0.0960163482234086,-0.0692,-0.0156,-0.0245,-0.0048,0.0176,0.0021,-0.0981163482234086,-0.0798022648070885,-0.0777022648070885,-0.0183140834163201,0.29487921949996965,0.29302850757632815,0.0027955880101642183
2019-06-30,VLUE,0.0956981187796222,0.0699,0.0019,-0.0064,0.0045,-0.0055,0.0018,0.0938981187796222,0.06516578199551969,0.06696578199551968,0.028732336784102516,0.4187967248529423,0.37961717272867657,0.0316082485704845
2019-07-31,VLUE,0.0160116031727537,0.0121999999999999,-0.0182,0.005,-0.0013,0.0037,0.0019,0.0141116031727537,0.010342280074395712,0.012242280074395713,0.003769323098357988,0.4415139349940902,0.39650683255266705,0.03549671337027793
2019-08-31,VLUE,-0.0452172439484285,-0.0255,-0.0325,-0.0476999999999999,0.0053,-0.0062,0.0016,-0.0468172439484285,-0.04968438277319152,-0.04808438277319152,0.00286713882476302,0.3763326477404032,0.32935666347082737,0.038465626200096414
2019-09-30,VLUE,0.0485490279345546,0.0141999999999999,0.0029,0.0676,0.0182,0.0338,0.0018,0.0467490279345546,0.04251789684302122,0.044317896843021225,0.004231131091533377,0.4431522599027915,0.3882709549501102,0.04285951039860025
2019-10-31,VLUE,0.0284007310381713,0.0207,0.0025,-0.0192,0.0043,-0.0103,0.0015,0.0269007310381713,0.011431370950354083,0.012931370950354083,0.015469360087817217,0.4841388390834198,0.4062232016481724,0.05899187968596098
2019-11-30,VLUE,0.0369800744112698,0.0387,0.0039,-0.02,-0.0163999999999999,-0.0113999999999999,0.0012,0.0357800744112698,0.028276814896267766,0.029476814896267765,0.007503259515002032,0.5390224037893803,0.4476741826659927,0.06693777058352457
2019-12-31,VLUE,0.0326635535667652,0.0276,0.0098999999999999,0.0173,0.0005,0.0118999999999999,0.0014,0.0312635535667652,0.035015823133867065,0.03641582313386706,-0.003752269567101868,0.5892923445160065,0.5003924296574231,0.06293433245697244
2020-01-31,VLUE,-0.0377801961978185,-0.0009,-0.0437,-0.0622,-0.0118999999999999,-0.0219,0.0013,-0.0390801961978185,-0.034492940033987715,-0.03319294003398771,-0.004587256163830787,0.5292485679245009,0.4505899937123552,0.058058380388661845
2020-02-29,VLUE,-0.0963628519328781,-0.0815,0.0008,-0.0382,-0.0143,-0.0253,0.0012,-0.0975628519328782,-0.09873787311658459,-0.09753787311658459,0.0011750211837063956,0.38188581460502635,0.30910253096145235,0.0593016213992168
2020-03-31,VLUE,-0.1832038783284918,-0.1335,-0.0818,-0.1383,-0.0161,0.0118999999999999,0.0012,-0.1844038783284918,-0.19717653835786444,-0.19597653835786444,0.012772660029372634,0.1287189739622583,0.052549148588107775,0.07283172087791234
2020-04-30,VLUE,0.1107937116523685,0.1358,0.0256999999999999,-0.0134,0.0276,-0.0102,0.0,0.1107937116523685,0.13125395228194403,0.13125395228194403,-0.020460240629575535,0.25377393849998997,0.190700384311292,0.050881325713708625
2020-05-31,VLUE,0.0345810176857237,0.0559,0.0192,-0.05,0.0096,-0.0316,0.0001,0.0344810176857237,0.03511889557997613,0.03521889557997613,-0.0006378778942524241,0.2971307172411577,0.23263553681338878,0.05021099174655319
2020-06-30,VLUE,0.003816720274077,0.0243999999999999,0.0195,-0.0217,0.0014,0.0055,0.0001,0.003716720274077,0.017780145021446144,0.017880145021446144,-0.014063424747369144,0.3020815023477801,0.2546752389702003,0.03544142849526577
2020-07-31,VLUE,0.0105151293647722,0.0583,-0.0319,-0.0144,0.0038,0.0097,0.0001,0.0104151293647722,0.047063146463292724,0.04716314646329273,-0.03664801709852052,0.3157730577884441,0.3138496710296186,-0.0025054466807452602
2020-08-31,VLUE,0.0384715365936472,0.0762,-0.0089,-0.0302,0.0426999999999999,-0.0151,0.0001,0.0383715365936472,0.06119685636208471,0.06129685636208471,-0.02282531976843751,0.3663928691300873,0.3943845255960936,-0.025273578827532006
2020-09-30,VLUE,-0.0209054759326029,-0.0364,-0.0001,-0.0272,-0.0138,-0.0192999999999999,0.0001,-0.0210054759326029,-0.049668198106496975,-0.04956819810649697,0.028662722173894074,0.3378277758900079,0.32526739719471265,0.0026647337780885128
2020-10-31,VLUE,-0.0107072615779988,-0.0208,0.0467,0.0425,-0.0077,-0.0056999999999999,0.0001,-0.0108072615779988,0.0004883840539058385,0.0005883840539058385,-0.011295645631904638,0.32350330394724125,0.32604716339838324,-0.008661011742276847
2020-11-30,VLUE,0.1642689480129064,0.1244,0.0712,0.0209,-0.0225,0.0128,0.0001,0.1641689480129065,0.13991203696979762,0.1400120369697976,0.02425691104310887,0.5409137993782607,0.511709727863813,0.01538580990945615
2020-12-31,VLUE,0.0290020093006539,0.0463,0.0493,-0.0168,-0.0197,-0.0006,0.0001,0.0289020093006539,0.044296203403234556,0.04439620340323456,-0.015394194102580656,0.5856033957193352,0.5788239004287032,-0.0002452363372961175
2021-01-31,VLUE,0.0330226659668098,-0.0007,0.0681,0.0322,-0.0365,0.0496999999999999,0.0,0.0330226659668098,0.023076909228409978,0.023076909228409978,0.00994575673839982,0.6379642470120142,0.6152582762665406,0.00969808134014949
2021-02-28,VLUE,0.0690577472948767,0.0281,0.045,0.072,0.0033,-0.0199,0.0,0.0690577472948767,0.05895054135051519,0.05895054135051519,0.010107205944361507,0.7510783680602129,0.7104786260733531,0.01990330778988092
2021-03-31,VLUE,0.0724944610259636,0.0316,-0.0084,0.0735,0.0635,0.0352,0.0,0.0724944610259636,0.06196793429129467,0.06196793429129467,0.010526526734668931,0.8780218505669621,0.8164734531805307,0.030639347226108393
2021-04-30,VLUE,0.0177630775294332,0.0496999999999999,-0.0316,-0.0102,0.0243,-0.0272,0.0,0.0177630775294332,0.03784924533497341,0.03784924533497341,-0.020086167805540206,0.9113812983005529,0.885225602554427,0.009937752350732465
2021-05-31,VLUE,0.0284808967269527,0.0029,0.0127,0.0704,0.0233999999999999,0.0301,0.0,0.0284808967269527,0.033723310466478,0.033723310466478,-0.0052424137395253,0.9658191516632799,0.9488016508487229,0.004643240801743609
2021-06-30,VLUE,-0.0159517333830384,0.0273,-0.003,-0.0786,-0.0214,-0.0093,0.0,-0.0159517333830384,-0.006413137934899405,-0.006413137934899405,-0.009538595448138995,0.9344609286766767,0.9363037170540705,-0.004939644641971497
2021-07-31,VLUE,-0.0069482109695554,0.0134,-0.0455,-0.0179,0.055,-0.0059,0.0,-0.0069482109695554,-6.109708616152559e-05,-6.109708616152559e-05,-0.006887113883393875,0.921019886031869,0.9361854145390347,-0.011792738630172606
2021-08-31,VLUE,0.0076678313341747,0.0295,-0.0066,-0.0023,-0.0026,-0.0172,0.0,0.0076678313341747,0.024471097083815258,0.024471097083815258,-0.016803265749640556,0.9357499425075568,0.9835659957904868,-0.02839784785869426
2021-09-30,VLUE,-0.0352155074590921,-0.044,0.0112,0.0512,-0.0192,0.02,0.0,-0.0352155074590921,-0.02237997183121708,-0.02237997183121708,-0.012835535627875018,0.8675815259682449,0.9391738446793356,-0.04086888189862403
2021-10-31,VLUE,0.024826231105717,0.0663,-0.027,-0.0053,0.0171,-0.0154,0.0,0.024826231105717,0.05749492125039367,0.05749492125039367,-0.032668690144676674,0.9139465365407002,1.0506664921699973,-0.07220243920399516
2021-11-30,VLUE,-0.0094959430540775,-0.0158,-0.017,-0.0037,0.0719,0.017,0.0,-0.0094959430540775,-0.016830594494838008,-0.016830594494838008,0.007334651440760509,0.8957718092211608,1.0161525559961322,-0.06539736748796854
2021-12-31,VLUE,0.0783853671675391,0.0324,-0.0078,0.0325,0.0487999999999999,0.0429,0.0001,0.0782853671675391,0.04726784053308553,0.047367840533085535,0.03101752663445357,1.0443725785528315,1.1116533487589297,-0.03640830544139606
2022-01-31,VLUE,-0.0197314695293526,-0.0615,-0.0401,0.1286,0.0077,0.0773,0.0,-0.0197314695293526,-0.011610072433784407,-0.011610072433784407,-0.008121397095568195,1.0040341033124722,1.0871369004247953,-0.044234016230897955
2022-02-28,VLUE,-0.0215262597090695,-0.0227999999999999,0.0286,0.0306,-0.0203,0.0302999999999999,0.0,-0.0215262597090695,-0.0060594175356716564,-0.0060594175356716564,-0.015466842173397843,0.9608947447387357,1.074490066491014,-0.059016697856557054
2022-03-31,VLUE,0.002870518336089,0.0308,-0.0210999999999999,-0.019,-0.015,0.0321,0.0,0.002870518336089,0.020970903957448626,0.020970903957448626,-0.018100385621359627,0.9665235290586489,1.117993998436078,-0.07604885848861376
2022-04-30,VLUE,-0.0574734219455459,-0.0941,-0.0034999999999999,0.0617999999999999,0.0341,0.0592,0.0,-0.0574734219455459,-0.06473079219604723,-0.06473079219604723,0.007257370250501327,0.853500692507217,0.980894569050837,-0.06934340296129216
2022-05-31,VLUE,0.0390625774918511,-0.0033,-0.0003,0.0843999999999999,0.0155,0.0395,0.0003,0.0387625774918511,0.031632426414962715,0.03193242641496272,0.007130151076888386,0.9259032069394799,1.0441493391128525,-0.06270768082370326
2022-06-30,VLUE,-0.1100558145859029,-0.084,0.0133,-0.06,0.0176,-0.0458,0.0006,-0.1106558145859029,-0.10839986005097801,-0.10779986005097801,-0.0022559545349248866,0.7139463606861529,0.8237903264331878,-0.0648221696816993
2022-07-31,VLUE,0.0585505583654548,0.0957,0.0178,-0.0415,0.0077,-0.0684999999999999,0.0008,0.0577505583654548,0.07426609457538468,0.07506609457538467,-0.016515536209929876,0.8142988771127664,0.9606951435628932,-0.08026713300104482
2022-08-31,VLUE,-0.0356918697720549,-0.0377,0.0149,0.0018,-0.0478,0.0132,0.0019,-0.0375918697720549,-0.03611748199562442,-0.034217481995624424,-0.001474387776430476,0.7495431578632721,0.8936050927891215,-0.0816231758977295
2022-09-30,VLUE,-0.1060340804640921,-0.0934,-0.0097,0.0003,-0.0137,-0.0077,0.0019,-0.1079340804640921,-0.09572255636162418,-0.09382255636162418,-0.012211524102467924,0.5640319578869961,0.7159422222442555,-0.0928379566204024
2022-10-31,VLUE,0.1309552977348611,0.0786,0.0181,0.0797,0.0327,0.0643,0.0023,0.1286552977348611,0.11586769737277154,0.11816769737277154,0.012787600362089549,0.7688502285989256,0.9187111634715757,-0.08123753094600761
2022-11-30,VLUE,0.057355814446582,0.0469,-0.0275,0.0148,0.063,0.0315,0.0029,0.054455814446582,0.051481126969944266,0.054381126969944266,0.002974687476637733,0.8703040740942398,1.023052838870973,-0.07850449973530804
2022-12-31,VLUE,-0.0618202183438699,-0.0638,-0.0019,0.0134,0.0032,0.0428,0.0033,-0.0651202183438699,-0.05560551421339657,-0.052305514213396576,-0.009514704130473325,0.7546814678643046,0.917236019852955,-0.08727225677788908
2023-01-31,VLUE,0.07175758006456,0.0659,0.0438999999999999,-0.0394,-0.0242,-0.0443,0.0034999999999999,0.06825758006456,0.05037478957761433,0.05387478957761423,0.017882790486945667,0.8805931637823772,1.0205267069931554,-0.07095013777422532
2023-02-28,VLUE,-0.0404382089610095,-0.0256999999999999,0.0058,-0.008,0.0097,-0.0151,0.0034,-0.0438382089610095,-0.029763739483928194,-0.026363739483928193,-0.014074469477081304,0.8045453444546995,0.9672580672696685,-0.0840260217028086
2023-03-31,VLUE,-0.0033524877484299,0.0249,-0.0689,-0.0905,0.0227,-0.021,0.0036,-0.00695248774843,-0.02227179520082579,-0.01867179520082579,0.015319307452395792,0.798495628295929,0.9305258275304369,-0.06999393471087978
2023-04-30,VLUE,-0.0109081906986687,0.0063,-0.0256999999999999,-0.0012,0.0242,0.0285,0.0034999999999999,-0.0144081906986687,0.004011227319349192,0.007511227319349092,-0.018419418018017893,0.7788772950117551,0.9450264458668927,-0.08712410518673219
2023-05-31,VLUE,-0.0366892632894644,0.0033,-0.0043,-0.0779,-0.0178,-0.0708,0.0036,-0.0402892632894644,-0.03501028572577062,-0.03141028572577062,-0.005278977563693783,0.7136115975754185,0.8839326094580333,-0.0919431565538883
2023-06-30,VLUE,0.0697789732950049,0.0646,0.0128,-0.0013,0.0232,-0.0154,0.004,0.0657789732950049,0.06326575920450467,0.06726575920450467,0.002513214090500232,0.8331856554806443,1.0106567667233515,-0.0896610152999644
2023-07-31,VLUE,0.0373174515454803,0.0321,0.0286,0.0406,-0.0059,0.0066,0.0045,0.0328174515454803,0.050406570250172485,0.05490657025017248,-0.017589118704692187,0.9015954723529129,1.1210550337344318,-0.10567307576336227
2023-08-31,VLUE,-0.0290883362329191,-0.0236,-0.0365,-0.0115,0.0335,-0.0241,0.0045,-0.0335883362329191,-0.03504479970091967,-0.03054479970091967,0.001456463468000574,0.8462812238741149,1.056267832574386,-0.10437052126976232
2023-09-30,VLUE,-0.0324365245849742,-0.0523,-0.0178,0.0149,0.0187,-0.0077,0.0043,-0.0367365245849742,-0.049667621419829666,-0.04536762141982967,0.012931096834855466,0.7863942775651458,0.9629798520083777,-0.09278904975215052
2023-10-31,VLUE,-0.0360449997355515,-0.0315,-0.0403,0.002,0.0241,-0.0069,0.0046999999999999,-0.0407449997355515,-0.03708327633578863,-0.03238327633578873,-0.0036617233997628673,0.7220036963027194,0.8994121330192046,-0.09611100531719419
2023-11-30,VLUE,0.082332746131547,0.0888,-0.002,0.0167,-0.0373,-0.0108,0.0044,0.077932746131547,0.09023515417117427,0.09463515417117427,-0.01230240803962726,0.8637809894679969,1.0791632930620763,-0.10723101655231049
2023-12-31,VLUE,0.0757556912837638,0.0486,0.0727,0.0489,-0.0297,0.0129,0.0043,0.0714556912837638,0.0758975747610542,0.0801975747610542,-0.004441883477290395,1.0049730067266824,1.2459071466978617,-0.1111965923489241
2024-01-31,VLUE,-0.0085013323025111,0.0073,-0.0572,-0.0237999999999999,0.0067,-0.0097,0.0046999999999999,-0.0132013323025111,-0.011970750352655525,-0.0072707503526556255,-0.001230581949855574,0.9879280649389339,1.2295777165189765,-0.1122903377793496
2024-02-29,VLUE,0.025224315545363,0.0507,-0.0081999999999999,-0.0343,-0.0206,-0.0217,0.0042,0.021024315545363,0.031886331075890534,0.036086331075890536,-0.010862015530527534,1.0380721897304368,1.3100349961567082,-0.12193265391698971
2024-03-31,VLUE,0.0601579622742682,0.0283999999999999,-0.0121,0.0416,0.0133,0.0113999999999999,0.0043,0.0558579622742682,0.04235957708361655,0.046659577083616545,0.013498385190651656,1.160678459632476,1.417820252125734,-0.110080162656228
2024-04-30,VLUE,-0.0679531734516377,-0.0465,-0.0259,-0.0045,0.0113999999999999,-0.0031,0.0046999999999999,-0.0726531734516377,-0.05241216626722466,-0.04771216626722476,-0.02024100718441304,1.013853501491853,1.3024608102520476,-0.12809303647745496
2024-05-31,VLUE,0.0313026241575868,0.0432,0.0059,-0.0131,0.0317,-0.0285,0.0044,0.0269026241575868,0.03584808475527107,0.04024808475527107,-0.008945460597684269,1.076892400757493,1.395130448088762,-0.13589264586449246
2024-06-30,VLUE,-0.000546211106898,0.0279999999999999,-0.0432,-0.0336,0.0056,-0.018,0.0040999999999999,-0.004646211106898,0.00595554229962478,0.01005554229962468,-0.01060175340652278,1.0757579790603673,1.4192147836226376,-0.14505369894980003
2024-07-31,VLUE,0.0399186920613932,0.0121999999999999,0.0834,0.0562,0.0026,0.0028,0.0045,0.0354186920613932,0.04459648006906423,0.049096480069064224,-0.00917778800767103,1.1586195226204579,1.537989714029552,-0.15290021485878125
2024-08-31,VLUE,0.0040896777056094,0.0161,-0.0355,-0.011,0.0076,0.0081999999999999,0.0048,-0.0007103222943905,0.006250389594728202,0.011050389594728201,-0.006960711889118702,1.167447580757012,1.5660354891569916,-0.1587966324044836
2024-09-30,VLUE,0.0172669480899192,0.0173,-0.0092,-0.0276,0.002,-0.0029,0.004,0.0132669480899192,0.003721817137972188,0.007721817137972188,0.009545130951947011,1.2048727856215642,1.5858499459738091,-0.15076723610356557
2024-10-31,VLUE,-0.0130226155977735,-0.01,-0.0089,0.0086,-0.0148,0.0098,0.0039,-0.0169226155977735,-0.008778569687375642,-0.004878569687375643,-0.008144045910397857,1.1761595748924223,1.5732346968112791,-0.15768342672135216
2024-11-30,VLUE,0.064578978033531,0.0649,0.0458999999999999,0.0016,-0.0231,-0.0204999999999999,0.004,0.060578978033531,0.0674219557768675,0.07142195577686751,-0.0068429777433365035,1.3166937362768585,1.7570201515304356,-0.1634473802851415
2024-12-31,VLUE,-0.0718408381518526,-0.0315,-0.0383,-0.03,0.0189,-0.0121,0.0037,-0.0755408381518526,-0.04967660581248041,-0.045976605812480406,-0.02586423233937219,1.1502605165215818,1.6302617228064555,-0.185084171605557
2025-01-31,VLUE,0.041568019137794,0.0279999999999999,-0.0123,0.0163,-0.0235,-0.0324,0.0037,0.037868019137794,0.027326896303117486,0.031026896303117488,0.010541122834676515,1.239642586823594,1.7118705805300305,-0.17649404375852895
2025-02-28,VLUE,0.0105455330385206,-0.0243,-0.0491,0.0491,0.0108,0.0306,0.0033,0.0072455330385206,-0.010505064970234386,-0.007205064970234386,0.017750598008754986,1.2632608117174202,1.692331376806444,-0.16187632057147128
2025-03-31,VLUE,-0.034522302621727,-0.0639,-0.0149,0.0289999999999999,0.0210999999999999,-0.0046999999999999,0.0034,-0.037922302621727,-0.054949728309645035,-0.051549728309645035,0.017027425687918034,1.185127837063416,1.5535424258125397,-0.14760523190271768
2025-04-30,VLUE,-0.0383497051032879,-0.0084,-0.0186,-0.0341,-0.0285,-0.0266999999999999,0.0034999999999999,-0.0418497051032879,-0.02847896354202895,-0.02497896354202905,-0.013370741561258951,1.1013288288990486,1.4897575826551441,-0.15900238205511574
2025-05-31,VLUE,0.0431940614270907,0.0605999999999999,-0.0072,-0.0288,0.0129,0.0250999999999999,0.0038,0.0393940614270907,0.04894681716868797,0.05274681716868797,-0.009552755741597273,1.1920937554130306,1.6210843706618094,-0.16703622687860842
2025-06-30,VLUE,0.065298013013205,0.0486,-0.0002,-0.0161,-0.032,0.0144,0.0034,0.061898013013205,0.04057159136792847,0.04397159136792847,0.021326421645276532,1.3352331219801563,1.7363376215494144,-0.1492720902377812
2025-07-31,VLUE,-0.0022965947319826,0.0197999999999999,-0.0014,-0.0127,-0.0028,-0.0207,0.0034,-0.0056965947319826,0.011366929845982088,0.014766929845982088,-0.017063524577964687,1.3298700378942652,1.7767449272417561,-0.16378850683516932
2025-08-31,VLUE,0.0595838457850055,0.0185,0.0487999999999999,0.0441999999999999,-0.0069,0.0208,0.0038,0.0557838457850055,0.042428083118671286,0.046228083118671284,0.01335576266633421,1.468692654931262,1.9051085225376365,-0.1526202645935988
2025-09-30,VLUE,0.0505662089415221,0.0339,-0.0218,-0.0105,-0.0204999999999999,-0.0222,0.0033,0.0472662089415222,0.022460518582355177,0.025760518582355178,0.02480569035916702,1.5935250835329176,1.9799456246162261,-0.13160042526047477
2025-10-31,VLUE,0.0428628252870826,0.0196,-0.0131,-0.031,-0.0524,-0.0403,0.0037,0.0391628252870826,-0.0008450564975908846,0.0028549435024091156,0.04000788178467348,1.7046908960660554,1.988453201014757,-0.09685759773243519
2025-11-30,VLUE,0.0249980198956158,-0.0013,0.0147,0.0375999999999999,0.0144,0.0068,0.003,0.0219980198956158,0.015040814942752244,0.018040814942752243,0.006957204952863557,1.7723028128974057,2.0423673321793396,-0.09057425093823834
2025-12-31,VLUE,0.0290000290636924,-0.0036,-0.0022,0.0242,0.004,0.0037,0.0034,0.0256000290636924,0.004600712087312677,0.008000712087312676,0.02099931697637972,1.8526996750447866,2.0667084372679523,-0.07147693136720878
2026-01-31,VLUE,0.0764278653136159,0.0103,0.0326,0.0372,0.0182,0.0183,0.003,0.0734278653136158,0.029980057862191566,0.03298005786219157,0.04344780745142423,2.070725421589305,2.16784865897552,-0.031134639867045788
2026-02-28,VLUE,0.0245278142731628,-0.0116999999999999,0.0063,0.0283,0.0162,0.0507,0.0028,0.0217278142731628,0.003748128383123838,0.0065481283831238385,0.01797968589003896,2.1460436044139275,2.188592138692799,-0.013714745022115782
2015-02-28,VTV,0.053066617781319,0.0613999999999999,0.0036,-0.0179,-0.011,-0.0175,0.0,0.053066617781319,0.043489344360321223,0.043489344360321223,0.009577273420997776,0.05306661778131905,0.04348934436032126,0.00957727342099779
2015-03-31,VTV,-0.0132680993978506,-0.0109,0.0308,-0.0038,0.0007,-0.0062,0.0,-0.0132680993978506,-0.01273401526738205,-0.01273401526738205,-0.0005340841304685498,0.039094425224038165,0.03020153511788637,0.009038074220782066
2015-04-30,VTV,0.0127833420159422,0.006,-0.0301,0.018,0.0005,-0.0062,0.0,0.0127833420159422,0.009642943512646902,0.009642943512646902,0.0031403985032952986,0.052377524648535845,0.04013571032767027,0.012206855878833078
2015-05-31,VTV,0.0117970423418425,0.0138,0.0081999999999999,-0.0111,-0.0176,-0.0083,0.0,0.0117970423418425,0.004876792878098347,0.004876792878098347,0.006920249463744152,0.06479246686641815,0.0452082367520521,0.01921157983042665
2015-06-30,VTV,-0.0222884092066512,-0.0154,0.0289999999999999,-0.0081999999999999,0.0034999999999999,-0.0154,0.0,-0.0222884092066512,-0.019350481602561708,-0.019350481602561708,-0.0029379276040894936,0.041059936644739725,0.02498295399593564,0.01621720999563525
2015-07-31,VTV,0.0100763174106415,0.0157,-0.0458,-0.0416,0.0031,-0.0243999999999999,0.0,0.0100763174106415,-0.0024030260337443974,-0.0024030260337443974,0.012479343444385897,0.051549987009874565,0.022519893273339253,0.02889893357326656
2015-08-31,VTV,-0.0584323274783018,-0.0602,0.0029,0.0275,0.0066,0.0129,0.0,-0.0584323274783018,-0.0418571373698121,-0.0418571373698121,-0.0165751901084897,-0.009894526190890485,-0.020279862362768575,0.011844738146867373
2015-09-30,VTV,-0.0253732261293089,-0.0306,-0.0279999999999999,0.0055,0.018,-0.0059,0.0,-0.0253732261293089,-0.02427671796366538,-0.02427671796366538,-0.0010965081656435192,-0.0350166962697156,-0.04406425182751106,0.0107352421291258
2015-10-31,VTV,0.0764818954625947,0.0775,-0.0206,-0.0046999999999999,0.0095,0.0060999999999999,0.0,0.0764818954625947,0.06832902932290366,0.06832902932290366,0.008152866139691045,0.03878705588933329,0.02125390994017895,0.01897563126087265
2015-11-30,VTV,0.005446748321197,0.0056999999999999,0.033,-0.0043,-0.0265,-0.0106,0.0,0.005446748321197,-0.0019584751055640144,-0.0019584751055640144,0.007405223426761014,0.044445067542079775,0.019253809581101233,0.026521373476784182
2015-12-31,VTV,-0.0114355873984121,-0.0215,-0.0295,-0.0256999999999999,0.0034,0.0012,0.0001,-0.0115355873984121,-0.025738622739045102,-0.025638622739045103,0.014203035340633002,0.032501224689361896,-0.006878454318083094,0.04110109282219021
2016-01-31,VTV,-0.0475953229745629,-0.0574,-0.0344,0.0208,0.0278,0.0305,0.0001,-0.0476953229745629,-0.03534049068970918,-0.03524049068970918,-0.01235483228485372,-0.016641004571360085,-0.0418765449024362,0.028238463428794214
2016-02-29,VTV,0.0010300644000285,-0.0007,0.0087,-0.0060999999999999,0.0331,0.0194,0.0002,0.0008300644000285,0.003861436313853793,0.004061436313853793,-0.003031371913825293,-0.015628081477721212,-0.03798518750874791,0.025121490230041177
2016-03-31,VTV,0.0669868296457811,0.0695,0.01,0.0121999999999999,0.0068,0.0001,0.0002,0.0667868296457811,0.06441720411767285,0.06461720411767286,0.0023696255281082518,0.050311872536421554,0.02417751999422424,0.027550644282702708
2016-04-30,VTV,0.0151721729678966,0.0091,0.0123,0.0322,-0.0285,0.0177,0.0001,0.0150721729678966,0.017262607623440104,0.017362607623440104,-0.0021904346555435047,0.06624738593677959,0.041959912410632016,0.025299861741139962
2016-05-31,VTV,0.0106406495894866,0.0178,-0.0062,-0.0162,-0.011,-0.0254,0.0001,0.0105406495894866,0.004643131141341179,0.0047431311413411795,0.00589751844814542,0.07759295074623895,0.046902064919216224,0.03134658659063927
2016-06-30,VTV,0.01125416907123,-0.0003,0.0042,-0.0149,0.0144999999999999,0.019,0.0002,0.01105416907123,-0.0002592749475035707,-5.9274947503570695e-05,0.011313444018733571,0.08972036400390282,0.04684000985427672,0.04301466846194435
2016-07-31,VTV,0.0281209095613528,0.0394,0.0247,-0.0124,0.0131,-0.0116,0.0002,0.0279209095613528,0.029009579790004153,0.029209579790004152,-0.0010886702286513547,0.12036429180722097,0.07741776664948374,0.04187916944434322
2016-08-31,VTV,0.0067519358521404,0.0049,0.0166,0.0317,-0.0185,-0.0036,0.0002,0.0065519358521404,0.010450170153130437,0.010650170153130438,-0.003898234300990037,0.12792891963653208,0.0888924491903067,0.03781768032852839
2016-09-30,VTV,-0.0046877320144351,0.0027,0.0181,-0.0118999999999999,-0.0218,0.0003,0.0002,-0.0048877320144351,-0.004083753488415895,-0.003883753488415895,-0.0008039785260192051,0.12264149112994471,0.08466345934225417,0.036983297199621123
2016-10-31,VTV,-0.0109194232177147,-0.0200999999999999,-0.0401999999999999,0.0411,0.0098999999999999,0.0025,0.0002,-0.0111194232177147,-0.0035516197671462482,-0.003351619767146248,-0.007567803450568452,0.11038289356653053,0.08102807985122151,0.02913561142489196
2016-11-30,VTV,0.0599650552844159,0.0484999999999999,0.0696,0.0828999999999999,-0.0024,0.0371,0.0001,0.0598650552844159,0.07186077557601177,0.07196077557601177,-0.011995720291595867,0.17696706516611727,0.15881969889676206,0.016790388488118424
2016-12-31,VTV,0.0272841033477451,0.0181,0.0044,0.0347,0.0124,-0.0032,0.0003,0.0269841033477451,0.026272804216132404,0.026572804216132406,0.000711299131612695,0.20907955620900176,0.18961278787734326,0.01751363060848221
2017-01-31,VTV,0.0049458295419828,0.0194,-0.0144,-0.0276,-0.0051,-0.0106,0.0004,0.0045458295419828,0.006116246651430685,0.006516246651430685,-0.001570417109447885,0.21505945759670775,0.19736459822284802,0.01591570979387824
2017-02-28,VTV,0.0358401655578413,0.0355,-0.023,-0.015,0.0045,-0.018,0.0004,0.0354401655578413,0.023691720976548467,0.024091720976548468,0.01174844458129283,0.2586073897195946,0.22621117203043006,0.027851139209656317
2017-03-31,VTV,-0.009182460006566,0.0017,0.0075,-0.0333,0.0063,-0.0095,0.0003,-0.009482460006566,-0.010109322331767796,-0.009809322331767796,0.0006268623252017966,0.24705027769952603,0.21418287139716874,0.028495460364742486
2017-04-30,VTV,-0.000314583273525,0.0108,0.0040999999999999,-0.0204999999999999,0.0179,-0.016,0.0005,-0.000814583273525,0.0016788288427682018,0.002178828842768202,-0.002493412116293202,0.24665797654091715,0.21682836805776406,0.025930997322316518
2017-05-31,VTV,0.0006292641254583,0.0107,-0.0299,-0.0382,0.0098999999999999,-0.0166,0.0006,2.9264125458384224e-05,-0.003943961475641107,-0.0033439614756411076,0.003973225601099492,0.2474424536822708,0.2127593408725117,0.030007252625839254
2017-06-30,VTV,0.0180111040880057,0.0078,0.0252,0.015,-0.0226,0.0004,0.0006,0.0174111040880057,0.0081775556426411,0.0087775556426411,0.0092335484453646,0.2699102695593394,0.22340440346815282,0.03951787449203681
2017-07-31,VTV,0.0154311346594173,0.0187999999999999,-0.0163999999999999,-0.0023,-0.0075,-0.0015,0.0007,0.0147311346594173,0.014588677144392881,0.01528867714439288,0.0001424575150244193,0.28950642593428655,0.24210863840980612,0.03966596162526037
2017-08-31,VTV,-0.0046915233598645,0.0018,-0.0183,-0.0213,0.002,-0.0237999999999999,0.0009,-0.0055915233598645,-0.009024874880996517,-0.008124874880996518,0.003433351521132017,0.2834566764143205,0.23201666113412145,0.043235500336075594
2017-09-30,VTV,0.0298172438962636,0.0249,0.0475999999999999,0.0315,-0.0154,0.0163,0.0009,0.0289172438962636,0.03124446477597856,0.03214446477597856,-0.0023272208797149585,0.32172581716525417,0.27161917730136587,0.040807660897233644
2017-10-31,VTV,0.0183327870353788,0.0225,-0.0191,0.0013,0.0092,-0.0314,0.0009,0.0174327870353788,0.015119023328655879,0.01601902332865588,0.0023137637067229197,0.34595673509050684,0.2919892745677226,0.043215843888696925
2017-11-30,VTV,0.035218980172659,0.0312,-0.0038,-0.0009,0.0319,-0.001,0.0008,0.034418980172659,0.029638408976259325,0.030438408976259324,0.004780571196399675,0.3933599586569163,0.3313153724999556,0.048203011503619164
2017-12-31,VTV,0.0165186759868798,0.0106,-0.0105,0.0005,0.0073,0.0179,0.0009,0.0156186759868798,0.013196974451510649,0.014096974451510648,0.002421701535369152,0.4163764203470621,0.35008289129299097,0.05074144634595612
2018-01-31,VTV,0.0471217556163043,0.0558,-0.0321,-0.0132,-0.0075,-0.0105,0.0011,0.0460217556163043,0.042307465821312604,0.0434074658213126,0.003714289794991693,0.4831185638873523,0.4086865682527303,0.05464420457729391
2018-02-28,VTV,-0.0443726046626686,-0.0364,0.0034,-0.011,0.0053,-0.0236,0.0011,-0.0454726046626686,-0.039370767495637324,-0.03827076749563733,-0.0061018371670312765,0.4173087301841141,0.3547750521249029,0.04820893737180998
2018-03-31,VTV,-0.0246174444956697,-0.0235,0.0361,-0.0021,-0.0040999999999999,0.0008,0.0012,-0.0258174444956697,-0.022528526196850335,-0.021328526196850335,-0.003288918298819367,0.3824182111855785,0.32587969693481766,0.04476146381670176
2018-04-30,VTV,0.0041674936760942,0.0029,0.0089,0.0053,-0.0242,0.0124,0.0014,0.0027674936760942,0.0033653202667096706,0.004765320266709671,-0.0005978265906154707,0.38817943033841185,0.33219793832584,0.044136877632781735
2018-05-31,VTV,0.0060803440412493,0.0263,0.0471,-0.0314,-0.0197999999999999,-0.0149,0.0014,0.0046803440412493,0.007588480182219687,0.008988480182219687,-0.002908136140970387,0.39662003886585495,0.34417237309327575,0.0411003854428178
2018-06-30,VTV,0.0020479933116213,0.0049,0.0077,-0.0233,0.0083,0.002,0.0014,0.0006479933116213,-0.002028515058225664,-0.0006285150582256642,0.002676508369846964,0.3994803073643285,0.3433275405159357,0.04388689933830636
2018-07-31,VTV,0.0465182239213504,0.032,-0.0192999999999999,0.0049,0.0153,0.0031,0.0016,0.0449182239213504,0.03144568579932211,0.03304568579932211,0.01347253812202829,0.4645816456758227,0.38771872034540156,0.05795070538472746
2018-08-31,VTV,0.0189582358990347,0.0346,0.0065,-0.0391,-0.0029,-0.0256999999999999,0.0016,0.0173582358990347,0.013022280408600751,0.014622280408600752,0.004335955490433949,0.4923475300079416,0.4080103326025566,0.0625379325543487
2018-09-30,VTV,0.006237959766338,0.0006,-0.0249,-0.0162,0.0065,0.0136,0.0015,0.004737959766338,-0.0011047959697424977,0.00039520403025750236,0.005842755736080498,0.5016567338575251,0.4085667839606453,0.06874608215458378
2018-10-31,VTV,-0.0497830344764118,-0.0764,-0.0438,0.0338,0.0103,0.036,0.0019,-0.0516830344764118,-0.04863460945805279,-0.046734609458052793,-0.003048425018359009,0.42689970490415985,0.34273796541665913,0.06548808985947052
2018-11-30,VTV,0.0327088136318816,0.0171,-0.0081,0.0036,-0.0060999999999999,0.004,0.0018,0.0309088136318816,0.01585357556801703,0.01765357556801703,0.015055238063864568,0.4735719014232569,0.36644209155718754,0.08152926670651728
2018-12-31,VTV,-0.0914287981163459,-0.0955,-0.0281,-0.0192,-0.0003,0.0024,0.0019,-0.0933287981163459,-0.08862055903099807,-0.08672055903099807,-0.004708239085347829,0.33884499353811015,0.24794346949386203,0.07643716834106207
2019-01-31,VTV,0.0695252452571646,0.0836,0.0291,-0.0039,-0.0073,-0.0165,0.0021,0.0674252452571646,0.0671189601745684,0.06921896017456841,0.00030628508259619713,0.43192852007517435,0.33432481880887055,0.07676686498807683
2019-02-28,VTV,0.0286368070029252,0.0342,0.0172,-0.0266,0.0016,-0.0154,0.0018,0.0268368070029252,0.018533850337766722,0.02033385033776672,0.008302956665158477,0.4729343807465516,0.36145677997649783,0.08570721360655131
2019-03-31,VTV,0.005672172497136,0.011,-0.0352,-0.0414,0.0088,-0.009,0.0019,0.003772172497136,-0.0032468279881225706,-0.0013468279881225706,0.00701900048525857,0.48128911863110835,0.35962313188060624,0.09332779306570438
2019-04-30,VTV,0.0336337080383557,0.0397,-0.0115,0.0213,0.0161,-0.0218,0.0021,0.0315337080383557,0.03840562649231985,0.04050562649231985,-0.006871918453964149,0.5311103643675403,0.41469551863088006,0.08581453362830427
2019-05-31,VTV,-0.0632807905115849,-0.0692,-0.0156,-0.0245,-0.0048,0.0176,0.0021,-0.0653807905115849,-0.06511666690182252,-0.06301666690182252,-0.0002641236097623706,0.4342204901498816,0.3255461223658169,0.08552774437415
2019-06-30,VTV,0.0711627102395571,0.0699,0.0019,-0.0064,0.0045,-0.0055,0.0018,0.0693627102395571,0.05812639217830537,0.05992639217830537,0.011236318061251735,0.5362835073100531,0.4049813191451428,0.09772507937425123
2019-07-31,VTV,0.0082940594561997,0.0121999999999999,-0.0182,0.005,-0.0013,0.0037,0.0019,0.0063940594561997,0.012606376934281726,0.014506376934281726,-0.0062123174780820255,0.5490255340612618,0.4253625077462866,0.09090566267752553
2019-08-31,VTV,-0.0296850194031512,-0.0255,-0.0325,-0.0476999999999999,0.0053,-0.0062,0.0016,-0.0312850194031512,-0.03689063829731047,-0.035290638297310474,0.005605618894159274,0.5030426810266766,0.37506055504286495,0.09702086407197608
2019-09-30,VTV,0.0345819528012947,0.0141999999999999,0.0029,0.0676,0.0182,0.0338,0.0018,0.0327819528012947,0.04006487877269094,0.04186487877269094,-0.007282925971396237,0.5550208320802725,0.4326272984848436,0.08903134232986276
2019-10-31,VTV,0.0189929088621634,0.0207,0.0025,-0.0192,0.0043,-0.0103,0.0015,0.0174929088621634,0.010428608251852265,0.011928608251852265,0.007064300610311136,0.5845552010227386,0.44971654829937857,0.09672458710613152
2019-11-30,VTV,0.0343767004207089,0.0387,0.0039,-0.02,-0.0163999999999999,-0.0113999999999999,0.0012,0.0331767004207089,0.02361086845315893,0.02481086845315893,0.009565831967549971,0.6390269804683735,0.485685274873602,0.10721567022106937
2019-12-31,VTV,0.0264251140654878,0.0276,0.0098999999999999,0.0173,0.0005,0.0118999999999999,0.0014,0.0250251140654878,0.030874659410185103,0.032274659410185105,-0.005849545344697303,0.6823384553836624,0.5336352611108746,0.1007389619517518
2020-01-31,VTV,-0.0250313267333834,-0.0009,-0.0437,-0.0622,-0.0118999999999999,-0.0219,0.0013,-0.0263313267333834,-0.024114282899848054,-0.022814282899848055,-0.002217043833535347,0.6402272918308185,0.49864647239870874,0.09829857542382459
2020-02-29,VTV,-0.0971329312437864,-0.0815,0.0008,-0.0382,-0.0143,-0.0253,0.0012,-0.0983329312437864,-0.08908447301824211,-0.0878844730182421,-0.009248458225544293,0.4809072070692335,0.36693871693130076,0.0881410069298425
2020-03-31,VTV,-0.1482769320575357,-0.1335,-0.0818,-0.1383,-0.0161,0.0118999999999999,0.0012,-0.1494769320575358,-0.156066554059432,-0.154866554059432,0.006589622001896223,0.2613228297431138,0.15524562822972876,0.09531144485027276
2020-04-30,VTV,0.1066695804039654,0.1358,0.0256999999999999,-0.0134,0.0276,-0.0102,0.0,0.1066695804039654,0.11460888907857499,0.11460888907857499,-0.007939308674609583,0.39586760674575405,0.2876470462940184,0.08661542919477383
2020-05-31,VTV,0.0288150604075667,0.0559,0.0192,-0.05,0.0096,-0.0316,0.0001,0.0287150604075667,0.02831333462813332,0.028413334628133318,0.00040172577943338103,0.43608961615509867,0.32423339270329765,0.08705195062501137
2020-06-30,VTV,-0.0100918921783564,0.0243999999999999,0.0195,-0.0217,0.0014,0.0055,0.0001,-0.0101918921783564,0.015210011837739505,0.015310011837739505,-0.025401904016095905,0.42159675459040424,0.34450742162151515,0.05943876131472514
2020-07-31,VTV,0.0373530527448058,0.0583,-0.0319,-0.0144,0.0038,0.0097,0.0001,0.0372530527448058,0.04897627502330925,0.04907627502330925,-0.011723222278503448,0.47469773314646435,0.4104908376158931,0.047018725225370206
2020-08-31,VTV,0.0418156104991704,0.0762,-0.0089,-0.0302,0.0426999999999999,-0.0151,0.0001,0.0417156104991704,0.058815963106033625,0.05891596310603363,-0.017100352606863226,0.5363631191597265,0.4935912637662696,0.029114335838027916
2020-09-30,VTV,-0.0221558613799642,-0.0364,-0.0001,-0.0272,-0.0138,-0.0192999999999999,0.0001,-0.0222558613799642,-0.04524717657820887,-0.04514717657820887,0.02299131519824467,0.5023236708623342,0.42615983524534373,0.05277502790831212
2020-10-31,VTV,-0.0181801684160849,-0.0208,0.0467,0.0425,-0.0077,-0.0056999999999999,0.0001,-0.0182801684160849,-0.008658158377014304,-0.008558158377014305,-0.009622010039070594,0.47501117351058597,0.4139545335043775,0.04264521602089544
2020-11-30,VTV,0.12757021230769,0.1244,0.0712,0.0209,-0.0225,0.0128,0.0001,0.12747021230769,0.11320403082470865,0.11330403082470865,0.014266181482981366,0.6631786620715465,0.5741612815532939,0.057519781895011945
2020-12-31,VTV,0.0351062894604061,0.0463,0.0493,-0.0168,-0.0197,-0.0006,0.0001,0.0350062894604061,0.031999127669239444,0.03209912766923945,0.0030071617911666543,0.7215666936066012,0.6246904855018467,0.06069991497652949
2021-01-31,VTV,-0.0079018065925678,-0.0007,0.0681,0.0322,-0.0365,0.0496999999999999,0.0,-0.0079018065925678,0.012730160495563489,0.012730160495563489,-0.020631967088131288,0.7079632065575154,0.6453730561379001,0.03881558924035011
2021-02-28,VTV,0.0499915387208143,0.0281,0.045,0.072,0.0033,-0.0199,0.0,0.0499915387208143,0.041355472000788734,0.041355472000788734,0.008636066720025565,0.7933469153318615,0.7134182354918632,0.047786869978832414
2021-03-31,VTV,0.0666661827190351,0.0316,-0.0084,0.0735,0.0635,0.0352,0.0,0.0666661827190351,0.06202861567319435,0.06202861567319435,0.00463756704584075,0.9129025084679934,0.8196991967086309,0.052646051838110886
2021-04-30,VTV,0.0343827789018513,0.0496999999999999,-0.0316,-0.0102,0.0243,-0.0272,0.0,0.0343827789018513,0.037978292275120784,0.037978292275120784,-0.0035955133732694863,0.9786734124774452,0.8888082646540338,0.04886124888140775
2021-05-31,VTV,0.0291955892359583,0.0029,0.0127,0.0704,0.0233999999999999,0.0301,0.0,0.0291955892359583,0.030683084271483634,0.030683084271483634,-0.0014874950355253345,1.0364419486602485,0.9467627278110882,0.04730107298074171
2021-06-30,VTV,-0.0124320110947149,0.0273,-0.003,-0.0786,-0.0214,-0.0093,0.0,-0.0124320110947149,-0.003764157253824268,-0.003764157253824268,-0.008667853840890633,1.0111248797607613,0.9394348067677234,0.03822322035273662
2021-07-31,VTV,0.0101120382014758,0.0134,-0.0455,-0.0179,0.055,-0.0059,0.0,0.0101120382014758,0.011233921847650498,0.011233921847650498,-0.0011218836461746977,1.0314614513728406,0.9612222658155651,0.03705845470074398
2021-08-31,VTV,0.0208856950448581,0.0295,-0.0066,-0.0023,-0.0026,-0.0172,0.0,0.0208856950448581,0.02135479412621802,0.02135479412621802,-0.0004690990813599194,1.0738899357415987,1.0031037635378115,0.036571971532327385
2021-09-30,VTV,-0.0394234361692945,-0.044,0.0112,0.0512,-0.0192,0.02,0.0,-0.0394234361692945,-0.02209264724674067,-0.02209264724674067,-0.01733078892255383,0.9921300682377476,0.9588498986913521,0.01860736149066522
2021-10-31,VTV,0.0544434216272429,0.0663,-0.027,-0.0053,0.0171,-0.0154,0.0,0.0544434216272429,0.055297103699108924,0.055297103699108924,-0.0008536820718660215,1.1005884454791235,1.067168624670277,0.017737794647889826
2021-11-30,VTV,-0.0304051022167918,-0.0158,-0.017,-0.0037,0.0719,0.017,0.0,-0.0304051022167918,-0.004682795384507089,-0.004682795384507089,-0.02572230683228471,1.036719839078919,1.0574884969756733,-0.008440769180856011
2021-12-31,VTV,0.0695498893820469,0.0324,-0.0078,0.0325,0.0487999999999999,0.0429,0.0001,0.0694498893820469,0.05046197119978413,0.05056197119978413,0.018987918182262767,1.1783734785890783,1.1615191711036448,0.010386876366805353
2022-01-31,VTV,-0.0107400636138339,-0.0615,-0.0401,0.1286,0.0077,0.0773,0.0,-0.0107400636138339,-0.00015590000624977028,-0.00015590000624977028,-0.01058416360758413,1.1549776088543426,1.1611821902513606,-0.00030722363961677157
2022-02-28,VTV,-0.0115441808592207,-0.0227999999999999,0.0286,0.0306,-0.0203,0.0302999999999999,0.0,-0.0115441808592207,-0.008247735694665814,-0.008247735694665814,-0.0032964451645548856,1.130100157590157,1.1433573307581484,-0.0036026560582903544
2022-03-31,VTV,0.0328219189674241,0.0308,-0.0210999999999999,-0.019,-0.015,0.0321,0.0,0.0328219189674241,0.025617003395406776,0.025617003395406776,0.007204915572017322,1.2000141323550784,1.19826372277775,0.0035763026809918497
2022-04-30,VTV,-0.0479091611416102,-0.0941,-0.0034999999999999,0.0617999999999999,0.0341,0.0592,0.0,-0.0479091611416102,-0.04987707122416195,-0.04987707122416195,0.0019679100825517465,1.0946133007742591,1.088620766507273,0.005551250605647873
2022-05-31,VTV,0.0240934219801827,-0.0033,-0.0003,0.0843999999999999,0.0155,0.0395,0.0003,0.0237934219801827,0.03061409470201725,0.030914094702017253,-0.00682067272183455,1.1450797029151167,1.1531885866796787,-0.0013072853797646555
2022-06-30,VTV,-0.0788590314210673,-0.084,0.0133,-0.06,0.0176,-0.0458,0.0006,-0.0794590314210673,-0.09856172770408889,-0.09796172770408888,0.01910269628302158,0.9759207952222397,0.9422585126558121,0.017770438227692198
2022-07-31,VTV,0.0505763705374378,0.0957,0.0178,-0.0415,0.0077,-0.0684999999999999,0.0008,0.0497763705374377,0.05865959036316651,0.05945959036316651,-0.00888321982572881,1.0758556975140285,1.0577444081976997,0.00872935969278732
2022-08-31,VTV,-0.0267774972180202,-0.0377,0.0149,0.0018,-0.0478,0.0132,0.0019,-0.0286774972180202,-0.035470855667015966,-0.03357085566701597,0.006793358448995767,1.020269477348835,0.9886641676704855,0.015582019811206438
2022-09-30,VTV,-0.0781171030064284,-0.0934,-0.0097,0.0003,-0.0137,-0.0077,0.0019,-0.0800171030064284,-0.08453212029789176,-0.08263212029789176,0.00451501729146335,0.8624518784860329,0.824336630935431,0.020167390191553336
2022-10-31,VTV,0.1173470203879618,0.0786,0.0181,0.0797,0.0327,0.0643,0.0023,0.1150470203879618,0.10669086943578907,0.10899086943578906,0.008356150952172736,1.081005057042331,1.023172666484642,0.0286920629004781
2022-11-30,VTV,0.0599405665718937,0.0469,-0.0275,0.0148,0.063,0.0315,0.0029,0.0570405665718937,0.0575612394692052,0.0604612394692052,-0.0005206728973115027,1.2057416792004245,1.1454961935605201,0.028156450823646262
2022-12-31,VTV,-0.0330206748234592,-0.0638,-0.0019,0.0134,0.0032,0.0428,0.0033,-0.0363206748234592,-0.04394946891390329,-0.040649468913903294,0.007628794090444091,1.1329066004669963,1.0582829127354838,0.036000044679741716
2023-01-31,VTV,0.0278548154616862,0.0659,0.0438999999999999,-0.0394,-0.0242,-0.0443,0.0034999999999999,0.0243548154616862,0.034013866885743455,0.037513866885743354,-0.009659051424057253,1.192318320220017,1.1354970639370427,0.025993266972854423
2023-02-28,VTV,-0.0323677653631349,-0.0256999999999999,0.0058,-0.008,0.0097,-0.0151,0.0034,-0.0357677653631349,-0.02717366357349159,-0.02377366357349159,-0.008594101789643305,1.1213578752298332,1.0847284751768242,0.017175776401000986
2023-03-31,VTV,-0.0046176849971263,0.0249,-0.0689,-0.0905,0.0227,-0.021,0.0036,-0.0082176849971263,-0.005888661261010036,-0.0022886612610100365,-0.002329023736116263,1.1115621127958488,1.0799572378759628,0.014806749873960579
2023-04-30,VTV,0.0177394146957061,0.0063,-0.0256999999999999,-0.0012,0.0242,0.0285,0.0034999999999999,0.0142394146957061,0.012864221003916036,0.016364221003915935,0.001375193691790063,1.1490199887704757,1.1139941177952593,0.016202305714773324
2023-05-31,VTV,-0.0411924949234058,0.0033,-0.0043,-0.0779,-0.0178,-0.0708,0.0036,-0.0447924949234058,-0.03544084520207361,-0.031840845202073614,-0.009351649721332185,1.0604964937927503,1.0466827583324463,0.006699137705718616
2023-06-30,VTV,0.0613379788713959,0.0646,0.0128,-0.0013,0.0232,-0.0154,0.004,0.0573379788713959,0.05486190737484099,0.058861907374841,0.0024760714965549047,1.1868831841935954,1.167154409279095,0.009191796746198078
2023-07-31,VTV,0.0345530170139514,0.0321,0.0286,0.0406,-0.0059,0.0066,0.0045,0.0300530170139514,0.03976808837704501,0.04426808837704501,-0.009715071363093613,1.262446596064561,1.2630901921957647,-0.00061257357823985
2023-08-31,VTV,-0.0238079324807858,-0.0236,-0.0365,-0.0115,0.0335,-0.0241,0.0045,-0.0283079324807858,-0.024851764642184346,-0.020351764642184345,-0.003456167838601455,1.2085824202640723,1.2170323132401606,-0.004066624259741469
2023-09-30,VTV,-0.0328091918333405,-0.0523,-0.0178,0.0149,0.0187,-0.0077,0.0043,-0.0371091918333405,-0.040888678564088454,-0.036588678564088456,0.0037794867307479538,1.1361206159578847,1.1359140305648188,-0.00030250728142222627
2023-10-31,VTV,-0.0263900475336708,-0.0315,-0.0403,0.002,0.0241,-0.0069,0.0046999999999999,-0.0310900475336708,-0.025444475685623077,-0.020744475685623178,-0.005645571848047724,1.0797482913651022,1.0916056138911854,-0.005946371302878117
2023-11-30,VTV,0.0667957257621019,0.0888,-0.002,0.0167,-0.0373,-0.0108,0.0044,0.0623957257621019,0.0764183766245513,0.0808183766245513,-0.014022650862449394,1.2186665878893255,1.260645784144669,-0.019885638276648687
2023-12-31,VTV,0.0508996752272969,0.0486,0.0727,0.0489,-0.0297,0.0129,0.0043,0.0465996752272969,0.054590857385335506,0.058890857385335504,-0.00799118215803861,1.3315959966505475,1.3937771526174925,-0.02771791067688978
2024-01-31,VTV,0.0086957539453604,0.0073,-0.0572,-0.0237999999999999,0.0067,-0.0097,0.0046999999999999,0.0039957539453604,-0.0011668569735957624,0.0035331430264041374,0.005162610918956162,1.3518709817374082,1.4022347096710281,-0.022698396546244726
2024-02-29,VTV,0.0333555561067191,0.0507,-0.0081999999999999,-0.0343,-0.0206,-0.0217,0.0042,0.0291555561067191,0.02775292290235832,0.03195292290235832,0.0014026332043607821,1.430318946224515,1.4789931301425154,-0.021327600866565377
2024-03-31,VTV,0.0516895081780102,0.0283999999999999,-0.0121,0.0416,0.0133,0.0113999999999999,0.0043,0.0473895081780102,0.040408233995515595,0.044708233995515594,0.006981274182494605,1.5559409372705604,1.5898245350782028,-0.01449522051337504
2024-04-30,VTV,-0.0391133661135816,-0.0465,-0.0259,-0.0045,0.0113999999999999,-0.0031,0.0046999999999999,-0.0438133661135816,-0.04132639544701777,-0.03662639544701787,-0.00248697066656383,1.455969483626406,1.4949685975180396,-0.016946141991716734
2024-05-31,VTV,0.0299699003351248,0.0432,0.0059,-0.0131,0.0317,-0.0285,0.0044,0.0255699003351248,0.031232354181642788,0.03563235418164279,-0.005662453846517989,1.5295746442767975,1.583870202256879,-0.022512639091330056
2024-06-30,VTV,0.0015308662844515,0.0279999999999999,-0.0432,-0.0336,0.0056,-0.018,0.0040999999999999,-0.0025691337155484,0.012098872692015,0.0161988726920149,-0.014668006407563399,1.5334470848137243,1.6257259867159286,-0.03685042996445065
2024-07-31,VTV,0.0473786831056042,0.0121999999999999,0.0834,0.0562,0.0026,0.0028,0.0045,0.0428786831056042,0.02614468042389555,0.03064468042389555,0.01673400268170865,1.6534784714099304,1.7061905204595562,-0.020733082476589226
2024-08-31,VTV,0.0288078066217931,0.0161,-0.0355,-0.011,0.0076,0.0081999999999999,0.0048,0.0240078066217931,0.013298963112729097,0.018098963112729096,0.010708843509064002,1.729919366089399,1.7551697628653709,-0.010246266303227447
2024-09-30,VTV,0.0153044623716658,0.0173,-0.0092,-0.0276,0.002,-0.0029,0.004,0.0113044623716658,0.006310702769885781,0.010310702769885782,0.0049937596017800194,1.7716993143053958,1.7835774993708529,-0.005303674092181687
2024-10-31,VTV,-0.0138055233474247,-0.01,-0.0089,0.0086,-0.0148,0.0098,0.0039,-0.0177055233474247,-0.006121216291525981,-0.002221216291525981,-0.01158430705589872,1.7334345547097119,1.7773945716805253,-0.016826541758872215
2024-11-30,VTV,0.0564010566771966,0.0649,0.0458999999999999,0.0016,-0.0231,-0.0204999999999999,0.004,0.0524010566771966,0.04978499891001899,0.05378499891001899,0.002616057767177611,1.8876031519533019,1.926776735691055,-0.014254503196957646
2024-12-31,VTV,-0.0637269993501925,-0.0315,-0.0383,-0.03,0.0189,-0.0121,0.0037,-0.0674269993501925,-0.03647866691702211,-0.03277866691702211,-0.03094833243317039,1.70358486776516,1.8308408959313485,-0.04476168252651891
2025-01-31,VTV,0.0437092896049373,0.0279999999999999,-0.0123,0.0163,-0.0235,-0.0324,0.0037,0.0400092896049373,0.020796809996650782,0.024496809996650784,0.019212479608286516,1.8217566417218336,1.9001874674897272,-0.02640918583100582
2025-02-28,VTV,0.008092771920996,-0.0243,-0.0491,0.0491,0.0108,0.0306,0.0033,0.004792771920996,0.0005836507701776359,0.003883650770177636,0.0042091211508183644,1.8445924746398439,1.911450782781503,-0.022311224142844588
2025-03-31,VTV,-0.0245878857817162,-0.0639,-0.0149,0.0289999999999999,0.0210999999999999,-0.0046999999999999,0.0034,-0.0279878857817162,-0.046089533352921354,-0.042689533352921354,0.018101647571205155,1.7746499597778698,1.787162307484563,-0.004613446487955253
2025-04-30,VTV,-0.0362394429598392,-0.0084,-0.0186,-0.0341,-0.0285,-0.0266999999999999,0.0034999999999999,-0.0397394429598392,-0.025325868627587664,-0.021825868627587765,-0.014413574332251537,1.6740981908269794,1.7263300691176409,-0.0189605245663248
2025-05-31,VTV,0.0294930470028877,0.0605999999999999,-0.0072,-0.0288,0.0129,0.0250999999999999,0.0038,0.0256930470028877,0.04997821317297204,0.05377821317297204,-0.02428516617008434,1.7529654944593767,1.872947228754533,-0.04278523124664402
2025-06-30,VTV,0.0368730067892275,0.0486,-0.0002,-0.0161,-0.032,0.0144,0.0034,0.0334730067892275,0.03667609236820163,0.04007609236820163,-0.003203085578974127,1.8544756098270865,1.9880837272630685,-0.04585127206841888
2025-07-31,VTV,0.0016974421982516,0.0197999999999999,-0.0014,-0.0127,-0.0028,-0.0207,0.0034,-0.0017025578017483,0.009026374928559764,0.012426374928559764,-0.010728932730308064,1.859320917181087,2.025214775975968,-0.05608826958510582
2025-08-31,VTV,0.0349074069615185,0.0185,0.0487999999999999,0.0441999999999999,-0.0069,0.0208,0.0038,0.0311074069615185,0.03108839963584612,0.03488839963584612,1.9007325672379394e-05,1.9591323960707094,2.1307596780644844,-0.05607032834743997
2025-09-30,VTV,0.0230181304410359,0.0339,-0.0218,-0.0105,-0.0204999999999999,-0.0222,0.0033,0.0197181304410359,0.02033305185594142,0.02363305185594142,-0.0006149214149055206,2.02724609155576,2.2047490838846726,-0.056650770916703785
2025-10-31,VTV,-0.0039144979826284,0.0196,-0.0131,-0.031,-0.0524,-0.0403,0.0037,-0.0076144979826284,-0.004944466971488802,-0.0012444669714888022,-0.0026700310111395977,2.0153959428374453,2.200760879497869,-0.059169542612690806
2025-11-30,VTV,0.0254091488677368,-0.0013,0.0147,0.0375999999999999,0.0144,0.0068,0.003,0.0224091488677368,0.012033944220543824,0.015033944220543823,0.010375204647192975,2.0920145872441713,2.2488809400235388,-0.049408234078985314
2025-12-31,VTV,0.0078722778223907,-0.0036,-0.0022,0.0242,0.004,0.0037,0.0034,0.0044722778223907,0.004745720012847054,0.008145720012847054,-0.0002734421904563543,2.116355785105842,2.2753454145160457,-0.049668165973688505
2026-01-31,VTV,0.0458662538530565,0.0103,0.0326,0.0372,0.0182,0.0183,0.003,0.0428662538530565,0.024204535967790385,0.027204535967790384,0.018661717885266115,2.259291350641948,2.3644496666521846,-0.03193334138970194
2026-02-28,VTV,0.0375969488546952,-0.0116999999999999,0.0063,0.0283,0.0162,0.0507,0.0028,0.0347969488546952,0.008592485099805112,0.011392485099805113,0.026204463754890085,2.381830760854584,2.4027791093485638,-0.0065656737218308114
2015-02-28,VUG,0.0624515022603282,0.0613999999999999,0.0036,-0.0179,-0.011,-0.0175,0.0,0.0624515022603282,0.0741387263359687,0.0741387263359687,-0.011687224075640497,0.06245150226032825,0.07413872633596874,-0.01168722407564049
2015-03-31,VUG,-0.0392960404284856,-0.0109,0.0308,-0.0038,0.0007,-0.0062,0.0,-0.0392960404284856,-0.014848510348382703,-0.014848510348382703,-0.024447530080102895,0.020701365074201172,0.058189366342370485,-0.03584903039360132
2015-04-30,VUG,0.0281038525973238,0.006,-0.0301,0.018,0.0005,-0.0062,0.0,0.0281038525973238,0.008441106427853867,0.008441106427853867,0.019662746169469933,0.049387005784133686,0.06712165540448956,-0.016891174609182436
2015-05-31,VUG,0.0147837419612759,0.0138,0.0081999999999999,-0.0111,-0.0176,-0.0083,0.0,0.0147837419612759,0.018252872639575746,0.018252872639575746,-0.003469130678299846,0.0649008724951623,0.08659969107152077,-0.020301707595453022
2015-06-30,VUG,-0.0164932120087883,-0.0154,0.0289999999999999,-0.0081999999999999,0.0034999999999999,-0.0154,0.0,-0.0164932120087883,-0.01691206898671829,-0.01691206898671829,0.00041885697792998916,0.04733723663675593,0.06822304213517238,-0.01989135412941334
2015-07-31,VUG,0.0326949288046292,0.0157,-0.0458,-0.0416,0.0031,-0.0243999999999999,0.0,0.0326949288046292,0.03955047913744351,0.03955047913744351,-0.006855550332814306,0.08157985302303183,0.11047177527727592,-0.026610538282805574
2015-08-31,VUG,-0.0629581808171763,-0.0602,0.0029,0.0275,0.0066,0.0129,0.0,-0.0629581808171763,-0.07490732791893415,-0.07490732791893415,0.011949147101757845,0.013485553068192768,0.02728930186186007,-0.01497936441744585
2015-09-30,VUG,-0.0286127616612359,-0.0306,-0.0279999999999999,0.0055,0.018,-0.0059,0.0,-0.0286127616612359,-0.028913881891001296,-0.028913881891001296,0.00030112022976539615,-0.015513067508853284,-0.0024136196800629284,-0.014682754777335605
2015-10-31,VUG,0.0897396964871044,0.0775,-0.0206,-0.0046999999999999,0.0095,0.0060999999999999,0.0,0.0897396964871044,0.0886112173710064,0.0886112173710064,0.0011284791160980079,0.07283449100842265,0.08598372391282227,-0.013570844843370677
2015-11-30,VUG,0.0014638732851663,0.0056999999999999,0.033,-0.0043,-0.0265,-0.0106,0.0,0.0014638732851663,0.003924696860449265,0.003924696860449265,-0.002460823575282965,0.07440498475921498,0.09024588082456186,-0.01599827296372658
2015-12-31,VUG,-0.024242139878042,-0.0215,-0.0295,-0.0256999999999999,0.0034,0.0012,0.0001,-0.024342139878042,-0.011898056816395,-0.011798056816395001,-0.012444083061646998,0.04835910883301642,0.07738309797875309,-0.02824327218777012
2016-01-31,VUG,-0.0600618360270974,-0.0574,-0.0344,0.0208,0.0278,0.0305,0.0001,-0.0601618360270974,-0.06678988884096086,-0.06668988884096086,0.006628052813863465,-0.014607264059226077,0.0055325389354199395,-0.021802417273603658
2016-02-29,VUG,-0.0039997836369788,-0.0007,0.0087,-0.0060999999999999,0.0331,0.0194,0.0002,-0.0041997836369788,-0.0036788706393697528,-0.0034788706393697527,-0.0005209129976090471,-0.018548621800439813,0.002034421308786616,-0.02231197310867561
2016-03-31,VUG,0.0720292879717041,0.0695,0.01,0.0121999999999999,0.0068,0.0001,0.0002,0.0718292879717041,0.0714129119982206,0.0716129119982206,0.00041637597348349875,0.05214462215012228,0.07379302414116062,-0.021904887304715626
2016-04-30,VUG,-0.0078918254772087,0.0091,0.0123,0.0322,-0.0285,0.0177,0.0001,-0.0079918254772087,-0.002510647535107339,-0.0024106475351073392,-0.005481177942101362,0.043841280415329864,0.07120448763429921,-0.027266000661698153
2016-05-31,VUG,0.0249034209428697,0.0178,-0.0062,-0.0162,-0.011,-0.0254,0.0001,0.0248034209428697,0.02900837741142838,0.02910837741142838,-0.004204956468558681,0.06983649921905699,0.10238551214517422,-0.031356304784402655
2016-06-30,VUG,-0.0066137622385402,-0.0003,0.0042,-0.0149,0.0144999999999999,0.019,0.0002,-0.0068137622385402,-7.133901561067737e-05,0.00012866098438932264,-0.006742423222929523,0.0627608549791101,0.10252734615034331,-0.03788731052976857
2016-07-31,VUG,0.0478544005982726,0.0394,0.0247,-0.0124,0.0131,-0.0116,0.0002,0.0476544005982726,0.04404874282243074,0.04424874282243074,0.0036056577758418543,0.11361863867344324,0.15131279514484697,-0.034418261429744135
2016-08-31,VUG,-0.0031157587170581,0.0049,0.0166,0.0317,-0.0185,-0.0036,0.0002,-0.0033157587170581,-0.004392114223095309,-0.004192114223095309,0.0010763555060372084,0.11014887169251808,0.14648636040108864,-0.03337895220890519
2016-09-30,VUG,0.0061646053744373,0.0027,0.0181,-0.0118999999999999,-0.0218,0.0003,0.0002,0.0059646053744373,0.0033206285822562224,0.0035206285822562224,0.002643976792181078,0.11699250139337924,0.15052271305068365,-0.030823228591711715
2016-10-31,VUG,-0.0259152167442483,-0.0200999999999999,-0.0401999999999999,0.0411,0.0098999999999999,0.0025,0.0002,-0.0261152167442483,-0.025608393388896845,-0.025408393388896847,-0.0005068233553514531,0.08804539861806959,0.12128977935463103,-0.03131443001492551
2016-11-30,VUG,0.0121592994797039,0.0484999999999999,0.0696,0.0828999999999999,-0.0024,0.0371,0.0001,0.0120592994797039,0.01480101327079203,0.014901013270792029,-0.002741713791088129,0.10127526846738055,0.137998133237198,-0.033970288601381626
2016-12-31,VUG,0.0116722568365421,0.0181,0.0044,0.0347,0.0124,-0.0032,0.0003,0.0113722568365421,0.011052526540442916,0.011352526540442916,0.0003197302960991841,0.11412963624866368,0.15091728724774778,-0.03366141963571556
2017-01-31,VUG,0.0352532848342519,0.0194,-0.0144,-0.0276,-0.0051,-0.0106,0.0004,0.0348532848342519,0.03262172913410303,0.03302172913410303,0.0022315557001488726,0.15340636565761923,0.18892256616299963,-0.03150498126842982
2017-02-28,VUG,0.0438438927586206,0.0355,-0.023,-0.015,0.0045,-0.018,0.0004,0.0434438927586206,0.0495981283780585,0.0499981283780585,-0.006154235619437898,0.20397619066062234,0.24836646925758799,-0.03746532780995593
2017-03-31,VUG,0.0130565829172824,0.0017,0.0075,-0.0333,0.0063,-0.0095,0.0003,0.0127565829172824,0.010760530456239172,0.011060530456239172,0.001996052461043228,0.2196960056244166,0.2621740646113593,-0.035544058108691656
2017-04-30,VUG,0.0227686243129106,0.0108,0.0040999999999999,-0.0204999999999999,0.0179,-0.016,0.0005,0.0222686243129106,0.01900426593743966,0.01950426593743966,0.003264358375470941,0.24746680575243674,0.28679184322687834,-0.032395728277005986
2017-05-31,VUG,0.0280480979985187,0.0107,-0.0299,-0.0382,0.0098999999999999,-0.0166,0.0006,0.0274480979985187,0.029256488317770644,0.029856488317770644,-0.0018083903192519443,0.28245587697008023,0.3252109288615841,-0.03414553447485669
2017-06-30,VUG,-0.0042439586913428,0.0078,0.0252,0.015,-0.0226,0.0004,0.0006,-0.0048439586913428,0.0009128442598847219,0.001512844259884722,-0.005756802951227521,0.27701318720474943,0.32721576660844875,-0.0397057683124481
2017-07-31,VUG,0.0254249674324023,0.0187999999999999,-0.0163999999999999,-0.0023,-0.0075,-0.0015,0.0007,0.0247249674324023,0.0245161542024203,0.0252161542024203,0.0002088132299819974,0.30948120590017836,0.3606830440391309,-0.03950524617219631
2017-08-31,VUG,0.0117447105939105,0.0018,-0.0183,-0.0213,0.002,-0.0237999999999999,0.0009,0.0108447105939105,0.014520391810359305,0.015420391810359304,-0.003675681216448805,0.324860683691641,0.38166530970792656,-0.0430357186973388
2017-09-30,VUG,0.0103486335662716,0.0249,0.0475999999999999,0.0315,-0.0154,0.0163,0.0009,0.0094486335662716,0.009071334254212972,0.009971334254212972,0.0003772993120586283,0.33857118143352594,0.395442356338475,-0.04267465673233872
2017-10-31,VUG,0.0289261770365218,0.0225,-0.0191,0.0013,0.0092,-0.0314,0.0009,0.0280261770365218,0.032733412295712805,0.0336334122957128,-0.004707235259191006,0.3772909284036583,0.4423758444441077,-0.04718101234268546
2017-11-30,VUG,0.0242331047362622,0.0312,-0.0038,-0.0009,0.0319,-0.001,0.0008,0.0234331047362622,0.03521316324366331,0.03601316324366331,-0.01178005850740111,0.41066696372396816,0.4943203611887901,-0.05840527576425136
2017-12-31,VUG,0.0087440973943335,0.0106,-0.0105,0.0005,0.0073,0.0179,0.0009,0.0078440973943335,0.010674961103423383,0.011574961103423383,-0.0028308637090898835,0.4230019730457393,0.5116170612456041,-0.061070802097760835
2018-01-31,VUG,0.068254510135411,0.0558,-0.0321,-0.0132,-0.0075,-0.0105,0.0011,0.067154510135411,0.07175180418795393,0.07285180418795394,-0.00459729405254293,0.5201282756376997,0.6217410913986394,-0.06538733571503574
2018-02-28,VUG,-0.0292181615177477,-0.0364,0.0034,-0.011,0.0053,-0.0236,0.0011,-0.0303181615177477,-0.0335185101503031,-0.0324185101503031,0.003200348632555399,0.4757129221524221,0.5691666613659692,-0.06239624935292243
2018-03-31,VUG,-0.0249070644669361,-0.0235,0.0361,-0.0021,-0.0040999999999999,0.0008,0.0012,-0.0261070644669361,-0.031010493499337172,-0.029810493499337173,0.004903429032401072,0.43895724526568114,0.5223890288079422,-0.05779877590111149
2018-04-30,VUG,0.0027489065169274,0.0029,0.0089,0.0053,-0.0242,0.0124,0.0014,0.0013489065169274,-0.0011307674389886995,0.00026923256101130046,0.0024796739559160997,0.4429128042147721,0.5227989055050235,-0.05546242406448121
2018-05-31,VUG,0.0438601424582267,0.0263,0.0471,-0.0314,-0.0197999999999999,-0.0149,0.0014,0.0424601424582267,0.03148381185168624,0.03288381185168624,0.010976330606540456,0.5061991653624314,0.5728743382016046,-0.045094867360712665
2018-06-30,VUG,0.0115282465386974,0.0049,0.0077,-0.0233,0.0083,0.002,0.0014,0.0101282465386974,0.00986808542647513,0.01126808542647513,0.00026016111222226974,0.5235630006771097,0.5905976206095707,-0.04484643817933842
2018-07-31,VUG,0.0250988051542908,0.032,-0.0192999999999999,0.0049,0.0153,0.0031,0.0016,0.0234988051542908,0.03672078751070328,0.03832078751070328,-0.013221982356412483,0.5618026115713912,0.6515505740439802,-0.057475461721395726
2018-08-31,VUG,0.0466886584601828,0.0346,0.0065,-0.0391,-0.0029,-0.0256999999999999,0.0016,0.0450886584601828,0.05095389871794455,0.052553898717944546,-0.00586524025776175,0.6347210802852696,0.7383459956398508,-0.0630035945872357
2018-09-30,VUG,0.0047723387573777,0.0006,-0.0249,-0.0162,0.0065,0.0136,0.0015,0.0032723387573777,0.007080250285217981,0.00858025028521798,-0.003807911527840281,0.6425225230542173,0.753261439364747,-0.06657159400095192
2018-10-31,VUG,-0.0906607904980815,-0.0764,-0.0438,0.0338,0.0103,0.036,0.0019,-0.0925607904980815,-0.08996538912349847,-0.08806538912349847,-0.0025954013745830284,0.49361013270321874,0.5988597884718656,-0.06899421536895667
2018-11-30,VUG,0.0057360666799641,0.0171,-0.0081,0.0036,-0.0060999999999999,0.004,0.0018,0.0039360666799641,0.018887728029427356,0.020687728029427355,-0.014951661349463255,0.5021775800182746,0.6319365649329591,-0.08291429857515131
2018-12-31,VUG,-0.0841743690155423,-0.0955,-0.0281,-0.0192,-0.0003,0.0024,0.0019,-0.0860743690155423,-0.0947495985206802,-0.0928495985206802,0.008675229505137896,0.3757327300709421,0.480411910067716,-0.07495836963941027
2019-01-31,VUG,0.0920122616998304,0.0836,0.0291,-0.0039,-0.0073,-0.0165,0.0021,0.0899122616998304,0.09035912482916196,0.09245912482916196,-0.000446863129331565,0.5023170100592518,0.6172894996592451,-0.07537173663711516
2019-02-28,VUG,0.0368803530970345,0.0342,0.0172,-0.0266,0.0016,-0.0154,0.0018,0.0350803530970345,0.04389551059798183,0.04569551059798183,-0.00881515750094733,0.5577229918539182,0.691192369130929,-0.08352248040848642
2019-03-31,VUG,0.0312785388488274,0.011,-0.0352,-0.0414,0.0088,-0.009,0.0019,0.0293785388488274,0.030088667380263317,0.03198866738026332,-0.000710128531435917,0.6064462909703328,0.7452913593030979,-0.08417329724356803
2019-04-30,VUG,0.0470527284035413,0.0397,-0.0115,0.0213,0.0161,-0.0218,0.0021,0.0449527284035413,0.043628952580047786,0.045728952580047784,0.0013237758234935157,0.6820339719942361,0.8251017051110363,-0.08296094799594933
2019-05-31,VUG,-0.0633775796190821,-0.0692,-0.0156,-0.0245,-0.0048,0.0176,0.0021,-0.0654775796190822,-0.06919065126596075,-0.06709065126596074,0.003713071646878549,0.5754307300121706,0.7026544430885215,-0.07955591629287273
2019-06-30,VUG,0.067841537520078,0.0699,0.0019,-0.0064,0.0045,-0.0055,0.0018,0.066041537520078,0.07880381529046904,0.08060381529046903,-0.012762277770391031,0.6823103729925752,0.8398948873227252,-0.09130287936125614
2019-07-31,VUG,0.0229510619359138,0.0121999999999999,-0.0182,0.005,-0.0013,0.0037,0.0019,0.0210510619359138,0.014908372735896477,0.016808372735896478,0.006142689200017324,0.7209211825585582,0.8708205263837159,-0.08572103537222164
2019-08-31,VUG,-0.0057436021423442,-0.0255,-0.0325,-0.0476999999999999,0.0053,-0.0062,0.0016,-0.0073436021423442,-0.009065385384482164,-0.007465385384482164,0.0017217832421379635,0.7110368959676094,0.8568541301690618,-0.08414684517228632
2019-09-30,VUG,0.0028916245145085,0.0141999999999999,0.0029,0.0676,0.0182,0.0338,0.0018,0.0010916245145085,-0.007137024215920266,-0.005337024215920265,0.008228648730428766,0.7159845722012179,0.8469440547109179,-0.07661061127255397
2019-10-31,VUG,0.0259202067483106,0.0207,0.0025,-0.0192,0.0043,-0.0103,0.0015,0.0244202067483106,0.028952507380910476,0.030452507380910477,-0.004532300632599875,0.7604632470895849,0.9031881321691311,-0.08079568958321937
2019-11-30,VUG,0.0399203298942461,0.0387,0.0039,-0.02,-0.0163999999999999,-0.0113999999999999,0.0012,0.0387203298942461,0.04889594914763271,0.05009594914763271,-0.010175619253386614,0.8307415206800968,0.998530148056654,-0.09014916266209227
2019-12-31,VUG,0.0297620007059948,0.0276,0.0098999999999999,0.0173,0.0005,0.0118999999999999,0.0014,0.0283620007059948,0.022560984332364878,0.023960984332364876,0.005801016373629921,0.885228051111072,1.0464168976219983,-0.08487110305713419
2020-01-31,VUG,0.031289586375429,-0.0009,-0.0437,-0.0622,-0.0118999999999999,-0.0219,0.0013,0.029989586375429,0.02595636758579614,0.027256367585796137,0.004033218789632861,0.9442160570536935,1.1021947888173682,-0.08118018799504823
2020-02-29,VUG,-0.0646725301620076,-0.0815,0.0008,-0.0382,-0.0143,-0.0253,0.0012,-0.0658725301620077,-0.07508289860269446,-0.07388289860269445,0.009210368440686761,0.8184786854624291,0.9468785443920618,-0.07271751899588008
2020-03-31,VUG,-0.1059429181652411,-0.1335,-0.0818,-0.1383,-0.0161,0.0118999999999999,0.0012,-0.1071429181652411,-0.09859821590502221,-0.0973982159050222,-0.00854470226021889,0.6258237469032477,0.7572560475845085,-0.08064087170717738
2020-04-30,VUG,0.1508072484280238,0.1358,0.0256999999999999,-0.0134,0.0276,-0.0102,0.0,0.1508072484280238,0.1490846700016866,0.1490846700016866,0.0017225784263371902,0.8710097526026663,1.019235985547113,-0.07905720350672396
2020-05-31,VUG,0.0705966236734523,0.0559,0.0192,-0.05,0.0096,-0.0316,0.0001,0.0704966236734523,0.07565319752101665,0.07575319752101665,-0.00515657384756435,1.0030967239965158,1.1721995680018078,-0.08380611304622387
2020-06-30,VUG,0.0490344358204029,0.0243999999999999,0.0195,-0.0217,0.0014,0.0055,0.0001,0.0489344358204029,0.02825709084446279,0.02835709084446279,0.020677344975940107,1.1013174417513825,1.2337968284839378,-0.06486165598083315
2020-07-31,VUG,0.0756102544562256,0.0583,-0.0319,-0.0144,0.0038,0.0097,0.0001,0.0755102544562256,0.07146534956456853,0.07156534956456853,0.00404490489165707,1.2601985882155096,1.393659279370615,-0.06107911031873392
2020-08-31,VUG,0.1009334666344186,0.0762,-0.0089,-0.0302,0.0426999999999999,-0.0151,0.0001,0.1008334666344186,0.09475006447295564,0.09485006447295564,0.006083402161462956,1.4883282670063198,1.6206980163452065,-0.05536727694900423
2020-09-30,VUG,-0.0471189380294843,-0.0364,-0.0001,-0.0272,-0.0138,-0.0192999999999999,0.0001,-0.0472189380294843,-0.029398231265976137,-0.029298231265976138,-0.01782070676350816,1.3710808815962348,1.5439161997840394,-0.07220129970571021
2020-10-31,VUG,-0.0300514450538532,-0.0208,0.0467,0.0425,-0.0077,-0.0056999999999999,0.0001,-0.0301514450538532,-0.040016469142717295,-0.03991646914271729,0.009865024088864097,1.299826474764704,1.4423720472937012,-0.06304854317769026
2020-11-30,VUG,0.1037279098821133,0.1244,0.0712,0.0209,-0.0225,0.0128,0.0001,0.1036279098821133,0.11701018435094532,0.11711018435094532,-0.013382274468832014,1.5383826680835955,1.728398688005862,-0.07558708473685838
2020-12-31,VUG,0.0416010735410909,0.0463,0.0493,-0.0168,-0.0197,-0.0006,0.0001,0.0415010735410909,0.04701249929651246,0.04711249929651246,-0.005511425755421559,1.6439821121339717,1.8569403692751436,-0.080681917886684
2021-01-31,VUG,-0.0101446256010565,-0.0007,0.0681,0.0322,-0.0365,0.0496999999999999,0.0,-0.0101446256010565,-0.02768294323267079,-0.02768294323267079,0.01753831763161429,1.617159903510482,1.777851851213374,-0.06455862535809409
2021-02-28,VUG,0.0084542395036806,0.0281,0.045,0.072,0.0033,-0.0199,0.0,0.0084542395036806,0.008431077877809515,0.008431077877809515,2.3161625871084834e-05,1.6392860001541893,1.8012721365039717,-0.06453695901495038
2021-03-31,VUG,0.0179516012732181,0.0316,-0.0084,0.0735,0.0635,0.0352,0.0,0.0179516012732181,0.011751847978964385,0.011751847978964385,0.006199753294253714,1.6866654100749443,1.8341922607998753,-0.05873731894495071
2021-04-30,VUG,0.0691332019095922,0.0496999999999999,-0.0316,-0.0102,0.0243,-0.0272,0.0,0.0691332019095922,0.06667420637051945,0.06667420637051945,0.0024589955390727503,1.8724031923331728,2.0231597804901753,-0.05642275821114062
2021-05-31,VUG,-0.0143006631316879,0.0029,0.0127,0.0704,0.0233999999999999,0.0301,0.0,-0.0143006631316879,-0.021291653413792067,-0.021291653413792067,0.006990990282104167,1.831325921901231,1.958791710229463,-0.049826218883380125
2021-06-30,VUG,0.0602116044963305,0.0273,-0.003,-0.0786,-0.0214,-0.0093,0.0,0.0602116044963305,0.052053798875825834,0.052053798875825834,0.008157805620504666,2.0018045985109563,2.1128080588292084,-0.04207488587133079
2021-07-31,VUG,0.0318329516535791,0.0134,-0.0455,-0.0179,0.055,-0.0059,0.0,0.0318329516535791,0.027724454480342588,0.027724454480342588,0.004108497173236511,2.097360899168847,2.1991089641622623,-0.038139253247760796
2021-08-31,VUG,0.0367303953209019,0.0295,-0.0066,-0.0023,-0.0026,-0.0172,0.0,0.0367303953209019,0.036997695109802754,0.036997695109802754,-0.000267299788900853,2.211128189446823,2.3174686222413747,-0.0383963584223197
2021-09-30,VUG,-0.0532480241772411,-0.044,0.0112,0.0512,-0.0192,0.02,0.0,-0.0532480241772411,-0.06552415276066853,-0.06552415276066853,0.012276128583427429,2.040141957978938,2.1000943014589066,-0.026591588472020034
2021-10-31,VUG,0.0826410877830827,0.0663,-0.027,-0.0053,0.0171,-0.0154,0.0,0.0826410877830827,0.08097107791282694,0.08097107791282694,0.0016700098702557564,2.291382596401309,2.3511122786794467,-0.02496598681697826
2021-11-30,VUG,0.0071303640978168,-0.0158,-0.017,-0.0037,0.0719,0.017,0.0,0.0071303640978168,-0.016315469057437994,-0.016315469057437994,0.023445833155254794,2.314851352698868,2.2964373099886517,-0.0021055020231907084
2021-12-31,VUG,0.0157408438425235,0.0324,-0.0078,0.0325,0.0487999999999999,0.0429,0.0001,0.0156408438425235,0.02171761496429348,0.02181761496429348,-0.006076771121769981,2.3670299102028785,2.3683577099719155,-0.008169478491069304
2022-01-31,VUG,-0.0941415318223919,-0.0615,-0.0401,0.1286,0.0077,0.0773,0.0,-0.0941415318223919,-0.10469330151037615,-0.10469330151037615,0.010551769687984242,2.0500525567645687,2.015713220647026,0.002296088741406299
2022-02-28,VUG,-0.0458562816974447,-0.0227999999999999,0.0286,0.0306,-0.0203,0.0302999999999999,0.0,-0.0458562816974447,-0.041763951704467395,-0.041763951704467395,-0.004092329992977303,1.910188487529561,1.8897651193453995,-0.0018056376043940059
2022-03-31,VUG,0.0380151393690433,0.0308,-0.0210999999999999,-0.019,-0.015,0.0321,0.0,0.0380151393690433,0.037340343943034135,0.037340343943034135,0.0006747954260091643,2.0208197084731827,1.9976699428163398,-0.0011320606143813139
2022-04-30,VUG,-0.1287553225324195,-0.0941,-0.0034999999999999,0.0617999999999999,0.0341,0.0592,0.0,-0.1287553225324195,-0.12701159536240203,-0.12701159536240203,-0.0017437271700174728,1.6318730925964284,1.6169311010093161,-0.0028738137795474294
2022-05-31,VUG,-0.0268987386124082,-0.0033,-0.0003,0.0843999999999999,0.0155,0.0395,0.0003,-0.0271987386124082,-0.030816845230213958,-0.030516845230213956,0.0036181066178057573,1.5610790262176466,1.5370706196216815,0.0007338950736042182
2022-06-30,VUG,-0.0845605807905502,-0.084,0.0133,-0.06,0.0176,-0.0458,0.0006,-0.0851605807905502,-0.07142236184436929,-0.07082236184436928,-0.013738218946180908,1.3445126963101859,1.3573892861741164,-0.013014406283781366
2022-07-31,VUG,0.130423026169983,0.0957,0.0178,-0.0415,0.0077,-0.0684999999999999,0.0008,0.129623026169983,0.12308549130457154,0.12388549130457154,0.006537534865411462,1.6502911370569069,1.64943561608793,-0.00656195355320266
2022-08-31,VUG,-0.0500079981027238,-0.0377,0.0149,0.0018,-0.0478,0.0132,0.0019,-0.0519079981027238,-0.04556549301980288,-0.04366549301980288,-0.006342505082920918,1.5177553829032995,1.5337467036872257,-0.01286283941235844
2022-09-30,VUG,-0.1044422905024441,-0.0934,-0.0097,0.0003,-0.0137,-0.0077,0.0019,-0.1063422905024441,-0.09877895445625245,-0.09687895445625246,-0.0075633360461916516,1.2547952437880205,1.288279972177031,-0.020328889481566192
2022-10-31,VUG,0.0410841671892465,0.0786,0.0181,0.0797,0.0327,0.0643,0.0023,0.0387841671892465,0.05263602956361821,0.054936029563618205,-0.013851862374371707,1.3474316285613255,1.4139889883783843,-0.03389915887661543
2022-11-30,VUG,0.0462425941191253,0.0469,-0.0275,0.0148,0.063,0.0315,0.0029,0.0433425941191253,0.04704832577109768,0.04994832577109768,-0.0037057316519723826,1.4559829565832842,1.5345636967777505,-0.037479269342563515
2022-12-31,VUG,-0.0836391606176227,-0.0638,-0.0019,0.0134,0.0032,0.0428,0.0033,-0.0869391606176227,-0.0791990550586867,-0.0758990550586867,-0.007740105558936006,1.2505666036034713,1.3421927072062676,-0.04492928140051633
2023-01-31,VUG,0.1038431372891812,0.0659,0.0438999999999999,-0.0394,-0.0242,-0.0443,0.0034999999999999,0.1003431372891812,0.08198000080085198,0.08548000080085189,0.018363136488329226,1.4842725003999129,1.5424033416940088,-0.02739118743886737
2023-02-28,VUG,-0.0142407293610092,-0.0256999999999999,0.0058,-0.008,0.0097,-0.0151,0.0034,-0.0176407293610092,-0.024373526984128036,-0.020973526984128035,0.0067327976231188365,1.44889464806272,1.4890801766024522,-0.020842809137431306
2023-03-31,VUG,0.0776211153292552,0.0249,-0.0689,-0.0905,0.0227,-0.021,0.0036,0.0740211153292551,0.06512900764268016,0.06872900764268017,0.008892107686574932,1.638980581969192,1.6601521870834057,-0.012136037954197154
2023-04-30,VUG,0.0103832983850158,0.0063,-0.0256999999999999,-0.0012,0.0242,0.0285,0.0034999999999999,0.0068832983850158,0.007179177793269737,0.010679177793269637,-0.00029587940825393736,1.666381904784041,1.6885604252464241,-0.012428326558722613
2023-05-31,VUG,0.0517001306835107,0.0033,-0.0043,-0.0779,-0.0178,-0.0708,0.0036,0.0481001306835107,0.03561778551826259,0.03921778551826259,0.012482345165248106,1.8042341977135243,1.7939998113566271,-0.000101116055406969
2023-06-30,VUG,0.0691095616163843,0.0646,0.0128,-0.0013,0.0232,-0.0154,0.004,0.0651095616163843,0.07132477050137556,0.07532477050137557,-0.006215208884991261,1.9980335937871794,2.0044572059279515,-0.006315696482992239
2023-07-31,VUG,0.0335735793373672,0.0321,0.0286,0.0406,-0.0059,0.0066,0.0045,0.0290735793373672,0.019335093567559587,0.023835093567559588,0.009738485769807612,2.0986883125042857,2.076068724550973,0.003361283966489159
2023-08-31,VUG,-0.0108732743813421,-0.0236,-0.0365,-0.0115,0.0335,-0.0241,0.0045,-0.0153732743813421,-0.012777338050116546,-0.008277338050116545,-0.002595936331225554,2.0649954242601685,2.0506070638524734,0.0007566219560954934
2023-09-30,VUG,-0.0573919682438361,-0.0523,-0.0178,0.0149,0.0187,-0.0077,0.0043,-0.0616919682438361,-0.05642337398345428,-0.052123373983454284,-0.005268594260381815,1.8890893042035262,1.8915991309867235,-0.004515958638381501
2023-10-31,VUG,-0.0176268882820669,-0.0315,-0.0403,0.002,0.0241,-0.0069,0.0046999999999999,-0.0223268882820669,-0.026818153189351143,-0.022118153189351245,0.0044912649072842425,1.838163649801416,1.827642298445364,-4.497609765241606e-05
2023-11-30,VUG,0.1161078018117149,0.0888,-0.002,0.0167,-0.0373,-0.0108,0.0044,0.1117078018117149,0.09543339999557508,0.09983339999557508,0.016274401816139816,2.1676965923617724,2.1099354430704675,0.016228693759402057
2023-12-31,VUG,0.043211976387431,0.0486,0.0727,0.0489,-0.0297,0.0129,0.0043,0.038911976387431,0.026968389495519007,0.03126838949551901,0.011943586891911991,2.304579022713455,2.2071781158103145,0.02836610946537177
2024-01-31,VUG,0.0215840539998724,0.0073,-0.0572,-0.0237999999999999,0.0067,-0.0097,0.0046999999999999,0.0168840539998724,0.025473636557371636,0.030173636557371535,-0.008589582557499236,2.375905234786548,2.3039503426515306,0.019532873868784772
2024-02-29,VUG,0.070657006042843,0.0507,-0.0081999999999999,-0.0343,-0.0206,-0.0217,0.0042,0.066457006042843,0.06931038776731804,0.07351038776731804,-0.0028533817244750376,2.6144365913609264,2.546825013503808,0.016623757398986028
2024-03-31,VUG,0.0136324544044426,0.0283999999999999,-0.0121,0.0416,0.0133,0.0113999999999999,0.0043,0.0093324544044426,0.021037960866135647,0.02533796086613565,-0.011705506461693048,2.663710233390403,2.6366943268949985,0.00472366143764158
2024-04-30,VUG,-0.0417781278758837,-0.0465,-0.0259,-0.0045,0.0113999999999999,-0.0031,0.0046999999999999,-0.0464781278758837,-0.04451647332242408,-0.03981647332242418,-0.0019616545534596186,2.510647278759635,2.491893984246372,0.002752740692213873
2024-05-31,VUG,0.0632464762085147,0.0432,0.0059,-0.0131,0.0317,-0.0285,0.0044,0.0588464762085147,0.054107546568179656,0.05850754656817966,0.004738929640335045,2.7326833483521935,2.696196134140813,0.007504715377007365
2024-06-30,VUG,0.067821389899997,0.0279999999999999,-0.0432,-0.0336,0.0056,-0.018,0.0040999999999999,0.0637213898999971,0.049498164228205126,0.05359816422820503,0.014223225671791968,2.9858391210940143,2.894305461558149,0.02183468230920904
2024-07-31,VUG,-0.017940744674629,0.0121999999999999,0.0834,0.0562,0.0026,0.0028,0.0045,-0.022440744674629,-0.015059331286128352,-0.010559331286128352,-0.007381413388500648,2.914330199108319,2.8531842000601775,0.014292098104377482
2024-08-31,VUG,0.02246114909679,0.0161,-0.0355,-0.011,0.0076,0.0081999999999999,0.0048,0.01766114909679,0.025344167403594152,0.03014416740359415,-0.007683018306804151,3.0022505533245587,2.9693352296236752,0.006499273346194823
2024-09-30,VUG,0.0235260953143072,0.0173,-0.0092,-0.0276,0.002,-0.0029,0.004,0.0195260953143072,0.028175755338297814,0.032175755338297814,-0.008649660023990615,3.0964078813138114,3.097051588827733,-0.0022066031826433186
2024-10-31,VUG,-0.0026306453191117,-0.01,-0.0089,0.0086,-0.0148,0.0098,0.0039,-0.0065306453191117,-0.012688518040611926,-0.008788518040611926,0.006157872721500227,3.0856316850956604,3.061044577026002,0.003937681557311334
2024-11-30,VUG,0.0684476547159436,0.0649,0.0458999999999999,0.0016,-0.0231,-0.0204999999999999,0.004,0.0644476547159436,0.06645511381463688,0.07045511381463689,-0.002007459098693279,3.365283591973607,3.347165934906683,0.0019223177239480194
2024-12-31,VUG,0.0044858883120166,-0.0315,-0.0383,-0.03,0.0189,-0.0121,0.0037,0.0007858883120166,-0.018247609269695292,-0.014547609269695292,0.01903349758171189,3.3848657666174793,3.283925063455131,0.020992403735409892
2025-01-31,VUG,0.0192718422100464,0.0279999999999999,-0.0123,0.0163,-0.0235,-0.0324,0.0037,0.0155718422100464,0.03420693143251464,0.03790693143251464,-0.01863508922246824,3.4693702077839657,3.4463155170975552,0.0019661191963382674
2025-02-28,VUG,-0.0301659284524814,-0.0243,-0.0491,0.0491,0.0108,0.0306,0.0033,-0.0334659284524814,-0.03516377350810878,-0.03186377350810878,0.001697845055627381,3.3345475058683025,3.304639126515169,0.0036673024177218405
2025-03-31,VUG,-0.0848478652642318,-0.0639,-0.0149,0.0289999999999999,0.0210999999999999,-0.0046999999999999,0.0034,-0.0882478652642318,-0.07362177091486664,-0.07022177091486664,-0.014626094349365154,2.9667704031089768,3.002359743901849,-0.01101243024281251
2025-04-30,VUG,0.0201444514729691,-0.0084,-0.0186,-0.0341,-0.0285,-0.0266999999999999,0.0034999999999999,0.0166444514729691,0.00732732277949962,0.01082732277949952,0.009317128693469479,3.046678816998816,3.045694584728749,-0.001797905779143183
2025-05-31,VUG,0.0921253005886468,0.0605999999999999,-0.0072,-0.0288,0.0129,0.0250999999999999,0.0038,0.0883253005886468,0.07090781201393898,0.07470781201393897,0.017417488574707818,3.4194803194005416,3.347939575230476,0.015588267792197907
2025-06-30,VUG,0.0623682468934283,0.0486,-0.0002,-0.0161,-0.032,0.0144,0.0034,0.0589682468934283,0.05543941321178438,0.05883941321178438,0.003528833681643917,3.695115559101562,3.603769788517332,0.019172109878265342
2025-07-31,VUG,0.0382755978804321,0.0197999999999999,-0.0014,-0.0127,-0.0028,-0.0207,0.0034,0.0348755978804321,0.028695672979750345,0.03209567297975034,0.006179924900681758,3.874823914243893,3.7515308781236385,0.025470516978182367
2025-08-31,VUG,0.0075575035227959,0.0185,0.0487999999999999,0.0441999999999999,-0.0069,0.0208,0.0038,0.0037575035227959,-0.0020893984442141816,0.0017106015557858184,0.005846901967010081,3.9116654131488016,3.759658854236121,0.03146634256101288
2025-09-30,VUG,0.0468816775777578,0.0339,-0.0218,-0.0105,-0.0204999999999999,-0.0222,0.0033,0.0435816775777578,0.04735963528686197,0.050659635286861966,-0.0037779577091041697,4.141932527417868,4.000781435881606,0.027569506340453076
2025-10-31,VUG,0.040116013645941,0.0196,-0.0131,-0.031,-0.0524,-0.0403,0.0037,0.036416013645941,0.038522286445575,0.042222286445575005,-0.002106272799634004,4.348206362854271,4.211925862119114,0.02540516463951481
2025-11-30,VUG,-0.0160569940987028,-0.0013,0.0147,0.0375999999999999,0.0144,0.0068,0.003,-0.0190569940987028,-0.014208523073716572,-0.011208523073716573,-0.004848471024986228,4.262330244847275,4.1535078708350515,0.020433517409888857
2025-12-31,VUG,-0.0050550576792286,-0.0036,-0.0022,0.0242,0.004,0.0037,0.0034,-0.0084550576792286,-0.009922719169520231,-0.006522719169520231,0.0014676614902916305,4.235728861932423,4.119892986255683,0.021931168386793987
2026-01-31,VUG,-0.0129340594236673,0.0103,0.0326,0.0372,0.0182,0.0183,0.003,-0.0159340594236673,-0.006322306252241615,-0.0033223062522416153,-0.009611753171425683,4.168009633705979,4.102883133776637,0.01210861823807341
2026-02-28,VUG,-0.0429445225489648,-0.0116999999999999,0.0063,0.0283,0.0162,0.0507,0.0028,-0.0457445225489648,-0.028781768388687894,-0.025981768388687893,-0.016962754160276906,3.946071927458025,3.9703012060803102,-0.005059531436596654
