,date,ticker,return,mkt_rf,smb,hml,rmw,cma,rf,excess_return
0,2015-02-28,IWM,0.05946408679596549,0.061399999999999996,0.0036,-0.0179,-0.011000000000000001,-0.0175,0.0,0.05946408679596549
1,2015-03-31,IWM,0.017699661212049023,-0.0109,0.0308,-0.0038,0.0007000000000000001,-0.0062,0.0,0.017699661212049023
2,2015-04-30,IWM,-0.025649266768041246,0.006,-0.0301,0.018000000000000002,0.0005,-0.0062,0.0,-0.025649266768041246
3,2015-05-31,IWM,0.02236362395128877,0.0138,0.008199999999999999,-0.0111,-0.0176,-0.0083,0.0,0.02236362395128877
4,2015-06-30,IWM,0.007829391773697125,-0.0154,0.028999999999999998,-0.008199999999999999,0.0034999999999999996,-0.0154,0.0,0.007829391773697125
5,2015-07-31,IWM,-0.01103921098589622,0.015700000000000002,-0.0458,-0.0416,0.0031,-0.024399999999999998,0.0,-0.01103921098589622
6,2015-08-31,IWM,-0.06311025971488882,-0.0602,0.0029,0.0275,0.0066,0.0129,0.0,-0.06311025971488882
7,2015-09-30,IWM,-0.04936296344532021,-0.030600000000000002,-0.027999999999999997,0.0055000000000000005,0.018000000000000002,-0.0059,0.0,-0.04936296344532021
8,2015-10-31,IWM,0.0562269429130513,0.0775,-0.0206,-0.004699999999999999,0.0095,0.0060999999999999995,0.0,0.0562269429130513
9,2015-11-30,IWM,0.03259943033843693,0.005699999999999999,0.033,-0.0043,-0.0265,-0.0106,0.0,0.03259943033843693
10,2015-12-31,IWM,-0.050304024103282385,-0.0215,-0.029500000000000002,-0.025699999999999997,0.0034000000000000002,0.0012,0.0001,-0.05040402410328239
11,2016-01-31,IWM,-0.08577523521802366,-0.0574,-0.0344,0.0208,0.0278,0.0305,0.0001,-0.08587523521802366
12,2016-02-29,IWM,-0.0022340842308148368,-0.0007000000000000001,0.0087,-0.0060999999999999995,0.0331,0.0194,0.0002,-0.002434084230814837
13,2016-03-31,IWM,0.08013451627659318,0.0695,0.01,0.012199999999999999,0.0068000000000000005,0.0001,0.0002,0.07993451627659318
14,2016-04-30,IWM,0.016722470965912173,0.0091,0.0123,0.0322,-0.0285,0.0177,0.0001,0.016622470965912173
15,2016-05-31,IWM,0.022403794897359885,0.0178,-0.0062,-0.016200000000000003,-0.011000000000000001,-0.0254,0.0001,0.022303794897359886
16,2016-06-30,IWM,-0.00017364461028102074,-0.0003,0.0042,-0.0149,0.014499999999999999,0.019,0.0002,-0.0003736446102810207
17,2016-07-31,IWM,0.058748545794460316,0.0394,0.024700000000000003,-0.0124,0.0131,-0.0116,0.0002,0.05854854579446032
18,2016-08-31,IWM,0.017841425199054406,0.0049,0.0166,0.0317,-0.018500000000000003,-0.0036,0.0002,0.017641425199054407
19,2016-09-30,IWM,0.010738303805442273,0.0027,0.0181,-0.011899999999999999,-0.0218,0.0003,0.0002,0.010538303805442273
20,2016-10-31,IWM,-0.045970765617218357,-0.020099999999999996,-0.04019999999999999,0.041100000000000005,0.009899999999999999,0.0025,0.0002,-0.046170765617218355
21,2016-11-30,IWM,0.11063326659854034,0.048499999999999995,0.0696,0.08289999999999999,-0.0024,0.0371,0.0001,0.11053326659854033
22,2016-12-31,IWM,0.02884425304878846,0.0181,0.0044,0.0347,0.0124,-0.0032,0.0003,0.028544253048788458
23,2017-01-31,IWM,0.0028178739967015254,0.0194,-0.0144,-0.0276,-0.0051,-0.0106,0.0004,0.002417873996701525
24,2017-02-28,IWM,0.019300492117690027,0.0355,-0.023,-0.015,0.0045000000000000005,-0.018000000000000002,0.0004,0.018900492117690026
25,2017-03-31,IWM,0.0002602032170964108,0.0017000000000000001,0.0075,-0.0333,0.0063,-0.0095,0.0003,-3.979678290358916e-05
26,2017-04-30,IWM,0.011492757841787382,0.0108,0.0040999999999999995,-0.020499999999999997,0.0179,-0.016,0.0005,0.010992757841787382
27,2017-05-31,IWM,-0.019703808221263608,0.010700000000000001,-0.029900000000000003,-0.0382,0.009899999999999999,-0.0166,0.0006,-0.020303808221263608
28,2017-06-30,IWM,0.03374444928906595,0.0078000000000000005,0.0252,0.015,-0.0226,0.0004,0.0006,0.033144449289065944
29,2017-07-31,IWM,0.008524298756052096,0.018799999999999997,-0.016399999999999998,-0.0023,-0.0075,-0.0015,0.0007000000000000001,0.007824298756052096
30,2017-08-31,IWM,-0.012578643573959325,0.0018,-0.0183,-0.0213,0.002,-0.023799999999999998,0.0009,-0.013478643573959325
31,2017-09-30,IWM,0.06304091572079673,0.024900000000000002,0.047599999999999996,0.0315,-0.0154,0.0163,0.0009,0.06214091572079673
32,2017-10-31,IWM,0.007288657120420261,0.0225,-0.0191,0.0013,0.0092,-0.031400000000000004,0.0009,0.006388657120420261
33,2017-11-30,IWM,0.029411704505681424,0.031200000000000002,-0.0038,-0.0009,0.0319,-0.001,0.0008,0.028611704505681426
34,2017-12-31,IWM,-0.003984827741311592,0.0106,-0.0105,0.0005,0.0073,0.0179,0.0009,-0.0048848277413115915
35,2018-01-31,IWM,0.025580574139458356,0.0558,-0.0321,-0.0132,-0.0075,-0.0105,0.0011,0.024480574139458356
36,2018-02-28,IWM,-0.038436891248995075,-0.0364,0.0034000000000000002,-0.011000000000000001,0.0053,-0.0236,0.0011,-0.03953689124899507
37,2018-03-31,IWM,0.012175246536877848,-0.0235,0.0361,-0.0021,-0.0040999999999999995,0.0008,0.0012,0.010975246536877849
38,2018-04-30,IWM,0.009813518264739196,0.0029,0.0089,0.0053,-0.0242,0.0124,0.0014000000000000002,0.008413518264739196
39,2018-05-31,IWM,0.06163571310841043,0.0263,0.0471,-0.031400000000000004,-0.019799999999999998,-0.0149,0.0014000000000000002,0.06023571310841043
40,2018-06-30,IWM,0.006143702464010303,0.0049,0.0077,-0.0233,0.0083,0.002,0.0014000000000000002,0.004743702464010303
41,2018-07-31,IWM,0.0164906936233451,0.032,-0.019299999999999998,0.0049,0.015300000000000001,0.0031,0.0016,0.014890693623345098
42,2018-08-31,IWM,0.043105809590952227,0.0346,0.006500000000000001,-0.0391,-0.0029,-0.025699999999999997,0.0016,0.04150580959095223
43,2018-09-30,IWM,-0.023250043765542627,0.0006,-0.024900000000000002,-0.016200000000000003,0.006500000000000001,0.013600000000000001,0.0015,-0.02475004376554263
44,2018-10-31,IWM,-0.10987817781332743,-0.0764,-0.0438,0.0338,0.0103,0.036000000000000004,0.0019,-0.11177817781332743
45,2018-11-30,IWM,0.017263112540476078,0.0171,-0.008100000000000001,0.0036,-0.0060999999999999995,0.004,0.0018,0.015463112540476078
46,2018-12-31,IWM,-0.11972139705911433,-0.0955,-0.0281,-0.0192,-0.0003,0.0024,0.0019,-0.12162139705911433
47,2019-01-31,IWM,0.11321857858685735,0.0836,0.0291,-0.0039000000000000003,-0.0073,-0.0165,0.0021,0.11111857858685735
48,2019-02-28,IWM,0.051791539415346755,0.0342,0.0172,-0.026600000000000002,0.0016,-0.0154,0.0018,0.04999153941534675
49,2019-03-31,IWM,-0.02093330850927666,0.011000000000000001,-0.0352,-0.0414,0.0088,-0.009000000000000001,0.0019,-0.02283330850927666
50,2019-04-30,IWM,0.03396667401767672,0.0397,-0.0115,0.0213,0.0161,-0.0218,0.0021,0.031866674017676726
51,2019-05-31,IWM,-0.07852650953848173,-0.0692,-0.015600000000000001,-0.0245,-0.0048,0.0176,0.0021,-0.08062650953848173
52,2019-06-30,IWM,0.06984884051578222,0.0699,0.0019,-0.0064,0.0045000000000000005,-0.0055000000000000005,0.0018,0.06804884051578222
53,2019-07-31,IWM,0.006817153996517611,0.012199999999999999,-0.0182,0.005,-0.0013,0.0037,0.0019,0.004917153996517611
54,2019-08-31,IWM,-0.049310671357224,-0.0255,-0.0325,-0.04769999999999999,0.0053,-0.0062,0.0016,-0.050910671357224
55,2019-09-30,IWM,0.02037075712888914,0.014199999999999999,0.0029,0.0676,0.0182,0.0338,0.0018,0.01857075712888914
56,2019-10-31,IWM,0.027157398896279883,0.0207,0.0025,-0.0192,0.0043,-0.0103,0.0015,0.02565739889627988
57,2019-11-30,IWM,0.0406564151256712,0.0387,0.0039000000000000003,-0.02,-0.016399999999999998,-0.011399999999999999,0.0012,0.0394564151256712
58,2019-12-31,IWM,0.027865140404330857,0.0276,0.009899999999999999,0.0173,0.0005,0.011899999999999999,0.0014000000000000002,0.02646514040433086
59,2020-01-31,IWM,-0.031025646154499875,-0.0009,-0.0437,-0.0622,-0.011899999999999999,-0.0219,0.0013,-0.03232564615449988
60,2020-02-29,IWM,-0.0884567458540153,-0.0815,0.0008,-0.0382,-0.0143,-0.0253,0.0012,-0.08965674585401531
61,2020-03-31,IWM,-0.21477103879241777,-0.1335,-0.0818,-0.1383,-0.0161,0.011899999999999999,0.0012,-0.21597103879241777
62,2020-04-30,IWM,0.1384761771390126,0.1358,0.025699999999999997,-0.0134,0.0276,-0.0102,0.0,0.1384761771390126
63,2020-05-31,IWM,0.06591976134654698,0.0559,0.0192,-0.05,0.0096,-0.0316,0.0001,0.06581976134654698
64,2020-06-30,IWM,0.03429925821386526,0.024399999999999998,0.0195,-0.0217,0.0014000000000000002,0.0055000000000000005,0.0001,0.034199258213865255
65,2020-07-31,IWM,0.029194479383998884,0.0583,-0.0319,-0.0144,0.0038,0.0097,0.0001,0.029094479383998884
66,2020-08-31,IWM,0.0547637850812448,0.0762,-0.0089,-0.0302,0.042699999999999995,-0.0151,0.0001,0.054663785081244795
67,2020-09-30,IWM,-0.032613491686560914,-0.0364,-0.0001,-0.027200000000000002,-0.0138,-0.019299999999999998,0.0001,-0.03271349168656092
68,2020-10-31,IWM,0.022031117840888292,-0.0208,0.0467,0.0425,-0.0077,-0.005699999999999999,0.0001,0.021931117840888293
69,2020-11-30,IWM,0.1824417420156621,0.1244,0.0712,0.0209,-0.0225,0.0128,0.0001,0.1823417420156621
70,2020-12-31,IWM,0.08646466018541199,0.0463,0.0493,-0.0168,-0.0197,-0.0006,0.0001,0.08636466018541199
71,2021-01-31,IWM,0.04845418809079227,-0.0007000000000000001,0.0681,0.0322,-0.0365,0.049699999999999994,0.0,0.04845418809079227
72,2021-02-28,IWM,0.062025743968977975,0.0281,0.045,0.07200000000000001,0.0033,-0.0199,0.0,0.062025743968977975
73,2021-03-31,IWM,0.013950548488321335,0.0316,-0.0084,0.0735,0.0635,0.0352,0.0,0.013950548488321335
74,2021-04-30,IWM,0.01787801769296471,0.049699999999999994,-0.0316,-0.0102,0.024300000000000002,-0.027200000000000002,0.0,0.01787801769296471
75,2021-05-31,IWM,0.0027126103990948724,0.0029,0.0127,0.0704,0.023399999999999997,0.0301,0.0,0.0027126103990948724
76,2021-06-30,IWM,0.01868961658308743,0.0273,-0.003,-0.0786,-0.021400000000000002,-0.009300000000000001,0.0,0.01868961658308743
77,2021-07-31,IWM,-0.036273205942698894,0.0134,-0.0455,-0.0179,0.055,-0.0059,0.0,-0.036273205942698894
78,2021-08-31,IWM,0.02203126220687568,0.029500000000000002,-0.0066,-0.0023,-0.0026,-0.0172,0.0,0.02203126220687568
79,2021-09-30,IWM,-0.028803657643742597,-0.044000000000000004,0.011200000000000002,0.0512,-0.0192,0.02,0.0,-0.028803657643742597
80,2021-10-31,IWM,0.04251439724995132,0.0663,-0.027000000000000003,-0.0053,0.0171,-0.0154,0.0,0.04251439724995132
81,2021-11-30,IWM,-0.043323814492882584,-0.0158,-0.017,-0.0037,0.0719,0.017,0.0,-0.043323814492882584
82,2021-12-31,IWM,0.022714914727919977,0.032400000000000005,-0.0078000000000000005,0.0325,0.048799999999999996,0.0429,0.0001,0.022614914727919978
83,2022-01-31,IWM,-0.09534724640115011,-0.061500000000000006,-0.0401,0.1286,0.0077,0.07730000000000001,0.0,-0.09534724640115011
84,2022-02-28,IWM,0.010335964660162622,-0.022799999999999997,0.0286,0.030600000000000002,-0.0203,0.030299999999999997,0.0,0.010335964660162622
85,2022-03-31,IWM,0.011575459465221538,0.0308,-0.021099999999999997,-0.019,-0.015,0.0321,0.0,0.011575459465221538
86,2022-04-30,IWM,-0.0989916197968208,-0.0941,-0.0034999999999999996,0.061799999999999994,0.0341,0.0592,0.0,-0.0989916197968208
87,2022-05-31,IWM,0.0019462931192686383,-0.0033,-0.0003,0.08439999999999999,0.0155,0.0395,0.0003,0.0016462931192686384
88,2022-06-30,IWM,-0.08366340896837321,-0.084,0.013300000000000001,-0.06,0.0176,-0.0458,0.0006,-0.08426340896837321
89,2022-07-31,IWM,0.10563290105974454,0.09570000000000001,0.0178,-0.0415,0.0077,-0.06849999999999999,0.0008,0.10483290105974455
90,2022-08-31,IWM,-0.020026936324371247,-0.0377,0.0149,0.0018,-0.0478,0.0132,0.0019,-0.021926936324371246
91,2022-09-30,IWM,-0.09660412053942191,-0.0934,-0.0097,0.0003,-0.0137,-0.0077,0.0019,-0.09850412053942191
92,2022-10-31,IWM,0.11162983670876159,0.0786,0.0181,0.0797,0.0327,0.0643,0.0023,0.10932983670876159
93,2022-11-30,IWM,0.022036683417172798,0.046900000000000004,-0.0275,0.0148,0.063,0.0315,0.0029,0.019136683417172798
94,2022-12-31,IWM,-0.0651412842253416,-0.0638,-0.0019,0.0134,0.0032,0.042800000000000005,0.0033,-0.0684412842253416
95,2023-01-31,IWM,0.09818769236651437,0.0659,0.043899999999999995,-0.0394,-0.0242,-0.0443,0.0034999999999999996,0.09468769236651436
96,2023-02-28,IWM,-0.01723434324996509,-0.025699999999999997,0.0058,-0.008,0.0097,-0.0151,0.0034000000000000002,-0.02063434324996509
97,2023-03-31,IWM,-0.0484732697260738,0.024900000000000002,-0.0689,-0.09050000000000001,0.0227,-0.021,0.0036,-0.0520732697260738
98,2023-04-30,IWM,-0.017937064700674688,0.0063,-0.025699999999999997,-0.0012,0.0242,0.0285,0.0034999999999999996,-0.021437064700674687
99,2023-05-31,IWM,-0.008161995338555883,0.0033,-0.0043,-0.0779,-0.0178,-0.0708,0.0036,-0.011761995338555882
100,2023-06-30,IWM,0.08067314166083772,0.0646,0.0128,-0.0013,0.0232,-0.0154,0.004,0.07667314166083772
101,2023-07-31,IWM,0.06108830606327942,0.0321,0.0286,0.0406,-0.0059,0.0066,0.0045000000000000005,0.056588306063279414
102,2023-08-31,IWM,-0.05082785573701376,-0.0236,-0.0365,-0.0115,0.0335,-0.0241,0.0045000000000000005,-0.055327855737013765
103,2023-09-30,IWM,-0.05853606980607606,-0.052300000000000006,-0.0178,0.0149,0.0187,-0.0077,0.0043,-0.06283606980607606
104,2023-10-31,IWM,-0.06914118855349116,-0.0315,-0.0403,0.002,0.0241,-0.0069,0.004699999999999999,-0.07384118855349116
105,2023-11-30,IWM,0.09202521711959055,0.0888,-0.002,0.0167,-0.0373,-0.0108,0.0044,0.08762521711959055
106,2023-12-31,IWM,0.12126192249190937,0.048600000000000004,0.0727,0.0489,-0.0297,0.0129,0.0043,0.11696192249190937
107,2024-01-31,IWM,-0.03901159093492901,0.0073,-0.0572,-0.023799999999999998,0.0067,-0.0097,0.004699999999999999,-0.043711590934929004
108,2024-02-29,IWM,0.05625254404130797,0.0507,-0.008199999999999999,-0.034300000000000004,-0.0206,-0.0217,0.0042,0.05205254404130797
109,2024-03-31,IWM,0.0348697208334281,0.028399999999999998,-0.0121,0.0416,0.013300000000000001,0.011399999999999999,0.0043,0.0305697208334281
110,2024-04-30,IWM,-0.06847365251613458,-0.04650000000000001,-0.0259,-0.0045000000000000005,0.011399999999999999,-0.0031,0.004699999999999999,-0.07317365251613457
111,2024-05-31,IWM,0.05038293807341576,0.0432,0.0059,-0.0131,0.0317,-0.0285,0.0044,0.04598293807341576
112,2024-06-30,IWM,-0.011243838765277792,0.027999999999999997,-0.0432,-0.0336,0.005600000000000001,-0.018000000000000002,0.0040999999999999995,-0.015343838765277791
113,2024-07-31,IWM,0.10335641896101255,0.012199999999999999,0.0834,0.0562,0.0026,0.0028000000000000004,0.0045000000000000005,0.09885641896101255
114,2024-08-31,IWM,-0.01688540418548934,0.0161,-0.0355,-0.011000000000000001,0.0076,0.008199999999999999,0.0048,-0.021685404185489338
115,2024-09-30,IWM,0.007105312136032049,0.0173,-0.0092,-0.0276,0.002,-0.0029,0.004,0.003105312136032049
116,2024-10-31,IWM,-0.014170025141182263,-0.01,-0.0089,0.0086,-0.0148,0.0098,0.0039000000000000003,-0.018070025141182264
117,2024-11-30,IWM,0.11071817812373541,0.0649,0.045899999999999996,0.0016,-0.0231,-0.020499999999999997,0.004,0.10671817812373541
118,2024-12-31,IWM,-0.08373886376440232,-0.0315,-0.0383,-0.03,0.0189,-0.0121,0.0037,-0.08743886376440231
119,2025-01-31,IWM,0.0249817917836328,0.027999999999999997,-0.0123,0.0163,-0.0235,-0.032400000000000005,0.0037,0.0212817917836328
120,2025-02-28,IWM,-0.05223421267627071,-0.024300000000000002,-0.049100000000000005,0.049100000000000005,0.0108,0.030600000000000002,0.0033,-0.055534212676270706
121,2025-03-31,IWM,-0.0685409690597013,-0.0639,-0.0149,0.028999999999999998,0.021099999999999997,-0.004699999999999999,0.0034000000000000002,-0.0719409690597013
122,2025-04-30,IWM,-0.023209210236492805,-0.0084,-0.018600000000000002,-0.0341,-0.0285,-0.026699999999999998,0.0034999999999999996,-0.026709210236492805
123,2025-05-31,IWM,0.05239653594048033,0.060599999999999994,-0.0072,-0.0288,0.0129,0.025099999999999997,0.0038,0.04859653594048033
124,2025-06-30,IWM,0.05518433787985155,0.048600000000000004,-0.0002,-0.0161,-0.032,0.0144,0.0034000000000000002,0.05178433787985155
125,2025-07-31,IWM,0.016682985359221192,0.019799999999999998,-0.0014000000000000002,-0.0127,-0.0028000000000000004,-0.0207,0.0034000000000000002,0.013282985359221192
126,2025-08-31,IWM,0.07192674921676856,0.018500000000000003,0.048799999999999996,0.044199999999999996,-0.0069,0.0208,0.0038,0.06812674921676856
127,2025-09-30,IWM,0.03179108677035214,0.0339,-0.0218,-0.0105,-0.020499999999999997,-0.0222,0.0033,0.02849108677035214
128,2025-10-31,IWM,0.01764753236397243,0.0196,-0.0131,-0.031,-0.0524,-0.0403,0.0037,0.013947532363972429
129,2025-11-30,IWM,0.010234304059724808,-0.0013,0.0147,0.037599999999999995,0.0144,0.0068000000000000005,0.003,0.007234304059724808
130,2025-12-31,IWM,-0.007093520928624364,-0.0036,-0.0022,0.0242,0.004,0.0037,0.0034000000000000002,-0.010493520928624364
131,2026-01-31,IWM,0.05480170514892979,0.0103,0.0326,0.037200000000000004,0.0182,0.0183,0.003,0.05180170514892979
132,2026-02-28,IWM,0.006778441283474379,-0.011699999999999999,0.0063,0.028300000000000002,0.016200000000000003,0.0507,0.0028000000000000004,0.003978441283474379
133,2015-02-28,MTUM,0.054297638403828286,0.061399999999999996,0.0036,-0.0179,-0.011000000000000001,-0.0175,0.0,0.054297638403828286
134,2015-03-31,MTUM,-0.01052816996498207,-0.0109,0.0308,-0.0038,0.0007000000000000001,-0.0062,0.0,-0.01052816996498207
135,2015-04-30,MTUM,-0.010384244204919346,0.006,-0.0301,0.018000000000000002,0.0005,-0.0062,0.0,-0.010384244204919346
136,2015-05-31,MTUM,0.033635171921205576,0.0138,0.008199999999999999,-0.0111,-0.0176,-0.0083,0.0,0.033635171921205576
137,2015-06-30,MTUM,-0.0034485291911624527,-0.0154,0.028999999999999998,-0.008199999999999999,0.0034999999999999996,-0.0154,0.0,-0.0034485291911624527
138,2015-07-31,MTUM,0.03793406615240191,0.015700000000000002,-0.0458,-0.0416,0.0031,-0.024399999999999998,0.0,0.03793406615240191
139,2015-08-31,MTUM,-0.06001352808799909,-0.0602,0.0029,0.0275,0.0066,0.0129,0.0,-0.06001352808799909
140,2015-09-30,MTUM,-0.018895091735244507,-0.030600000000000002,-0.027999999999999997,0.0055000000000000005,0.018000000000000002,-0.0059,0.0,-0.018895091735244507
141,2015-10-31,MTUM,0.07315654091713153,0.0775,-0.0206,-0.004699999999999999,0.0095,0.0060999999999999995,0.0,0.07315654091713153
142,2015-11-30,MTUM,0.005328427751744247,0.005699999999999999,0.033,-0.0043,-0.0265,-0.0106,0.0,0.005328427751744247
143,2015-12-31,MTUM,-0.0013447550505740757,-0.0215,-0.029500000000000002,-0.025699999999999997,0.0034000000000000002,0.0012,0.0001,-0.0014447550505740758
144,2016-01-31,MTUM,-0.038068179014905335,-0.0574,-0.0344,0.0208,0.0278,0.0305,0.0001,-0.03816817901490534
145,2016-02-29,MTUM,-0.012765761795781927,-0.0007000000000000001,0.0087,-0.0060999999999999995,0.0331,0.0194,0.0002,-0.012965761795781927
146,2016-03-31,MTUM,0.053072577497331075,0.0695,0.01,0.012199999999999999,0.0068000000000000005,0.0001,0.0002,0.052872577497331076
147,2016-04-30,MTUM,-0.006292806253056282,0.0091,0.0123,0.0322,-0.0285,0.0177,0.0001,-0.0063928062530562825
148,2016-05-31,MTUM,0.02450458595110594,0.0178,-0.0062,-0.016200000000000003,-0.011000000000000001,-0.0254,0.0001,0.02440458595110594
149,2016-06-30,MTUM,0.02951225813121372,-0.0003,0.0042,-0.0149,0.014499999999999999,0.019,0.0002,0.02931225813121372
150,2016-07-31,MTUM,0.026832058647574097,0.0394,0.024700000000000003,-0.0124,0.0131,-0.0116,0.0002,0.0266320586475741
151,2016-08-31,MTUM,-0.01491366042660136,0.0049,0.0166,0.0317,-0.018500000000000003,-0.0036,0.0002,-0.015113660426601361
152,2016-09-30,MTUM,0.004931030937247005,0.0027,0.0181,-0.011899999999999999,-0.0218,0.0003,0.0002,0.0047310309372470055
153,2016-10-31,MTUM,-0.0193875392075481,-0.020099999999999996,-0.04019999999999999,0.041100000000000005,0.009899999999999999,0.0025,0.0002,-0.019587539207548098
154,2016-11-30,MTUM,-0.005931422835398936,0.048499999999999995,0.0696,0.08289999999999999,-0.0024,0.0371,0.0001,-0.0060314228353989365
155,2016-12-31,MTUM,0.010952449730534886,0.0181,0.0044,0.0347,0.0124,-0.0032,0.0003,0.010652449730534886
156,2017-01-31,MTUM,0.03150599290508782,0.0194,-0.0144,-0.0276,-0.0051,-0.0106,0.0004,0.03110599290508782
157,2017-02-28,MTUM,0.03795487212148063,0.0355,-0.023,-0.015,0.0045000000000000005,-0.018000000000000002,0.0004,0.037554872121480634
158,2017-03-31,MTUM,0.020523874002563502,0.0017000000000000001,0.0075,-0.0333,0.0063,-0.0095,0.0003,0.0202238740025635
159,2017-04-30,MTUM,0.025770947957090007,0.0108,0.0040999999999999995,-0.020499999999999997,0.0179,-0.016,0.0005,0.025270947957090006
160,2017-05-31,MTUM,0.04765272076163862,0.010700000000000001,-0.029900000000000003,-0.0382,0.009899999999999999,-0.0166,0.0006,0.04705272076163862
161,2017-06-30,MTUM,0.0034534657284139847,0.0078000000000000005,0.0252,0.015,-0.0226,0.0004,0.0006,0.002853465728413985
162,2017-07-31,MTUM,0.0347624777821276,0.018799999999999997,-0.016399999999999998,-0.0023,-0.0075,-0.0015,0.0007000000000000001,0.0340624777821276
163,2017-08-31,MTUM,0.014676993099397961,0.0018,-0.0183,-0.0213,0.002,-0.023799999999999998,0.0009,0.013776993099397962
164,2017-09-30,MTUM,0.02808887760247658,0.024900000000000002,0.047599999999999996,0.0315,-0.0154,0.0163,0.0009,0.02718887760247658
165,2017-10-31,MTUM,0.050375971861003066,0.0225,-0.0191,0.0013,0.0092,-0.031400000000000004,0.0009,0.04947597186100307
166,2017-11-30,MTUM,0.02796030992513998,0.031200000000000002,-0.0038,-0.0009,0.0319,-0.001,0.0008,0.027160309925139983
167,2017-12-31,MTUM,0.0012254486631351202,0.0106,-0.0105,0.0005,0.0073,0.0179,0.0009,0.00032544866313512027
168,2018-01-31,MTUM,0.08222613515512545,0.0558,-0.0321,-0.0132,-0.0075,-0.0105,0.0011,0.08112613515512544
169,2018-02-28,MTUM,-0.014604594028074791,-0.0364,0.0034000000000000002,-0.011000000000000001,0.0053,-0.0236,0.0011,-0.01570459402807479
170,2018-03-31,MTUM,-0.034527257775089915,-0.0235,0.0361,-0.0021,-0.0040999999999999995,0.0008,0.0012,-0.035727257775089914
171,2018-04-30,MTUM,0.005003593075026513,0.0029,0.0089,0.0053,-0.0242,0.0124,0.0014000000000000002,0.003603593075026513
172,2018-05-31,MTUM,0.03447622912017323,0.0263,0.0471,-0.031400000000000004,-0.019799999999999998,-0.0149,0.0014000000000000002,0.03307622912017323
173,2018-06-30,MTUM,-0.0007146197471913363,0.0049,0.0077,-0.0233,0.0083,0.002,0.0014000000000000002,-0.0021146197471913365
174,2018-07-31,MTUM,0.01759338899958296,0.032,-0.019299999999999998,0.0049,0.015300000000000001,0.0031,0.0016,0.01599338899958296
175,2018-08-31,MTUM,0.05867605204017279,0.0346,0.006500000000000001,-0.0391,-0.0029,-0.025699999999999997,0.0016,0.05707605204017279
176,2018-09-30,MTUM,0.009186597640848948,0.0006,-0.024900000000000002,-0.016200000000000003,0.006500000000000001,0.013600000000000001,0.0015,0.0076865976408489484
177,2018-10-31,MTUM,-0.098571418076153,-0.0764,-0.0438,0.0338,0.0103,0.036000000000000004,0.0019,-0.100471418076153
178,2018-11-30,MTUM,0.014169996805178275,0.0171,-0.008100000000000001,0.0036,-0.0060999999999999995,0.004,0.0018,0.012369996805178276
179,2018-12-31,MTUM,-0.07514496699616291,-0.0955,-0.0281,-0.0192,-0.0003,0.0024,0.0019,-0.07704496699616291
180,2019-01-31,MTUM,0.06455160629681989,0.0836,0.0291,-0.0039000000000000003,-0.0073,-0.0165,0.0021,0.06245160629681989
181,2019-02-28,MTUM,0.03392678267621063,0.0342,0.0172,-0.026600000000000002,0.0016,-0.0154,0.0018,0.03212678267621063
182,2019-03-31,MTUM,0.02117130176251325,0.011000000000000001,-0.0352,-0.0414,0.0088,-0.009000000000000001,0.0019,0.01927130176251325
183,2019-04-30,MTUM,0.022552996427220418,0.0397,-0.0115,0.0213,0.0161,-0.0218,0.0021,0.020452996427220416
184,2019-05-31,MTUM,-0.021968382383647955,-0.0692,-0.015600000000000001,-0.0245,-0.0048,0.0176,0.0021,-0.024068382383647956
185,2019-06-30,MTUM,0.06120793591979834,0.0699,0.0019,-0.0064,0.0045000000000000005,-0.0055000000000000005,0.0018,0.05940793591979834
186,2019-07-31,MTUM,0.01795978317227842,0.012199999999999999,-0.0182,0.005,-0.0013,0.0037,0.0019,0.016059783172278422
187,2019-08-31,MTUM,0.0026501930535609564,-0.0255,-0.0325,-0.04769999999999999,0.0053,-0.0062,0.0016,0.0010501930535609563
188,2019-09-30,MTUM,-0.01138348956291424,0.014199999999999999,0.0029,0.0676,0.0182,0.0338,0.0018,-0.01318348956291424
189,2019-10-31,MTUM,0.006456970670996487,0.0207,0.0025,-0.0192,0.0043,-0.0103,0.0015,0.004956970670996487
190,2019-11-30,MTUM,0.03291139344269567,0.0387,0.0039000000000000003,-0.02,-0.016399999999999998,-0.011399999999999999,0.0012,0.03171139344269567
191,2019-12-31,MTUM,0.01696548097245354,0.0276,0.009899999999999999,0.0173,0.0005,0.011899999999999999,0.0014000000000000002,0.01556548097245354
192,2020-01-31,MTUM,0.03743259623133932,-0.0009,-0.0437,-0.0622,-0.011899999999999999,-0.0219,0.0013,0.03613259623133932
193,2020-02-29,MTUM,-0.07185625439379217,-0.0815,0.0008,-0.0382,-0.0143,-0.0253,0.0012,-0.07305625439379218
194,2020-03-31,MTUM,-0.11533473374590186,-0.1335,-0.0818,-0.1383,-0.0161,0.011899999999999999,0.0012,-0.11653473374590187
195,2020-04-30,MTUM,0.11701745378897033,0.1358,0.025699999999999997,-0.0134,0.0276,-0.0102,0.0,0.11701745378897033
196,2020-05-31,MTUM,0.05868481742893095,0.0559,0.0192,-0.05,0.0096,-0.0316,0.0001,0.058584817428930944
197,2020-06-30,MTUM,0.043243949176289265,0.024399999999999998,0.0195,-0.0217,0.0014000000000000002,0.0055000000000000005,0.0001,0.04314394917628926
198,2020-07-31,MTUM,0.07015300313263606,0.0583,-0.0319,-0.0144,0.0038,0.0097,0.0001,0.07005300313263606
199,2020-08-31,MTUM,0.09479944290112363,0.0762,-0.0089,-0.0302,0.042699999999999995,-0.0151,0.0001,0.09469944290112363
200,2020-09-30,MTUM,-0.038024799443605484,-0.0364,-0.0001,-0.027200000000000002,-0.0138,-0.019299999999999998,0.0001,-0.03812479944360549
201,2020-10-31,MTUM,-0.041858649942855264,-0.0208,0.0467,0.0425,-0.0077,-0.005699999999999999,0.0001,-0.04195864994285527
202,2020-11-30,MTUM,0.10628030341406136,0.1244,0.0712,0.0209,-0.0225,0.0128,0.0001,0.10618030341406136
203,2020-12-31,MTUM,0.03437036374020486,0.0463,0.0493,-0.0168,-0.0197,-0.0006,0.0001,0.034270363740204854
204,2021-01-31,MTUM,0.015934402330463504,-0.0007000000000000001,0.0681,0.0322,-0.0365,0.049699999999999994,0.0,0.015934402330463504
205,2021-02-28,MTUM,-0.005858796209123218,0.0281,0.045,0.07200000000000001,0.0033,-0.0199,0.0,-0.005858796209123218
206,2021-03-31,MTUM,-0.0119404515458299,0.0316,-0.0084,0.0735,0.0635,0.0352,0.0,-0.0119404515458299
207,2021-04-30,MTUM,0.07055834970329333,0.049699999999999994,-0.0316,-0.0102,0.024300000000000002,-0.027200000000000002,0.0,0.07055834970329333
208,2021-05-31,MTUM,-0.010568565459782353,0.0029,0.0127,0.0704,0.023399999999999997,0.0301,0.0,-0.010568565459782353
209,2021-06-30,MTUM,0.018594903896862913,0.0273,-0.003,-0.0786,-0.021400000000000002,-0.009300000000000001,0.0,0.018594903896862913
210,2021-07-31,MTUM,0.009225858374488194,0.0134,-0.0455,-0.0179,0.055,-0.0059,0.0,0.009225858374488194
211,2021-08-31,MTUM,0.04119306320277816,0.029500000000000002,-0.0066,-0.0023,-0.0026,-0.0172,0.0,0.04119306320277816
212,2021-09-30,MTUM,-0.03467254197233893,-0.044000000000000004,0.011200000000000002,0.0512,-0.0192,0.02,0.0,-0.03467254197233893
213,2021-10-31,MTUM,0.08587679244506141,0.0663,-0.027000000000000003,-0.0053,0.0171,-0.0154,0.0,0.08587679244506141
214,2021-11-30,MTUM,-0.03949028750288608,-0.0158,-0.017,-0.0037,0.0719,0.017,0.0,-0.03949028750288608
215,2021-12-31,MTUM,-0.00483966377239331,0.032400000000000005,-0.0078000000000000005,0.0325,0.048799999999999996,0.0429,0.0001,-0.00493966377239331
216,2022-01-31,MTUM,-0.09030921364586808,-0.061500000000000006,-0.0401,0.1286,0.0077,0.07730000000000001,0.0,-0.09030921364586808
217,2022-02-28,MTUM,-0.026783475313645444,-0.022799999999999997,0.0286,0.030600000000000002,-0.0203,0.030299999999999997,0.0,-0.026783475313645444
218,2022-03-31,MTUM,0.04773218935721402,0.0308,-0.021099999999999997,-0.019,-0.015,0.0321,0.0,0.04773218935721402
219,2022-04-30,MTUM,-0.12682006047604577,-0.0941,-0.0034999999999999996,0.061799999999999994,0.0341,0.0592,0.0,-0.12682006047604577
220,2022-05-31,MTUM,-0.0059889534220993745,-0.0033,-0.0003,0.08439999999999999,0.0155,0.0395,0.0003,-0.0062889534220993745
221,2022-06-30,MTUM,-0.06390024582335685,-0.084,0.013300000000000001,-0.06,0.0176,-0.0458,0.0006,-0.06450024582335685
222,2022-07-31,MTUM,0.05169781606620405,0.09570000000000001,0.0178,-0.0415,0.0077,-0.06849999999999999,0.0008,0.05089781606620405
223,2022-08-31,MTUM,-0.019941500384390687,-0.0377,0.0149,0.0018,-0.0478,0.0132,0.0019,-0.021841500384390686
224,2022-09-30,MTUM,-0.05954957435587549,-0.0934,-0.0097,0.0003,-0.0137,-0.0077,0.0019,-0.06144957435587549
225,2022-10-31,MTUM,0.12547677410639668,0.0786,0.0181,0.0797,0.0327,0.0643,0.0023,0.12317677410639669
226,2022-11-30,MTUM,0.03467913808150569,0.046900000000000004,-0.0275,0.0148,0.063,0.0315,0.0029,0.03177913808150569
227,2022-12-31,MTUM,-0.03927058906610559,-0.0638,-0.0019,0.0134,0.0032,0.042800000000000005,0.0033,-0.042570589066105585
228,2023-01-31,MTUM,-0.00548189503446006,0.0659,0.043899999999999995,-0.0394,-0.0242,-0.0443,0.0034999999999999996,-0.00898189503446006
229,2023-02-28,MTUM,-0.04037766221372485,-0.025699999999999997,0.0058,-0.008,0.0097,-0.0151,0.0034000000000000002,-0.04377766221372485
230,2023-03-31,MTUM,0.004328788094507541,0.024900000000000002,-0.0689,-0.09050000000000001,0.0227,-0.021,0.0036,0.0007287880945075409
231,2023-04-30,MTUM,0.02395010633226491,0.0063,-0.025699999999999997,-0.0012,0.0242,0.0285,0.0034999999999999996,0.02045010633226491
232,2023-05-31,MTUM,-0.04825438028112705,0.0033,-0.0043,-0.0779,-0.0178,-0.0708,0.0036,-0.05185438028112705
233,2023-06-30,MTUM,0.06876344349199881,0.0646,0.0128,-0.0013,0.0232,-0.0154,0.004,0.0647634434919988
234,2023-07-31,MTUM,0.0173305819110805,0.0321,0.0286,0.0406,-0.0059,0.0066,0.0045000000000000005,0.0128305819110805
235,2023-08-31,MTUM,0.0030664608097346058,-0.0236,-0.0365,-0.0115,0.0335,-0.0241,0.0045000000000000005,-0.0014335391902653948
236,2023-09-30,MTUM,-0.04818770728920552,-0.052300000000000006,-0.0178,0.0149,0.0187,-0.0077,0.0043,-0.052487707289205515
237,2023-10-31,MTUM,-0.016249254754299725,-0.0315,-0.0403,0.002,0.0241,-0.0069,0.004699999999999999,-0.020949254754299724
238,2023-11-30,MTUM,0.09226548957174274,0.0888,-0.002,0.0167,-0.0373,-0.0108,0.0044,0.08786548957174274
239,2023-12-31,MTUM,0.0475601921767288,0.048600000000000004,0.0727,0.0489,-0.0297,0.0129,0.0043,0.0432601921767288
240,2024-01-31,MTUM,0.05583515886779922,0.0073,-0.0572,-0.023799999999999998,0.0067,-0.0097,0.004699999999999999,0.05113515886779922
241,2024-02-29,MTUM,0.0999697677841267,0.0507,-0.008199999999999999,-0.034300000000000004,-0.0206,-0.0217,0.0042,0.0957697677841267
242,2024-03-31,MTUM,0.029101599342075346,0.028399999999999998,-0.0121,0.0416,0.013300000000000001,0.011399999999999999,0.0043,0.024801599342075348
243,2024-04-30,MTUM,-0.05465703290250756,-0.04650000000000001,-0.0259,-0.0045000000000000005,0.011399999999999999,-0.0031,0.004699999999999999,-0.05935703290250756
244,2024-05-31,MTUM,0.053582576526690184,0.0432,0.0059,-0.0131,0.0317,-0.0285,0.0044,0.04918257652669018
245,2024-06-30,MTUM,0.04540079578851919,0.027999999999999997,-0.0432,-0.0336,0.005600000000000001,-0.018000000000000002,0.0040999999999999995,0.04130079578851919
246,2024-07-31,MTUM,-0.020013257228026493,0.012199999999999999,0.0834,0.0562,0.0026,0.0028000000000000004,0.0045000000000000005,-0.024513257228026494
247,2024-08-31,MTUM,0.03351310526850071,0.0161,-0.0355,-0.011000000000000001,0.0076,0.008199999999999999,0.0048,0.02871310526850071
248,2024-09-30,MTUM,0.029540510286394817,0.0173,-0.0092,-0.0276,0.002,-0.0029,0.004,0.025540510286394816
249,2024-10-31,MTUM,-0.0017261766518981148,-0.01,-0.0089,0.0086,-0.0148,0.0098,0.0039000000000000003,-0.0056261766518981154
250,2024-11-30,MTUM,0.06971012442898372,0.0649,0.045899999999999996,0.0016,-0.0231,-0.020499999999999997,0.004,0.06571012442898372
251,2024-12-31,MTUM,-0.04101764058726631,-0.0315,-0.0383,-0.03,0.0189,-0.0121,0.0037,-0.044717640587266315
252,2025-01-31,MTUM,0.059008360709606134,0.027999999999999997,-0.0123,0.0163,-0.0235,-0.032400000000000005,0.0037,0.05530836070960613
253,2025-02-28,MTUM,-0.0031945063948539687,-0.024300000000000002,-0.049100000000000005,0.049100000000000005,0.0108,0.030600000000000002,0.0033,-0.006494506394853969
254,2025-03-31,MTUM,-0.07223085678750962,-0.0639,-0.0149,0.028999999999999998,0.021099999999999997,-0.004699999999999999,0.0034000000000000002,-0.07563085678750962
255,2025-04-30,MTUM,0.03710484894365118,-0.0084,-0.018600000000000002,-0.0341,-0.0285,-0.026699999999999998,0.0034999999999999996,0.03360484894365118
256,2025-05-31,MTUM,0.10451732235556688,0.060599999999999994,-0.0072,-0.0288,0.0129,0.025099999999999997,0.0038,0.10071732235556688
257,2025-06-30,MTUM,0.040047546883225094,0.048600000000000004,-0.0002,-0.0161,-0.032,0.0144,0.0034000000000000002,0.03664754688322509
258,2025-07-31,MTUM,0.004036212858330446,0.019799999999999998,-0.0014000000000000002,-0.0127,-0.0028000000000000004,-0.0207,0.0034000000000000002,0.0006362128583304455
259,2025-08-31,MTUM,0.010112377063233424,0.018500000000000003,0.048799999999999996,0.044199999999999996,-0.0069,0.0208,0.0038,0.006312377063233425
260,2025-09-30,MTUM,0.05469075875283602,0.0339,-0.0218,-0.0105,-0.020499999999999997,-0.0222,0.0033,0.051390758752836024
261,2025-10-31,MTUM,-0.008695659443532788,0.0196,-0.0131,-0.031,-0.0524,-0.0403,0.0037,-0.012395659443532788
262,2025-11-30,MTUM,-0.015616421654408352,-0.0013,0.0147,0.037599999999999995,0.0144,0.0068000000000000005,0.003,-0.01861642165440835
263,2025-12-31,MTUM,0.00294968192182532,-0.0036,-0.0022,0.0242,0.004,0.0037,0.0034000000000000002,-0.00045031807817468017
264,2026-01-31,MTUM,0.022292334327356444,0.0103,0.0326,0.037200000000000004,0.0182,0.0183,0.003,0.019292334327356445
265,2026-02-28,MTUM,-0.011450202172630597,-0.011699999999999999,0.0063,0.028300000000000002,0.016200000000000003,0.0507,0.0028000000000000004,-0.014250202172630597
266,2015-02-28,QQQ,0.07220572991375795,0.061399999999999996,0.0036,-0.0179,-0.011000000000000001,-0.0175,0.0,0.07220572991375795
267,2015-03-31,QQQ,-0.02358966305226473,-0.0109,0.0308,-0.0038,0.0007000000000000001,-0.0062,0.0,-0.02358966305226473
268,2015-04-30,QQQ,0.0192234765796524,0.006,-0.0301,0.018000000000000002,0.0005,-0.0062,0.0,0.0192234765796524
269,2015-05-31,QQQ,0.022484505219067863,0.0138,0.008199999999999999,-0.0111,-0.0176,-0.0083,0.0,0.022484505219067863
270,2015-06-30,QQQ,-0.024841118649860494,-0.0154,0.028999999999999998,-0.008199999999999999,0.0034999999999999996,-0.0154,0.0,-0.024841118649860494
271,2015-07-31,QQQ,0.04557791784180121,0.015700000000000002,-0.0458,-0.0416,0.0031,-0.024399999999999998,0.0,0.04557791784180121
272,2015-08-31,QQQ,-0.06824495644325057,-0.0602,0.0029,0.0275,0.0066,0.0129,0.0,-0.06824495644325057
273,2015-09-30,QQQ,-0.022072885602153147,-0.030600000000000002,-0.027999999999999997,0.0055000000000000005,0.018000000000000002,-0.0059,0.0,-0.022072885602153147
274,2015-10-31,QQQ,0.11369921236511482,0.0775,-0.0206,-0.004699999999999999,0.0095,0.0060999999999999995,0.0,0.11369921236511482
275,2015-11-30,QQQ,0.006088276741596399,0.005699999999999999,0.033,-0.0043,-0.0265,-0.0106,0.0,0.006088276741596399
276,2015-12-31,QQQ,-0.015947783424067996,-0.0215,-0.029500000000000002,-0.025699999999999997,0.0034000000000000002,0.0012,0.0001,-0.016047783424067995
277,2016-01-31,QQQ,-0.06910406469836594,-0.0574,-0.0344,0.0208,0.0278,0.0305,0.0001,-0.06920406469836594
278,2016-02-29,QQQ,-0.015653713806431213,-0.0007000000000000001,0.0087,-0.0060999999999999995,0.0331,0.0194,0.0002,-0.015853713806431212
279,2016-03-31,QQQ,0.06852606363014857,0.0695,0.01,0.012199999999999999,0.0068000000000000005,0.0001,0.0002,0.06832606363014856
280,2016-04-30,QQQ,-0.031868136070839825,0.0091,0.0123,0.0322,-0.0285,0.0177,0.0001,-0.03196813607083983
281,2016-05-31,QQQ,0.043700450642525146,0.0178,-0.0062,-0.016200000000000003,-0.011000000000000001,-0.0254,0.0001,0.04360045064252514
282,2016-06-30,QQQ,-0.02278043070660729,-0.0003,0.0042,-0.0149,0.014499999999999999,0.019,0.0002,-0.02298043070660729
283,2016-07-31,QQQ,0.07150845990605781,0.0394,0.024700000000000003,-0.0124,0.0131,-0.0116,0.0002,0.0713084599060578
284,2016-08-31,QQQ,0.010500850234544501,0.0049,0.0166,0.0317,-0.018500000000000003,-0.0036,0.0002,0.0103008502345445
285,2016-09-30,QQQ,0.02213526424008072,0.0027,0.0181,-0.011899999999999999,-0.0218,0.0003,0.0002,0.021935264240080722
286,2016-10-31,QQQ,-0.014572156111196777,-0.020099999999999996,-0.04019999999999999,0.041100000000000005,0.009899999999999999,0.0025,0.0002,-0.014772156111196777
287,2016-11-30,QQQ,0.004359686875780477,0.048499999999999995,0.0696,0.08289999999999999,-0.0024,0.0371,0.0001,0.004259686875780477
288,2016-12-31,QQQ,0.011322160748058474,0.0181,0.0044,0.0347,0.0124,-0.0032,0.0003,0.011022160748058474
289,2017-01-31,QQQ,0.05140089269811443,0.0194,-0.0144,-0.0276,-0.0051,-0.0106,0.0004,0.05100089269811443
290,2017-02-28,QQQ,0.04375084319063527,0.0355,-0.023,-0.015,0.0045000000000000005,-0.018000000000000002,0.0004,0.04335084319063527
291,2017-03-31,QQQ,0.020268494027010586,0.0017000000000000001,0.0075,-0.0333,0.0063,-0.0095,0.0003,0.019968494027010585
292,2017-04-30,QQQ,0.027270429983187627,0.0108,0.0040999999999999995,-0.020499999999999997,0.0179,-0.016,0.0005,0.026770429983187627
293,2017-05-31,QQQ,0.03897295239766474,0.010700000000000001,-0.029900000000000003,-0.0382,0.009899999999999999,-0.0166,0.0006,0.038372952397664736
294,2017-06-30,QQQ,-0.023179663937957784,0.0078000000000000005,0.0252,0.015,-0.0226,0.0004,0.0006,-0.023779663937957784
295,2017-07-31,QQQ,0.040613573809373804,0.018799999999999997,-0.016399999999999998,-0.0023,-0.0075,-0.0015,0.0007000000000000001,0.039913573809373805
296,2017-08-31,QQQ,0.020735418400055217,0.0018,-0.0183,-0.0213,0.002,-0.023799999999999998,0.0009,0.019835418400055215
297,2017-09-30,QQQ,-0.0029519650461860003,0.024900000000000002,0.047599999999999996,0.0315,-0.0154,0.0163,0.0009,-0.003851965046186
298,2017-10-31,QQQ,0.04606350686594296,0.0225,-0.0191,0.0013,0.0092,-0.031400000000000004,0.0009,0.04516350686594296
299,2017-11-30,QQQ,0.019717520468044647,0.031200000000000002,-0.0038,-0.0009,0.0319,-0.001,0.0008,0.01891752046804465
300,2017-12-31,QQQ,0.006031272781038988,0.0106,-0.0105,0.0005,0.0073,0.0179,0.0009,0.005131272781038988
301,2018-01-31,QQQ,0.08757063548318222,0.0558,-0.0321,-0.0132,-0.0075,-0.0105,0.0011,0.08647063548318222
302,2018-02-28,QQQ,-0.012927818515798828,-0.0364,0.0034000000000000002,-0.011000000000000001,0.0053,-0.0236,0.0011,-0.014027818515798828
303,2018-03-31,QQQ,-0.04078814074489279,-0.0235,0.0361,-0.0021,-0.0040999999999999995,0.0008,0.0012,-0.041988140744892787
304,2018-04-30,QQQ,0.005058129748646278,0.0029,0.0089,0.0053,-0.0242,0.0124,0.0014000000000000002,0.003658129748646278
305,2018-05-31,QQQ,0.056729181448993415,0.0263,0.0471,-0.031400000000000004,-0.019799999999999998,-0.0149,0.0014000000000000002,0.05532918144899342
306,2018-06-30,QQQ,0.011450358954827822,0.0049,0.0077,-0.0233,0.0083,0.002,0.0014000000000000002,0.010050358954827822
307,2018-07-31,QQQ,0.027963921956732696,0.032,-0.019299999999999998,0.0049,0.015300000000000001,0.0031,0.0016,0.026363921956732695
308,2018-08-31,QQQ,0.05780694213397686,0.0346,0.006500000000000001,-0.0391,-0.0029,-0.025699999999999997,0.0016,0.05620694213397686
309,2018-09-30,QQQ,-0.0028163287261233627,0.0006,-0.024900000000000002,-0.016200000000000003,0.006500000000000001,0.013600000000000001,0.0015,-0.004316328726123362
310,2018-10-31,QQQ,-0.08595725833622714,-0.0764,-0.0438,0.0338,0.0103,0.036000000000000004,0.0019,-0.08785725833622714
311,2018-11-30,QQQ,-0.0026500042894057607,0.0171,-0.008100000000000001,0.0036,-0.0060999999999999995,0.004,0.0018,-0.00445000428940576
312,2018-12-31,QQQ,-0.08660701626365153,-0.0955,-0.0281,-0.0192,-0.0003,0.0024,0.0019,-0.08850701626365153
313,2019-01-31,QQQ,0.09010761274149437,0.0836,0.0291,-0.0039000000000000003,-0.0073,-0.0165,0.0021,0.08800761274149436
314,2019-02-28,QQQ,0.02991201828231982,0.0342,0.0172,-0.026600000000000002,0.0016,-0.0154,0.0018,0.02811201828231982
315,2019-03-31,QQQ,0.039245706256521906,0.011000000000000001,-0.0352,-0.0414,0.0088,-0.009000000000000001,0.0019,0.03734570625652191
316,2019-04-30,QQQ,0.054992572346779234,0.0397,-0.0115,0.0213,0.0161,-0.0218,0.0021,0.052892572346779236
317,2019-05-31,QQQ,-0.08225183015046844,-0.0692,-0.015600000000000001,-0.0245,-0.0048,0.0176,0.0021,-0.08435183015046845
318,2019-06-30,QQQ,0.07590053111739303,0.0699,0.0019,-0.0064,0.0045000000000000005,-0.0055000000000000005,0.0018,0.07410053111739304
319,2019-07-31,QQQ,0.023348100775982594,0.012199999999999999,-0.0182,0.005,-0.0013,0.0037,0.0019,0.021448100775982595
320,2019-08-31,QQQ,-0.018995517506816606,-0.0255,-0.0325,-0.04769999999999999,0.0053,-0.0062,0.0016,-0.020595517506816607
321,2019-09-30,QQQ,0.009178863721348351,0.014199999999999999,0.0029,0.0676,0.0182,0.0338,0.0018,0.007378863721348352
322,2019-10-31,QQQ,0.043800465916807196,0.0207,0.0025,-0.0192,0.0043,-0.0103,0.0015,0.042300465916807195
323,2019-11-30,QQQ,0.04069440473572827,0.0387,0.0039000000000000003,-0.02,-0.016399999999999998,-0.011399999999999999,0.0012,0.039494404735728274
324,2019-12-31,QQQ,0.038863681657318905,0.0276,0.009899999999999999,0.0173,0.0005,0.011899999999999999,0.0014000000000000002,0.037463681657318906
325,2020-01-31,QQQ,0.030384077075467086,-0.0009,-0.0437,-0.0622,-0.011899999999999999,-0.0219,0.0013,0.029084077075467087
326,2020-02-29,QQQ,-0.06057385014808381,-0.0815,0.0008,-0.0382,-0.0143,-0.0253,0.0012,-0.06177385014808381
327,2020-03-31,QQQ,-0.07285846932689011,-0.1335,-0.0818,-0.1383,-0.0161,0.011899999999999999,0.0012,-0.07405846932689011
328,2020-04-30,QQQ,0.14973734890010504,0.1358,0.025699999999999997,-0.0134,0.0276,-0.0102,0.0,0.14973734890010504
329,2020-05-31,QQQ,0.06600876420596435,0.0559,0.0192,-0.05,0.0096,-0.0316,0.0001,0.06590876420596435
330,2020-06-30,QQQ,0.06286690432361364,0.024399999999999998,0.0195,-0.0217,0.0014000000000000002,0.0055000000000000005,0.0001,0.06276690432361363
331,2020-07-31,QQQ,0.07346507565177096,0.0583,-0.0319,-0.0144,0.0038,0.0097,0.0001,0.07336507565177096
332,2020-08-31,QQQ,0.10944766255048699,0.0762,-0.0089,-0.0302,0.042699999999999995,-0.0151,0.0001,0.10934766255048699
333,2020-09-30,QQQ,-0.05778639268688357,-0.0364,-0.0001,-0.027200000000000002,-0.0138,-0.019299999999999998,0.0001,-0.05788639268688357
334,2020-10-31,QQQ,-0.0304494581025756,-0.0208,0.0467,0.0425,-0.0077,-0.005699999999999999,0.0001,-0.0305494581025756
335,2020-11-30,QQQ,0.11225794499904729,0.1244,0.0712,0.0209,-0.0225,0.0128,0.0001,0.11215794499904728
336,2020-12-31,QQQ,0.04902437748180044,0.0463,0.0493,-0.0168,-0.0197,-0.0006,0.0001,0.04892437748180044
337,2021-01-31,QQQ,0.002613595877178465,-0.0007000000000000001,0.0681,0.0322,-0.0365,0.049699999999999994,0.0,0.002613595877178465
338,2021-02-28,QQQ,-0.0013348225421747628,0.0281,0.045,0.07200000000000001,0.0033,-0.0199,0.0,-0.0013348225421747628
339,2021-03-31,QQQ,0.017167301959945425,0.0316,-0.0084,0.0735,0.0635,0.0352,0.0,0.017167301959945425
340,2021-04-30,QQQ,0.05909836105151833,0.049699999999999994,-0.0316,-0.0102,0.024300000000000002,-0.027200000000000002,0.0,0.05909836105151833
341,2021-05-31,QQQ,-0.012012267110839692,0.0029,0.0127,0.0704,0.023399999999999997,0.0301,0.0,-0.012012267110839692
342,2021-06-30,QQQ,0.06262118998464783,0.0273,-0.003,-0.0786,-0.021400000000000002,-0.009300000000000001,0.0,0.06262118998464783
343,2021-07-31,QQQ,0.028609281195532077,0.0134,-0.0455,-0.0179,0.055,-0.0059,0.0,0.028609281195532077
344,2021-08-31,QQQ,0.04218697106353231,0.029500000000000002,-0.0066,-0.0023,-0.0026,-0.0172,0.0,0.04218697106353231
345,2021-09-30,QQQ,-0.05683169579004477,-0.044000000000000004,0.011200000000000002,0.0512,-0.0192,0.02,0.0,-0.05683169579004477
346,2021-10-31,QQQ,0.07864013785357349,0.0663,-0.027000000000000003,-0.0053,0.0171,-0.0154,0.0,0.07864013785357349
347,2021-11-30,QQQ,0.01996838402174972,-0.0158,-0.017,-0.0037,0.0719,0.017,0.0,0.01996838402174972
348,2021-12-31,QQQ,0.011523455706196728,0.032400000000000005,-0.0078000000000000005,0.0325,0.048799999999999996,0.0429,0.0001,0.011423455706196729
349,2022-01-31,QQQ,-0.08747017899181697,-0.061500000000000006,-0.0401,0.1286,0.0077,0.07730000000000001,0.0,-0.08747017899181697
350,2022-02-28,QQQ,-0.04475958193386276,-0.022799999999999997,0.0286,0.030600000000000002,-0.0203,0.030299999999999997,0.0,-0.04475958193386276
351,2022-03-31,QQQ,0.04667878008826731,0.0308,-0.021099999999999997,-0.019,-0.015,0.0321,0.0,0.04667878008826731
352,2022-04-30,QQQ,-0.13595754709651353,-0.0941,-0.0034999999999999996,0.061799999999999994,0.0341,0.0592,0.0,-0.13595754709651353
353,2022-05-31,QQQ,-0.01586597918985877,-0.0033,-0.0003,0.08439999999999999,0.0155,0.0395,0.0003,-0.01616597918985877
354,2022-06-30,QQQ,-0.08907880476854002,-0.084,0.013300000000000001,-0.06,0.0176,-0.0458,0.0006,-0.08967880476854002
355,2022-07-31,QQQ,0.12551725813539538,0.09570000000000001,0.0178,-0.0415,0.0077,-0.06849999999999999,0.0008,0.12471725813539539
356,2022-08-31,QQQ,-0.051321741350250805,-0.0377,0.0149,0.0018,-0.0478,0.0132,0.0019,-0.053221741350250804
357,2022-09-30,QQQ,-0.10535531902123851,-0.0934,-0.0097,0.0003,-0.0137,-0.0077,0.0019,-0.10725531902123851
358,2022-10-31,QQQ,0.03999850194624477,0.0786,0.0181,0.0797,0.0327,0.0643,0.0023,0.03769850194624477
359,2022-11-30,QQQ,0.055441508385785765,0.046900000000000004,-0.0275,0.0148,0.063,0.0315,0.0029,0.052541508385785765
360,2022-12-31,QQQ,-0.0901366856586987,-0.0638,-0.0019,0.0134,0.0032,0.042800000000000005,0.0033,-0.0934366856586987
361,2023-01-31,QQQ,0.10642915019107169,0.0659,0.043899999999999995,-0.0394,-0.0242,-0.0443,0.0034999999999999996,0.10292915019107168
362,2023-02-28,QQQ,-0.003597755043086459,-0.025699999999999997,0.0058,-0.008,0.0097,-0.0151,0.0034000000000000002,-0.006997755043086459
363,2023-03-31,QQQ,0.09492727062917261,0.024900000000000002,-0.0689,-0.09050000000000001,0.0227,-0.021,0.0036,0.0913272706291726
364,2023-04-30,QQQ,0.00507880229340163,0.0063,-0.025699999999999997,-0.0012,0.0242,0.0285,0.0034999999999999996,0.00157880229340163
365,2023-05-31,QQQ,0.07883845315170968,0.0033,-0.0043,-0.0779,-0.0178,-0.0708,0.0036,0.07523845315170967
366,2023-06-30,QQQ,0.06303824691423698,0.0646,0.0128,-0.0013,0.0232,-0.0154,0.004,0.05903824691423698
367,2023-07-31,QQQ,0.03860101149482409,0.0321,0.0286,0.0406,-0.0059,0.0066,0.0045000000000000005,0.034101011494824085
368,2023-08-31,QQQ,-0.014829937120096504,-0.0236,-0.0365,-0.0115,0.0335,-0.0241,0.0045000000000000005,-0.019329937120096504
369,2023-09-30,QQQ,-0.05079882344812803,-0.052300000000000006,-0.0178,0.0149,0.0187,-0.0077,0.0043,-0.055098823448128026
370,2023-10-31,QQQ,-0.020654713118562706,-0.0315,-0.0403,0.002,0.0241,-0.0069,0.004699999999999999,-0.025354713118562706
371,2023-11-30,QQQ,0.10818811709453646,0.0888,-0.002,0.0167,-0.0373,-0.0108,0.0044,0.10378811709453646
372,2023-12-31,QQQ,0.055869654359622434,0.048600000000000004,0.0727,0.0489,-0.0297,0.0129,0.0043,0.051569654359622435
373,2024-01-31,QQQ,0.01819219713442699,0.0073,-0.0572,-0.023799999999999998,0.0067,-0.0097,0.004699999999999999,0.013492197134426991
374,2024-02-29,QQQ,0.05283344055468331,0.0507,-0.008199999999999999,-0.034300000000000004,-0.0206,-0.0217,0.0042,0.048633440554683306
375,2024-03-31,QQQ,0.012749739727267118,0.028399999999999998,-0.0121,0.0416,0.013300000000000001,0.011399999999999999,0.0043,0.008449739727267118
376,2024-04-30,QQQ,-0.04373769957326212,-0.04650000000000001,-0.0259,-0.0045000000000000005,0.011399999999999999,-0.0031,0.004699999999999999,-0.04843769957326212
377,2024-05-31,QQQ,0.061518135526762885,0.0432,0.0059,-0.0131,0.0317,-0.0285,0.0044,0.057118135526762884
378,2024-06-30,QQQ,0.06470113489266138,0.027999999999999997,-0.0432,-0.0336,0.005600000000000001,-0.018000000000000002,0.0040999999999999995,0.06060113489266138
379,2024-07-31,QQQ,-0.01678098952191942,0.012199999999999999,0.0834,0.0562,0.0026,0.0028000000000000004,0.0045000000000000005,-0.02128098952191942
380,2024-08-31,QQQ,0.011038667246205947,0.0161,-0.0355,-0.011000000000000001,0.0076,0.008199999999999999,0.0048,0.006238667246205947
381,2024-09-30,QQQ,0.026215902462238816,0.0173,-0.0092,-0.0276,0.002,-0.0029,0.004,0.022215902462238816
382,2024-10-31,QQQ,-0.00864638206987789,-0.01,-0.0089,0.0086,-0.0148,0.0098,0.0039000000000000003,-0.01254638206987789
383,2024-11-30,QQQ,0.053508419369846516,0.0649,0.045899999999999996,0.0016,-0.0231,-0.020499999999999997,0.004,0.04950841936984651
384,2024-12-31,QQQ,0.0045402796389355515,-0.0315,-0.0383,-0.03,0.0189,-0.0121,0.0037,0.0008402796389355514
385,2025-01-31,QQQ,0.021633903752772854,0.027999999999999997,-0.0123,0.0163,-0.0235,-0.032400000000000005,0.0037,0.017933903752772852
386,2025-02-28,QQQ,-0.027034634569936156,-0.024300000000000002,-0.049100000000000005,0.049100000000000005,0.0108,0.030600000000000002,0.0033,-0.030334634569936157
387,2025-03-31,QQQ,-0.07586174386929212,-0.0639,-0.0149,0.028999999999999998,0.021099999999999997,-0.004699999999999999,0.0034000000000000002,-0.07926174386929212
388,2025-04-30,QQQ,0.01396816831042802,-0.0084,-0.018600000000000002,-0.0341,-0.0285,-0.026699999999999998,0.0034999999999999996,0.01046816831042802
389,2025-05-31,QQQ,0.09178286516305012,0.060599999999999994,-0.0072,-0.0288,0.0129,0.025099999999999997,0.0038,0.08798286516305012
390,2025-06-30,QQQ,0.06385843881377973,0.048600000000000004,-0.0002,-0.0161,-0.032,0.0144,0.0034000000000000002,0.06045843881377973
391,2025-07-31,QQQ,0.024236854046483236,0.019799999999999998,-0.0014000000000000002,-0.0127,-0.0028000000000000004,-0.0207,0.0034000000000000002,0.020836854046483236
392,2025-08-31,QQQ,0.009539755377876658,0.018500000000000003,0.048799999999999996,0.044199999999999996,-0.0069,0.0208,0.0038,0.005739755377876658
393,2025-09-30,QQQ,0.0537621543526261,0.0339,-0.0218,-0.0105,-0.020499999999999997,-0.0222,0.0033,0.050462154352626104
394,2025-10-31,QQQ,0.0478038174643991,0.0196,-0.0131,-0.031,-0.0524,-0.0403,0.0037,0.0441038174643991
395,2025-11-30,QQQ,-0.015610296739697826,-0.0013,0.0147,0.037599999999999995,0.0144,0.0068000000000000005,0.003,-0.018610296739697826
396,2025-12-31,QQQ,-0.006699323526130563,-0.0036,-0.0022,0.0242,0.004,0.0037,0.0034000000000000002,-0.010099323526130563
397,2026-01-31,QQQ,0.012306484762509173,0.0103,0.0326,0.037200000000000004,0.0182,0.0183,0.003,0.009306484762509174
398,2026-02-28,QQQ,-0.02344542544546735,-0.011699999999999999,0.0063,0.028300000000000002,0.016200000000000003,0.0507,0.0028000000000000004,-0.02624542544546735
399,2015-02-28,QUAL,0.06016016849808037,0.061399999999999996,0.0036,-0.0179,-0.011000000000000001,-0.0175,0.0,0.06016016849808037
400,2015-03-31,QUAL,-0.015698508467716143,-0.0109,0.0308,-0.0038,0.0007000000000000001,-0.0062,0.0,-0.015698508467716143
401,2015-04-30,QUAL,0.0017292920825868752,0.006,-0.0301,0.018000000000000002,0.0005,-0.0062,0.0,0.0017292920825868752
402,2015-05-31,QUAL,0.015222823019428455,0.0138,0.008199999999999999,-0.0111,-0.0176,-0.0083,0.0,0.015222823019428455
403,2015-06-30,QUAL,-0.01846339842381295,-0.0154,0.028999999999999998,-0.008199999999999999,0.0034999999999999996,-0.0154,0.0,-0.01846339842381295
404,2015-07-31,QUAL,0.028797462280166997,0.015700000000000002,-0.0458,-0.0416,0.0031,-0.024399999999999998,0.0,0.028797462280166997
405,2015-08-31,QUAL,-0.05413698983234372,-0.0602,0.0029,0.0275,0.0066,0.0129,0.0,-0.05413698983234372
406,2015-09-30,QUAL,-0.012963203159767067,-0.030600000000000002,-0.027999999999999997,0.0055000000000000005,0.018000000000000002,-0.0059,0.0,-0.012963203159767067
407,2015-10-31,QUAL,0.08651784473825574,0.0775,-0.0206,-0.004699999999999999,0.0095,0.0060999999999999995,0.0,0.08651784473825574
408,2015-11-30,QUAL,0.004414860912673735,0.005699999999999999,0.033,-0.0043,-0.0265,-0.0106,0.0,0.004414860912673735
409,2015-12-31,QUAL,-0.017170914014609573,-0.0215,-0.029500000000000002,-0.025699999999999997,0.0034000000000000002,0.0012,0.0001,-0.017270914014609572
410,2016-01-31,QUAL,-0.04615151383895699,-0.0574,-0.0344,0.0208,0.0278,0.0305,0.0001,-0.046251513838956995
411,2016-02-29,QUAL,0.006007332660830311,-0.0007000000000000001,0.0087,-0.0060999999999999995,0.0331,0.0194,0.0002,0.005807332660830312
412,2016-03-31,QUAL,0.05907054638541198,0.0695,0.01,0.012199999999999999,0.0068000000000000005,0.0001,0.0002,0.05887054638541198
413,2016-04-30,QUAL,-0.003962160641982848,0.0091,0.0123,0.0322,-0.0285,0.0177,0.0001,-0.004062160641982848
414,2016-05-31,QUAL,0.010709878302055165,0.0178,-0.0062,-0.016200000000000003,-0.011000000000000001,-0.0254,0.0001,0.010609878302055165
415,2016-06-30,QUAL,0.004840044401906773,-0.0003,0.0042,-0.0149,0.014499999999999999,0.019,0.0002,0.004640044401906774
416,2016-07-31,QUAL,0.030454378622814193,0.0394,0.024700000000000003,-0.0124,0.0131,-0.0116,0.0002,0.030254378622814194
417,2016-08-31,QUAL,-0.0022056964276350177,0.0049,0.0166,0.0317,-0.018500000000000003,-0.0036,0.0002,-0.002405696427635018
418,2016-09-30,QUAL,-0.0010218002039437124,0.0027,0.0181,-0.011899999999999999,-0.0218,0.0003,0.0002,-0.0012218002039437125
419,2016-10-31,QUAL,-0.02044720525365773,-0.020099999999999996,-0.04019999999999999,0.041100000000000005,0.009899999999999999,0.0025,0.0002,-0.02064720525365773
420,2016-11-30,QUAL,0.03010155405036663,0.048499999999999995,0.0696,0.08289999999999999,-0.0024,0.0371,0.0001,0.03000155405036663
421,2016-12-31,QUAL,0.01995127043643019,0.0181,0.0044,0.0347,0.0124,-0.0032,0.0003,0.01965127043643019
422,2017-01-31,QUAL,0.011577081871085193,0.0194,-0.0144,-0.0276,-0.0051,-0.0106,0.0004,0.011177081871085194
423,2017-02-28,QUAL,0.04692418868792814,0.0355,-0.023,-0.015,0.0045000000000000005,-0.018000000000000002,0.0004,0.04652418868792814
424,2017-03-31,QUAL,-0.00045007565381049996,0.0017000000000000001,0.0075,-0.0333,0.0063,-0.0095,0.0003,-0.0007500756538104999
425,2017-04-30,QUAL,0.006180897608958791,0.0108,0.0040999999999999995,-0.020499999999999997,0.0179,-0.016,0.0005,0.00568089760895879
426,2017-05-31,QUAL,0.014880882374953774,0.010700000000000001,-0.029900000000000003,-0.0382,0.009899999999999999,-0.0166,0.0006,0.014280882374953775
427,2017-06-30,QUAL,0.00564842791236897,0.0078000000000000005,0.0252,0.015,-0.0226,0.0004,0.0006,0.00504842791236897
428,2017-07-31,QUAL,0.010218990166871444,0.018799999999999997,-0.016399999999999998,-0.0023,-0.0075,-0.0015,0.0007000000000000001,0.009518990166871445
429,2017-08-31,QUAL,0.0046586253759812735,0.0018,-0.0183,-0.0213,0.002,-0.023799999999999998,0.0009,0.0037586253759812737
430,2017-09-30,QUAL,0.02651700171124416,0.024900000000000002,0.047599999999999996,0.0315,-0.0154,0.0163,0.0009,0.025617001711244158
431,2017-10-31,QUAL,0.029167991996960296,0.0225,-0.0191,0.0013,0.0092,-0.031400000000000004,0.0009,0.028267991996960295
432,2017-11-30,QUAL,0.03602462962741826,0.031200000000000002,-0.0038,-0.0009,0.0319,-0.001,0.0008,0.03522462962741826
433,2017-12-31,QUAL,0.012480619042225305,0.0106,-0.0105,0.0005,0.0073,0.0179,0.0009,0.011580619042225305
434,2018-01-31,QUAL,0.045717799695445205,0.0558,-0.0321,-0.0132,-0.0075,-0.0105,0.0011,0.04461779969544521
435,2018-02-28,QUAL,-0.029069274908504972,-0.0364,0.0034000000000000002,-0.011000000000000001,0.0053,-0.0236,0.0011,-0.030169274908504972
436,2018-03-31,QUAL,-0.012968351851808446,-0.0235,0.0361,-0.0021,-0.0040999999999999995,0.0008,0.0012,-0.014168351851808446
437,2018-04-30,QUAL,-0.013057466753757074,0.0029,0.0089,0.0053,-0.0242,0.0124,0.0014000000000000002,-0.014457466753757075
438,2018-05-31,QUAL,0.026950761872155393,0.0263,0.0471,-0.031400000000000004,-0.019799999999999998,-0.0149,0.0014000000000000002,0.025550761872155395
439,2018-06-30,QUAL,-3.138197240182272e-05,0.0049,0.0077,-0.0233,0.0083,0.002,0.0014000000000000002,-0.001431381972401823
440,2018-07-31,QUAL,0.03714743591049907,0.032,-0.019299999999999998,0.0049,0.015300000000000001,0.0031,0.0016,0.035547435910499074
441,2018-08-31,QUAL,0.037319460864709386,0.0346,0.006500000000000001,-0.0391,-0.0029,-0.025699999999999997,0.0016,0.03571946086470939
442,2018-09-30,QUAL,0.010676612601226987,0.0006,-0.024900000000000002,-0.016200000000000003,0.006500000000000001,0.013600000000000001,0.0015,0.009176612601226987
443,2018-10-31,QUAL,-0.07568901112195314,-0.0764,-0.0438,0.0338,0.0103,0.036000000000000004,0.0019,-0.07758901112195314
444,2018-11-30,QUAL,0.009218439961929059,0.0171,-0.008100000000000001,0.0036,-0.0060999999999999995,0.004,0.0018,0.00741843996192906
445,2018-12-31,QUAL,-0.0847109829028404,-0.0955,-0.0281,-0.0192,-0.0003,0.0024,0.0019,-0.0866109829028404
446,2019-01-31,QUAL,0.08246477560068088,0.0836,0.0291,-0.0039000000000000003,-0.0073,-0.0165,0.0021,0.08036477560068088
447,2019-02-28,QUAL,0.04356722110375855,0.0342,0.0172,-0.026600000000000002,0.0016,-0.0154,0.0018,0.041767221103758544
448,2019-03-31,QUAL,0.02532638557199518,0.011000000000000001,-0.0352,-0.0414,0.0088,-0.009000000000000001,0.0019,0.02342638557199518
449,2019-04-30,QUAL,0.03794440267682542,0.0397,-0.0115,0.0213,0.0161,-0.0218,0.0021,0.03584440267682542
450,2019-05-31,QUAL,-0.06582526964597435,-0.0692,-0.015600000000000001,-0.0245,-0.0048,0.0176,0.0021,-0.06792526964597435
451,2019-06-30,QUAL,0.07072986002456871,0.0699,0.0019,-0.0064,0.0045000000000000005,-0.0055000000000000005,0.0018,0.06892986002456872
452,2019-07-31,QUAL,0.013774872324062493,0.012199999999999999,-0.0182,0.005,-0.0013,0.0037,0.0019,0.011874872324062492
453,2019-08-31,QUAL,-0.01779336329894865,-0.0255,-0.0325,-0.04769999999999999,0.0053,-0.0062,0.0016,-0.01939336329894865
454,2019-09-30,QUAL,0.018515627742725416,0.014199999999999999,0.0029,0.0676,0.0182,0.0338,0.0018,0.016715627742725416
455,2019-10-31,QUAL,0.022078041761635525,0.0207,0.0025,-0.0192,0.0043,-0.0103,0.0015,0.020578041761635524
456,2019-11-30,QUAL,0.0445782588301924,0.0387,0.0039000000000000003,-0.02,-0.016399999999999998,-0.011399999999999999,0.0012,0.0433782588301924
457,2019-12-31,QUAL,0.028359468093069662,0.0276,0.009899999999999999,0.0173,0.0005,0.011899999999999999,0.0014000000000000002,0.026959468093069663
458,2020-01-31,QUAL,-0.006831475889294336,-0.0009,-0.0437,-0.0622,-0.011899999999999999,-0.0219,0.0013,-0.008131475889294335
459,2020-02-29,QUAL,-0.08334192374700389,-0.0815,0.0008,-0.0382,-0.0143,-0.0253,0.0012,-0.0845419237470039
460,2020-03-31,QUAL,-0.1138999660556993,-0.1335,-0.0818,-0.1383,-0.0161,0.011899999999999999,0.0012,-0.1150999660556993
461,2020-04-30,QUAL,0.12277877311864316,0.1358,0.025699999999999997,-0.0134,0.0276,-0.0102,0.0,0.12277877311864316
462,2020-05-31,QUAL,0.056160316764473084,0.0559,0.0192,-0.05,0.0096,-0.0316,0.0001,0.05606031676447308
463,2020-06-30,QUAL,0.0018744194655140323,0.024399999999999998,0.0195,-0.0217,0.0014000000000000002,0.0055000000000000005,0.0001,0.0017744194655140322
464,2020-07-31,QUAL,0.04952046906665197,0.0583,-0.0319,-0.0144,0.0038,0.0097,0.0001,0.04942046906665197
465,2020-08-31,QUAL,0.06863998795223525,0.0762,-0.0089,-0.0302,0.042699999999999995,-0.0151,0.0001,0.06853998795223525
466,2020-09-30,QUAL,-0.031510400620797796,-0.0364,-0.0001,-0.027200000000000002,-0.0138,-0.019299999999999998,0.0001,-0.0316104006207978
467,2020-10-31,QUAL,-0.025930065247596112,-0.0208,0.0467,0.0425,-0.0077,-0.005699999999999999,0.0001,-0.026030065247596112
468,2020-11-30,QUAL,0.1129143184177086,0.1244,0.0712,0.0209,-0.0225,0.0128,0.0001,0.1128143184177086
469,2020-12-31,QUAL,0.037058568799865466,0.0463,0.0493,-0.0168,-0.0197,-0.0006,0.0001,0.03695856879986546
470,2021-01-31,QUAL,-0.028310501451605075,-0.0007000000000000001,0.0681,0.0322,-0.0365,0.049699999999999994,0.0,-0.028310501451605075
471,2021-02-28,QUAL,0.03196939029770629,0.0281,0.045,0.07200000000000001,0.0033,-0.0199,0.0,0.03196939029770629
472,2021-03-31,QUAL,0.049796585349465516,0.0316,-0.0084,0.0735,0.0635,0.0352,0.0,0.049796585349465516
473,2021-04-30,QUAL,0.04803755889785011,0.049699999999999994,-0.0316,-0.0102,0.024300000000000002,-0.027200000000000002,0.0,0.04803755889785011
474,2021-05-31,QUAL,0.010107110229206961,0.0029,0.0127,0.0704,0.023399999999999997,0.0301,0.0,0.010107110229206961
475,2021-06-30,QUAL,0.03364738946146262,0.0273,-0.003,-0.0786,-0.021400000000000002,-0.009300000000000001,0.0,0.03364738946146262
476,2021-07-31,QUAL,0.03379239340842233,0.0134,-0.0455,-0.0179,0.055,-0.0059,0.0,0.03379239340842233
477,2021-08-31,QUAL,0.028319474510026366,0.029500000000000002,-0.0066,-0.0023,-0.0026,-0.0172,0.0,0.028319474510026366
478,2021-09-30,QUAL,-0.06454834069161608,-0.044000000000000004,0.011200000000000002,0.0512,-0.0192,0.02,0.0,-0.06454834069161608
479,2021-10-31,QUAL,0.07712762721515398,0.0663,-0.027000000000000003,-0.0053,0.0171,-0.0154,0.0,0.07712762721515398
480,2021-11-30,QUAL,-0.006061175068737379,-0.0158,-0.017,-0.0037,0.0719,0.017,0.0,-0.006061175068737379
481,2021-12-31,QUAL,0.03504138657859346,0.032400000000000005,-0.0078000000000000005,0.0325,0.048799999999999996,0.0429,0.0001,0.034941386578593456
482,2022-01-31,QUAL,-0.06952474225950889,-0.061500000000000006,-0.0401,0.1286,0.0077,0.07730000000000001,0.0,-0.06952474225950889
483,2022-02-28,QUAL,-0.04105137906689327,-0.022799999999999997,0.0286,0.030600000000000002,-0.0203,0.030299999999999997,0.0,-0.04105137906689327
484,2022-03-31,QUAL,0.039584177410250776,0.0308,-0.021099999999999997,-0.019,-0.015,0.0321,0.0,0.039584177410250776
485,2022-04-30,QUAL,-0.08281960221865226,-0.0941,-0.0034999999999999996,0.061799999999999994,0.0341,0.0592,0.0,-0.08281960221865226
486,2022-05-31,QUAL,-0.0017007241697004627,-0.0033,-0.0003,0.08439999999999999,0.0155,0.0395,0.0003,-0.0020007241697004626
487,2022-06-30,QUAL,-0.09049326678399205,-0.084,0.013300000000000001,-0.06,0.0176,-0.0458,0.0006,-0.09109326678399206
488,2022-07-31,QUAL,0.09209686003383255,0.09570000000000001,0.0178,-0.0415,0.0077,-0.06849999999999999,0.0008,0.09129686003383256
489,2022-08-31,QUAL,-0.05138504983097536,-0.0377,0.0149,0.0018,-0.0478,0.0132,0.0019,-0.05328504983097536
490,2022-09-30,QUAL,-0.09757226278429121,-0.0934,-0.0097,0.0003,-0.0137,-0.0077,0.0019,-0.09947226278429121
491,2022-10-31,QUAL,0.08293230561440845,0.0786,0.0181,0.0797,0.0327,0.0643,0.0023,0.08063230561440846
492,2022-11-30,QUAL,0.07711440048268203,0.046900000000000004,-0.0275,0.0148,0.063,0.0315,0.0029,0.07421440048268203
493,2022-12-31,QUAL,-0.05622903425560444,-0.0638,-0.0019,0.0134,0.0032,0.042800000000000005,0.0033,-0.059529034255604435
494,2023-01-31,QUAL,0.07151633581581351,0.0659,0.043899999999999995,-0.0394,-0.0242,-0.0443,0.0034999999999999996,0.06801633581581351
495,2023-02-28,QUAL,-0.027516317915099786,-0.025699999999999997,0.0058,-0.008,0.0097,-0.0151,0.0034000000000000002,-0.030916317915099786
496,2023-03-31,QUAL,0.04800571613651661,0.024900000000000002,-0.0689,-0.09050000000000001,0.0227,-0.021,0.0036,0.04440571613651661
497,2023-04-30,QUAL,0.017087200719461126,0.0063,-0.025699999999999997,-0.0012,0.0242,0.0285,0.0034999999999999996,0.013587200719461127
498,2023-05-31,QUAL,0.007211143727997582,0.0033,-0.0043,-0.0779,-0.0178,-0.0708,0.0036,0.003611143727997582
499,2023-06-30,QUAL,0.06429109245903697,0.0646,0.0128,-0.0013,0.0232,-0.0154,0.004,0.060291092459036966
500,2023-07-31,QUAL,0.037814093491850054,0.0321,0.0286,0.0406,-0.0059,0.0066,0.0045000000000000005,0.03331409349185005
501,2023-08-31,QUAL,-0.004357899778751895,-0.0236,-0.0365,-0.0115,0.0335,-0.0241,0.0045000000000000005,-0.008857899778751895
502,2023-09-30,QUAL,-0.050680385661125094,-0.052300000000000006,-0.0178,0.0149,0.0187,-0.0077,0.0043,-0.05498038566112509
503,2023-10-31,QUAL,-0.014796308680524062,-0.0315,-0.0403,0.002,0.0241,-0.0069,0.004699999999999999,-0.01949630868052406
504,2023-11-30,QUAL,0.08649108188417531,0.0888,-0.002,0.0167,-0.0373,-0.0108,0.0044,0.08209108188417531
505,2023-12-31,QUAL,0.04689023689547178,0.048600000000000004,0.0727,0.0489,-0.0297,0.0129,0.0043,0.042590236895471784
506,2024-01-31,QUAL,0.02283551181551635,0.0073,-0.0572,-0.023799999999999998,0.0067,-0.0097,0.004699999999999999,0.018135511815516352
507,2024-02-29,QUAL,0.06498316788083058,0.0507,-0.008199999999999999,-0.034300000000000004,-0.0206,-0.0217,0.0042,0.06078316788083058
508,2024-03-31,QUAL,0.027729897926995095,0.028399999999999998,-0.0121,0.0416,0.013300000000000001,0.011399999999999999,0.0043,0.023429897926995097
509,2024-04-30,QUAL,-0.044965012917899116,-0.04650000000000001,-0.0259,-0.0045000000000000005,0.011399999999999999,-0.0031,0.004699999999999999,-0.04966501291789911
510,2024-05-31,QUAL,0.055937805331680135,0.0432,0.0059,-0.0131,0.0317,-0.0285,0.0044,0.051537805331680134
511,2024-06-30,QUAL,0.03239806436212911,0.027999999999999997,-0.0432,-0.0336,0.005600000000000001,-0.018000000000000002,0.0040999999999999995,0.02829806436212911
512,2024-07-31,QUAL,0.005973217970863809,0.012199999999999999,0.0834,0.0562,0.0026,0.0028000000000000004,0.0045000000000000005,0.0014732179708638084
513,2024-08-31,QUAL,0.034928492102989095,0.0161,-0.0355,-0.011000000000000001,0.0076,0.008199999999999999,0.0048,0.030128492102989096
514,2024-09-30,QUAL,0.011617078725217889,0.0173,-0.0092,-0.0276,0.002,-0.0029,0.004,0.0076170787252178886
515,2024-10-31,QUAL,-0.016062591934776882,-0.01,-0.0089,0.0086,-0.0148,0.0098,0.0039000000000000003,-0.019962591934776883
516,2024-11-30,QUAL,0.05027781092420036,0.0649,0.045899999999999996,0.0016,-0.0231,-0.020499999999999997,0.004,0.04627781092420036
517,2024-12-31,QUAL,-0.03603955634876921,-0.0315,-0.0383,-0.03,0.0189,-0.0121,0.0037,-0.03973955634876921
518,2025-01-31,QUAL,0.029649494700175527,0.027999999999999997,-0.0123,0.0163,-0.0235,-0.032400000000000005,0.0037,0.025949494700175525
519,2025-02-28,QUAL,-0.009762174859495931,-0.024300000000000002,-0.049100000000000005,0.049100000000000005,0.0108,0.030600000000000002,0.0033,-0.013062174859495932
520,2025-03-31,QUAL,-0.056689604335630306,-0.0639,-0.0149,0.028999999999999998,0.021099999999999997,-0.004699999999999999,0.0034000000000000002,-0.060089604335630306
521,2025-04-30,QUAL,-0.008894587773187967,-0.0084,-0.018600000000000002,-0.0341,-0.0285,-0.026699999999999998,0.0034999999999999996,-0.012394587773187967
522,2025-05-31,QUAL,0.04540357102240411,0.060599999999999994,-0.0072,-0.0288,0.0129,0.025099999999999997,0.0038,0.04160357102240411
523,2025-06-30,QUAL,0.03478345023781815,0.048600000000000004,-0.0002,-0.0161,-0.032,0.0144,0.0034000000000000002,0.03138345023781815
524,2025-07-31,QUAL,0.00711078687874922,0.019799999999999998,-0.0014000000000000002,-0.0127,-0.0028000000000000004,-0.0207,0.0034000000000000002,0.00371078687874922
525,2025-08-31,QUAL,0.026232887505802882,0.018500000000000003,0.048799999999999996,0.044199999999999996,-0.0069,0.0208,0.0038,0.02243288750580288
526,2025-09-30,QUAL,0.031900852795961,0.0339,-0.0218,-0.0105,-0.020499999999999997,-0.0222,0.0033,0.028600852795960998
527,2025-10-31,QUAL,0.00925449040290105,0.0196,-0.0131,-0.031,-0.0524,-0.0403,0.0037,0.00555449040290105
528,2025-11-30,QUAL,0.00906773929192739,-0.0013,0.0147,0.037599999999999995,0.0144,0.0068000000000000005,0.003,0.00606773929192739
529,2025-12-31,QUAL,0.005803675792975138,-0.0036,-0.0022,0.0242,0.004,0.0037,0.0034000000000000002,0.002403675792975138
530,2026-01-31,QUAL,0.019132025961031918,0.0103,0.0326,0.037200000000000004,0.0182,0.0183,0.003,0.01613202596103192
531,2026-02-28,QUAL,0.012054153378671106,-0.011699999999999999,0.0063,0.028300000000000002,0.016200000000000003,0.0507,0.0028000000000000004,0.009254153378671106
532,2015-02-28,SPY,0.05620467450634914,0.061399999999999996,0.0036,-0.0179,-0.011000000000000001,-0.0175,0.0,0.05620467450634914
533,2015-03-31,SPY,-0.015705631688876953,-0.0109,0.0308,-0.0038,0.0007000000000000001,-0.0062,0.0,-0.015705631688876953
534,2015-04-30,SPY,0.00983427962353356,0.006,-0.0301,0.018000000000000002,0.0005,-0.0062,0.0,0.00983427962353356
535,2015-05-31,SPY,0.012855471704023902,0.0138,0.008199999999999999,-0.0111,-0.0176,-0.0083,0.0,0.012855471704023902
536,2015-06-30,SPY,-0.02031161669240722,-0.0154,0.028999999999999998,-0.008199999999999999,0.0034999999999999996,-0.0154,0.0,-0.02031161669240722
537,2015-07-31,SPY,0.022589325738822108,0.015700000000000002,-0.0458,-0.0416,0.0031,-0.024399999999999998,0.0,0.022589325738822108
538,2015-08-31,SPY,-0.060950222850078895,-0.0602,0.0029,0.0275,0.0066,0.0129,0.0,-0.060950222850078895
539,2015-09-30,SPY,-0.025516093701228093,-0.030600000000000002,-0.027999999999999997,0.0055000000000000005,0.018000000000000002,-0.0059,0.0,-0.025516093701228093
540,2015-10-31,SPY,0.08505983609043088,0.0775,-0.0206,-0.004699999999999999,0.0095,0.0060999999999999995,0.0,0.08505983609043088
541,2015-11-30,SPY,0.0036544982521413694,0.005699999999999999,0.033,-0.0043,-0.0265,-0.0106,0.0,0.0036544982521413694
542,2015-12-31,SPY,-0.0172820628133602,-0.0215,-0.029500000000000002,-0.025699999999999997,0.0034000000000000002,0.0012,0.0001,-0.0173820628133602
543,2016-01-31,SPY,-0.049786637173391934,-0.0574,-0.0344,0.0208,0.0278,0.0305,0.0001,-0.04988663717339194
544,2016-02-29,SPY,-0.0008255728337612789,-0.0007000000000000001,0.0087,-0.0060999999999999995,0.0331,0.0194,0.0002,-0.001025572833761279
545,2016-03-31,SPY,0.06726558571115193,0.0695,0.01,0.012199999999999999,0.0068000000000000005,0.0001,0.0002,0.06706558571115193
546,2016-04-30,SPY,0.003941332254370211,0.0091,0.0123,0.0322,-0.0285,0.0177,0.0001,0.0038413322543702113
547,2016-05-31,SPY,0.017011563009164288,0.0178,-0.0062,-0.016200000000000003,-0.011000000000000001,-0.0254,0.0001,0.01691156300916429
548,2016-06-30,SPY,0.0034756357148959527,-0.0003,0.0042,-0.0149,0.014499999999999999,0.019,0.0002,0.0032756357148959526
549,2016-07-31,SPY,0.03647149074062539,0.0394,0.024700000000000003,-0.0124,0.0131,-0.0116,0.0002,0.03627149074062539
550,2016-08-31,SPY,0.0011975977931217852,0.0049,0.0166,0.0317,-0.018500000000000003,-0.0036,0.0002,0.000997597793121785
551,2016-09-30,SPY,5.7782188110255817e-05,0.0027,0.0181,-0.011899999999999999,-0.0218,0.0003,0.0002,-0.0001422178118897442
552,2016-10-31,SPY,-0.0173368602266345,-0.020099999999999996,-0.04019999999999999,0.041100000000000005,0.009899999999999999,0.0025,0.0002,-0.017536860226634497
553,2016-11-30,SPY,0.03683821780987406,0.048499999999999995,0.0696,0.08289999999999999,-0.0024,0.0371,0.0001,0.03673821780987406
554,2016-12-31,SPY,0.020272194296074852,0.0181,0.0044,0.0347,0.0124,-0.0032,0.0003,0.01997219429607485
555,2017-01-31,SPY,0.017894444386463704,0.0194,-0.0144,-0.0276,-0.0051,-0.0106,0.0004,0.017494444386463703
556,2017-02-28,SPY,0.0392913931322747,0.0355,-0.023,-0.015,0.0045000000000000005,-0.018000000000000002,0.0004,0.0388913931322747
557,2017-03-31,SPY,0.0012501434036382708,0.0017000000000000001,0.0075,-0.0333,0.0063,-0.0095,0.0003,0.0009501434036382709
558,2017-04-30,SPY,0.009926182327828936,0.0108,0.0040999999999999995,-0.020499999999999997,0.0179,-0.016,0.0005,0.009426182327828936
559,2017-05-31,SPY,0.014113025268498669,0.010700000000000001,-0.029900000000000003,-0.0382,0.009899999999999999,-0.0166,0.0006,0.01351302526849867
560,2017-06-30,SPY,0.0063748126282321405,0.0078000000000000005,0.0252,0.015,-0.0226,0.0004,0.0006,0.005774812628232141
561,2017-07-31,SPY,0.020554187284874015,0.018799999999999997,-0.016399999999999998,-0.0023,-0.0075,-0.0015,0.0007000000000000001,0.019854187284874016
562,2017-08-31,SPY,0.002917612829974381,0.0018,-0.0183,-0.0213,0.002,-0.023799999999999998,0.0009,0.002017612829974381
563,2017-09-30,SPY,0.02014941504402956,0.024900000000000002,0.047599999999999996,0.0315,-0.0154,0.0163,0.0009,0.01924941504402956
564,2017-10-31,SPY,0.023563921181526615,0.0225,-0.0191,0.0013,0.0092,-0.031400000000000004,0.0009,0.022663921181526613
565,2017-11-30,SPY,0.030566220282916667,0.031200000000000002,-0.0038,-0.0009,0.0319,-0.001,0.0008,0.02976622028291667
566,2017-12-31,SPY,0.012127716764518404,0.0106,-0.0105,0.0005,0.0073,0.0179,0.0009,0.011227716764518404
567,2018-01-31,SPY,0.05635943697861179,0.0558,-0.0321,-0.0132,-0.0075,-0.0105,0.0011,0.05525943697861179
568,2018-02-28,SPY,-0.03636082870412882,-0.0364,0.0034000000000000002,-0.011000000000000001,0.0053,-0.0236,0.0011,-0.03746082870412882
569,2018-03-31,SPY,-0.027410134108003747,-0.0235,0.0361,-0.0021,-0.0040999999999999995,0.0008,0.0012,-0.028610134108003747
570,2018-04-30,SPY,0.005168190096061842,0.0029,0.0089,0.0053,-0.0242,0.0124,0.0014000000000000002,0.003768190096061842
571,2018-05-31,SPY,0.02430888322856717,0.0263,0.0471,-0.031400000000000004,-0.019799999999999998,-0.0149,0.0014000000000000002,0.02290888322856717
572,2018-06-30,SPY,0.005750966375720479,0.0049,0.0077,-0.0233,0.0083,0.002,0.0014000000000000002,0.0043509663757204785
573,2018-07-31,SPY,0.03704666162400261,0.032,-0.019299999999999998,0.0049,0.015300000000000001,0.0031,0.0016,0.03544666162400261
574,2018-08-31,SPY,0.03191979805434286,0.0346,0.006500000000000001,-0.0391,-0.0029,-0.025699999999999997,0.0016,0.030319798054342862
575,2018-09-30,SPY,0.0059453875580532944,0.0006,-0.024900000000000002,-0.016200000000000003,0.006500000000000001,0.013600000000000001,0.0015,0.004445387558053295
576,2018-10-31,SPY,-0.06910437550776116,-0.0764,-0.0438,0.0338,0.0103,0.036000000000000004,0.0019,-0.07100437550776116
577,2018-11-30,SPY,0.018549467037003442,0.0171,-0.008100000000000001,0.0036,-0.0060999999999999995,0.004,0.0018,0.016749467037003442
578,2018-12-31,SPY,-0.08804847235716085,-0.0955,-0.0281,-0.0192,-0.0003,0.0024,0.0019,-0.08994847235716084
579,2019-01-31,SPY,0.08006595301300523,0.0836,0.0291,-0.0039000000000000003,-0.0073,-0.0165,0.0021,0.07796595301300523
580,2019-02-28,SPY,0.03241546125430794,0.0342,0.0172,-0.026600000000000002,0.0016,-0.0154,0.0018,0.030615461254307943
581,2019-03-31,SPY,0.01810056987311537,0.011000000000000001,-0.0352,-0.0414,0.0088,-0.009000000000000001,0.0019,0.01620056987311537
582,2019-04-30,SPY,0.04085218716341732,0.0397,-0.0115,0.0213,0.0161,-0.0218,0.0021,0.03875218716341732
583,2019-05-31,SPY,-0.06377095636674313,-0.0692,-0.015600000000000001,-0.0245,-0.0048,0.0176,0.0021,-0.06587095636674313
584,2019-06-30,SPY,0.06958622246256074,0.0699,0.0019,-0.0064,0.0045000000000000005,-0.0055000000000000005,0.0018,0.06778622246256075
585,2019-07-31,SPY,0.015119660540867441,0.012199999999999999,-0.0182,0.005,-0.0013,0.0037,0.0019,0.01321966054086744
586,2019-08-31,SPY,-0.016743616566318065,-0.0255,-0.0325,-0.04769999999999999,0.0053,-0.0062,0.0016,-0.018343616566318065
587,2019-09-30,SPY,0.019457875603134056,0.014199999999999999,0.0029,0.0676,0.0182,0.0338,0.0018,0.017657875603134057
588,2019-10-31,SPY,0.022104762164302016,0.0207,0.0025,-0.0192,0.0043,-0.0103,0.0015,0.020604762164302015
589,2019-11-30,SPY,0.03619840419729603,0.0387,0.0039000000000000003,-0.02,-0.016399999999999998,-0.011399999999999999,0.0012,0.03499840419729603
590,2019-12-31,SPY,0.029055456890648257,0.0276,0.009899999999999999,0.0173,0.0005,0.011899999999999999,0.0014000000000000002,0.02765545689064826
591,2020-01-31,SPY,-0.0004039095707374374,-0.0009,-0.0437,-0.0622,-0.011899999999999999,-0.0219,0.0013,-0.0017039095707374373
592,2020-02-29,SPY,-0.07916588085426779,-0.0815,0.0008,-0.0382,-0.0143,-0.0253,0.0012,-0.0803658808542678
593,2020-03-31,SPY,-0.1248711209040626,-0.1335,-0.0818,-0.1383,-0.0161,0.011899999999999999,0.0012,-0.1260711209040626
594,2020-04-30,SPY,0.12698339404081938,0.1358,0.025699999999999997,-0.0134,0.0276,-0.0102,0.0,0.12698339404081938
595,2020-05-31,SPY,0.04764512182745295,0.0559,0.0192,-0.05,0.0096,-0.0316,0.0001,0.04754512182745295
596,2020-06-30,SPY,0.017734752174598523,0.024399999999999998,0.0195,-0.0217,0.0014000000000000002,0.0055000000000000005,0.0001,0.017634752174598523
597,2020-07-31,SPY,0.05889238341153047,0.0583,-0.0319,-0.0144,0.0038,0.0097,0.0001,0.058792383411530466
598,2020-08-31,SPY,0.06979647566229374,0.0762,-0.0089,-0.0302,0.042699999999999995,-0.0151,0.0001,0.06969647566229374
599,2020-09-30,SPY,-0.037443574374427246,-0.0364,-0.0001,-0.027200000000000002,-0.0138,-0.019299999999999998,0.0001,-0.03754357437442725
600,2020-10-31,SPY,-0.024933626820083044,-0.0208,0.0467,0.0425,-0.0077,-0.005699999999999999,0.0001,-0.025033626820083043
601,2020-11-30,SPY,0.10877687278223558,0.1244,0.0712,0.0209,-0.0225,0.0128,0.0001,0.10867687278223558
602,2020-12-31,SPY,0.03704836599999717,0.0463,0.0493,-0.0168,-0.0197,-0.0006,0.0001,0.036948365999997165
603,2021-01-31,SPY,-0.010190745375423305,-0.0007000000000000001,0.0681,0.0322,-0.0365,0.049699999999999994,0.0,-0.010190745375423305
604,2021-02-28,SPY,0.027805747668622205,0.0281,0.045,0.07200000000000001,0.0033,-0.0199,0.0,0.027805747668622205
605,2021-03-31,SPY,0.04539930027367478,0.0316,-0.0084,0.0735,0.0635,0.0352,0.0,0.04539930027367478
606,2021-04-30,SPY,0.05291047952023398,0.049699999999999994,-0.0316,-0.0102,0.024300000000000002,-0.027200000000000002,0.0,0.05291047952023398
607,2021-05-31,SPY,0.006566174137703662,0.0029,0.0127,0.0704,0.023399999999999997,0.0301,0.0,0.006566174137703662
608,2021-06-30,SPY,0.022427460029281532,0.0273,-0.003,-0.0786,-0.021400000000000002,-0.009300000000000001,0.0,0.022427460029281532
609,2021-07-31,SPY,0.02441253809002486,0.0134,-0.0455,-0.0179,0.055,-0.0059,0.0,0.02441253809002486
610,2021-08-31,SPY,0.02975958824752678,0.029500000000000002,-0.0066,-0.0023,-0.0026,-0.0172,0.0,0.02975958824752678
611,2021-09-30,SPY,-0.04660537847017998,-0.044000000000000004,0.011200000000000002,0.0512,-0.0192,0.02,0.0,-0.04660537847017998
612,2021-10-31,SPY,0.07016351654490038,0.0663,-0.027000000000000003,-0.0053,0.0171,-0.0154,0.0,0.07016351654490038
613,2021-11-30,SPY,-0.008034910951145724,-0.0158,-0.017,-0.0037,0.0719,0.017,0.0,-0.008034910951145724
614,2021-12-31,SPY,0.04624774642875895,0.032400000000000005,-0.0078000000000000005,0.0325,0.048799999999999996,0.0429,0.0001,0.04614774642875895
615,2022-01-31,SPY,-0.05274120335718413,-0.061500000000000006,-0.0401,0.1286,0.0077,0.07730000000000001,0.0,-0.05274120335718413
616,2022-02-28,SPY,-0.02951692260036365,-0.022799999999999997,0.0286,0.030600000000000002,-0.0203,0.030299999999999997,0.0,-0.02951692260036365
617,2022-03-31,SPY,0.03759018291271121,0.0308,-0.021099999999999997,-0.019,-0.015,0.0321,0.0,0.03759018291271121
618,2022-04-30,SPY,-0.08776894115882883,-0.0941,-0.0034999999999999996,0.061799999999999994,0.0341,0.0592,0.0,-0.08776894115882883
619,2022-05-31,SPY,0.002257283687025602,-0.0033,-0.0003,0.08439999999999999,0.0155,0.0395,0.0003,0.001957283687025602
620,2022-06-30,SPY,-0.08246041097082257,-0.084,0.013300000000000001,-0.06,0.0176,-0.0458,0.0006,-0.08306041097082258
621,2022-07-31,SPY,0.09208741594072722,0.09570000000000001,0.0178,-0.0415,0.0077,-0.06849999999999999,0.0008,0.09128741594072723
622,2022-08-31,SPY,-0.04080191352086626,-0.0377,0.0149,0.0018,-0.0478,0.0132,0.0019,-0.04270191352086626
623,2022-09-30,SPY,-0.09244596848407038,-0.0934,-0.0097,0.0003,-0.0137,-0.0077,0.0019,-0.09434596848407038
624,2022-10-31,SPY,0.0812756725414594,0.0786,0.0181,0.0797,0.0327,0.0643,0.0023,0.0789756725414594
625,2022-11-30,SPY,0.0555914101901025,0.046900000000000004,-0.0275,0.0148,0.063,0.0315,0.0029,0.0526914101901025
626,2022-12-31,SPY,-0.05762818548695181,-0.0638,-0.0019,0.0134,0.0032,0.042800000000000005,0.0033,-0.06092818548695181
627,2023-01-31,SPY,0.06288728051745496,0.0659,0.043899999999999995,-0.0394,-0.0242,-0.0443,0.0034999999999999996,0.059387280517454955
628,2023-02-28,SPY,-0.025142580664007763,-0.025699999999999997,0.0058,-0.008,0.0097,-0.0151,0.0034000000000000002,-0.028542580664007763
629,2023-03-31,SPY,0.037077618689013825,0.024900000000000002,-0.0689,-0.09050000000000001,0.0227,-0.021,0.0036,0.033477618689013826
630,2023-04-30,SPY,0.01597523756066299,0.0063,-0.025699999999999997,-0.0012,0.0242,0.0285,0.0034999999999999996,0.012475237560662992
631,2023-05-31,SPY,0.00461600384950378,0.0033,-0.0043,-0.0779,-0.0178,-0.0708,0.0036,0.0010160038495037804
632,2023-06-30,SPY,0.06479979732844532,0.0646,0.0128,-0.0013,0.0232,-0.0154,0.004,0.060799797328445315
633,2023-07-31,SPY,0.03273346733381799,0.0321,0.0286,0.0406,-0.0059,0.0066,0.0045000000000000005,0.02823346733381799
634,2023-08-31,SPY,-0.016252072945599494,-0.0236,-0.0365,-0.0115,0.0335,-0.0241,0.0045000000000000005,-0.020752072945599494
635,2023-09-30,SPY,-0.04743458251538013,-0.052300000000000006,-0.0178,0.0149,0.0187,-0.0077,0.0043,-0.05173458251538013
636,2023-10-31,SPY,-0.021708633908195663,-0.0315,-0.0403,0.002,0.0241,-0.0069,0.004699999999999999,-0.026408633908195662
637,2023-11-30,SPY,0.0913438804303972,0.0888,-0.002,0.0167,-0.0373,-0.0108,0.0044,0.0869438804303972
638,2023-12-31,SPY,0.04565535005136945,0.048600000000000004,0.0727,0.0489,-0.0297,0.0129,0.0043,0.04135535005136945
639,2024-01-31,SPY,0.015926497614663804,0.0073,-0.0572,-0.023799999999999998,0.0067,-0.0097,0.004699999999999999,0.011226497614663804
640,2024-02-29,SPY,0.05218669346627158,0.0507,-0.008199999999999999,-0.034300000000000004,-0.0206,-0.0217,0.0042,0.04798669346627158
641,2024-03-31,SPY,0.0327019903329453,0.028399999999999998,-0.0121,0.0416,0.013300000000000001,0.011399999999999999,0.0043,0.0284019903329453
642,2024-04-30,SPY,-0.04031959393602946,-0.04650000000000001,-0.0259,-0.0045000000000000005,0.011399999999999999,-0.0031,0.004699999999999999,-0.04501959393602946
643,2024-05-31,SPY,0.05057965848461543,0.0432,0.0059,-0.0131,0.0317,-0.0285,0.0044,0.04617965848461543
644,2024-06-30,SPY,0.03528025129150136,0.027999999999999997,-0.0432,-0.0336,0.005600000000000001,-0.018000000000000002,0.0040999999999999995,0.031180251291501364
645,2024-07-31,SPY,0.012109031554593752,0.012199999999999999,0.0834,0.0562,0.0026,0.0028000000000000004,0.0045000000000000005,0.007609031554593752
646,2024-08-31,SPY,0.02336554813761582,0.0161,-0.0355,-0.011000000000000001,0.0076,0.008199999999999999,0.0048,0.018565548137615823
647,2024-09-30,SPY,0.021004645771657948,0.0173,-0.0092,-0.0276,0.002,-0.0029,0.004,0.017004645771657948
648,2024-10-31,SPY,-0.008923565233342035,-0.01,-0.0089,0.0086,-0.0148,0.0098,0.0039000000000000003,-0.012823565233342035
649,2024-11-30,SPY,0.059633696608070164,0.0649,0.045899999999999996,0.0016,-0.0231,-0.020499999999999997,0.004,0.05563369660807016
650,2024-12-31,SPY,-0.024060309459962292,-0.0315,-0.0383,-0.03,0.0189,-0.0121,0.0037,-0.027760309459962294
651,2025-01-31,SPY,0.026856536052225044,0.027999999999999997,-0.0123,0.0163,-0.0235,-0.032400000000000005,0.0037,0.023156536052225042
652,2025-02-28,SPY,-0.012694934403760905,-0.024300000000000002,-0.049100000000000005,0.049100000000000005,0.0108,0.030600000000000002,0.0033,-0.015994934403760906
653,2025-03-31,SPY,-0.05571921433503624,-0.0639,-0.0149,0.028999999999999998,0.021099999999999997,-0.004699999999999999,0.0034000000000000002,-0.05911921433503624
654,2025-04-30,SPY,-0.008670179898342067,-0.0084,-0.018600000000000002,-0.0341,-0.0285,-0.026699999999999998,0.0034999999999999996,-0.012170179898342067
655,2025-05-31,SPY,0.06284486771162645,0.060599999999999994,-0.0072,-0.0288,0.0129,0.025099999999999997,0.0038,0.05904486771162645
656,2025-06-30,SPY,0.05138627117156358,0.048600000000000004,-0.0002,-0.0161,-0.032,0.0144,0.0034000000000000002,0.04798627117156358
657,2025-07-31,SPY,0.023031541148865298,0.019799999999999998,-0.0014000000000000002,-0.0127,-0.0028000000000000004,-0.0207,0.0034000000000000002,0.019631541148865297
658,2025-08-31,SPY,0.020519438455756323,0.018500000000000003,0.048799999999999996,0.044199999999999996,-0.0069,0.0208,0.0038,0.01671943845575632
659,2025-09-30,SPY,0.035620412937162005,0.0339,-0.0218,-0.0105,-0.020499999999999997,-0.0222,0.0033,0.03232041293716201
660,2025-10-31,SPY,0.023837414102428234,0.0196,-0.0131,-0.031,-0.0524,-0.0403,0.0037,0.020137414102428232
661,2025-11-30,SPY,0.0019499438514807288,-0.0013,0.0147,0.037599999999999995,0.0144,0.0068000000000000005,0.003,-0.0010500561485192713
662,2025-12-31,SPY,0.0007975195784812872,-0.0036,-0.0022,0.0242,0.004,0.0037,0.0034000000000000002,-0.002602480421518713
663,2026-01-31,SPY,0.0147377327962257,0.0103,0.0326,0.037200000000000004,0.0182,0.0183,0.003,0.0117377327962257
664,2026-02-28,SPY,-0.008641951723092456,-0.011699999999999999,0.0063,0.028300000000000002,0.016200000000000003,0.0507,0.0028000000000000004,-0.011441951723092456
665,2015-02-28,USMV,0.03649429410241978,0.061399999999999996,0.0036,-0.0179,-0.011000000000000001,-0.0175,0.0,0.03649429410241978
666,2015-03-31,USMV,-0.007481006521929068,-0.0109,0.0308,-0.0038,0.0007000000000000001,-0.0062,0.0,-0.007481006521929068
667,2015-04-30,USMV,-0.00581721208199093,0.006,-0.0301,0.018000000000000002,0.0005,-0.0062,0.0,-0.00581721208199093
668,2015-05-31,USMV,0.010239260229687686,0.0138,0.008199999999999999,-0.0111,-0.0176,-0.0083,0.0,0.010239260229687686
669,2015-06-30,USMV,-0.022314526348752084,-0.0154,0.028999999999999998,-0.008199999999999999,0.0034999999999999996,-0.0154,0.0,-0.022314526348752084
670,2015-07-31,USMV,0.04017857451908258,0.015700000000000002,-0.0458,-0.0416,0.0031,-0.024399999999999998,0.0,0.04017857451908258
671,2015-08-31,USMV,-0.04530214314245107,-0.0602,0.0029,0.0275,0.0066,0.0129,0.0,-0.04530214314245107
672,2015-09-30,USMV,-0.006221868500853933,-0.030600000000000002,-0.027999999999999997,0.0055000000000000005,0.018000000000000002,-0.0059,0.0,-0.006221868500853933
673,2015-10-31,USMV,0.059863452315578325,0.0775,-0.0206,-0.004699999999999999,0.0095,0.0060999999999999995,0.0,0.059863452315578325
674,2015-11-30,USMV,-0.0021445318024105875,0.005699999999999999,0.033,-0.0043,-0.0265,-0.0106,0.0,-0.0021445318024105875
675,2015-12-31,USMV,0.005044140791986118,-0.0215,-0.029500000000000002,-0.025699999999999997,0.0034000000000000002,0.0012,0.0001,0.004944140791986118
676,2016-01-31,USMV,-0.013869001723574748,-0.0574,-0.0344,0.0208,0.0278,0.0305,0.0001,-0.013969001723574747
677,2016-02-29,USMV,0.010426994475141838,-0.0007000000000000001,0.0087,-0.0060999999999999995,0.0331,0.0194,0.0002,0.010226994475141837
678,2016-03-31,USMV,0.05931684005297733,0.0695,0.01,0.012199999999999999,0.0068000000000000005,0.0001,0.0002,0.05911684005297733
679,2016-04-30,USMV,-0.0036421287305090644,0.0091,0.0123,0.0322,-0.0285,0.0177,0.0001,-0.003742128730509064
680,2016-05-31,USMV,0.015764389166394777,0.0178,-0.0062,-0.016200000000000003,-0.011000000000000001,-0.0254,0.0001,0.015664389166394777
681,2016-06-30,USMV,0.04488498818328379,-0.0003,0.0042,-0.0149,0.014499999999999999,0.019,0.0002,0.04468498818328379
682,2016-07-31,USMV,0.014715290161150696,0.0394,0.024700000000000003,-0.0124,0.0131,-0.0116,0.0002,0.014515290161150695
683,2016-08-31,USMV,-0.0196205877106016,0.0049,0.0166,0.0317,-0.018500000000000003,-0.0036,0.0002,-0.0198205877106016
684,2016-09-30,USMV,-0.006473007705461553,0.0027,0.0181,-0.011899999999999999,-0.0218,0.0003,0.0002,-0.006673007705461553
685,2016-10-31,USMV,-0.027514765761777693,-0.020099999999999996,-0.04019999999999999,0.041100000000000005,0.009899999999999999,0.0025,0.0002,-0.027714765761777692
686,2016-11-30,USMV,0.006111346456444178,0.048499999999999995,0.0696,0.08289999999999999,-0.0024,0.0371,0.0001,0.0060113464564441775
687,2016-12-31,USMV,0.02432838598035092,0.0181,0.0044,0.0347,0.0124,-0.0032,0.0003,0.024028385980350918
688,2017-01-31,USMV,0.012605115999278604,0.0194,-0.0144,-0.0276,-0.0051,-0.0106,0.0004,0.012205115999278605
689,2017-02-28,USMV,0.04542463556057941,0.0355,-0.023,-0.015,0.0045000000000000005,-0.018000000000000002,0.0004,0.04502463556057941
690,2017-03-31,USMV,0.0012295330762628343,0.0017000000000000001,0.0075,-0.0333,0.0063,-0.0095,0.0003,0.0009295330762628343
691,2017-04-30,USMV,0.014040423399566793,0.0108,0.0040999999999999995,-0.020499999999999997,0.0179,-0.016,0.0005,0.013540423399566792
692,2017-05-31,USMV,0.020045508582099636,0.010700000000000001,-0.029900000000000003,-0.0382,0.009899999999999999,-0.0166,0.0006,0.019445508582099636
693,2017-06-30,USMV,-0.0035451500768101107,0.0078000000000000005,0.0252,0.015,-0.0226,0.0004,0.0006,-0.004145150076810111
694,2017-07-31,USMV,0.020232898242700026,0.018799999999999997,-0.016399999999999998,-0.0023,-0.0075,-0.0015,0.0007000000000000001,0.019532898242700027
695,2017-08-31,USMV,0.007612321165746394,0.0018,-0.0183,-0.0213,0.002,-0.023799999999999998,0.0009,0.006712321165746394
696,2017-09-30,USMV,0.005166135077057099,0.024900000000000002,0.047599999999999996,0.0315,-0.0154,0.0163,0.0009,0.004266135077057099
697,2017-10-31,USMV,0.019467512345099136,0.0225,-0.0191,0.0013,0.0092,-0.031400000000000004,0.0009,0.018567512345099135
698,2017-11-30,USMV,0.03078751943669622,0.031200000000000002,-0.0038,-0.0009,0.0319,-0.001,0.0008,0.02998751943669622
699,2017-12-31,USMV,0.0023892019143134657,0.0106,-0.0105,0.0005,0.0073,0.0179,0.0009,0.0014892019143134658
700,2018-01-31,USMV,0.034861951510979594,0.0558,-0.0321,-0.0132,-0.0075,-0.0105,0.0011,0.0337619515109796
701,2018-02-28,USMV,-0.042475236622974366,-0.0364,0.0034000000000000002,-0.011000000000000001,0.0053,-0.0236,0.0011,-0.04357523662297436
702,2018-03-31,USMV,-0.002623630846739222,-0.0235,0.0361,-0.0021,-0.0040999999999999995,0.0008,0.0012,-0.003823630846739222
703,2018-04-30,USMV,0.0021180547384374027,0.0029,0.0089,0.0053,-0.0242,0.0124,0.0014000000000000002,0.0007180547384374025
704,2018-05-31,USMV,0.009992296983186488,0.0263,0.0471,-0.031400000000000004,-0.019799999999999998,-0.0149,0.0014000000000000002,0.008592296983186488
705,2018-06-30,USMV,0.01695737301269351,0.0049,0.0077,-0.0233,0.0083,0.002,0.0014000000000000002,0.01555737301269351
706,2018-07-31,USMV,0.032919517066045456,0.032,-0.019299999999999998,0.0049,0.015300000000000001,0.0031,0.0016,0.03131951706604546
707,2018-08-31,USMV,0.030595472540470903,0.0346,0.006500000000000001,-0.0391,-0.0029,-0.025699999999999997,0.0016,0.028995472540470902
708,2018-09-30,USMV,0.01243707123787341,0.0006,-0.024900000000000002,-0.016200000000000003,0.006500000000000001,0.013600000000000001,0.0015,0.01093707123787341
709,2018-10-31,USMV,-0.04049779981145818,-0.0764,-0.0438,0.0338,0.0103,0.036000000000000004,0.0019,-0.04239779981145818
710,2018-11-30,USMV,0.03234044089619026,0.0171,-0.008100000000000001,0.0036,-0.0060999999999999995,0.004,0.0018,0.03054044089619026
711,2018-12-31,USMV,-0.06688064038348562,-0.0955,-0.0281,-0.0192,-0.0003,0.0024,0.0019,-0.06878064038348562
712,2019-01-31,USMV,0.05648829236223585,0.0836,0.0291,-0.0039000000000000003,-0.0073,-0.0165,0.0021,0.05438829236223585
713,2019-02-28,USMV,0.03829502122447814,0.0342,0.0172,-0.026600000000000002,0.0016,-0.0154,0.0018,0.03649502122447814
714,2019-03-31,USMV,0.027137089241876522,0.011000000000000001,-0.0352,-0.0414,0.0088,-0.009000000000000001,0.0019,0.025237089241876523
715,2019-04-30,USMV,0.021768835089467586,0.0397,-0.0115,0.0213,0.0161,-0.0218,0.0021,0.019668835089467585
716,2019-05-31,USMV,-0.016145232438795842,-0.0692,-0.015600000000000001,-0.0245,-0.0048,0.0176,0.0021,-0.018245232438795844
717,2019-06-30,USMV,0.0498352290862738,0.0699,0.0019,-0.0064,0.0045000000000000005,-0.0055000000000000005,0.0018,0.0480352290862738
718,2019-07-31,USMV,0.016685692718865663,0.012199999999999999,-0.0182,0.005,-0.0013,0.0037,0.0019,0.014785692718865663
719,2019-08-31,USMV,0.01593388631575099,-0.0255,-0.0325,-0.04769999999999999,0.0053,-0.0062,0.0016,0.014333886315750988
720,2019-09-30,USMV,0.00983685302979298,0.014199999999999999,0.0029,0.0676,0.0182,0.0338,0.0018,0.00803685302979298
721,2019-10-31,USMV,-0.002340070913700698,0.0207,0.0025,-0.0192,0.0043,-0.0103,0.0015,-0.003840070913700698
722,2019-11-30,USMV,0.013917098693118524,0.0387,0.0039000000000000003,-0.02,-0.016399999999999998,-0.011399999999999999,0.0012,0.012717098693118524
723,2019-12-31,USMV,0.017732920027148324,0.0276,0.009899999999999999,0.0173,0.0005,0.011899999999999999,0.0014000000000000002,0.016332920027148326
724,2020-01-31,USMV,0.023475167399889862,-0.0009,-0.0437,-0.0622,-0.011899999999999999,-0.0219,0.0013,0.022175167399889863
725,2020-02-29,USMV,-0.08742887907316599,-0.0815,0.0008,-0.0382,-0.0143,-0.0253,0.0012,-0.088628879073166
726,2020-03-31,USMV,-0.11301075408761108,-0.1335,-0.0818,-0.1383,-0.0161,0.011899999999999999,0.0012,-0.11421075408761108
727,2020-04-30,USMV,0.09368640810623297,0.1358,0.025699999999999997,-0.0134,0.0276,-0.0102,0.0,0.09368640810623297
728,2020-05-31,USMV,0.04316903316634346,0.0559,0.0192,-0.05,0.0096,-0.0316,0.0001,0.04306903316634346
729,2020-06-30,USMV,-0.011110168587135316,0.024399999999999998,0.0195,-0.0217,0.0014000000000000002,0.0055000000000000005,0.0001,-0.011210168587135316
730,2020-07-31,USMV,0.045686875188162945,0.0583,-0.0319,-0.0144,0.0038,0.0097,0.0001,0.04558687518816294
731,2020-08-31,USMV,0.027286948825881785,0.0762,-0.0089,-0.0302,0.042699999999999995,-0.0151,0.0001,0.027186948825881786
732,2020-09-30,USMV,-0.016651436556771593,-0.0364,-0.0001,-0.027200000000000002,-0.0138,-0.019299999999999998,0.0001,-0.016751436556771592
733,2020-10-31,USMV,-0.032480741988852646,-0.0208,0.0467,0.0425,-0.0077,-0.005699999999999999,0.0001,-0.03258074198885265
734,2020-11-30,USMV,0.08092777385419225,0.1244,0.0712,0.0209,-0.0225,0.0128,0.0001,0.08082777385419225
735,2020-12-31,USMV,0.02307846302966765,0.0463,0.0493,-0.0168,-0.0197,-0.0006,0.0001,0.02297846302966765
736,2021-01-31,USMV,-0.02725407090542442,-0.0007000000000000001,0.0681,0.0322,-0.0365,0.049699999999999994,0.0,-0.02725407090542442
737,2021-02-28,USMV,-0.0037859925699660346,0.0281,0.045,0.07200000000000001,0.0033,-0.0199,0.0,-0.0037859925699660346
738,2021-03-31,USMV,0.05608381781819616,0.0316,-0.0084,0.0735,0.0635,0.0352,0.0,0.05608381781819616
739,2021-04-30,USMV,0.03988988897393386,0.049699999999999994,-0.0316,-0.0102,0.024300000000000002,-0.027200000000000002,0.0,0.03988988897393386
740,2021-05-31,USMV,0.008756030173296292,0.0029,0.0127,0.0704,0.023399999999999997,0.0301,0.0,0.008756030173296292
741,2021-06-30,USMV,0.01716221946810581,0.0273,-0.003,-0.0786,-0.021400000000000002,-0.009300000000000001,0.0,0.01716221946810581
742,2021-07-31,USMV,0.03545732294487669,0.0134,-0.0455,-0.0179,0.055,-0.0059,0.0,0.03545732294487669
743,2021-08-31,USMV,0.01876144617757758,0.029500000000000002,-0.0066,-0.0023,-0.0026,-0.0172,0.0,0.01876144617757758
744,2021-09-30,USMV,-0.049870340091319854,-0.044000000000000004,0.011200000000000002,0.0512,-0.0192,0.02,0.0,-0.049870340091319854
745,2021-10-31,USMV,0.05510203762067545,0.0663,-0.027000000000000003,-0.0053,0.0171,-0.0154,0.0,0.05510203762067545
746,2021-11-30,USMV,-0.020502844475370097,-0.0158,-0.017,-0.0037,0.0719,0.017,0.0,-0.020502844475370097
747,2021-12-31,USMV,0.06842862898909874,0.032400000000000005,-0.0078000000000000005,0.0325,0.048799999999999996,0.0429,0.0001,0.06832862898909874
748,2022-01-31,USMV,-0.059827145629852474,-0.061500000000000006,-0.0401,0.1286,0.0077,0.07730000000000001,0.0,-0.059827145629852474
749,2022-02-28,USMV,-0.030633684037462028,-0.022799999999999997,0.0286,0.030600000000000002,-0.0203,0.030299999999999997,0.0,-0.030633684037462028
750,2022-03-31,USMV,0.055811182109087865,0.0308,-0.021099999999999997,-0.019,-0.015,0.0321,0.0,0.055811182109087865
751,2022-04-30,USMV,-0.05337119103542187,-0.0941,-0.0034999999999999996,0.061799999999999994,0.0341,0.0592,0.0,-0.05337119103542187
752,2022-05-31,USMV,0.00040867680348233293,-0.0033,-0.0003,0.08439999999999999,0.0155,0.0395,0.0003,0.00010867680348233296
753,2022-06-30,USMV,-0.041318298540335974,-0.084,0.013300000000000001,-0.06,0.0176,-0.0458,0.0006,-0.04191829854033598
754,2022-07-31,USMV,0.05127436587814094,0.09570000000000001,0.0178,-0.0415,0.0077,-0.06849999999999999,0.0008,0.050474365878140935
755,2022-08-31,USMV,-0.031567228265269365,-0.0377,0.0149,0.0018,-0.0478,0.0132,0.0019,-0.033467228265269364
756,2022-09-30,USMV,-0.07074624077918912,-0.0934,-0.0097,0.0003,-0.0137,-0.0077,0.0019,-0.07264624077918912
757,2022-10-31,USMV,0.0770044571613322,0.0786,0.0181,0.0797,0.0327,0.0643,0.0023,0.0747044571613322
758,2022-11-30,USMV,0.057170926151456136,0.046900000000000004,-0.0275,0.0148,0.063,0.0315,0.0029,0.054270926151456136
759,2022-12-31,USMV,-0.037522294332661965,-0.0638,-0.0019,0.0134,0.0032,0.042800000000000005,0.0033,-0.04082229433266196
760,2023-01-31,USMV,0.01525666516577262,0.0659,0.043899999999999995,-0.0394,-0.0242,-0.0443,0.0034999999999999996,0.01175666516577262
761,2023-02-28,USMV,-0.03497242103855436,-0.025699999999999997,0.0058,-0.008,0.0097,-0.0151,0.0034000000000000002,-0.03837242103855436
762,2023-03-31,USMV,0.034463159975900215,0.024900000000000002,-0.0689,-0.09050000000000001,0.0227,-0.021,0.0036,0.030863159975900216
763,2023-04-30,USMV,0.014847406073742242,0.0063,-0.025699999999999997,-0.0012,0.0242,0.0285,0.0034999999999999996,0.011347406073742242
764,2023-05-31,USMV,-0.032240449576746766,0.0033,-0.0043,-0.0779,-0.0178,-0.0708,0.0036,-0.035840449576746765
765,2023-06-30,USMV,0.04451086218876088,0.0646,0.0128,-0.0013,0.0232,-0.0154,0.004,0.04051086218876088
766,2023-07-31,USMV,0.013857100859269167,0.0321,0.0286,0.0406,-0.0059,0.0066,0.0045000000000000005,0.009357100859269166
767,2023-08-31,USMV,-0.006369513252224568,-0.0236,-0.0365,-0.0115,0.0335,-0.0241,0.0045000000000000005,-0.010869513252224568
768,2023-09-30,USMV,-0.0283173535660195,-0.052300000000000006,-0.0178,0.0149,0.0187,-0.0077,0.0043,-0.0326173535660195
769,2023-10-31,USMV,-0.008704086020418278,-0.0315,-0.0403,0.002,0.0241,-0.0069,0.004699999999999999,-0.013404086020418277
770,2023-11-30,USMV,0.06411136430451858,0.0888,-0.002,0.0167,-0.0373,-0.0108,0.0044,0.05971136430451858
771,2023-12-31,USMV,0.027670910186844422,0.048600000000000004,0.0727,0.0489,-0.0297,0.0129,0.0043,0.023370910186844424
772,2024-01-31,USMV,0.021658289001960762,0.0073,-0.0572,-0.023799999999999998,0.0067,-0.0097,0.004699999999999999,0.016958289001960763
773,2024-02-29,USMV,0.02094841678345971,0.0507,-0.008199999999999999,-0.034300000000000004,-0.0206,-0.0217,0.0042,0.016748416783459712
774,2024-03-31,USMV,0.03137537962239367,0.028399999999999998,-0.0121,0.0416,0.013300000000000001,0.011399999999999999,0.0043,0.027075379622393675
775,2024-04-30,USMV,-0.03744924068569999,-0.04650000000000001,-0.0259,-0.0045000000000000005,0.011399999999999999,-0.0031,0.004699999999999999,-0.04214924068569999
776,2024-05-31,USMV,0.02921091650893981,0.0432,0.0059,-0.0131,0.0317,-0.0285,0.0044,0.02481091650893981
777,2024-06-30,USMV,0.01768759402969633,0.027999999999999997,-0.0432,-0.0336,0.005600000000000001,-0.018000000000000002,0.0040999999999999995,0.01358759402969633
778,2024-07-31,USMV,0.036684232997135524,0.012199999999999999,0.0834,0.0562,0.0026,0.0028000000000000004,0.0045000000000000005,0.03218423299713552
779,2024-08-31,USMV,0.04917294385466686,0.0161,-0.0355,-0.011000000000000001,0.0076,0.008199999999999999,0.0048,0.04437294385466686
780,2024-09-30,USMV,0.00437030877969935,0.0173,-0.0092,-0.0276,0.002,-0.0029,0.004,0.00037030877969934997
781,2024-10-31,USMV,-0.014456167176961188,-0.01,-0.0089,0.0086,-0.0148,0.0098,0.0039000000000000003,-0.01835616717696119
782,2024-11-30,USMV,0.05067237268880831,0.0649,0.045899999999999996,0.0016,-0.0231,-0.020499999999999997,0.004,0.046672372688808306
783,2024-12-31,USMV,-0.05660049661415967,-0.0315,-0.0383,-0.03,0.0189,-0.0121,0.0037,-0.06030049661415967
784,2025-01-31,USMV,0.035589548679273886,0.027999999999999997,-0.0123,0.0163,-0.0235,-0.032400000000000005,0.0037,0.031889548679273884
785,2025-02-28,USMV,0.0284937034456616,-0.024300000000000002,-0.049100000000000005,0.049100000000000005,0.0108,0.030600000000000002,0.0033,0.0251937034456616
786,2025-03-31,USMV,-0.006158705066804604,-0.0639,-0.0149,0.028999999999999998,0.021099999999999997,-0.004699999999999999,0.0034000000000000002,-0.009558705066804604
787,2025-04-30,USMV,-0.011958032457445755,-0.0084,-0.018600000000000002,-0.0341,-0.0285,-0.026699999999999998,0.0034999999999999996,-0.015458032457445755
788,2025-05-31,USMV,0.010481866045151778,0.060599999999999994,-0.0072,-0.0288,0.0129,0.025099999999999997,0.0038,0.006681866045151778
789,2025-06-30,USMV,0.007369923921494603,0.048600000000000004,-0.0002,-0.0161,-0.032,0.0144,0.0034000000000000002,0.003969923921494603
790,2025-07-31,USMV,-0.013422864065901097,0.019799999999999998,-0.0014000000000000002,-0.0127,-0.0028000000000000004,-0.0207,0.0034000000000000002,-0.016822864065901097
791,2025-08-31,USMV,0.017816616083718317,0.018500000000000003,0.048799999999999996,0.044199999999999996,-0.0069,0.0208,0.0038,0.014016616083718318
792,2025-09-30,USMV,0.01324419378087116,0.0339,-0.0218,-0.0105,-0.020499999999999997,-0.0222,0.0033,0.00994419378087116
793,2025-10-31,USMV,-0.020601252926946034,0.0196,-0.0131,-0.031,-0.0524,-0.0403,0.0037,-0.024301252926946036
794,2025-11-30,USMV,0.023073632918290565,-0.0013,0.0147,0.037599999999999995,0.0144,0.0068000000000000005,0.003,0.020073632918290566
795,2025-12-31,USMV,-0.008181051518175608,-0.0036,-0.0022,0.0242,0.004,0.0037,0.0034000000000000002,-0.011581051518175609
796,2026-01-31,USMV,0.008814712693802962,0.0103,0.0326,0.037200000000000004,0.0182,0.0183,0.003,0.005814712693802962
797,2026-02-28,USMV,0.029687330890331154,-0.011699999999999999,0.0063,0.028300000000000002,0.016200000000000003,0.0507,0.0028000000000000004,0.026887330890331154
798,2015-02-28,VLUE,0.059250592649807476,0.061399999999999996,0.0036,-0.0179,-0.011000000000000001,-0.0175,0.0,0.059250592649807476
799,2015-03-31,VLUE,-0.009396914361332165,-0.0109,0.0308,-0.0038,0.0007000000000000001,-0.0062,0.0,-0.009396914361332165
800,2015-04-30,VLUE,0.006656936130405411,0.006,-0.0301,0.018000000000000002,0.0005,-0.0062,0.0,0.006656936130405411
801,2015-05-31,VLUE,0.009167315829963663,0.0138,0.008199999999999999,-0.0111,-0.0176,-0.0083,0.0,0.009167315829963663
802,2015-06-30,VLUE,-0.016541154131422986,-0.0154,0.028999999999999998,-0.008199999999999999,0.0034999999999999996,-0.0154,0.0,-0.016541154131422986
803,2015-07-31,VLUE,0.0031963398249073016,0.015700000000000002,-0.0458,-0.0416,0.0031,-0.024399999999999998,0.0,0.0031963398249073016
804,2015-08-31,VLUE,-0.05780607788098746,-0.0602,0.0029,0.0275,0.0066,0.0129,0.0,-0.05780607788098746
805,2015-09-30,VLUE,-0.028662743314152195,-0.030600000000000002,-0.027999999999999997,0.0055000000000000005,0.018000000000000002,-0.0059,0.0,-0.028662743314152195
806,2015-10-31,VLUE,0.07304890260049435,0.0775,-0.0206,-0.004699999999999999,0.0095,0.0060999999999999995,0.0,0.07304890260049435
807,2015-11-30,VLUE,-0.006838668942404813,0.005699999999999999,0.033,-0.0043,-0.0265,-0.0106,0.0,-0.006838668942404813
808,2015-12-31,VLUE,-0.01870205013402526,-0.0215,-0.029500000000000002,-0.025699999999999997,0.0034000000000000002,0.0012,0.0001,-0.01880205013402526
809,2016-01-31,VLUE,-0.08676037001362658,-0.0574,-0.0344,0.0208,0.0278,0.0305,0.0001,-0.08686037001362658
810,2016-02-29,VLUE,0.01812086682346381,-0.0007000000000000001,0.0087,-0.0060999999999999995,0.0331,0.0194,0.0002,0.01792086682346381
811,2016-03-31,VLUE,0.06013443436534516,0.0695,0.01,0.012199999999999999,0.0068000000000000005,0.0001,0.0002,0.05993443436534516
812,2016-04-30,VLUE,0.007498007408982321,0.0091,0.0123,0.0322,-0.0285,0.0177,0.0001,0.007398007408982321
813,2016-05-31,VLUE,0.01472263995628098,0.0178,-0.0062,-0.016200000000000003,-0.011000000000000001,-0.0254,0.0001,0.014622639956280981
814,2016-06-30,VLUE,-0.012055801810785693,-0.0003,0.0042,-0.0149,0.014499999999999999,0.019,0.0002,-0.012255801810785694
815,2016-07-31,VLUE,0.04527031144756699,0.0394,0.024700000000000003,-0.0124,0.0131,-0.0116,0.0002,0.04507031144756699
816,2016-08-31,VLUE,0.012418692492557115,0.0049,0.0166,0.0317,-0.018500000000000003,-0.0036,0.0002,0.012218692492557115
817,2016-09-30,VLUE,0.006510516187534288,0.0027,0.0181,-0.011899999999999999,-0.0218,0.0003,0.0002,0.006310516187534288
818,2016-10-31,VLUE,-0.011948494513955299,-0.020099999999999996,-0.04019999999999999,0.041100000000000005,0.009899999999999999,0.0025,0.0002,-0.0121484945139553
819,2016-11-30,VLUE,0.07085276901968651,0.048499999999999995,0.0696,0.08289999999999999,-0.0024,0.0371,0.0001,0.07075276901968651
820,2016-12-31,VLUE,0.02078981698520077,0.0181,0.0044,0.0347,0.0124,-0.0032,0.0003,0.02048981698520077
821,2017-01-31,VLUE,0.012679971121969169,0.0194,-0.0144,-0.0276,-0.0051,-0.0106,0.0004,0.01227997112196917
822,2017-02-28,VLUE,0.04572360508697515,0.0355,-0.023,-0.015,0.0045000000000000005,-0.018000000000000002,0.0004,0.04532360508697515
823,2017-03-31,VLUE,-0.011013445170387715,0.0017000000000000001,0.0075,-0.0333,0.0063,-0.0095,0.0003,-0.011313445170387714
824,2017-04-30,VLUE,0.0021876275076069263,0.0108,0.0040999999999999995,-0.020499999999999997,0.0179,-0.016,0.0005,0.0016876275076069262
825,2017-05-31,VLUE,-0.0012276768461758625,0.010700000000000001,-0.029900000000000003,-0.0382,0.009899999999999999,-0.0166,0.0006,-0.0018276768461758623
826,2017-06-30,VLUE,0.011835477992850008,0.0078000000000000005,0.0252,0.015,-0.0226,0.0004,0.0006,0.011235477992850008
827,2017-07-31,VLUE,0.019844501431243167,0.018799999999999997,-0.016399999999999998,-0.0023,-0.0075,-0.0015,0.0007000000000000001,0.019144501431243167
828,2017-08-31,VLUE,0.0021329401737746334,0.0018,-0.0183,-0.0213,0.002,-0.023799999999999998,0.0009,0.0012329401737746334
829,2017-09-30,VLUE,0.03476346849510703,0.024900000000000002,0.047599999999999996,0.0315,-0.0154,0.0163,0.0009,0.03386346849510703
830,2017-10-31,VLUE,0.02612480547974738,0.0225,-0.0191,0.0013,0.0092,-0.031400000000000004,0.0009,0.02522480547974738
831,2017-11-30,VLUE,0.041593482962809736,0.031200000000000002,-0.0038,-0.0009,0.0319,-0.001,0.0008,0.040793482962809734
832,2017-12-31,VLUE,0.017158463902997356,0.0106,-0.0105,0.0005,0.0073,0.0179,0.0009,0.016258463902997355
833,2018-01-31,VLUE,0.043649962912428064,0.0558,-0.0321,-0.0132,-0.0075,-0.0105,0.0011,0.04254996291242807
834,2018-02-28,VLUE,-0.03300130062276696,-0.0364,0.0034000000000000002,-0.011000000000000001,0.0053,-0.0236,0.0011,-0.03410130062276696
835,2018-03-31,VLUE,-0.022713618480978304,-0.0235,0.0361,-0.0021,-0.0040999999999999995,0.0008,0.0012,-0.023913618480978303
836,2018-04-30,VLUE,0.0039016796557400646,0.0029,0.0089,0.0053,-0.0242,0.0124,0.0014000000000000002,0.0025016796557400644
837,2018-05-31,VLUE,0.019795952469684908,0.0263,0.0471,-0.031400000000000004,-0.019799999999999998,-0.0149,0.0014000000000000002,0.01839595246968491
838,2018-06-30,VLUE,-0.010655370130412734,0.0049,0.0077,-0.0233,0.0083,0.002,0.0014000000000000002,-0.012055370130412734
839,2018-07-31,VLUE,0.03413644881217359,0.032,-0.019299999999999998,0.0049,0.015300000000000001,0.0031,0.0016,0.032536448812173595
840,2018-08-31,VLUE,0.03605278985149907,0.0346,0.006500000000000001,-0.0391,-0.0029,-0.025699999999999997,0.0016,0.03445278985149907
841,2018-09-30,VLUE,-0.0019571918726922766,0.0006,-0.024900000000000002,-0.016200000000000003,0.006500000000000001,0.013600000000000001,0.0015,-0.0034571918726922766
842,2018-10-31,VLUE,-0.05907818390867492,-0.0764,-0.0438,0.0338,0.0103,0.036000000000000004,0.0019,-0.06097818390867492
843,2018-11-30,VLUE,-0.005927779650777398,0.0171,-0.008100000000000001,0.0036,-0.0060999999999999995,0.004,0.0018,-0.007727779650777398
844,2018-12-31,VLUE,-0.11052323157002475,-0.0955,-0.0281,-0.0192,-0.0003,0.0024,0.0019,-0.11242323157002475
845,2019-01-31,VLUE,0.09838758927973368,0.0836,0.0291,-0.0039000000000000003,-0.0073,-0.0165,0.0021,0.09628758927973367
846,2019-02-28,VLUE,0.018943477680955834,0.0342,0.0172,-0.026600000000000002,0.0016,-0.0154,0.0018,0.017143477680955834
847,2019-03-31,VLUE,-0.009520521361067513,0.011000000000000001,-0.0352,-0.0414,0.0088,-0.009000000000000001,0.0019,-0.011420521361067514
848,2019-04-30,VLUE,0.03418431206159678,0.0397,-0.0115,0.0213,0.0161,-0.0218,0.0021,0.03208431206159678
849,2019-05-31,VLUE,-0.09601634822340865,-0.0692,-0.015600000000000001,-0.0245,-0.0048,0.0176,0.0021,-0.09811634822340866
850,2019-06-30,VLUE,0.0956981187796222,0.0699,0.0019,-0.0064,0.0045000000000000005,-0.0055000000000000005,0.0018,0.0938981187796222
851,2019-07-31,VLUE,0.01601160317275374,0.012199999999999999,-0.0182,0.005,-0.0013,0.0037,0.0019,0.01411160317275374
852,2019-08-31,VLUE,-0.04521724394842852,-0.0255,-0.0325,-0.04769999999999999,0.0053,-0.0062,0.0016,-0.04681724394842852
853,2019-09-30,VLUE,0.04854902793455462,0.014199999999999999,0.0029,0.0676,0.0182,0.0338,0.0018,0.04674902793455462
854,2019-10-31,VLUE,0.028400731038171312,0.0207,0.0025,-0.0192,0.0043,-0.0103,0.0015,0.02690073103817131
855,2019-11-30,VLUE,0.036980074411269825,0.0387,0.0039000000000000003,-0.02,-0.016399999999999998,-0.011399999999999999,0.0012,0.035780074411269826
856,2019-12-31,VLUE,0.0326635535667652,0.0276,0.009899999999999999,0.0173,0.0005,0.011899999999999999,0.0014000000000000002,0.031263553566765204
857,2020-01-31,VLUE,-0.03778019619781858,-0.0009,-0.0437,-0.0622,-0.011899999999999999,-0.0219,0.0013,-0.039080196197818586
858,2020-02-29,VLUE,-0.09636285193287819,-0.0815,0.0008,-0.0382,-0.0143,-0.0253,0.0012,-0.0975628519328782
859,2020-03-31,VLUE,-0.18320387832849183,-0.1335,-0.0818,-0.1383,-0.0161,0.011899999999999999,0.0012,-0.18440387832849184
860,2020-04-30,VLUE,0.11079371165236851,0.1358,0.025699999999999997,-0.0134,0.0276,-0.0102,0.0,0.11079371165236851
861,2020-05-31,VLUE,0.03458101768572375,0.0559,0.0192,-0.05,0.0096,-0.0316,0.0001,0.034481017685723744
862,2020-06-30,VLUE,0.00381672027407709,0.024399999999999998,0.0195,-0.0217,0.0014000000000000002,0.0055000000000000005,0.0001,0.00371672027407709
863,2020-07-31,VLUE,0.01051512936477228,0.0583,-0.0319,-0.0144,0.0038,0.0097,0.0001,0.01041512936477228
864,2020-08-31,VLUE,0.038471536593647215,0.0762,-0.0089,-0.0302,0.042699999999999995,-0.0151,0.0001,0.03837153659364721
865,2020-09-30,VLUE,-0.020905475932602946,-0.0364,-0.0001,-0.027200000000000002,-0.0138,-0.019299999999999998,0.0001,-0.021005475932602945
866,2020-10-31,VLUE,-0.010707261577998839,-0.0208,0.0467,0.0425,-0.0077,-0.005699999999999999,0.0001,-0.010807261577998838
867,2020-11-30,VLUE,0.16426894801290648,0.1244,0.0712,0.0209,-0.0225,0.0128,0.0001,0.1641689480129065
868,2020-12-31,VLUE,0.029002009300653997,0.0463,0.0493,-0.0168,-0.0197,-0.0006,0.0001,0.028902009300653998
869,2021-01-31,VLUE,0.033022665966809805,-0.0007000000000000001,0.0681,0.0322,-0.0365,0.049699999999999994,0.0,0.033022665966809805
870,2021-02-28,VLUE,0.06905774729487679,0.0281,0.045,0.07200000000000001,0.0033,-0.0199,0.0,0.06905774729487679
871,2021-03-31,VLUE,0.07249446102596369,0.0316,-0.0084,0.0735,0.0635,0.0352,0.0,0.07249446102596369
872,2021-04-30,VLUE,0.01776307752943329,0.049699999999999994,-0.0316,-0.0102,0.024300000000000002,-0.027200000000000002,0.0,0.01776307752943329
873,2021-05-31,VLUE,0.028480896726952754,0.0029,0.0127,0.0704,0.023399999999999997,0.0301,0.0,0.028480896726952754
874,2021-06-30,VLUE,-0.015951733383038458,0.0273,-0.003,-0.0786,-0.021400000000000002,-0.009300000000000001,0.0,-0.015951733383038458
875,2021-07-31,VLUE,-0.006948210969555446,0.0134,-0.0455,-0.0179,0.055,-0.0059,0.0,-0.006948210969555446
876,2021-08-31,VLUE,0.007667831334174702,0.029500000000000002,-0.0066,-0.0023,-0.0026,-0.0172,0.0,0.007667831334174702
877,2021-09-30,VLUE,-0.03521550745909219,-0.044000000000000004,0.011200000000000002,0.0512,-0.0192,0.02,0.0,-0.03521550745909219
878,2021-10-31,VLUE,0.024826231105717023,0.0663,-0.027000000000000003,-0.0053,0.0171,-0.0154,0.0,0.024826231105717023
879,2021-11-30,VLUE,-0.009495943054077527,-0.0158,-0.017,-0.0037,0.0719,0.017,0.0,-0.009495943054077527
880,2021-12-31,VLUE,0.07838536716753919,0.032400000000000005,-0.0078000000000000005,0.0325,0.048799999999999996,0.0429,0.0001,0.07828536716753919
881,2022-01-31,VLUE,-0.019731469529352674,-0.061500000000000006,-0.0401,0.1286,0.0077,0.07730000000000001,0.0,-0.019731469529352674
882,2022-02-28,VLUE,-0.021526259709069517,-0.022799999999999997,0.0286,0.030600000000000002,-0.0203,0.030299999999999997,0.0,-0.021526259709069517
883,2022-03-31,VLUE,0.0028705183360890896,0.0308,-0.021099999999999997,-0.019,-0.015,0.0321,0.0,0.0028705183360890896
884,2022-04-30,VLUE,-0.057473421945545944,-0.0941,-0.0034999999999999996,0.061799999999999994,0.0341,0.0592,0.0,-0.057473421945545944
885,2022-05-31,VLUE,0.03906257749185116,-0.0033,-0.0003,0.08439999999999999,0.0155,0.0395,0.0003,0.038762577491851156
886,2022-06-30,VLUE,-0.11005581458590297,-0.084,0.013300000000000001,-0.06,0.0176,-0.0458,0.0006,-0.11065581458590297
887,2022-07-31,VLUE,0.05855055836545486,0.09570000000000001,0.0178,-0.0415,0.0077,-0.06849999999999999,0.0008,0.05775055836545486
888,2022-08-31,VLUE,-0.03569186977205496,-0.0377,0.0149,0.0018,-0.0478,0.0132,0.0019,-0.03759186977205496
889,2022-09-30,VLUE,-0.10603408046409213,-0.0934,-0.0097,0.0003,-0.0137,-0.0077,0.0019,-0.10793408046409213
890,2022-10-31,VLUE,0.13095529773486114,0.0786,0.0181,0.0797,0.0327,0.0643,0.0023,0.12865529773486115
891,2022-11-30,VLUE,0.057355814446582,0.046900000000000004,-0.0275,0.0148,0.063,0.0315,0.0029,0.054455814446582
892,2022-12-31,VLUE,-0.06182021834386997,-0.0638,-0.0019,0.0134,0.0032,0.042800000000000005,0.0033,-0.06512021834386997
893,2023-01-31,VLUE,0.07175758006456001,0.0659,0.043899999999999995,-0.0394,-0.0242,-0.0443,0.0034999999999999996,0.06825758006456001
894,2023-02-28,VLUE,-0.04043820896100958,-0.025699999999999997,0.0058,-0.008,0.0097,-0.0151,0.0034000000000000002,-0.04383820896100958
895,2023-03-31,VLUE,-0.0033524877484299997,0.024900000000000002,-0.0689,-0.09050000000000001,0.0227,-0.021,0.0036,-0.00695248774843
896,2023-04-30,VLUE,-0.010908190698668774,0.0063,-0.025699999999999997,-0.0012,0.0242,0.0285,0.0034999999999999996,-0.014408190698668773
897,2023-05-31,VLUE,-0.036689263289464424,0.0033,-0.0043,-0.0779,-0.0178,-0.0708,0.0036,-0.04028926328946442
898,2023-06-30,VLUE,0.06977897329500493,0.0646,0.0128,-0.0013,0.0232,-0.0154,0.004,0.06577897329500493
899,2023-07-31,VLUE,0.037317451545480385,0.0321,0.0286,0.0406,-0.0059,0.0066,0.0045000000000000005,0.03281745154548038
900,2023-08-31,VLUE,-0.029088336232919176,-0.0236,-0.0365,-0.0115,0.0335,-0.0241,0.0045000000000000005,-0.03358833623291918
901,2023-09-30,VLUE,-0.03243652458497426,-0.052300000000000006,-0.0178,0.0149,0.0187,-0.0077,0.0043,-0.036736524584974256
902,2023-10-31,VLUE,-0.03604499973555153,-0.0315,-0.0403,0.002,0.0241,-0.0069,0.004699999999999999,-0.040744999735551526
903,2023-11-30,VLUE,0.08233274613154706,0.0888,-0.002,0.0167,-0.0373,-0.0108,0.0044,0.07793274613154706
904,2023-12-31,VLUE,0.0757556912837638,0.048600000000000004,0.0727,0.0489,-0.0297,0.0129,0.0043,0.0714556912837638
905,2024-01-31,VLUE,-0.008501332302511155,0.0073,-0.0572,-0.023799999999999998,0.0067,-0.0097,0.004699999999999999,-0.013201332302511155
906,2024-02-29,VLUE,0.025224315545363085,0.0507,-0.008199999999999999,-0.034300000000000004,-0.0206,-0.0217,0.0042,0.021024315545363086
907,2024-03-31,VLUE,0.060157962274268284,0.028399999999999998,-0.0121,0.0416,0.013300000000000001,0.011399999999999999,0.0043,0.055857962274268286
908,2024-04-30,VLUE,-0.06795317345163776,-0.04650000000000001,-0.0259,-0.0045000000000000005,0.011399999999999999,-0.0031,0.004699999999999999,-0.07265317345163776
909,2024-05-31,VLUE,0.03130262415758689,0.0432,0.0059,-0.0131,0.0317,-0.0285,0.0044,0.026902624157586888
910,2024-06-30,VLUE,-0.0005462111068980091,0.027999999999999997,-0.0432,-0.0336,0.005600000000000001,-0.018000000000000002,0.0040999999999999995,-0.004646211106898009
911,2024-07-31,VLUE,0.0399186920613932,0.012199999999999999,0.0834,0.0562,0.0026,0.0028000000000000004,0.0045000000000000005,0.0354186920613932
912,2024-08-31,VLUE,0.004089677705609418,0.0161,-0.0355,-0.011000000000000001,0.0076,0.008199999999999999,0.0048,-0.0007103222943905816
913,2024-09-30,VLUE,0.017266948089919243,0.0173,-0.0092,-0.0276,0.002,-0.0029,0.004,0.013266948089919243
914,2024-10-31,VLUE,-0.013022615597773513,-0.01,-0.0089,0.0086,-0.0148,0.0098,0.0039000000000000003,-0.016922615597773513
915,2024-11-30,VLUE,0.06457897803353108,0.0649,0.045899999999999996,0.0016,-0.0231,-0.020499999999999997,0.004,0.06057897803353107
916,2024-12-31,VLUE,-0.0718408381518526,-0.0315,-0.0383,-0.03,0.0189,-0.0121,0.0037,-0.0755408381518526
917,2025-01-31,VLUE,0.041568019137794066,0.027999999999999997,-0.0123,0.0163,-0.0235,-0.032400000000000005,0.0037,0.037868019137794064
918,2025-02-28,VLUE,0.010545533038520682,-0.024300000000000002,-0.049100000000000005,0.049100000000000005,0.0108,0.030600000000000002,0.0033,0.0072455330385206825
919,2025-03-31,VLUE,-0.03452230262172706,-0.0639,-0.0149,0.028999999999999998,0.021099999999999997,-0.004699999999999999,0.0034000000000000002,-0.037922302621727064
920,2025-04-30,VLUE,-0.038349705103287945,-0.0084,-0.018600000000000002,-0.0341,-0.0285,-0.026699999999999998,0.0034999999999999996,-0.04184970510328795
921,2025-05-31,VLUE,0.0431940614270907,0.060599999999999994,-0.0072,-0.0288,0.0129,0.025099999999999997,0.0038,0.039394061427090704
922,2025-06-30,VLUE,0.06529801301320504,0.048600000000000004,-0.0002,-0.0161,-0.032,0.0144,0.0034000000000000002,0.061898013013205036
923,2025-07-31,VLUE,-0.0022965947319826263,0.019799999999999998,-0.0014000000000000002,-0.0127,-0.0028000000000000004,-0.0207,0.0034000000000000002,-0.0056965947319826266
924,2025-08-31,VLUE,0.05958384578500553,0.018500000000000003,0.048799999999999996,0.044199999999999996,-0.0069,0.0208,0.0038,0.05578384578500553
925,2025-09-30,VLUE,0.050566208941522195,0.0339,-0.0218,-0.0105,-0.020499999999999997,-0.0222,0.0033,0.0472662089415222
926,2025-10-31,VLUE,0.04286282528708263,0.0196,-0.0131,-0.031,-0.0524,-0.0403,0.0037,0.03916282528708263
927,2025-11-30,VLUE,0.024998019895615897,-0.0013,0.0147,0.037599999999999995,0.0144,0.0068000000000000005,0.003,0.021998019895615898
928,2025-12-31,VLUE,0.02900002906369248,-0.0036,-0.0022,0.0242,0.004,0.0037,0.0034000000000000002,0.025600029063692478
929,2026-01-31,VLUE,0.0764278653136159,0.0103,0.0326,0.037200000000000004,0.0182,0.0183,0.003,0.07342786531361589
930,2026-02-28,VLUE,0.024527814273162862,-0.011699999999999999,0.0063,0.028300000000000002,0.016200000000000003,0.0507,0.0028000000000000004,0.021727814273162862
931,2015-02-28,VTV,0.05306661778131905,0.061399999999999996,0.0036,-0.0179,-0.011000000000000001,-0.0175,0.0,0.05306661778131905
932,2015-03-31,VTV,-0.013268099397850674,-0.0109,0.0308,-0.0038,0.0007000000000000001,-0.0062,0.0,-0.013268099397850674
933,2015-04-30,VTV,0.012783342015942223,0.006,-0.0301,0.018000000000000002,0.0005,-0.0062,0.0,0.012783342015942223
934,2015-05-31,VTV,0.011797042341842534,0.0138,0.008199999999999999,-0.0111,-0.0176,-0.0083,0.0,0.011797042341842534
935,2015-06-30,VTV,-0.022288409206651205,-0.0154,0.028999999999999998,-0.008199999999999999,0.0034999999999999996,-0.0154,0.0,-0.022288409206651205
936,2015-07-31,VTV,0.010076317410641522,0.015700000000000002,-0.0458,-0.0416,0.0031,-0.024399999999999998,0.0,0.010076317410641522
937,2015-08-31,VTV,-0.05843232747830185,-0.0602,0.0029,0.0275,0.0066,0.0129,0.0,-0.05843232747830185
938,2015-09-30,VTV,-0.025373226129308923,-0.030600000000000002,-0.027999999999999997,0.0055000000000000005,0.018000000000000002,-0.0059,0.0,-0.025373226129308923
939,2015-10-31,VTV,0.07648189546259476,0.0775,-0.0206,-0.004699999999999999,0.0095,0.0060999999999999995,0.0,0.07648189546259476
940,2015-11-30,VTV,0.00544674832119707,0.005699999999999999,0.033,-0.0043,-0.0265,-0.0106,0.0,0.00544674832119707
941,2015-12-31,VTV,-0.011435587398412106,-0.0215,-0.029500000000000002,-0.025699999999999997,0.0034000000000000002,0.0012,0.0001,-0.011535587398412105
942,2016-01-31,VTV,-0.047595322974562926,-0.0574,-0.0344,0.0208,0.0278,0.0305,0.0001,-0.04769532297456293
943,2016-02-29,VTV,0.0010300644000285075,-0.0007000000000000001,0.0087,-0.0060999999999999995,0.0331,0.0194,0.0002,0.0008300644000285075
944,2016-03-31,VTV,0.06698682964578118,0.0695,0.01,0.012199999999999999,0.0068000000000000005,0.0001,0.0002,0.06678682964578117
945,2016-04-30,VTV,0.015172172967896635,0.0091,0.0123,0.0322,-0.0285,0.0177,0.0001,0.015072172967896636
946,2016-05-31,VTV,0.010640649589486628,0.0178,-0.0062,-0.016200000000000003,-0.011000000000000001,-0.0254,0.0001,0.010540649589486629
947,2016-06-30,VTV,0.011254169071230002,-0.0003,0.0042,-0.0149,0.014499999999999999,0.019,0.0002,0.011054169071230002
948,2016-07-31,VTV,0.028120909561352825,0.0394,0.024700000000000003,-0.0124,0.0131,-0.0116,0.0002,0.027920909561352826
949,2016-08-31,VTV,0.0067519358521404005,0.0049,0.0166,0.0317,-0.018500000000000003,-0.0036,0.0002,0.006551935852140401
950,2016-09-30,VTV,-0.004687732014435175,0.0027,0.0181,-0.011899999999999999,-0.0218,0.0003,0.0002,-0.004887732014435175
951,2016-10-31,VTV,-0.010919423217714774,-0.020099999999999996,-0.04019999999999999,0.041100000000000005,0.009899999999999999,0.0025,0.0002,-0.011119423217714775
952,2016-11-30,VTV,0.05996505528441598,0.048499999999999995,0.0696,0.08289999999999999,-0.0024,0.0371,0.0001,0.05986505528441598
953,2016-12-31,VTV,0.027284103347745114,0.0181,0.0044,0.0347,0.0124,-0.0032,0.0003,0.026984103347745113
954,2017-01-31,VTV,0.00494582954198286,0.0194,-0.0144,-0.0276,-0.0051,-0.0106,0.0004,0.00454582954198286
955,2017-02-28,VTV,0.03584016555784131,0.0355,-0.023,-0.015,0.0045000000000000005,-0.018000000000000002,0.0004,0.03544016555784131
956,2017-03-31,VTV,-0.009182460006566084,0.0017000000000000001,0.0075,-0.0333,0.0063,-0.0095,0.0003,-0.009482460006566084
957,2017-04-30,VTV,-0.00031458327352507087,0.0108,0.0040999999999999995,-0.020499999999999997,0.0179,-0.016,0.0005,-0.0008145832735250709
958,2017-05-31,VTV,0.0006292641254583842,0.010700000000000001,-0.029900000000000003,-0.0382,0.009899999999999999,-0.0166,0.0006,2.9264125458384224e-05
959,2017-06-30,VTV,0.01801110408800577,0.0078000000000000005,0.0252,0.015,-0.0226,0.0004,0.0006,0.01741110408800577
960,2017-07-31,VTV,0.015431134659417367,0.018799999999999997,-0.016399999999999998,-0.0023,-0.0075,-0.0015,0.0007000000000000001,0.014731134659417368
961,2017-08-31,VTV,-0.004691523359864558,0.0018,-0.0183,-0.0213,0.002,-0.023799999999999998,0.0009,-0.005591523359864558
962,2017-09-30,VTV,0.029817243896263612,0.024900000000000002,0.047599999999999996,0.0315,-0.0154,0.0163,0.0009,0.02891724389626361
963,2017-10-31,VTV,0.018332787035378884,0.0225,-0.0191,0.0013,0.0092,-0.031400000000000004,0.0009,0.017432787035378882
964,2017-11-30,VTV,0.03521898017265901,0.031200000000000002,-0.0038,-0.0009,0.0319,-0.001,0.0008,0.03441898017265901
965,2017-12-31,VTV,0.01651867598687984,0.0106,-0.0105,0.0005,0.0073,0.0179,0.0009,0.015618675986879839
966,2018-01-31,VTV,0.047121755616304384,0.0558,-0.0321,-0.0132,-0.0075,-0.0105,0.0011,0.04602175561630439
967,2018-02-28,VTV,-0.04437260466266868,-0.0364,0.0034000000000000002,-0.011000000000000001,0.0053,-0.0236,0.0011,-0.04547260466266868
968,2018-03-31,VTV,-0.024617444495669716,-0.0235,0.0361,-0.0021,-0.0040999999999999995,0.0008,0.0012,-0.025817444495669715
969,2018-04-30,VTV,0.004167493676094258,0.0029,0.0089,0.0053,-0.0242,0.0124,0.0014000000000000002,0.002767493676094258
970,2018-05-31,VTV,0.006080344041249353,0.0263,0.0471,-0.031400000000000004,-0.019799999999999998,-0.0149,0.0014000000000000002,0.004680344041249352
971,2018-06-30,VTV,0.00204799331162131,0.0049,0.0077,-0.0233,0.0083,0.002,0.0014000000000000002,0.0006479933116213098
972,2018-07-31,VTV,0.04651822392135041,0.032,-0.019299999999999998,0.0049,0.015300000000000001,0.0031,0.0016,0.04491822392135041
973,2018-08-31,VTV,0.01895823589903478,0.0346,0.006500000000000001,-0.0391,-0.0029,-0.025699999999999997,0.0016,0.01735823589903478
974,2018-09-30,VTV,0.006237959766338008,0.0006,-0.024900000000000002,-0.016200000000000003,0.006500000000000001,0.013600000000000001,0.0015,0.004737959766338009
975,2018-10-31,VTV,-0.04978303447641186,-0.0764,-0.0438,0.0338,0.0103,0.036000000000000004,0.0019,-0.05168303447641186
976,2018-11-30,VTV,0.032708813631881606,0.0171,-0.008100000000000001,0.0036,-0.0060999999999999995,0.004,0.0018,0.030908813631881606
977,2018-12-31,VTV,-0.09142879811634597,-0.0955,-0.0281,-0.0192,-0.0003,0.0024,0.0019,-0.09332879811634597
978,2019-01-31,VTV,0.06952524525716464,0.0836,0.0291,-0.0039000000000000003,-0.0073,-0.0165,0.0021,0.06742524525716463
979,2019-02-28,VTV,0.028636807002925257,0.0342,0.0172,-0.026600000000000002,0.0016,-0.0154,0.0018,0.026836807002925258
980,2019-03-31,VTV,0.00567217249713603,0.011000000000000001,-0.0352,-0.0414,0.0088,-0.009000000000000001,0.0019,0.00377217249713603
981,2019-04-30,VTV,0.03363370803835575,0.0397,-0.0115,0.0213,0.0161,-0.0218,0.0021,0.03153370803835575
982,2019-05-31,VTV,-0.06328079051158497,-0.0692,-0.015600000000000001,-0.0245,-0.0048,0.0176,0.0021,-0.06538079051158498
983,2019-06-30,VTV,0.07116271023955711,0.0699,0.0019,-0.0064,0.0045000000000000005,-0.0055000000000000005,0.0018,0.06936271023955712
984,2019-07-31,VTV,0.008294059456199765,0.012199999999999999,-0.0182,0.005,-0.0013,0.0037,0.0019,0.006394059456199765
985,2019-08-31,VTV,-0.02968501940315127,-0.0255,-0.0325,-0.04769999999999999,0.0053,-0.0062,0.0016,-0.03128501940315127
986,2019-09-30,VTV,0.034581952801294724,0.014199999999999999,0.0029,0.0676,0.0182,0.0338,0.0018,0.03278195280129472
987,2019-10-31,VTV,0.018992908862163427,0.0207,0.0025,-0.0192,0.0043,-0.0103,0.0015,0.017492908862163425
988,2019-11-30,VTV,0.03437670042070895,0.0387,0.0039000000000000003,-0.02,-0.016399999999999998,-0.011399999999999999,0.0012,0.03317670042070895
989,2019-12-31,VTV,0.026425114065487865,0.0276,0.009899999999999999,0.0173,0.0005,0.011899999999999999,0.0014000000000000002,0.025025114065487866
990,2020-01-31,VTV,-0.025031326733383485,-0.0009,-0.0437,-0.0622,-0.011899999999999999,-0.0219,0.0013,-0.026331326733383485
991,2020-02-29,VTV,-0.09713293124378641,-0.0815,0.0008,-0.0382,-0.0143,-0.0253,0.0012,-0.09833293124378642
992,2020-03-31,VTV,-0.14827693205753578,-0.1335,-0.0818,-0.1383,-0.0161,0.011899999999999999,0.0012,-0.1494769320575358
993,2020-04-30,VTV,0.10666958040396546,0.1358,0.025699999999999997,-0.0134,0.0276,-0.0102,0.0,0.10666958040396546
994,2020-05-31,VTV,0.02881506040756676,0.0559,0.0192,-0.05,0.0096,-0.0316,0.0001,0.028715060407566762
995,2020-06-30,VTV,-0.010091892178356487,0.024399999999999998,0.0195,-0.0217,0.0014000000000000002,0.0055000000000000005,0.0001,-0.010191892178356487
996,2020-07-31,VTV,0.037353052744805826,0.0583,-0.0319,-0.0144,0.0038,0.0097,0.0001,0.03725305274480582
997,2020-08-31,VTV,0.041815610499170486,0.0762,-0.0089,-0.0302,0.042699999999999995,-0.0151,0.0001,0.04171561049917048
998,2020-09-30,VTV,-0.02215586137996428,-0.0364,-0.0001,-0.027200000000000002,-0.0138,-0.019299999999999998,0.0001,-0.02225586137996428
999,2020-10-31,VTV,-0.01818016841608494,-0.0208,0.0467,0.0425,-0.0077,-0.005699999999999999,0.0001,-0.01828016841608494
1000,2020-11-30,VTV,0.12757021230769006,0.1244,0.0712,0.0209,-0.0225,0.0128,0.0001,0.12747021230769007
1001,2020-12-31,VTV,0.03510628946040617,0.0463,0.0493,-0.0168,-0.0197,-0.0006,0.0001,0.03500628946040617
1002,2021-01-31,VTV,-0.007901806592567895,-0.0007000000000000001,0.0681,0.0322,-0.0365,0.049699999999999994,0.0,-0.007901806592567895
1003,2021-02-28,VTV,0.0499915387208143,0.0281,0.045,0.07200000000000001,0.0033,-0.0199,0.0,0.0499915387208143
1004,2021-03-31,VTV,0.06666618271903513,0.0316,-0.0084,0.0735,0.0635,0.0352,0.0,0.06666618271903513
1005,2021-04-30,VTV,0.034382778901851374,0.049699999999999994,-0.0316,-0.0102,0.024300000000000002,-0.027200000000000002,0.0,0.034382778901851374
1006,2021-05-31,VTV,0.02919558923595833,0.0029,0.0127,0.0704,0.023399999999999997,0.0301,0.0,0.02919558923595833
1007,2021-06-30,VTV,-0.012432011094714923,0.0273,-0.003,-0.0786,-0.021400000000000002,-0.009300000000000001,0.0,-0.012432011094714923
1008,2021-07-31,VTV,0.010112038201475881,0.0134,-0.0455,-0.0179,0.055,-0.0059,0.0,0.010112038201475881
1009,2021-08-31,VTV,0.020885695044858155,0.029500000000000002,-0.0066,-0.0023,-0.0026,-0.0172,0.0,0.020885695044858155
1010,2021-09-30,VTV,-0.03942343616929456,-0.044000000000000004,0.011200000000000002,0.0512,-0.0192,0.02,0.0,-0.03942343616929456
1011,2021-10-31,VTV,0.054443421627242916,0.0663,-0.027000000000000003,-0.0053,0.0171,-0.0154,0.0,0.054443421627242916
1012,2021-11-30,VTV,-0.030405102216791824,-0.0158,-0.017,-0.0037,0.0719,0.017,0.0,-0.030405102216791824
1013,2021-12-31,VTV,0.06954988938204698,0.032400000000000005,-0.0078000000000000005,0.0325,0.048799999999999996,0.0429,0.0001,0.06944988938204698
1014,2022-01-31,VTV,-0.01074006361383395,-0.061500000000000006,-0.0401,0.1286,0.0077,0.07730000000000001,0.0,-0.01074006361383395
1015,2022-02-28,VTV,-0.01154418085922071,-0.022799999999999997,0.0286,0.030600000000000002,-0.0203,0.030299999999999997,0.0,-0.01154418085922071
1016,2022-03-31,VTV,0.032821918967424146,0.0308,-0.021099999999999997,-0.019,-0.015,0.0321,0.0,0.032821918967424146
1017,2022-04-30,VTV,-0.04790916114161026,-0.0941,-0.0034999999999999996,0.061799999999999994,0.0341,0.0592,0.0,-0.04790916114161026
1018,2022-05-31,VTV,0.024093421980182717,-0.0033,-0.0003,0.08439999999999999,0.0155,0.0395,0.0003,0.023793421980182715
1019,2022-06-30,VTV,-0.07885903142106732,-0.084,0.013300000000000001,-0.06,0.0176,-0.0458,0.0006,-0.07945903142106732
1020,2022-07-31,VTV,0.0505763705374378,0.09570000000000001,0.0178,-0.0415,0.0077,-0.06849999999999999,0.0008,0.049776370537437796
1021,2022-08-31,VTV,-0.026777497218020252,-0.0377,0.0149,0.0018,-0.0478,0.0132,0.0019,-0.02867749721802025
1022,2022-09-30,VTV,-0.07811710300642849,-0.0934,-0.0097,0.0003,-0.0137,-0.0077,0.0019,-0.08001710300642849
1023,2022-10-31,VTV,0.11734702038796185,0.0786,0.0181,0.0797,0.0327,0.0643,0.0023,0.11504702038796186
1024,2022-11-30,VTV,0.05994056657189373,0.046900000000000004,-0.0275,0.0148,0.063,0.0315,0.0029,0.05704056657189373
1025,2022-12-31,VTV,-0.03302067482345927,-0.0638,-0.0019,0.0134,0.0032,0.042800000000000005,0.0033,-0.03632067482345927
1026,2023-01-31,VTV,0.027854815461686222,0.0659,0.043899999999999995,-0.0394,-0.0242,-0.0443,0.0034999999999999996,0.024354815461686222
1027,2023-02-28,VTV,-0.032367765363134904,-0.025699999999999997,0.0058,-0.008,0.0097,-0.0151,0.0034000000000000002,-0.035767765363134904
1028,2023-03-31,VTV,-0.004617684997126337,0.024900000000000002,-0.0689,-0.09050000000000001,0.0227,-0.021,0.0036,-0.008217684997126336
1029,2023-04-30,VTV,0.017739414695706168,0.0063,-0.025699999999999997,-0.0012,0.0242,0.0285,0.0034999999999999996,0.014239414695706169
1030,2023-05-31,VTV,-0.04119249492340582,0.0033,-0.0043,-0.0779,-0.0178,-0.0708,0.0036,-0.04479249492340582
1031,2023-06-30,VTV,0.061337978871395915,0.0646,0.0128,-0.0013,0.0232,-0.0154,0.004,0.05733797887139591
1032,2023-07-31,VTV,0.034553017013951415,0.0321,0.0286,0.0406,-0.0059,0.0066,0.0045000000000000005,0.030053017013951414
1033,2023-08-31,VTV,-0.02380793248078583,-0.0236,-0.0365,-0.0115,0.0335,-0.0241,0.0045000000000000005,-0.028307932480785832
1034,2023-09-30,VTV,-0.03280919183334052,-0.052300000000000006,-0.0178,0.0149,0.0187,-0.0077,0.0043,-0.03710919183334052
1035,2023-10-31,VTV,-0.026390047533670802,-0.0315,-0.0403,0.002,0.0241,-0.0069,0.004699999999999999,-0.0310900475336708
1036,2023-11-30,VTV,0.06679572576210191,0.0888,-0.002,0.0167,-0.0373,-0.0108,0.0044,0.06239572576210191
1037,2023-12-31,VTV,0.05089967522729699,0.048600000000000004,0.0727,0.0489,-0.0297,0.0129,0.0043,0.046599675227296994
1038,2024-01-31,VTV,0.008695753945360485,0.0073,-0.0572,-0.023799999999999998,0.0067,-0.0097,0.004699999999999999,0.0039957539453604855
1039,2024-02-29,VTV,0.03335555610671914,0.0507,-0.008199999999999999,-0.034300000000000004,-0.0206,-0.0217,0.0042,0.029155556106719143
1040,2024-03-31,VTV,0.05168950817801021,0.028399999999999998,-0.0121,0.0416,0.013300000000000001,0.011399999999999999,0.0043,0.047389508178010215
1041,2024-04-30,VTV,-0.03911336611358163,-0.04650000000000001,-0.0259,-0.0045000000000000005,0.011399999999999999,-0.0031,0.004699999999999999,-0.04381336611358162
1042,2024-05-31,VTV,0.02996990033512481,0.0432,0.0059,-0.0131,0.0317,-0.0285,0.0044,0.02556990033512481
1043,2024-06-30,VTV,0.0015308662844515375,0.027999999999999997,-0.0432,-0.0336,0.005600000000000001,-0.018000000000000002,0.0040999999999999995,-0.002569133715548462
1044,2024-07-31,VTV,0.047378683105604225,0.012199999999999999,0.0834,0.0562,0.0026,0.0028000000000000004,0.0045000000000000005,0.04287868310560422
1045,2024-08-31,VTV,0.028807806621793164,0.0161,-0.0355,-0.011000000000000001,0.0076,0.008199999999999999,0.0048,0.024007806621793165
1046,2024-09-30,VTV,0.015304462371665828,0.0173,-0.0092,-0.0276,0.002,-0.0029,0.004,0.011304462371665828
1047,2024-10-31,VTV,-0.013805523347424797,-0.01,-0.0089,0.0086,-0.0148,0.0098,0.0039000000000000003,-0.017705523347424798
1048,2024-11-30,VTV,0.05640105667719664,0.0649,0.045899999999999996,0.0016,-0.0231,-0.020499999999999997,0.004,0.052401056677196634
1049,2024-12-31,VTV,-0.06372699935019255,-0.0315,-0.0383,-0.03,0.0189,-0.0121,0.0037,-0.06742699935019254
1050,2025-01-31,VTV,0.04370928960493736,0.027999999999999997,-0.0123,0.0163,-0.0235,-0.032400000000000005,0.0037,0.04000928960493736
1051,2025-02-28,VTV,0.008092771920996,-0.024300000000000002,-0.049100000000000005,0.049100000000000005,0.0108,0.030600000000000002,0.0033,0.004792771920996
1052,2025-03-31,VTV,-0.024587885781716223,-0.0639,-0.0149,0.028999999999999998,0.021099999999999997,-0.004699999999999999,0.0034000000000000002,-0.027987885781716224
1053,2025-04-30,VTV,-0.036239442959839274,-0.0084,-0.018600000000000002,-0.0341,-0.0285,-0.026699999999999998,0.0034999999999999996,-0.03973944295983928
1054,2025-05-31,VTV,0.029493047002887796,0.060599999999999994,-0.0072,-0.0288,0.0129,0.025099999999999997,0.0038,0.025693047002887794
1055,2025-06-30,VTV,0.03687300678922756,0.048600000000000004,-0.0002,-0.0161,-0.032,0.0144,0.0034000000000000002,0.03347300678922756
1056,2025-07-31,VTV,0.0016974421982516308,0.019799999999999998,-0.0014000000000000002,-0.0127,-0.0028000000000000004,-0.0207,0.0034000000000000002,-0.0017025578017483695
1057,2025-08-31,VTV,0.034907406961518506,0.018500000000000003,0.048799999999999996,0.044199999999999996,-0.0069,0.0208,0.0038,0.031107406961518504
1058,2025-09-30,VTV,0.023018130441035956,0.0339,-0.0218,-0.0105,-0.020499999999999997,-0.0222,0.0033,0.019718130441035955
1059,2025-10-31,VTV,-0.00391449798262844,0.0196,-0.0131,-0.031,-0.0524,-0.0403,0.0037,-0.00761449798262844
1060,2025-11-30,VTV,0.02540914886773682,-0.0013,0.0147,0.037599999999999995,0.0144,0.0068000000000000005,0.003,0.02240914886773682
1061,2025-12-31,VTV,0.00787227782239075,-0.0036,-0.0022,0.0242,0.004,0.0037,0.0034000000000000002,0.0044722778223907494
1062,2026-01-31,VTV,0.04586625385305654,0.0103,0.0326,0.037200000000000004,0.0182,0.0183,0.003,0.042866253853056535
1063,2026-02-28,VTV,0.03759694885469522,-0.011699999999999999,0.0063,0.028300000000000002,0.016200000000000003,0.0507,0.0028000000000000004,0.034796948854695225
1064,2015-02-28,VUG,0.06245150226032825,0.061399999999999996,0.0036,-0.0179,-0.011000000000000001,-0.0175,0.0,0.06245150226032825
1065,2015-03-31,VUG,-0.03929604042848567,-0.0109,0.0308,-0.0038,0.0007000000000000001,-0.0062,0.0,-0.03929604042848567
1066,2015-04-30,VUG,0.028103852597323842,0.006,-0.0301,0.018000000000000002,0.0005,-0.0062,0.0,0.028103852597323842
1067,2015-05-31,VUG,0.014783741961275965,0.0138,0.008199999999999999,-0.0111,-0.0176,-0.0083,0.0,0.014783741961275965
1068,2015-06-30,VUG,-0.016493212008788394,-0.0154,0.028999999999999998,-0.008199999999999999,0.0034999999999999996,-0.0154,0.0,-0.016493212008788394
1069,2015-07-31,VUG,0.03269492880462921,0.015700000000000002,-0.0458,-0.0416,0.0031,-0.024399999999999998,0.0,0.03269492880462921
1070,2015-08-31,VUG,-0.0629581808171763,-0.0602,0.0029,0.0275,0.0066,0.0129,0.0,-0.0629581808171763
1071,2015-09-30,VUG,-0.02861276166123594,-0.030600000000000002,-0.027999999999999997,0.0055000000000000005,0.018000000000000002,-0.0059,0.0,-0.02861276166123594
1072,2015-10-31,VUG,0.08973969648710445,0.0775,-0.0206,-0.004699999999999999,0.0095,0.0060999999999999995,0.0,0.08973969648710445
1073,2015-11-30,VUG,0.001463873285166395,0.005699999999999999,0.033,-0.0043,-0.0265,-0.0106,0.0,0.001463873285166395
1074,2015-12-31,VUG,-0.024242139878042024,-0.0215,-0.029500000000000002,-0.025699999999999997,0.0034000000000000002,0.0012,0.0001,-0.024342139878042023
1075,2016-01-31,VUG,-0.06006183602709747,-0.0574,-0.0344,0.0208,0.0278,0.0305,0.0001,-0.06016183602709747
1076,2016-02-29,VUG,-0.0039997836369788375,-0.0007000000000000001,0.0087,-0.0060999999999999995,0.0331,0.0194,0.0002,-0.004199783636978837
1077,2016-03-31,VUG,0.07202928797170416,0.0695,0.01,0.012199999999999999,0.0068000000000000005,0.0001,0.0002,0.07182928797170415
1078,2016-04-30,VUG,-0.007891825477208791,0.0091,0.0123,0.0322,-0.0285,0.0177,0.0001,-0.00799182547720879
1079,2016-05-31,VUG,0.02490342094286979,0.0178,-0.0062,-0.016200000000000003,-0.011000000000000001,-0.0254,0.0001,0.024803420942869792
1080,2016-06-30,VUG,-0.006613762238540266,-0.0003,0.0042,-0.0149,0.014499999999999999,0.019,0.0002,-0.006813762238540266
1081,2016-07-31,VUG,0.04785440059827262,0.0394,0.024700000000000003,-0.0124,0.0131,-0.0116,0.0002,0.04765440059827262
1082,2016-08-31,VUG,-0.003115758717058159,0.0049,0.0166,0.0317,-0.018500000000000003,-0.0036,0.0002,-0.003315758717058159
1083,2016-09-30,VUG,0.006164605374437304,0.0027,0.0181,-0.011899999999999999,-0.0218,0.0003,0.0002,0.0059646053744373045
1084,2016-10-31,VUG,-0.02591521674424835,-0.020099999999999996,-0.04019999999999999,0.041100000000000005,0.009899999999999999,0.0025,0.0002,-0.026115216744248347
1085,2016-11-30,VUG,0.012159299479703956,0.048499999999999995,0.0696,0.08289999999999999,-0.0024,0.0371,0.0001,0.012059299479703956
1086,2016-12-31,VUG,0.01167225683654216,0.0181,0.0044,0.0347,0.0124,-0.0032,0.0003,0.011372256836542161
1087,2017-01-31,VUG,0.03525328483425194,0.0194,-0.0144,-0.0276,-0.0051,-0.0106,0.0004,0.034853284834251944
1088,2017-02-28,VUG,0.04384389275862066,0.0355,-0.023,-0.015,0.0045000000000000005,-0.018000000000000002,0.0004,0.043443892758620664
1089,2017-03-31,VUG,0.0130565829172824,0.0017000000000000001,0.0075,-0.0333,0.0063,-0.0095,0.0003,0.0127565829172824
1090,2017-04-30,VUG,0.0227686243129106,0.0108,0.0040999999999999995,-0.020499999999999997,0.0179,-0.016,0.0005,0.0222686243129106
1091,2017-05-31,VUG,0.028048097998518706,0.010700000000000001,-0.029900000000000003,-0.0382,0.009899999999999999,-0.0166,0.0006,0.027448097998518706
1092,2017-06-30,VUG,-0.004243958691342864,0.0078000000000000005,0.0252,0.015,-0.0226,0.0004,0.0006,-0.004843958691342864
1093,2017-07-31,VUG,0.0254249674324023,0.018799999999999997,-0.016399999999999998,-0.0023,-0.0075,-0.0015,0.0007000000000000001,0.024724967432402302
1094,2017-08-31,VUG,0.011744710593910579,0.0018,-0.0183,-0.0213,0.002,-0.023799999999999998,0.0009,0.01084471059391058
1095,2017-09-30,VUG,0.010348633566271692,0.024900000000000002,0.047599999999999996,0.0315,-0.0154,0.0163,0.0009,0.009448633566271692
1096,2017-10-31,VUG,0.028926177036521894,0.0225,-0.0191,0.0013,0.0092,-0.031400000000000004,0.0009,0.028026177036521892
1097,2017-11-30,VUG,0.02423310473626228,0.031200000000000002,-0.0038,-0.0009,0.0319,-0.001,0.0008,0.02343310473626228
1098,2017-12-31,VUG,0.008744097394333572,0.0106,-0.0105,0.0005,0.0073,0.0179,0.0009,0.007844097394333572
1099,2018-01-31,VUG,0.06825451013541106,0.0558,-0.0321,-0.0132,-0.0075,-0.0105,0.0011,0.06715451013541106
1100,2018-02-28,VUG,-0.0292181615177477,-0.0364,0.0034000000000000002,-0.011000000000000001,0.0053,-0.0236,0.0011,-0.0303181615177477
1101,2018-03-31,VUG,-0.024907064466936135,-0.0235,0.0361,-0.0021,-0.0040999999999999995,0.0008,0.0012,-0.026107064466936135
1102,2018-04-30,VUG,0.002748906516927496,0.0029,0.0089,0.0053,-0.0242,0.0124,0.0014000000000000002,0.001348906516927496
1103,2018-05-31,VUG,0.04386014245822678,0.0263,0.0471,-0.031400000000000004,-0.019799999999999998,-0.0149,0.0014000000000000002,0.04246014245822678
1104,2018-06-30,VUG,0.01152824653869744,0.0049,0.0077,-0.0233,0.0083,0.002,0.0014000000000000002,0.01012824653869744
1105,2018-07-31,VUG,0.02509880515429086,0.032,-0.019299999999999998,0.0049,0.015300000000000001,0.0031,0.0016,0.02349880515429086
1106,2018-08-31,VUG,0.046688658460182886,0.0346,0.006500000000000001,-0.0391,-0.0029,-0.025699999999999997,0.0016,0.04508865846018289
1107,2018-09-30,VUG,0.004772338757377703,0.0006,-0.024900000000000002,-0.016200000000000003,0.006500000000000001,0.013600000000000001,0.0015,0.003272338757377703
1108,2018-10-31,VUG,-0.09066079049808151,-0.0764,-0.0438,0.0338,0.0103,0.036000000000000004,0.0019,-0.09256079049808151
1109,2018-11-30,VUG,0.00573606667996418,0.0171,-0.008100000000000001,0.0036,-0.0060999999999999995,0.004,0.0018,0.003936066679964181
1110,2018-12-31,VUG,-0.08417436901554232,-0.0955,-0.0281,-0.0192,-0.0003,0.0024,0.0019,-0.08607436901554232
1111,2019-01-31,VUG,0.09201226169983046,0.0836,0.0291,-0.0039000000000000003,-0.0073,-0.0165,0.0021,0.08991226169983045
1112,2019-02-28,VUG,0.036880353097034524,0.0342,0.0172,-0.026600000000000002,0.0016,-0.0154,0.0018,0.03508035309703452
1113,2019-03-31,VUG,0.031278538848827475,0.011000000000000001,-0.0352,-0.0414,0.0088,-0.009000000000000001,0.0019,0.029378538848827476
1114,2019-04-30,VUG,0.047052728403541355,0.0397,-0.0115,0.0213,0.0161,-0.0218,0.0021,0.04495272840354136
1115,2019-05-31,VUG,-0.06337757961908219,-0.0692,-0.015600000000000001,-0.0245,-0.0048,0.0176,0.0021,-0.0654775796190822
1116,2019-06-30,VUG,0.06784153752007804,0.0699,0.0019,-0.0064,0.0045000000000000005,-0.0055000000000000005,0.0018,0.06604153752007805
1117,2019-07-31,VUG,0.022951061935913897,0.012199999999999999,-0.0182,0.005,-0.0013,0.0037,0.0019,0.021051061935913898
1118,2019-08-31,VUG,-0.005743602142344262,-0.0255,-0.0325,-0.04769999999999999,0.0053,-0.0062,0.0016,-0.007343602142344262
1119,2019-09-30,VUG,0.0028916245145085284,0.014199999999999999,0.0029,0.0676,0.0182,0.0338,0.0018,0.0010916245145085285
1120,2019-10-31,VUG,0.025920206748310637,0.0207,0.0025,-0.0192,0.0043,-0.0103,0.0015,0.024420206748310636
1121,2019-11-30,VUG,0.0399203298942461,0.0387,0.0039000000000000003,-0.02,-0.016399999999999998,-0.011399999999999999,0.0012,0.0387203298942461
1122,2019-12-31,VUG,0.029762000705994884,0.0276,0.009899999999999999,0.0173,0.0005,0.011899999999999999,0.0014000000000000002,0.028362000705994886
1123,2020-01-31,VUG,0.031289586375429,-0.0009,-0.0437,-0.0622,-0.011899999999999999,-0.0219,0.0013,0.029989586375429002
1124,2020-02-29,VUG,-0.06467253016200769,-0.0815,0.0008,-0.0382,-0.0143,-0.0253,0.0012,-0.0658725301620077
1125,2020-03-31,VUG,-0.10594291816524115,-0.1335,-0.0818,-0.1383,-0.0161,0.011899999999999999,0.0012,-0.10714291816524116
1126,2020-04-30,VUG,0.15080724842802384,0.1358,0.025699999999999997,-0.0134,0.0276,-0.0102,0.0,0.15080724842802384
1127,2020-05-31,VUG,0.07059662367345232,0.0559,0.0192,-0.05,0.0096,-0.0316,0.0001,0.07049662367345232
1128,2020-06-30,VUG,0.0490344358204029,0.024399999999999998,0.0195,-0.0217,0.0014000000000000002,0.0055000000000000005,0.0001,0.0489344358204029
1129,2020-07-31,VUG,0.0756102544562256,0.0583,-0.0319,-0.0144,0.0038,0.0097,0.0001,0.0755102544562256
1130,2020-08-31,VUG,0.1009334666344186,0.0762,-0.0089,-0.0302,0.042699999999999995,-0.0151,0.0001,0.1008334666344186
1131,2020-09-30,VUG,-0.0471189380294843,-0.0364,-0.0001,-0.027200000000000002,-0.0138,-0.019299999999999998,0.0001,-0.047218938029484306
1132,2020-10-31,VUG,-0.030051445053853265,-0.0208,0.0467,0.0425,-0.0077,-0.005699999999999999,0.0001,-0.030151445053853265
1133,2020-11-30,VUG,0.10372790988211333,0.1244,0.0712,0.0209,-0.0225,0.0128,0.0001,0.10362790988211333
1134,2020-12-31,VUG,0.041601073541090994,0.0463,0.0493,-0.0168,-0.0197,-0.0006,0.0001,0.04150107354109099
1135,2021-01-31,VUG,-0.010144625601056556,-0.0007000000000000001,0.0681,0.0322,-0.0365,0.049699999999999994,0.0,-0.010144625601056556
1136,2021-02-28,VUG,0.008454239503680627,0.0281,0.045,0.07200000000000001,0.0033,-0.0199,0.0,0.008454239503680627
1137,2021-03-31,VUG,0.017951601273218154,0.0316,-0.0084,0.0735,0.0635,0.0352,0.0,0.017951601273218154
1138,2021-04-30,VUG,0.06913320190959227,0.049699999999999994,-0.0316,-0.0102,0.024300000000000002,-0.027200000000000002,0.0,0.06913320190959227
1139,2021-05-31,VUG,-0.014300663131687985,0.0029,0.0127,0.0704,0.023399999999999997,0.0301,0.0,-0.014300663131687985
1140,2021-06-30,VUG,0.06021160449633056,0.0273,-0.003,-0.0786,-0.021400000000000002,-0.009300000000000001,0.0,0.06021160449633056
1141,2021-07-31,VUG,0.031832951653579133,0.0134,-0.0455,-0.0179,0.055,-0.0059,0.0,0.031832951653579133
1142,2021-08-31,VUG,0.03673039532090194,0.029500000000000002,-0.0066,-0.0023,-0.0026,-0.0172,0.0,0.03673039532090194
1143,2021-09-30,VUG,-0.05324802417724117,-0.044000000000000004,0.011200000000000002,0.0512,-0.0192,0.02,0.0,-0.05324802417724117
1144,2021-10-31,VUG,0.08264108778308277,0.0663,-0.027000000000000003,-0.0053,0.0171,-0.0154,0.0,0.08264108778308277
1145,2021-11-30,VUG,0.007130364097816866,-0.0158,-0.017,-0.0037,0.0719,0.017,0.0,0.007130364097816866
1146,2021-12-31,VUG,0.0157408438425235,0.032400000000000005,-0.0078000000000000005,0.0325,0.048799999999999996,0.0429,0.0001,0.0156408438425235
1147,2022-01-31,VUG,-0.09414153182239193,-0.061500000000000006,-0.0401,0.1286,0.0077,0.07730000000000001,0.0,-0.09414153182239193
1148,2022-02-28,VUG,-0.04585628169744471,-0.022799999999999997,0.0286,0.030600000000000002,-0.0203,0.030299999999999997,0.0,-0.04585628169744471
1149,2022-03-31,VUG,0.03801513936904333,0.0308,-0.021099999999999997,-0.019,-0.015,0.0321,0.0,0.03801513936904333
1150,2022-04-30,VUG,-0.1287553225324195,-0.0941,-0.0034999999999999996,0.061799999999999994,0.0341,0.0592,0.0,-0.1287553225324195
1151,2022-05-31,VUG,-0.026898738612408213,-0.0033,-0.0003,0.08439999999999999,0.0155,0.0395,0.0003,-0.027198738612408214
1152,2022-06-30,VUG,-0.08456058079055029,-0.084,0.013300000000000001,-0.06,0.0176,-0.0458,0.0006,-0.08516058079055029
1153,2022-07-31,VUG,0.13042302616998303,0.09570000000000001,0.0178,-0.0415,0.0077,-0.06849999999999999,0.0008,0.12962302616998303
1154,2022-08-31,VUG,-0.05000799810272383,-0.0377,0.0149,0.0018,-0.0478,0.0132,0.0019,-0.051907998102723826
1155,2022-09-30,VUG,-0.10444229050244414,-0.0934,-0.0097,0.0003,-0.0137,-0.0077,0.0019,-0.10634229050244413
1156,2022-10-31,VUG,0.04108416718924657,0.0786,0.0181,0.0797,0.0327,0.0643,0.0023,0.03878416718924657
1157,2022-11-30,VUG,0.046242594119125346,0.046900000000000004,-0.0275,0.0148,0.063,0.0315,0.0029,0.04334259411912535
1158,2022-12-31,VUG,-0.08363916061762278,-0.0638,-0.0019,0.0134,0.0032,0.042800000000000005,0.0033,-0.08693916061762277
1159,2023-01-31,VUG,0.10384313728918126,0.0659,0.043899999999999995,-0.0394,-0.0242,-0.0443,0.0034999999999999996,0.10034313728918126
1160,2023-02-28,VUG,-0.014240729361009286,-0.025699999999999997,0.0058,-0.008,0.0097,-0.0151,0.0034000000000000002,-0.017640729361009286
1161,2023-03-31,VUG,0.0776211153292552,0.024900000000000002,-0.0689,-0.09050000000000001,0.0227,-0.021,0.0036,0.07402111532925519
1162,2023-04-30,VUG,0.010383298385015838,0.0063,-0.025699999999999997,-0.0012,0.0242,0.0285,0.0034999999999999996,0.006883298385015838
1163,2023-05-31,VUG,0.05170013068351076,0.0033,-0.0043,-0.0779,-0.0178,-0.0708,0.0036,0.04810013068351076
1164,2023-06-30,VUG,0.06910956161638437,0.0646,0.0128,-0.0013,0.0232,-0.0154,0.004,0.06510956161638437
1165,2023-07-31,VUG,0.033573579337367265,0.0321,0.0286,0.0406,-0.0059,0.0066,0.0045000000000000005,0.029073579337367265
1166,2023-08-31,VUG,-0.010873274381342113,-0.0236,-0.0365,-0.0115,0.0335,-0.0241,0.0045000000000000005,-0.015373274381342113
1167,2023-09-30,VUG,-0.05739196824383619,-0.052300000000000006,-0.0178,0.0149,0.0187,-0.0077,0.0043,-0.06169196824383619
1168,2023-10-31,VUG,-0.017626888282066933,-0.0315,-0.0403,0.002,0.0241,-0.0069,0.004699999999999999,-0.022326888282066932
1169,2023-11-30,VUG,0.11610780181171498,0.0888,-0.002,0.0167,-0.0373,-0.0108,0.0044,0.11170780181171498
1170,2023-12-31,VUG,0.04321197638743102,0.048600000000000004,0.0727,0.0489,-0.0297,0.0129,0.0043,0.03891197638743102
1171,2024-01-31,VUG,0.0215840539998724,0.0073,-0.0572,-0.023799999999999998,0.0067,-0.0097,0.004699999999999999,0.0168840539998724
1172,2024-02-29,VUG,0.07065700604284308,0.0507,-0.008199999999999999,-0.034300000000000004,-0.0206,-0.0217,0.0042,0.06645700604284309
1173,2024-03-31,VUG,0.013632454404442607,0.028399999999999998,-0.0121,0.0416,0.013300000000000001,0.011399999999999999,0.0043,0.009332454404442607
1174,2024-04-30,VUG,-0.04177812787588375,-0.04650000000000001,-0.0259,-0.0045000000000000005,0.011399999999999999,-0.0031,0.004699999999999999,-0.04647812787588375
1175,2024-05-31,VUG,0.06324647620851476,0.0432,0.0059,-0.0131,0.0317,-0.0285,0.0044,0.058846476208514756
1176,2024-06-30,VUG,0.06782138989999709,0.027999999999999997,-0.0432,-0.0336,0.005600000000000001,-0.018000000000000002,0.0040999999999999995,0.0637213898999971
1177,2024-07-31,VUG,-0.017940744674629028,0.012199999999999999,0.0834,0.0562,0.0026,0.0028000000000000004,0.0045000000000000005,-0.02244074467462903
1178,2024-08-31,VUG,0.02246114909679009,0.0161,-0.0355,-0.011000000000000001,0.0076,0.008199999999999999,0.0048,0.01766114909679009
1179,2024-09-30,VUG,0.02352609531430727,0.0173,-0.0092,-0.0276,0.002,-0.0029,0.004,0.01952609531430727
1180,2024-10-31,VUG,-0.002630645319111724,-0.01,-0.0089,0.0086,-0.0148,0.0098,0.0039000000000000003,-0.006530645319111725
1181,2024-11-30,VUG,0.0684476547159436,0.0649,0.045899999999999996,0.0016,-0.0231,-0.020499999999999997,0.004,0.0644476547159436
1182,2024-12-31,VUG,0.004485888312016684,-0.0315,-0.0383,-0.03,0.0189,-0.0121,0.0037,0.0007858883120166835
1183,2025-01-31,VUG,0.019271842210046408,0.027999999999999997,-0.0123,0.0163,-0.0235,-0.032400000000000005,0.0037,0.015571842210046408
1184,2025-02-28,VUG,-0.03016592845248145,-0.024300000000000002,-0.049100000000000005,0.049100000000000005,0.0108,0.030600000000000002,0.0033,-0.03346592845248145
1185,2025-03-31,VUG,-0.08484786526423183,-0.0639,-0.0149,0.028999999999999998,0.021099999999999997,-0.004699999999999999,0.0034000000000000002,-0.08824786526423183
1186,2025-04-30,VUG,0.02014445147296917,-0.0084,-0.018600000000000002,-0.0341,-0.0285,-0.026699999999999998,0.0034999999999999996,0.016644451472969172
1187,2025-05-31,VUG,0.09212530058864687,0.060599999999999994,-0.0072,-0.0288,0.0129,0.025099999999999997,0.0038,0.08832530058864688
1188,2025-06-30,VUG,0.06236824689342835,0.048600000000000004,-0.0002,-0.0161,-0.032,0.0144,0.0034000000000000002,0.05896824689342835
1189,2025-07-31,VUG,0.03827559788043211,0.019799999999999998,-0.0014000000000000002,-0.0127,-0.0028000000000000004,-0.0207,0.0034000000000000002,0.03487559788043211
1190,2025-08-31,VUG,0.007557503522795939,0.018500000000000003,0.048799999999999996,0.044199999999999996,-0.0069,0.0208,0.0038,0.0037575035227959386
1191,2025-09-30,VUG,0.04688167757775785,0.0339,-0.0218,-0.0105,-0.020499999999999997,-0.0222,0.0033,0.043581677577757855
1192,2025-10-31,VUG,0.040116013645941084,0.0196,-0.0131,-0.031,-0.0524,-0.0403,0.0037,0.03641601364594108
1193,2025-11-30,VUG,-0.01605699409870287,-0.0013,0.0147,0.037599999999999995,0.0144,0.0068000000000000005,0.003,-0.01905699409870287
1194,2025-12-31,VUG,-0.005055057679228647,-0.0036,-0.0022,0.0242,0.004,0.0037,0.0034000000000000002,-0.008455057679228647
1195,2026-01-31,VUG,-0.012934059423667321,0.0103,0.0326,0.037200000000000004,0.0182,0.0183,0.003,-0.01593405942366732
1196,2026-02-28,VUG,-0.04294452254896486,-0.011699999999999999,0.0063,0.028300000000000002,0.016200000000000003,0.0507,0.0028000000000000004,-0.045744522548964855
