date,ticker,rolling_alpha,rolling_beta_market,rolling_beta_smb,rolling_beta_hml,rolling_beta_rmw,rolling_beta_cma,rolling_r_squared,window_months,n_obs
2018-01-31,IWM,-0.00126731117754147,0.9953400880748977,0.8087270667256,0.1303635703165366,0.01280567727073973,-0.19114958356031228,0.9886300822816503,36,36
2018-02-28,IWM,-0.0014548324737779263,1.0153349513616587,0.7993029492858083,0.1232950893090528,-0.001283819118407005,-0.16322764369573117,0.9880474066711209,36,36
2018-03-31,IWM,-0.0012969897204600936,1.0098661985847472,0.8053311130288715,0.11777370590947372,-0.005677333096683619,-0.15672799611808078,0.9874278130553277,36,36
2018-04-30,IWM,-0.001029380995520288,1.0099464239246836,0.784373385244353,0.13903457307322978,-0.016479241577952067,-0.16877954262370726,0.988970988107656,36,36
2018-05-31,IWM,-0.0011341417465341639,1.009890808797896,0.7829395997998909,0.1424036857545278,-0.00928399936922053,-0.16914101969823975,0.9896067970670325,36,36
2018-06-30,IWM,-0.0011856864304145781,1.0105972867106483,0.7807078616767894,0.14496554162214173,-0.011308060133577852,-0.17020283782919202,0.9895845135529958,36,36
2018-07-31,IWM,-0.001555597905919458,1.0056396140484138,0.8063379584127843,0.15752130897700314,0.0034405158943931757,-0.16405518495032087,0.9925043671725269,36,36
2018-08-31,IWM,-0.001139244921740485,0.9933250651280764,0.812483705432511,0.1589772664951123,0.007431121763454646,-0.17401450205470742,0.992104747907658,36,36
2018-09-30,IWM,-0.001256622768318073,0.998470257351779,0.8134875085349342,0.15278145966792708,0.0017240727285284668,-0.16409864594932935,0.9918928328895004,36,36
2018-10-31,IWM,-0.0011510960694950147,0.9994234083643244,0.80676658316693,0.15327224941952675,-0.00045795288193729855,-0.15463700816126597,0.9935763238670667,36,36
2018-11-30,IWM,-0.0010231773838254047,1.0039642518959897,0.8000103367521908,0.1528595568036474,-0.008581248778442768,-0.14704420112410369,0.9929518760013094,36,36
2018-12-31,IWM,-0.0009689019126920724,1.0009418272169508,0.8001280079458448,0.15207011585542812,-0.009629492760949918,-0.14765633265051453,0.9941866810484173,36,36
2019-01-31,IWM,-0.0010177521254405991,1.0078699817725543,0.8028606803560306,0.15143068369320944,-0.01626804621159339,-0.1544417328231953,0.9942510625064939,36,36
2019-02-28,IWM,-0.0008088185784611394,1.0081368910497288,0.8133295304974202,0.14066472084806872,0.007599345803492197,-0.1425020869178923,0.9943122458572893,36,36
2019-03-31,IWM,-0.0008188855863113381,1.0066211780638281,0.8136751146644823,0.14025849450726363,0.006533916959409414,-0.14329070013718598,0.9940578037798161,36,36
2019-04-30,IWM,-0.000749168004985824,1.0067428133396847,0.8111025163778973,0.133126635925449,-0.023097882261541924,-0.1212442623980374,0.9941327682128915,36,36
2019-05-31,IWM,-0.0006615505447346119,0.9975395692933301,0.8185686568248148,0.11534873210205737,-0.002782654183097255,-0.07456076246976948,0.9952485268392657,36,36
2019-06-30,IWM,-0.0006991349776602936,0.9936845869064164,0.819519630433064,0.11757064873155496,-0.0048209188716732965,-0.08039476844979668,0.9953891371188448,36,36
2019-07-31,IWM,-0.000509089605291827,0.9976536505751471,0.8071595111548775,0.12075609561987535,-0.018665361640921432,-0.07284397351266964,0.9945237121160588,36,36
2019-08-31,IWM,-0.0001625275924248045,0.9923051405802844,0.8020933463568931,0.12115329750176615,-0.03753037300748712,-0.08086215967787275,0.9945355148249229,36,36
2019-09-30,IWM,8.957347560303863e-06,0.9902406343537609,0.8029625477600295,0.1167149176254566,-0.0729447844640205,-0.08581644022535986,0.9949616037701899,36,36
2019-10-31,IWM,1.2487742614961106e-05,0.9930779975472259,0.8126548146803306,0.10320304852695261,-0.06326082424796196,-0.07595356882604505,0.994627588134409,36,36
2019-11-30,IWM,-2.4641163020549042e-05,0.9917717498926781,0.8145573720331207,0.10389067547928796,-0.05517573340626858,-0.07539533480389451,0.9938946668350929,36,36
2019-12-31,IWM,-0.00054355090496653,0.9885171881621755,0.8070129284372645,0.08675568435593517,-0.06635212135715976,-0.08064210026289556,0.9930063781790056,36,36
2020-01-31,IWM,-0.00046841302227999815,0.9917811909256935,0.7861566647077494,0.07360291049441747,-0.09996873413291023,-0.08158010839195728,0.9928631279854182,36,36
2020-02-29,IWM,-0.0009019958800642897,1.0123389137506156,0.7829188862666963,0.0623392503337738,-0.08093534697060309,-0.035002879259409814,0.9929087218485213,36,36
2020-03-31,IWM,-0.0007366842314898668,1.0130725881282285,0.7972991907532881,0.08371034464857663,-0.06001610481917111,-0.06430327752099718,0.9953575363646302,36,36
2020-04-30,IWM,-0.0007836680299650733,0.9892097294575137,0.766647036634948,0.1258532922314074,-0.14261585110981112,-0.10705091525999444,0.9948139079902619,36,36
2020-05-31,IWM,-0.0007379469380741268,0.9896344130081846,0.7653910793707033,0.12367402689508689,-0.13617221835996024,-0.11126976336100514,0.9949888253395882,36,36
2020-06-30,IWM,-0.0008573125446399571,0.9896981302549157,0.7633947648792789,0.12191297017484615,-0.1266042452653688,-0.11196695326103856,0.995019525987735,36,36
2020-07-31,IWM,-0.0009154844468921286,0.988733171272028,0.7663378981483054,0.12003414524687606,-0.12051886151555036,-0.1112104708114594,0.9950626496023568,36,36
2020-08-31,IWM,-0.0008767082450643737,0.9877408574927864,0.7622485031262226,0.128549800840294,-0.15765021215556635,-0.11365017123578358,0.9949830790852071,36,36
2020-09-30,IWM,-0.0005659669038803675,0.9855391919125095,0.7695845733939811,0.13186676136925057,-0.17029490876015774,-0.11447917711713917,0.9949092629405742,36,36
2020-10-31,IWM,-0.0005007827822982105,0.9851766282278722,0.7605055155090338,0.13863018386905035,-0.1694475112654737,-0.132870693676031,0.9949810782072197,36,36
2020-11-30,IWM,-0.0006646844246879901,0.9889623678661498,0.7561507115588322,0.13998639735196539,-0.21080334399025435,-0.13102849293337504,0.9960967151802859,36,36
2020-12-31,IWM,-0.000538045603437818,0.9896653944587499,0.7603734028663565,0.13677322695747818,-0.21077395694272705,-0.11886284435962635,0.9962482145922121,36,36
2021-01-31,IWM,-0.00046686363296500125,1.0016257179545054,0.7138731072736695,0.15656491690070984,-0.2407722974506179,-0.17374395975108442,0.9964312255850225,36,36
2021-02-28,IWM,-0.0009006574468066709,1.0023468484061504,0.7194040762329892,0.1287245049160342,-0.22660750639880167,-0.14366924622360666,0.9960561563664768,36,36
2021-03-31,IWM,-0.001201359223002324,1.0145182769144905,0.6914237232282973,0.13613821400659532,-0.25465691170502025,-0.1471205804075442,0.9965363483183036,36,36
2021-04-30,IWM,-0.0011816504085159626,1.014186847743706,0.6951495263087154,0.13512127956071351,-0.27253980238060205,-0.1300168050934827,0.9965088102192842,36,36
2021-05-31,IWM,-0.001402166699760005,1.0171142286632366,0.6939829725664937,0.12854852120923072,-0.2841890888216503,-0.13781342696430243,0.9962590954956874,36,36
2021-06-30,IWM,-0.001468316261161146,1.0164882177392431,0.6908287746963513,0.13415143207851676,-0.2847483836871173,-0.14211146259804963,0.99623604671301,36,36
2021-07-31,IWM,-0.0015007297599646042,1.0156741486427956,0.692989591951353,0.13305733952421983,-0.28269969448543564,-0.1422292222027393,0.9962892137771971,36,36
2021-08-31,IWM,-0.0017696982817280965,1.01402694681128,0.6982967712754458,0.12878704426421728,-0.2731783160564254,-0.12709201479010585,0.9962707352336229,36,36
2021-09-30,IWM,-0.0017330114725194398,1.0141405362360585,0.697155585278396,0.12947166547445954,-0.2746795756743374,-0.12628510809136118,0.9962777451456623,36,36
2021-10-31,IWM,-0.0017975572315490598,1.0137312547480735,0.7012894999147776,0.12736618057166593,-0.27241964189464074,-0.1276284150920194,0.9959807262433371,36,36
2021-11-30,IWM,-0.0018801436702822905,1.0030543136681795,0.7309828120915509,0.11036976388979888,-0.2170966413567612,-0.11806923503869957,0.9959286216127436,36,36
2021-12-31,IWM,-0.0017177080967878035,1.0041831516581725,0.7317063875076966,0.10632310567939796,-0.2007524165929094,-0.08853246163914627,0.9950182055330306,36,36
2022-01-31,IWM,-0.002132760821386262,0.9991121045354165,0.7540709613911749,0.09043623771409753,-0.17742161329496792,-0.09984340476258746,0.9950607160810019,36,36
2022-02-28,IWM,-0.001958318936199927,0.9964736442011607,0.7562559407914251,0.09235779553348065,-0.1878785754684254,-0.08449188274911182,0.9946650298516676,36,36
2022-03-31,IWM,-0.0019406167685123259,0.9970748095907289,0.7550155481606704,0.09209336690966614,-0.18894535368612747,-0.08349522311656675,0.9946296242595887,36,36
2022-04-30,IWM,-0.0019402051774398046,0.9909494042899399,0.7648612701654541,0.08720431566174174,-0.1773201692822166,-0.06997815129791525,0.9948998113113517,36,36
2022-05-31,IWM,-0.001964880354925494,0.9947621300843449,0.7588895597273058,0.09529802938074973,-0.18043456273685524,-0.07194126461792948,0.9946336783282577,36,36
2022-06-30,IWM,-0.0021010660888227816,0.9996787995782853,0.7524343646935264,0.09661967286499204,-0.18702468850164583,-0.06480379991441615,0.9947433070452913,36,36
2022-07-31,IWM,-0.002436209468709606,0.9974226287545328,0.7633308896497999,0.09092759512154344,-0.17743601188000094,-0.05727448080119937,0.9954005148889934,36,36
2022-08-31,IWM,-0.002709561685502585,0.9988564256223241,0.7686724692004807,0.09280406812034026,-0.1742028612744267,-0.05662277922459988,0.9956002392362137,36,36
2022-09-30,IWM,-0.0027125987593065778,0.9964848120697481,0.7693064087159196,0.09178921166783108,-0.17559618471802538,-0.060858363131634285,0.9959135771143022,36,36
2022-10-31,IWM,-0.0027947980978119576,1.009168914791902,0.7774707691645727,0.08748678948553301,-0.16104176417212868,-0.012880596298906477,0.9944456468797678,36,36
2022-11-30,IWM,-0.0027275691965120046,1.0106719662364425,0.7764767905030803,0.08471196897186539,-0.15312359581089546,-0.007273726363236449,0.9943079900413558,36,36
2022-12-31,IWM,-0.002505520324988646,1.0124241254090431,0.7753632091872513,0.0861394341318709,-0.1569861010109378,-0.006923560231327508,0.9947525034805886,36,36
2023-01-31,IWM,-0.0030878592397137125,1.0079496487818134,0.7929361335826904,0.08485558574772996,-0.13913207944741457,0.003880124058560336,0.995237613656619,36,36
2023-02-28,IWM,-0.002718211274834169,1.001505939304086,0.7964744099041305,0.08571760797453311,-0.13625414505779504,-0.006752499047737295,0.994967036777984,36,36
2023-03-31,IWM,-0.0027957783960692144,0.9941373878863805,0.8081663631055211,0.07895416241999123,-0.13586771187678895,0.004420018223639785,0.9931055069480418,36,36
2023-04-30,IWM,-0.002786573541025064,1.0045990798253042,0.8186047394970141,0.07638317293244976,-0.126135499987504,0.0062839860441434026,0.9931786870326857,36,36
2023-05-31,IWM,-0.0030573861600087806,1.0053263858029444,0.8193292658053186,0.07743116597633456,-0.12432439037021578,0.015013112402035483,0.9929535013877758,36,36
2023-06-30,IWM,-0.0028874473671499108,1.0081222160976262,0.8250142558461896,0.07696042309733447,-0.11798477415222793,0.012104476654409224,0.9928015237391382,36,36
2023-07-31,IWM,-0.0029344191737821837,1.0071265874201432,0.8271078514158124,0.07666551293445456,-0.11607415386544502,0.011734279293107996,0.9929006872673903,36,36
2023-08-31,IWM,-0.0026583612918075162,1.0070902924615244,0.8228263449319925,0.07717882867420628,-0.10658855551740998,0.003254910548166373,0.9928930997478241,36,36
2023-09-30,IWM,-0.002720306906143992,1.0056959593448989,0.8205717304324708,0.08370719018948983,-0.10009413103839596,-0.003028334437236546,0.9930110313860124,36,36
2023-10-31,IWM,-0.002936601349951846,1.0084668733495876,0.8213821720693291,0.07918664215439919,-0.10001640363802389,0.004407705672001307,0.9932441104057551,36,36
2023-11-30,IWM,-0.0029598405013853547,1.0090100092472658,0.8322476766520779,0.07507597259084478,-0.09360569489467566,0.009073209497615545,0.991944177854173,36,36
2023-12-31,IWM,-0.0028848555213888227,1.0099478226603518,0.8379084599503654,0.0767501140170988,-0.09457687814559096,0.008481277824836913,0.9922276498609094,36,36
2024-01-31,IWM,-0.0021829071901834094,1.0099439941433057,0.8677079464485012,0.0552773864184522,-0.10498223025092754,0.04567678111901825,0.9934843664327776,36,36
2024-02-29,IWM,-0.0016581257370285177,1.0150139255697062,0.8665858670159884,0.06852215626174177,-0.11549775387662298,0.025296720268666112,0.9929700994532501,36,36
2024-03-31,IWM,-0.0013982475021825655,1.0216245466327676,0.8602730911815244,0.09158524879773158,-0.10066063485850306,0.008369447709140915,0.9926184224859694,36,36
2024-04-30,IWM,-0.0013991045078145135,1.022204554577186,0.859536196530331,0.09232820059852406,-0.1003968726062193,0.007222128106818382,0.9928735514854173,36,36
2024-05-31,IWM,-0.0010260963970300848,1.0225054974360785,0.8714638627580971,0.10990409635282407,-0.08465743749702338,-0.006043627964464504,0.9945605799414062,36,36
2024-06-30,IWM,-0.0011235273570129002,1.0217341115542837,0.8723243157597547,0.11481387631140622,-0.08187728002423444,-0.01103061890630705,0.9945553360429434,36,36
2024-07-31,IWM,-0.0008507946276096467,1.0199855281279877,0.8930578476878269,0.11999866456896349,-0.06768268102160174,-0.01933552603073785,0.9945617704312362,36,36
2024-08-31,IWM,-0.0009104229018463052,1.0193922788418033,0.895201858288986,0.12294044747867824,-0.0663539543046668,-0.02402436369880781,0.9944978122525716,36,36
2024-09-30,IWM,-0.0009704432698570808,1.0190528482164125,0.8945396208679086,0.12561803403203076,-0.06595597477730868,-0.026741894584640213,0.9944434948833799,36,36
2024-10-31,IWM,-0.0010192744915023403,1.017966361287384,0.8967891610647566,0.12407720213977012,-0.06524125427781861,-0.02495666115537029,0.9943991482288391,36,36
2024-11-30,IWM,-0.0009734143776432714,1.0156091818886792,0.9034875003457555,0.11579333997429553,-0.04321165112699288,-0.017443851656079312,0.9949645210691076,36,36
2024-12-31,IWM,-0.001327054074445463,1.022834007787317,0.9147463131556647,0.11679823765952752,-0.04185459547869874,-0.006682566128259487,0.9938450457153583,36,36
2025-01-31,IWM,-0.001108017322984262,1.0187311626032043,0.8770546059985316,0.16490845969828505,-0.06411035235042123,-0.030027580454707714,0.9943203045951648,36,36
2025-02-28,IWM,-0.0011967644184039897,1.0197873451293882,0.8566722625401242,0.18317822509323628,-0.0652723746213762,-0.04521929075189446,0.9943177896542563,36,36
2025-03-31,IWM,-0.0013690684282107856,1.015280101980439,0.854647556261134,0.19951204852507143,-0.05588144420958249,-0.0691493926924068,0.9945586756230356,36,36
2025-04-30,IWM,-0.0010122505925326758,1.0080570139666571,0.8594282850571225,0.1967214433271532,-0.05371244799051768,-0.05739708311804992,0.994446072254883,36,36
2025-05-31,IWM,-0.0007013528705517441,1.009012464115734,0.8566462492381259,0.20700698632706413,-0.0518750927037966,-0.052349328532952266,0.9948928655561454,36,36
2025-06-30,IWM,-0.0005480232076958413,1.0138894456214032,0.8528071607575078,0.20163718730011845,-0.06716844353825366,-0.03821199049073448,0.9945130473041717,36,36
2025-07-31,IWM,-0.00062995222802873,1.0141431517418804,0.852846628473189,0.20148772829719166,-0.06636825127334796,-0.03727490568158426,0.9940425109361957,36,36
2025-08-31,IWM,-0.0007203482747369307,1.015718547861701,0.8518172743152966,0.20319580236559506,-0.06173090865243336,-0.0411811841403214,0.9941920222676861,36,36
2025-09-30,IWM,-0.0008751028564236941,1.0327288994334651,0.8289924929310228,0.21941173856063334,-0.07586666610356234,-0.05899989783341192,0.9926838415460397,36,36
2025-10-31,IWM,-0.0007843787124054034,1.025314639126069,0.8251232486139572,0.21606636046637231,-0.0976195191041881,-0.07017206829481942,0.9919891669165939,36,36
2025-11-30,IWM,-0.001059034085836433,1.0262827806563308,0.8220008738825517,0.2071694811008231,-0.10609348815609906,-0.06565901876393224,0.9913663170922845,36,36
2025-12-31,IWM,-0.001341265670070819,1.0287334699378827,0.8230017654460374,0.20179651974196292,-0.10518198289259942,-0.06649455862547415,0.9904039226266129,36,36
2026-01-31,IWM,-0.0007073829595394435,1.029521304371456,0.850301785317374,0.19011463425623146,-0.08845716310461876,-0.06207964339782479,0.9892604220279743,36,36
2026-02-28,IWM,-0.00016877674622283465,1.0238172427117405,0.8562125911649119,0.17567327439887825,-0.09415727656111086,-0.01690328557387405,0.9884831730003373,36,36
2018-01-31,MTUM,0.005340495934750078,0.8194389993491031,-0.18301297764332902,-0.4038028199799357,-0.06690968919355142,-0.04923176047104534,0.8826758711190331,36,36
2018-02-28,MTUM,0.005607948682328526,0.8270316950637826,-0.1768587786526824,-0.40745299893453046,-0.07298940168656345,-0.07190257990971965,0.882827144913287,36,36
2018-03-31,MTUM,0.005041540338614236,0.8446691673437388,-0.2046130251657091,-0.39186340937286024,-0.07045540699071315,-0.07686642646073913,0.8821462614709464,36,36
2018-04-30,MTUM,0.0055216134232967,0.8453194089099237,-0.2484100960779953,-0.3434055932822119,-0.08489714654961586,-0.1103495603507901,0.8946766981176666,36,36
2018-05-31,MTUM,0.005216556399551287,0.845751562417185,-0.24058381749052898,-0.3423815840928678,-0.06026630128971852,-0.1125217959025286,0.8992064608077242,36,36
2018-06-30,MTUM,0.004519813272856486,0.8569800425120513,-0.2730311276051687,-0.31096907453728967,-0.08902060546481608,-0.11904492136680228,0.8932034222326023,36,36
2018-07-31,MTUM,0.004418904611608031,0.8426110945173757,-0.27124877534880354,-0.32614132516854166,-0.11713491646547312,-0.13660524597473422,0.8837666518581511,36,36
2018-08-31,MTUM,0.00462479294864754,0.8440646085876494,-0.2642253755378648,-0.3351912309634657,-0.1153265830279781,-0.15047683969421002,0.86645565068444,36,36
2018-09-30,MTUM,0.004509379233115663,0.8404045194412489,-0.25674276663743284,-0.3210566230238452,-0.10533948100828278,-0.17958388699019476,0.8594957909501799,36,36
2018-10-31,MTUM,0.002764826810195387,0.9164872175442338,-0.2077829408554894,-0.35078183323830636,-0.08024895015988118,-0.23559403265156423,0.8770545077359109,36,36
2018-11-30,MTUM,0.0027026380773171013,0.9103611698921419,-0.19909522610713026,-0.35052327089562363,-0.07632989019420361,-0.245294881995621,0.8760855911805493,36,36
2018-12-31,MTUM,0.0024404725240026806,0.9237660263302623,-0.19869478435727705,-0.3457733048656525,-0.07094001747529921,-0.24407378859819423,0.8970925562459621,36,36
2019-01-31,MTUM,0.0013070314192714424,0.9214488388835778,-0.1883027692299216,-0.3566126282789681,-0.12842501077887442,-0.28290384932780344,0.904127502056627,36,36
2019-02-28,MTUM,0.001240734051217043,0.9177853151322972,-0.19141927091559666,-0.3521764392412521,-0.10874053458883748,-0.26243243358386625,0.9013462835851516,36,36
2019-03-31,MTUM,0.0009981878039386997,0.9181884278530532,-0.17316858263409984,-0.322133262341341,-0.10131855813764329,-0.28625109739162047,0.8939259876825696,36,36
2019-04-30,MTUM,0.0007746487326267234,0.9127786875462104,-0.1664817829993082,-0.3642814835589401,-0.1455319623412038,-0.21960598695816175,0.8879118209603236,36,36
2019-05-31,MTUM,0.002203601198990067,0.8702097866318343,-0.16737431802753078,-0.40637215236617774,-0.1914169285481847,-0.17084258664276114,0.8759719474641336,36,36
2019-06-30,MTUM,0.0012716474811259185,0.8521356474871828,-0.1985825562414828,-0.33379581169274164,-0.3103020803276441,-0.3297037937546229,0.9024317956642562,36,36
2019-07-31,MTUM,0.0015358107696141132,0.8546414994006142,-0.1868448010489605,-0.3391538971505268,-0.2834601046555523,-0.32674012911776706,0.903127146109407,36,36
2019-08-31,MTUM,0.002087144408349643,0.8445955648489994,-0.19252692920908482,-0.29624225913472113,-0.3514238956120108,-0.3815129794348721,0.906733242558123,36,36
2019-09-30,MTUM,0.002716097353112078,0.847495305275699,-0.19045975277068827,-0.28183025616297774,-0.34431465935142164,-0.3495337362801474,0.9064870951669661,36,36
2019-10-31,MTUM,0.0020939386999539594,0.8473117731249686,-0.197093968946736,-0.27690163260515055,-0.364875355873827,-0.3387232191262854,0.893693231734133,36,36
2019-11-30,MTUM,0.001764553497669158,0.8356899482696947,-0.1800607259874365,-0.27073070331617477,-0.2928092284209837,-0.33366943183136877,0.8871752653848372,36,36
2019-12-31,MTUM,0.001481848388784437,0.8403524987939635,-0.1827263319359811,-0.29254289072168893,-0.3054858860666259,-0.30848999470469674,0.888239752018839,36,36
2020-01-31,MTUM,0.0015135667936116573,0.8410053441068757,-0.1816696077729451,-0.292335424014542,-0.30447746387673513,-0.30751605519404357,0.8888079586227841,36,36
2020-02-29,MTUM,0.0004489779443546055,0.910484238614038,-0.21371717257190492,-0.3144947646413351,-0.25497632632556144,-0.19469073203406342,0.8933386192935708,36,36
2020-03-31,MTUM,0.000699692885530615,0.9218827738946421,-0.19793680123578736,-0.09080085098293628,-0.24218131173380875,-0.4345954080452236,0.9016326935621319,36,36
2020-04-30,MTUM,0.0003742057359785453,0.9260201420852774,-0.22278615663032808,-0.07568427009136763,-0.3088324526965057,-0.4272359857424768,0.9177946662294781,36,36
2020-05-31,MTUM,2.3270657064763424e-05,0.9226016047046497,-0.20535075823948354,-0.06353072240683616,-0.35203792593103633,-0.3952895409123479,0.9262288369502318,36,36
2020-06-30,MTUM,0.0009073896429771227,0.9262246016799409,-0.15630667175803087,-0.09392326964970105,-0.3519391633017474,-0.33293754867995484,0.9202558023925234,36,36
2020-07-31,MTUM,0.0006788115168613346,0.9409302048144207,-0.16865713482512346,-0.10898337070161068,-0.34047010891438356,-0.298243364362654,0.9222626242710542,36,36
2020-08-31,MTUM,0.0005358835497852026,0.9451995772995418,-0.15080617102816804,-0.14775624197495868,-0.16607789621817803,-0.29107300131273217,0.9220801997594591,36,36
2020-09-30,MTUM,-0.0013291116427441617,0.955605473985033,-0.19975272606588668,-0.16604680235452635,-0.08905050573043971,-0.30212548416344487,0.9261360081548667,36,36
2020-10-31,MTUM,-0.002391433930903861,0.9683098801821552,-0.16017955998538846,-0.22521328455699063,-0.08968379744979316,-0.16995441067021477,0.9311782284758027,36,36
2020-11-30,MTUM,-0.002343651889463413,0.9738906057416089,-0.15326709395496735,-0.2288124070858571,-0.1131915591320698,-0.1526834097762445,0.9369423105966035,36,36
2020-12-31,MTUM,-0.0022839657446684213,0.9731008727485495,-0.16584873393152239,-0.2225547286154353,-0.09558606988861373,-0.15197364758553666,0.9370143025650333,36,36
2021-01-31,MTUM,-0.0020991825035840328,0.9374113187582382,0.0008946928519988351,-0.292306442061953,-0.039795835137716895,0.0867943925175525,0.9298337965483378,36,36
2021-02-28,MTUM,-0.0033659935331013177,0.9656424675933014,-0.019321384664248875,-0.3202721403097628,-0.07637050826462699,0.17018883628274634,0.9341334113064972,36,36
2021-03-31,MTUM,-0.003554620168831797,0.9631422088867927,-0.013927047365534406,-0.32691073320937064,-0.1559212616168637,0.13241396022644106,0.9323403769632612,36,36
2021-04-30,MTUM,-0.0027584604820776286,0.9764997995476916,-0.066983595764493,-0.2983691399936159,-0.15632612299880022,0.05817066901262738,0.9269190942038539,36,36
2021-05-31,MTUM,-0.0023429982235059843,0.9709454314423807,-0.06407653202154384,-0.28655656319450096,-0.1346568076783481,0.07246650040783978,0.9256989099515893,36,36
2021-06-30,MTUM,-0.0025506393840528776,0.9488635098566516,-0.0448119807259571,-0.2622833633393815,-0.06669605088286779,0.050011058936624775,0.9182883622411946,36,36
2021-07-31,MTUM,-0.002307216019589375,0.9561812562990777,-0.06355998220454284,-0.2516905308498609,-0.09167025578329446,0.05071563027206763,0.9193573155734664,36,36
2021-08-31,MTUM,-0.0022121711900537364,0.9632794546539413,-0.09916172909196469,-0.22567347790307096,-0.12826481536406265,0.04942733104909211,0.9196628209177777,36,36
2021-09-30,MTUM,-0.0013706270376012356,0.9573589099863749,-0.11697314133937797,-0.19322173041657892,-0.17774603583785098,0.03849750953390471,0.9185293326930083,36,36
2021-10-31,MTUM,0.00034266991185347845,0.9722809718772808,-0.23176270931904966,-0.1358409339032449,-0.24156790416028323,0.0674222915163876,0.9147129332380627,36,36
2021-11-30,MTUM,0.0005308690561227624,0.9887505904826758,-0.2782719794243549,-0.10944611170778687,-0.32613063886706545,0.0542122912345214,0.917352607399642,36,36
2021-12-31,MTUM,-7.864851041856392e-05,0.9917675524288955,-0.2796363309704373,-0.10180543174226978,-0.3644661302652385,-0.010502233771897768,0.905349808506164,36,36
2022-01-31,MTUM,-0.0005592953995046963,0.9972742756807886,-0.21011435926821942,-0.14496325965738197,-0.3231858739598511,-0.06328600950546591,0.9146574728379359,36,36
2022-02-28,MTUM,-0.0004170491582246687,0.9962502546389198,-0.20622396813334673,-0.14595656238220583,-0.32383806589235575,-0.061948350717194636,0.9157333820095414,36,36
2022-03-31,MTUM,-0.00028342817133220066,1.0048860403104554,-0.22026159645753757,-0.14968843862446263,-0.3394360885824223,-0.0435266441627983,0.9163766010330285,36,36
2022-04-30,MTUM,0.0001713030330567386,1.0171773745490267,-0.25118041975297856,-0.12617918733306968,-0.3654139467387534,-0.09567117069276897,0.9313774378099231,36,36
2022-05-31,MTUM,-0.0007945583457821784,1.0494777430723878,-0.282225021222265,-0.08407704774608049,-0.3793077609753759,-0.11795278793131626,0.9431437400682006,36,36
2022-06-30,MTUM,0.0005487270566823872,1.0197950368681121,-0.2395212075232937,-0.09256926749820707,-0.3353674358823603,-0.17512201122287624,0.9422575022769384,36,36
2022-07-31,MTUM,-0.0014657225642682355,1.0000925030751755,-0.22580804639908597,-0.12987830441859488,-0.32632573263185893,-0.01899617467572763,0.9228205096347424,36,36
2022-08-31,MTUM,-0.0017623226757854807,1.001818713288845,-0.21562835290185645,-0.12267680618758611,-0.3367789469413297,-0.018171670236916862,0.9253558190254352,36,36
2022-09-30,MTUM,-0.0003174494247134359,0.9797324160191909,-0.23013478394962927,-0.09613506882462106,-0.35419231591014133,-0.058503403641791935,0.9237728732979117,36,36
2022-10-31,MTUM,0.0006045965210908534,1.024028861472674,-0.20135064533449765,-0.11563529237071904,-0.3045336911240038,0.08906767625245735,0.9016487436806735,36,36
2022-11-30,MTUM,0.0010958407573738397,1.029090188214011,-0.2106314340252584,-0.11078513951550424,-0.32989130361332775,0.07823187345744388,0.9030734697147202,36,36
2022-12-31,MTUM,0.0018105537932721748,1.0211536028045816,-0.19790433180491462,-0.12139834481301322,-0.3272093677137487,0.10753983686923203,0.9028946887275617,36,36
2023-01-31,MTUM,-0.0018809756201259172,0.9947090029654745,-0.2002091727653429,-0.12038530976773676,-0.24210933442650642,0.19767533171410584,0.8692758062704296,36,36
2023-02-28,MTUM,-0.0025707895899935926,1.006749032426965,-0.20679254937516633,-0.12197988857106655,-0.24741732600638172,0.21750981735800556,0.8654038155032171,36,36
2023-03-31,MTUM,-0.0028862797495570816,0.9753138009383577,-0.15759476266131145,-0.15130346885848373,-0.24601229460618038,0.26547828850424504,0.8419830626155003,36,36
2023-04-30,MTUM,-0.0026173325979145816,0.9770369441571649,-0.16245355837881525,-0.15888383143651896,-0.24366399672726796,0.27919702725607903,0.8240348974779739,36,36
2023-05-31,MTUM,-0.005372113912226808,0.9864029396913427,-0.14501664136655495,-0.15426929419358915,-0.21655373890705182,0.3732768379740041,0.8086504059397445,36,36
2023-06-30,MTUM,-0.005545880773116851,0.993291867505937,-0.16035201770104185,-0.12587278817797065,-0.21173423605513847,0.3359240574692589,0.813896611909054,36,36
2023-07-31,MTUM,-0.006054285636965139,0.98364391357661,-0.1427763742359685,-0.13148455562395062,-0.19313535270507115,0.33512699514787425,0.8067096121529729,36,36
2023-08-31,MTUM,-0.005411920711764903,0.9526191636713512,-0.19404704098497272,-0.08743377055943702,-0.22800441604428154,0.2769347442885549,0.7906492476151301,36,36
2023-09-30,MTUM,-0.00526258596995639,0.9490815957571888,-0.196947453148677,-0.08279988956765305,-0.2257284576937558,0.2696100792240265,0.7929268203436395,36,36
2023-10-31,MTUM,-0.0046902646674528295,0.9432348895115672,-0.20822090710839652,-0.07200591839261705,-0.2284009366002132,0.25209066012460013,0.7886848390130032,36,36
2023-11-30,MTUM,-0.0045857753613209986,0.9457740204734856,-0.21951813867572367,-0.06682482859955824,-0.23886695804790217,0.24775072985205282,0.7807361322223869,36,36
2023-12-31,MTUM,-0.004281231601418838,0.9492513456732743,-0.1981099517849771,-0.06543078178937983,-0.2411917474743928,0.24924206070215707,0.7813585075767852,36,36
2024-01-31,MTUM,-0.004123595944613316,0.9587985011270126,-0.346695912039822,-0.018570884157738915,-0.28155155495521916,0.1771643257010811,0.7778420913255208,36,36
2024-02-29,MTUM,-0.002364785398831492,0.981416642566624,-0.370162319683603,-0.011835371384547433,-0.3354673020603003,0.15805540381539535,0.7787053867607578,36,36
2024-03-31,MTUM,-0.0022780438727793475,0.9900503903937855,-0.35658001679901863,0.016500042376166035,-0.27589576226112744,0.14018234032135163,0.7871703210569367,36,36
2024-04-30,MTUM,-0.0030836397762272977,0.9872328947300797,-0.31261847855533975,-0.013450955044787716,-0.2801549380764472,0.19435182984961874,0.7892543402815911,36,36
2024-05-31,MTUM,-0.0024445635645341194,0.991920478774772,-0.28707132969659327,0.002215729639486075,-0.2375995622119625,0.15743576553088906,0.7882387004776076,36,36
2024-06-30,MTUM,-0.0016633288029279055,0.9975807490196089,-0.2895765547936362,-0.04005278358466269,-0.2592048612203032,0.20109377998508465,0.7915181789866566,36,36
2024-07-31,MTUM,-0.0018956530591411722,0.9997381326928495,-0.3126979532902541,-0.04495326792454807,-0.2671207515982189,0.20742476696424764,0.7924081744362348,36,36
2024-08-31,MTUM,-0.0021790274355917376,0.9972880425474419,-0.307044614015465,-0.05705297202076354,-0.2622019219698439,0.22612628545048244,0.7927198415900517,36,36
2024-09-30,MTUM,-0.002246942788502135,1.0027575778739948,-0.3025781087814534,-0.07600363369225899,-0.253427003695017,0.2421241746507485,0.7912388972739722,36,36
2024-10-31,MTUM,-0.0026288687401127314,0.9860482482895614,-0.2736715898298698,-0.0986921618777368,-0.25450392783533776,0.2714616648225728,0.7820859226233225,36,36
2024-11-30,MTUM,-0.0018592844851772986,0.9895895215717339,-0.24039341298332428,-0.11626625348354053,-0.2188038472176722,0.28303670603528996,0.7860687675675547,36,36
2024-12-31,MTUM,-0.0015986743471033708,1.0136703172331236,-0.19406649996577618,-0.15485324180935697,-0.13310037301172534,0.3687887840065115,0.8017066709286386,36,36
2025-01-31,MTUM,-6.402573377392064e-05,0.996467771824587,-0.4430982601733341,0.16576374193414026,-0.29796343209848397,0.1618493401025028,0.8147063971584343,36,36
2025-02-28,MTUM,6.667319948480167e-05,0.9947634449618694,-0.403325158537832,0.1299458044245905,-0.29433922809705865,0.1904251244606974,0.811933060597968,36,36
2025-03-31,MTUM,-0.00012747381089892127,1.0067135466712558,-0.39538930486753004,0.10194237821278133,-0.30496431956104525,0.2254050445799421,0.8190385642391884,36,36
2025-04-30,MTUM,0.003196560599510501,0.9479432773317447,-0.3698359601008661,0.07577770726305996,-0.32120853103423075,0.3165691582513315,0.7966342928538748,36,36
2025-05-31,MTUM,0.005235975760412631,0.9685901480710929,-0.3483095516074503,0.021905520113314175,-0.3096846318838213,0.4385474538132639,0.8079812584483297,36,36
2025-06-30,MTUM,0.0014952736121645596,1.0440331404427226,-0.4982322652255281,0.18625586265982902,-0.36056483287416335,0.3679600331766204,0.8160302392520588,36,36
2025-07-31,MTUM,0.00119611773252672,1.0493755601355432,-0.49599037007314667,0.187482600471362,-0.35048670479009153,0.35738511779874826,0.8120025908131057,36,36
2025-08-31,MTUM,0.0006857733412071543,1.0548056449112728,-0.5094202878319496,0.19172525202760848,-0.3407192446955787,0.34169827659810237,0.8088456505685112,36,36
2025-09-30,MTUM,-0.0014939888871150521,1.1286505212661226,-0.5388955622881837,0.21193407751907584,-0.2964287566797344,0.3136051510923844,0.8113666196642437,36,36
2025-10-31,MTUM,-0.002577579590751339,1.1007963885991332,-0.4935803572514177,0.17275286815261126,-0.21396292674248807,0.3059485743392284,0.7721663842644562,36,36
2025-11-30,MTUM,-0.0026973740166837974,1.169522491824083,-0.5149504789690307,0.16997689025151813,-0.08185610352852805,0.35159404616117507,0.7891203162946445,36,36
2025-12-31,MTUM,-0.004863815342104131,1.2243830517498697,-0.554583554826612,0.230309088224603,-0.03981281976731226,0.24196182701136226,0.7866821339061868,36,36
2026-01-31,MTUM,-0.0030661759624014554,1.239505213021418,-0.4373584846659737,0.16036568402356238,-0.003308499180675037,0.19717064839419507,0.8139580711860853,36,36
2026-02-28,MTUM,-0.0035162573143173604,1.2446213357169111,-0.44270449637820536,0.1723036785553609,0.0010587454322844442,0.16135484397506325,0.8060193732440519,36,36
2018-01-31,QQQ,0.0006340359949449448,1.1416296744648908,-0.3196478934793129,-0.19799228306262776,-0.016628731697488797,-0.5073546652837195,0.9176253018104177,36,36
2018-02-28,QQQ,0.0012128802028602715,1.1332347386284942,-0.30131829300510954,-0.19645114737857788,-0.011790434425255403,-0.5682142811363616,0.9129699701968892,36,36
2018-03-31,QQQ,0.0012191028874472907,1.1340616276036561,-0.29786807133949766,-0.19445269340256768,-0.005020774830476693,-0.5775915496445974,0.915979395794987,36,36
2018-04-30,QQQ,0.0015611783093242692,1.1320980588503387,-0.2993567285323959,-0.20937625182540778,-0.03897133917378859,-0.5445863130844797,0.9146592891825849,36,36
2018-05-31,QQQ,0.0020914052865117624,1.1346385642843073,-0.24646568589803072,-0.2598388523218882,-0.06140065192972263,-0.5470140845018476,0.9103766208299258,36,36
2018-06-30,QQQ,0.0024679055253729546,1.1187699271630793,-0.21561950483457448,-0.2580336265025778,-0.03772126350296817,-0.5891995752303038,0.9113507305846267,36,36
2018-07-31,QQQ,0.0025065869519122134,1.1100446895723994,-0.22199901135215913,-0.27255343692680517,-0.06208593873055185,-0.6035037839919577,0.9091404662845722,36,36
2018-08-31,QQQ,0.0016022282779665849,1.138254312765805,-0.23457633135573094,-0.27760852341589937,-0.07078588895748372,-0.5836043256851863,0.9014448703737541,36,36
2018-09-30,QQQ,0.0011169122710315968,1.145299382930729,-0.21982604759650615,-0.2702188035648167,-0.06892771314487572,-0.6060148888256192,0.8984144744865526,36,36
2018-10-31,QQQ,0.0022466285443823353,1.0164900059675448,-0.19770449179569313,-0.23225242538160495,-0.07566391524302335,-0.6567059472073263,0.9097905451029408,36,36
2018-11-30,QQQ,0.0019329382608966736,0.9955326386742858,-0.16759301190947348,-0.23109519167636614,-0.055819024214947,-0.6903889751694575,0.9011995642562602,36,36
2018-12-31,QQQ,0.0019842247820951,1.0021840067203327,-0.17519431548771058,-0.2392982865393718,-0.059409206296979156,-0.6771503094059353,0.9169033683896111,36,36
2019-01-31,QQQ,0.0016023423789784785,1.0025342903205998,-0.17132532289370708,-0.24297802666249307,-0.07944684145791053,-0.691055686563294,0.9164594010853968,36,36
2019-02-28,QQQ,0.0011798833689809739,0.997232672834215,-0.19221980115130602,-0.2198522830577445,-0.09143724317064361,-0.6829173951150831,0.9078422030924378,36,36
2019-03-31,QQQ,0.001223647893311492,0.9938103125867465,-0.1964132929255654,-0.22888674600314848,-0.09577861108631183,-0.6781824614635615,0.9039200147844453,36,36
2019-04-30,QQQ,0.002137732973962642,1.0047459146973343,-0.2272369618040273,-0.20141244931028363,-0.2252194371148999,-0.6446789996108451,0.9145045823779432,36,36
2019-05-31,QQQ,0.0015019489542812152,1.0257488473639473,-0.22919285871176576,-0.17793041528798062,-0.21203998437927393,-0.6800454624431453,0.9238180497259858,36,36
2019-06-30,QQQ,0.0017717621340201956,1.024193364502397,-0.2153596543330825,-0.20047310981045008,-0.17163608807156713,-0.6328095015338472,0.9279231251516529,36,36
2019-07-31,QQQ,0.0012458255420076448,1.0240446902699814,-0.2852145461212495,-0.17407486389557542,-0.2991590299842631,-0.6266025776909111,0.9371856033878154,36,36
2019-08-31,QQQ,0.0006183464439391689,1.0332825800743186,-0.2753519896290675,-0.16252607547476824,-0.27601460830662583,-0.6242767055977432,0.9356720565348882,36,36
2019-09-30,QQQ,0.0007799700099781937,1.0469848518987759,-0.276207576900601,-0.12084771043010718,-0.10467356723388538,-0.5540060297830457,0.9305303871165912,36,36
2019-10-31,QQQ,0.0009771035318059682,1.0506002182703083,-0.26199701673215037,-0.1393203933650587,-0.08615987271314063,-0.5449847905541333,0.9280688177519993,36,36
2019-11-30,QQQ,0.0005883083236303457,1.041202018157621,-0.26181559874832006,-0.1411323870841604,-0.04483832432733814,-0.5520710291362728,0.9268623175656646,36,36
2019-12-31,QQQ,0.0014212439488644384,1.0502875871037134,-0.2488387175144778,-0.12111420096391827,-0.030851067195758808,-0.5268260656688603,0.9221954957488969,36,36
2020-01-31,QQQ,0.0011534994542145053,1.0427895285760886,-0.23073077337520154,-0.10707847162040512,0.0022965276673267976,-0.5312925582757428,0.9255244990470719,36,36
2020-02-29,QQQ,0.001549171382971266,1.0382664777106179,-0.24583038334561214,-0.0926815113624958,-0.012998910455082169,-0.5749488747429692,0.9327375103924188,36,36
2020-03-31,QQQ,0.001033826001569458,1.0334400483664985,-0.28917139364576566,-0.206525887783725,-0.07353929570018203,-0.4353523943072945,0.9332956395462515,36,36
2020-04-30,QQQ,0.0009079393861767798,1.0525319272134392,-0.2794275995585646,-0.2292558411756333,-0.04712960112942999,-0.40117701437815273,0.9459319389101263,36,36
2020-05-31,QQQ,0.0007511821351187369,1.0515544554032565,-0.29860634583933254,-0.20800529205440949,-0.08806061302639723,-0.3854001638753209,0.9460037775547211,36,36
2020-06-30,QQQ,0.0028877602889418154,1.0559067700938845,-0.21692118424133225,-0.23474748900494935,-0.1641292331367291,-0.29621067653528,0.9392315958456321,36,36
2020-07-31,QQQ,0.0025285495711056373,1.0534187321656774,-0.2032344694230836,-0.2477897125892104,-0.1288866239101124,-0.2855875893705173,0.9421518723149233,36,36
2020-08-31,QQQ,0.0024277772350987485,1.0563283252664655,-0.1911051051306764,-0.2739129346397468,-0.012098943629023529,-0.28023252460710996,0.9443076829250182,36,36
2020-09-30,QQQ,0.0017086171065204018,1.0819109407844538,-0.17220680268526617,-0.2933875872718197,0.008869882951753727,-0.16137239746937543,0.9385566998045028,36,36
2020-10-31,QQQ,0.00195673796379265,1.0752006540547503,-0.12174875046061884,-0.3076912757266722,0.0017599972465529579,-0.09995163030997545,0.9400599730006346,36,36
2020-11-30,QQQ,0.0023090887410670098,1.0603847057541023,-0.11802401778002425,-0.3074063808676859,0.12619298991220385,-0.12170161733673951,0.9471453287681844,36,36
2020-12-31,QQQ,0.002577594274784075,1.0613432802639333,-0.11598604524976147,-0.3105307966756119,0.1346035419540208,-0.09829163303675259,0.9479908802353375,36,36
2021-01-31,QQQ,0.0025627250850427923,1.030485036668063,0.015879914956260233,-0.36613847054684917,0.19766964827077538,0.07517660823479894,0.9460564792726174,36,36
2021-02-28,QQQ,0.0014330996257852328,1.055745944003827,-0.002267987207703326,-0.39089815410931905,0.16479626839577932,0.1495253395409049,0.948781972976522,36,36
2021-03-31,QQQ,0.0018786296742305305,1.0341051630441216,0.0473552619983707,-0.405900403226321,0.1843049508589606,0.14196525208238256,0.9504305871738705,36,36
2021-04-30,QQQ,0.0018197275245256223,1.0335916217498045,0.04766765453755317,-0.40677633738360663,0.19714892624370017,0.13387768645174702,0.9509610672082116,36,36
2021-05-31,QQQ,0.0014659594487213606,1.0404680199168483,0.006207062625998294,-0.38545949913818045,0.1940031940041952,0.14332623361892505,0.9538314710591058,36,36
2021-06-30,QQQ,0.00171781412463054,1.0401376775484836,0.022150651389548137,-0.40588982592512574,0.20553742380385465,0.15848110980296753,0.9545522388206624,36,36
2021-07-31,QQQ,0.0019435983193296182,1.0470675230315725,0.004463200153342395,-0.39578363695748076,0.18123926063690754,0.1591133686860819,0.9553162241183466,36,36
2021-08-31,QQQ,0.002185996789121177,1.052198036043992,-0.0191909287816156,-0.3782219590993693,0.15406495935289666,0.14774361261186064,0.9543796607047421,36,36
2021-09-30,QQQ,0.0029086071560633915,1.0567529207292834,-0.04394253148218072,-0.3692894048667285,0.12858437141729584,0.17163908861978436,0.9585232024063005,36,36
2021-10-31,QQQ,0.003324486626656962,1.0575903396119237,-0.06833441697802028,-0.35638549616685045,0.11572365634472831,0.1832796062115218,0.9558049985094055,36,36
2021-11-30,QQQ,0.004366769142128848,1.0480311633521324,-0.054711990727186854,-0.36835054032822134,0.17948637273159745,0.2200239570456735,0.9588890402555055,36,36
2021-12-31,QQQ,0.004117243794170495,1.0367794368704293,-0.05759609457854667,-0.35223462110229126,0.12420464887982383,0.11413107252979324,0.9449155679430936,36,36
2022-01-31,QQQ,0.004307043096143886,1.0376963179012288,-0.07319806538317569,-0.3419189563907488,0.11177842433800961,0.12419316335332685,0.9492180576883482,36,36
2022-02-28,QQQ,0.004338714282846379,1.0402084981859565,-0.06720700185679057,-0.3483623681703591,0.1307718568208895,0.0973182003697814,0.952437416043997,36,36
2022-03-31,QQQ,0.004229221362245846,1.040374149441404,-0.0639655077407395,-0.34837205173747693,0.13021852247695284,0.10148311298979924,0.9527759156202678,36,36
2022-04-30,QQQ,0.0029779795721047685,1.0750532346795085,-0.08910589594519844,-0.3582479306880866,0.07166892323834073,0.09355103675062998,0.9566286324450516,36,36
2022-05-31,QQQ,0.0040814900590409285,1.0562560866056758,-0.0850228133292093,-0.3638157256875417,0.07081872219647994,0.11056026942323804,0.9580590642293176,36,36
2022-06-30,QQQ,0.003324016491959665,1.0935248161252324,-0.13198507714857133,-0.354068246610294,0.023056182877192966,0.15723765780983107,0.9584804372455995,36,36
2022-07-31,QQQ,0.00373496466286117,1.0979806135659538,-0.13110227885462594,-0.34623718443086937,0.024665266396687202,0.11750827862651991,0.9607541552689929,36,36
2022-08-31,QQQ,0.0037089015580250447,1.0977864927549956,-0.13910045715148905,-0.3560825790984732,0.05206761734336596,0.11734262745469393,0.9624906406173818,36,36
2022-09-30,QQQ,0.0031579963617066583,1.103672028857456,-0.1329366225909937,-0.36720817492886754,0.05720759462171909,0.1281900329978796,0.9658485258462174,36,36
2022-10-31,QQQ,0.0026500633406440323,1.0850238217277584,-0.14508128963311379,-0.3585555919647376,0.036417822470499184,0.0680437181807638,0.9619641594416811,36,36
2022-11-30,QQQ,0.0030072282043193616,1.088565755449363,-0.15187600610992974,-0.3544438352031675,0.016042462348887065,0.058958429951861735,0.9627823657592227,36,36
2022-12-31,QQQ,0.002189899834357802,1.098506557988431,-0.16746933474812892,-0.3413381987876317,0.012012790922521777,0.02364762928622477,0.9625158257274544,36,36
2023-01-31,QQQ,0.003041270949827495,1.10438554894297,-0.15391467463531983,-0.34262002242487466,-0.004397582148682744,0.00038017705816009717,0.9616142012367509,36,36
2023-02-28,QQQ,0.0030413688257397847,1.1067111092128854,-0.15091913613983488,-0.34046231964530155,0.005204533545644485,-0.0007650857287265153,0.9598736733602363,36,36
2023-03-31,QQQ,0.0031505306560399705,1.12424621364808,-0.17540877750305828,-0.3220693722979962,0.005476094426194206,-0.02884435905926977,0.9583625898364888,36,36
2023-04-30,QQQ,0.0028688805932162442,1.1304604284398927,-0.1621460725237477,-0.31591278869016143,0.010456827871200003,-0.042136184820108114,0.9529938119867899,36,36
2023-05-31,QQQ,0.005180617751084896,1.123559896579028,-0.17187141993320493,-0.3227323705965321,-0.008058672778246956,-0.11850927530367442,0.946911497289522,36,36
2023-06-30,QQQ,0.004215236943015784,1.116537208103681,-0.21282132442070456,-0.29468604248857566,-0.033800138377198724,-0.13863927149743563,0.949962440190717,36,36
2023-07-31,QQQ,0.004760193905364006,1.1250867229015464,-0.22358498579880365,-0.28482764535808724,-0.050431179066189435,-0.14288284054875128,0.9481979422401998,36,36
2023-08-31,QQQ,0.00429441708749282,1.1244818157677625,-0.21725040386102712,-0.28477103550044397,-0.06766163966470018,-0.12940415808125905,0.944935574695592,36,36
2023-09-30,QQQ,0.005707812156857182,1.1083435441644947,-0.22374634025609452,-0.2921270091808253,-0.09120111576166856,-0.1422364833935533,0.952526807331968,36,36
2023-10-31,QQQ,0.005371212677486898,1.1143175691074858,-0.23270017065778992,-0.3004683545740541,-0.09384043332077302,-0.12825133250513943,0.9528575845737405,36,36
2023-11-30,QQQ,0.005572243194658505,1.1251800874293856,-0.20936741732083614,-0.3064619975283027,-0.09194673097006353,-0.11663638447572111,0.9531285242922158,36,36
2023-12-31,QQQ,0.00634738692078088,1.1335158670864045,-0.15733604035172183,-0.3113097569030513,-0.09534827603312085,-0.10678989426587025,0.9514170219813081,36,36
2024-01-31,QQQ,0.004772964551631661,1.1303905368891671,-0.17320781719131445,-0.280111322319361,-0.05952957032248721,-0.16381734928105218,0.9527046831895963,36,36
2024-02-29,QQQ,0.004100916508854236,1.1147297581361937,-0.13965969041828136,-0.2357136957097543,-0.01563509168942301,-0.21788312454777875,0.949520345224114,36,36
2024-03-31,QQQ,0.003787454981037181,1.1085216632507728,-0.12773550374544704,-0.25786305070284404,-0.0185277393215576,-0.20082332318293178,0.9478937850726755,36,36
2024-04-30,QQQ,0.0038011532714262225,1.1174041442389093,-0.14035824232326344,-0.24561261667652678,-0.014389733960284007,-0.22000357095493067,0.9488981787576339,36,36
2024-05-31,QQQ,0.003579642759460224,1.116922302085301,-0.14781286205270244,-0.25500041632538184,-0.024869243812665115,-0.21109485764271235,0.9499141859308664,36,36
2024-06-30,QQQ,0.0034160041551083136,1.1178734348356634,-0.16517353253430056,-0.23434217569245652,-0.023139842393289256,-0.23517985466016178,0.949783836938543,36,36
2024-07-31,QQQ,0.0031294874555993953,1.1206316373899985,-0.19448600597322965,-0.24045645734937182,-0.03229210980993122,-0.22748071447075635,0.9494088560474411,36,36
2024-08-31,QQQ,0.0024959155174150913,1.1146111218669557,-0.1751811764949996,-0.22918592375982005,-0.019243563665396785,-0.24589204111424123,0.9458664601958839,36,36
2024-09-30,QQQ,0.0019091050614873043,1.1179184119823902,-0.17575182047543136,-0.22788778025039202,-0.005929761876913867,-0.2508718712284182,0.9444761679826166,36,36
2024-10-31,QQQ,0.0020014964444481174,1.1236380739751322,-0.18505549983327318,-0.22022617156328977,-0.00430725273335994,-0.261109723308727,0.9430118706492138,36,36
2024-11-30,QQQ,0.0006192139471573078,1.124927443487316,-0.2588733431876674,-0.16710469345257783,-0.12771300282071346,-0.3022241576253681,0.9523335820678683,36,36
2024-12-31,QQQ,0.001197084464569299,1.1196498407273385,-0.26514387332128647,-0.17714908402443585,-0.11068139264995736,-0.29901027960351834,0.9499700317257738,36,36
2025-01-31,QQQ,0.0003774854080876699,1.1251380088386749,-0.13696784716178456,-0.3431041181471021,-0.019772081443057074,-0.17459178889797072,0.947400018562918,36,36
2025-02-28,QQQ,0.0005893847826479396,1.1237828635722933,-0.1647542736378345,-0.3168872605071751,-0.03198817044665413,-0.18692798512537676,0.9459326627915783,36,36
2025-03-31,QQQ,0.00011592218218278195,1.1206056645714506,-0.16479305974487485,-0.2970988029867722,-0.017650469766802505,-0.2191890911645155,0.9488329822947431,36,36
2025-04-30,QQQ,8.482011419403551e-05,1.121519076520699,-0.16584223180982188,-0.29686115764846277,-0.019053953261743466,-0.2208237825945181,0.9397552739549143,36,36
2025-05-31,QQQ,0.0001143938735750881,1.1333106284537195,-0.1337406839548712,-0.39462110836601605,-0.019309399470842016,-0.14803198086417796,0.9455402179852805,36,36
2025-06-30,QQQ,0.0015628464396766533,1.0842364809020726,-0.050805081006509836,-0.46166638665232884,0.04370456546079368,-0.148722281849879,0.9482548731595418,36,36
2025-07-31,QQQ,0.001329016945281509,1.0938116116998704,-0.046487862366917425,-0.45854039102070293,0.06033169948610996,-0.17410109424495368,0.9420759724666733,36,36
2025-08-31,QQQ,0.0022592150107945005,1.0818187666575598,-0.026617997279946598,-0.4695403517789378,0.0325997827270286,-0.14165753633080208,0.939040034269539,36,36
2025-09-30,QQQ,0.0030131851789008506,1.0615676483138092,-0.025745147882418398,-0.4698839158829745,0.009509596754871714,-0.1390558382526299,0.9293287078200497,36,36
2025-10-31,QQQ,0.0030516173326848445,1.0660429239326141,-0.027325450688152342,-0.46612345577628883,0.011897665024755463,-0.1345573708568813,0.9296368039073027,36,36
2025-11-30,QQQ,0.0029171254456649464,1.0449693457425904,-0.022542440802478997,-0.47082847260149013,-0.03509323759972719,-0.1461261402260138,0.9314770020617381,36,36
2025-12-31,QQQ,0.005230561630194846,0.9880960222659173,0.017535865620204094,-0.5304371555928427,-0.07832715614987223,-0.03395029942431446,0.9263079313934287,36,36
2026-01-31,QQQ,0.005708276080313447,0.9829822644562733,0.020482402445008097,-0.5229374655816931,-0.06088419441121054,-0.005242331496069758,0.9163654200004901,36,36
2026-02-28,QQQ,0.00491527826738539,1.0003806199281304,0.0013089102823096027,-0.505016960060698,-0.0626873320630468,-0.02192717390192454,0.9192149611864934,36,36
2018-01-31,QUAL,-2.8476641954857046e-05,0.9273078500658068,-0.08900288830106906,-0.053937696255255546,0.16040115189000237,0.011397904647380233,0.9565497628517623,36,36
2018-02-28,QUAL,-8.9635929361692e-06,0.9155653140229343,-0.08607249050194514,-0.04952805392821568,0.16887078071396955,0.0039028740717830246,0.955761389487283,36,36
2018-03-31,QUAL,0.0005539078580940235,0.8989855583681894,-0.05557144398219377,-0.06300591925573357,0.17266341946417366,7.922170873533863e-05,0.9525442925809249,36,36
2018-04-30,QUAL,0.00017004276005232926,0.9015469138419012,-0.05828372306725904,-0.038966263926972416,0.2142508386608824,-0.045344072351497094,0.9493151057797463,36,36
2018-05-31,QUAL,0.00014575650347880588,0.9023568527325546,-0.04199417689473352,-0.05035474090300383,0.22101393434402253,-0.04697857068422434,0.9496605182568186,36,36
2018-06-30,QUAL,6.124880508631865e-05,0.8968034529338006,-0.03653681811525078,-0.033294471120487515,0.2232706032578654,-0.08002139681905125,0.9470544764828465,36,36
2018-07-31,QUAL,-0.00014131170549336195,0.8968477385764735,-0.021397786455754964,-0.02247702325629626,0.23815888925567713,-0.07257732276627786,0.9507567534781853,36,36
2018-08-31,QUAL,-0.0001042000559838477,0.8987564916623552,-0.019261986513886983,-0.026241168174578472,0.23844881387368838,-0.0770308654608318,0.9429907510834669,36,36
2018-09-30,QUAL,-0.0003474700676252961,0.9156852456409863,-0.0218489664613261,-0.05361608493248461,0.21541236544397305,-0.028559292767886296,0.9439401213403681,36,36
2018-10-31,QUAL,-0.0007033549233931369,0.881260641322669,0.021937477800209312,-0.04792697312698868,0.22650333264392067,-0.09459021319915009,0.9558173081098187,36,36
2018-11-30,QUAL,-0.0009960251835689753,0.8826254271331546,0.021188067223736534,-0.0471565206398987,0.24517937748292284,-0.09393573001306141,0.955761357281031,36,36
2018-12-31,QUAL,-0.0011051999369609293,0.8868125634508552,0.022486555375973383,-0.044084213380289,0.2478053803441176,-0.09545474226312956,0.966816935800735,36,36
2019-01-31,QUAL,-0.0012051798801517733,0.9012892842106114,0.028176008830576374,-0.04540019867564897,0.23404258305426562,-0.10955828425132938,0.9686011050672345,36,36
2019-02-28,QUAL,-0.0010874110066142533,0.9036218061131245,0.033951713179451906,-0.05209052880418752,0.23087621780692352,-0.11762005634328171,0.967716625318413,36,36
2019-03-31,QUAL,-0.0008178670881235153,0.9181953020496173,0.01770731658499177,-0.0692727883570824,0.23609138604706337,-0.09311054109656369,0.9634422127490765,36,36
2019-04-30,QUAL,-0.0008337049067982036,0.9173508554949585,0.018037590508759277,-0.07823199552569199,0.22016835662187556,-0.07577181851736858,0.9636449325820711,36,36
2019-05-31,QUAL,-0.000807847652541327,0.9203843986611412,0.013682330397139751,-0.07022579328003838,0.20599411888638658,-0.10009809640385614,0.9697491303805774,36,36
2019-06-30,QUAL,-0.0008732771680658143,0.9251921358861569,0.007196217568020684,-0.06376003639549511,0.19228986930678116,-0.11236439440417348,0.9722619063520911,36,36
2019-07-31,QUAL,-0.0005522473135145091,0.9277151950458392,0.026476118534552562,-0.0719687370782981,0.23290285921464376,-0.11006901816317063,0.9745445202756523,36,36
2019-08-31,QUAL,-0.0005169596245634678,0.9271256348569037,0.0260298131390099,-0.07069158060739206,0.22987185761022905,-0.11211447398972499,0.9749516709646605,36,36
2019-09-30,QUAL,-0.00031488847990005127,0.9301515258005391,0.02646981193846054,-0.059923392468625325,0.2595544741559048,-0.09181052524238181,0.9737577334519683,36,36
2019-10-31,QUAL,-0.00032927100149491347,0.9294677967867122,0.024003528778750657,-0.05657917228691528,0.25678717242432025,-0.09393812166751303,0.9731895058646721,36,36
2019-11-30,QUAL,0.0003785950674084163,0.9414022490686287,0.047548667990616744,-0.04238025273207899,0.23397254151876845,-0.06539647075213152,0.9739415526402628,36,36
2019-12-31,QUAL,0.00040969018330676635,0.942498018791456,0.04820295630895996,-0.043099747421230225,0.23372025140622715,-0.06115783813803012,0.9739991393871907,36,36
2020-01-31,QUAL,0.0005082803661323673,0.9439758358491119,0.05898747669894741,-0.038074203831156644,0.24841478716241683,-0.05708863609052442,0.9745212168167218,36,36
2020-02-29,QUAL,3.5530658407771643e-06,0.954830453509558,0.07180062029708903,-0.054968433097994956,0.268666616397065,-0.0018110502142215656,0.9800221806780579,36,36
2020-03-31,QUAL,3.20180908685852e-05,0.9512804134420452,0.07643168751169842,-0.11965677418087473,0.2790352265506975,0.06300775809418768,0.9839865096609933,36,36
2020-04-30,QUAL,0.0002897829828156116,0.9191862686793562,0.06422398519257763,-0.08454827546927512,0.24583887618685313,0.005564918882884351,0.9857411424060372,36,36
2020-05-31,QUAL,0.00025149367805582783,0.9189624566492167,0.0588060855829766,-0.07892739611938243,0.23525287864495292,0.009459527309430893,0.986037077753229,36,36
2020-06-30,QUAL,-0.00041461615847727777,0.9153350012820964,0.01434432909697627,-0.04650557376775699,0.2196187129472824,-0.050056169342953205,0.979875440486991,36,36
2020-07-31,QUAL,-0.0002604044724592424,0.9120941336745255,0.014039622900165818,-0.03911795007853225,0.20738735426638355,-0.062006408114727074,0.9804644437340425,36,36
2020-08-31,QUAL,-0.00019179369620501638,0.9102161644868834,0.0062491398711967405,-0.02257562205235264,0.13419269519114407,-0.06595930455743176,0.9801551261202084,36,36
2020-09-30,QUAL,-0.0005885080489019213,0.9085732108815417,-0.010915852924216082,-0.024245479414756188,0.152139130676748,-0.09032307704514897,0.9811210173830616,36,36
2020-10-31,QUAL,-0.0010185845862450494,0.9144376561007358,-0.006396779683432635,-0.042780632331716695,0.1532810290280887,-0.05459497570577987,0.9814008611453693,36,36
2020-11-30,QUAL,-0.0009898610322125068,0.9219613893488205,0.0012779667883124901,-0.046942330388067166,0.11696876538442591,-0.0331061032918869,0.983199177528505,36,36
2020-12-31,QUAL,-0.00112468519446241,0.9210616718397135,-0.005183625827604177,-0.042472902099179644,0.11931086323875928,-0.046735901859824514,0.9832988515118612,36,36
2021-01-31,QUAL,-0.0012800854851675132,0.9333729016362349,-0.06916076598165893,-0.015944124855249764,0.10784841279081225,-0.1464080212026857,0.9821103889395991,36,36
2021-02-28,QUAL,-0.0008515235850339135,0.9292125889959588,-0.06982532921683066,0.004521372535911339,0.10414062840546201,-0.17553497004178445,0.9814531831519195,36,36
2021-03-31,QUAL,-0.0006184723746786346,0.931750683428755,-0.07524262784407526,0.012109713010129974,0.199058554843829,-0.13079948395049565,0.9807227242331029,36,36
2021-04-30,QUAL,-0.00046412353660510094,0.9329389693268877,-0.07486316447154644,0.013995280886326011,0.1611525922762605,-0.10510324727815351,0.9812644009420178,36,36
2021-05-31,QUAL,-0.00039328466955628784,0.9327715200619581,-0.0885246858055358,0.027403108416537925,0.17040552949496285,-0.09481402599251569,0.9814124610220136,36,36
2021-06-30,QUAL,-0.000110323137559723,0.9364074339364654,-0.07642131658554782,0.003117661707420838,0.1694776566471441,-0.07600181530536332,0.9803315928658896,36,36
2021-07-31,QUAL,-7.81030657617688e-05,0.9320986988775722,-0.06785679524885843,-0.00589461171845268,0.20819592932360345,-0.07512057180149703,0.9798372671236559,36,36
2021-08-31,QUAL,-0.00014868675229805445,0.9321237083737228,-0.06883083776829241,-0.005295366659105294,0.20836262378968554,-0.07086324863300039,0.9798491216465387,36,36
2021-09-30,QUAL,-0.0011167456019273352,0.9338097907713387,-0.0433135497154193,-0.03255989476958762,0.25624038644943853,-0.07598434642770382,0.9792780900313712,36,36
2021-10-31,QUAL,-0.0006209712591598549,0.9409652832640261,-0.08006759960126435,-0.014911768570140899,0.2350912719359925,-0.07232144487540781,0.9780533005177818,36,36
2021-11-30,QUAL,-0.0004262344272182466,0.9518646164916114,-0.11166178655306437,0.002760399173014655,0.1800238843651502,-0.07929124558512476,0.9783761800848524,36,36
2021-12-31,QUAL,-0.0005496792660956221,0.9538849700070056,-0.11167563088719913,0.0028419622091557933,0.1767279539712014,-0.08343627619654641,0.9758745327596432,36,36
2022-01-31,QUAL,-0.0010287169256889966,0.9488428925334154,-0.0827553310555679,-0.017258120181463686,0.2046715952520853,-0.09931836157248577,0.9764612136152971,36,36
2022-02-28,QUAL,-0.0015943028033320854,0.9527526921475491,-0.09852656838036616,-0.012941204723379972,0.20613459128160902,-0.10303240763105434,0.9773980508391127,36,36
2022-03-31,QUAL,-0.0016476020932334242,0.9682424114992646,-0.11452649252989067,-0.019473105451070387,0.17749250734047134,-0.060024707496631934,0.9759882552228326,36,36
2022-04-30,QUAL,-0.001214863907721107,0.9593976120777266,-0.110898291999737,-0.013537909434798934,0.19176437607907837,-0.06424169917800147,0.9777629603022636,36,36
2022-05-31,QUAL,-0.00112818155673311,0.9593409061919839,-0.11303870891121148,-0.010639884192042995,0.190386156637956,-0.06356804426763753,0.9763318265976172,36,36
2022-06-30,QUAL,-0.001795194708970881,0.9807537209690893,-0.14168141444938942,-0.00481114390735278,0.1610959719215292,-0.030486613646678484,0.9765413951088805,36,36
2022-07-31,QUAL,-0.0018400469132106505,0.9802504912128377,-0.1419203453678644,-0.005674374715111355,0.1607865543139762,-0.025845151835800134,0.9779094078823896,36,36
2022-08-31,QUAL,-0.0020793986516694416,0.9814227826757584,-0.13938181402128852,-0.0065512554571533765,0.17042857524539873,-0.025331773508177974,0.9783852575389738,36,36
2022-09-30,QUAL,-0.0023853800058201385,0.9852102339783312,-0.13608772939109148,-0.012524919611384647,0.17359003723050612,-0.018380481866099307,0.9802370028056219,36,36
2022-10-31,QUAL,-0.0024066287411113815,0.9878083746269957,-0.13441637950958474,-0.013389876641377668,0.17657555026984684,-0.008480083953798956,0.980911165566918,36,36
2022-11-30,QUAL,-0.0026938292608362745,0.9867164331167384,-0.12835425640089454,-0.024147861725989705,0.2176392865717458,0.014189627377044087,0.9807015508464617,36,36
2022-12-31,QUAL,-0.0027103153851210375,0.9834385713520847,-0.12448964825428444,-0.027779897539983507,0.22143042081052738,0.020697589668554492,0.9812088095539546,36,36
2023-01-31,QUAL,-0.0016690121217283849,0.9910987157377007,-0.13572506058606232,-0.027109021443362788,0.19449029804939078,-0.0024646841978288037,0.9807242614132335,36,36
2023-02-28,QUAL,-0.0018291361409668284,0.9935246075210243,-0.13772793813494988,-0.027821166613965324,0.1917361732579351,0.002320523120477813,0.97954357696363,36,36
2023-03-31,QUAL,-0.0020908446551256166,1.0033904949973076,-0.13722400831899284,-0.007628723684162536,0.1969919181632296,-0.01986872244652739,0.9774738479573178,36,36
2023-04-30,QUAL,-0.0020109315800706405,1.0182961135436563,-0.12399466842320878,-0.013079449668857657,0.21104434823412366,-0.013863033547204764,0.9770055878557679,36,36
2023-05-31,QUAL,-0.0018479261016680903,1.0174124455047848,-0.12671205273977298,-0.01234015666491986,0.2079855919615365,-0.02031479070393198,0.9764806883597766,36,36
2023-06-30,QUAL,-0.0015320002641325706,1.0148603700595134,-0.10857286009310729,-0.03540850736671308,0.21078599822975141,0.0063387610742771106,0.9800692137041848,36,36
2023-07-31,QUAL,-0.0008225055037433778,1.029090943411711,-0.13655450599591484,-0.029221005338177286,0.1834169751122573,0.009631700072097071,0.9811861811516764,36,36
2023-08-31,QUAL,-0.0003834421661690513,1.0374413609427997,-0.13213854684804227,-0.04005096402047148,0.21397760587619574,0.00659751141281488,0.9842680018049451,36,36
2023-09-30,QUAL,-0.000949182303423602,1.0454803997832425,-0.12763013330634426,-0.041770339387532385,0.21929453276380304,0.01687838565401889,0.9850893451072471,36,36
2023-10-31,QUAL,-0.0009854370057310454,1.048554647756203,-0.1435356532526854,-0.044579627771020314,0.21497291476605732,0.021914267792196906,0.985295453925285,36,36
2023-11-30,QUAL,-0.0010118248952131152,1.0481821743196464,-0.1386562397240728,-0.046605757036797174,0.21860654143415864,0.02390795543017197,0.9845063773176495,36,36
2023-12-31,QUAL,-0.0006823338000860536,1.051908792739872,-0.11566410351377501,-0.04567731379847645,0.21626503525215443,0.025939291626831354,0.9836033524120096,36,36
2024-01-31,QUAL,-5.062983762901992e-06,1.051916497523357,-0.08709761560738724,-0.06633345219286763,0.2061800979246542,0.06173113882494083,0.9849469244814757,36,36
2024-02-29,QUAL,4.1771024159273015e-05,1.0577984585268243,-0.10621450292734,-0.10148933285957948,0.1872216677410466,0.1073873159200896,0.9861594002677715,36,36
2024-03-31,QUAL,-0.0001269584655229591,1.052935325523246,-0.10350993042541093,-0.11829710904553897,0.17273525653445568,0.11946366755811465,0.9861607268177763,36,36
2024-04-30,QUAL,-0.0001361031035298074,1.0607674902263489,-0.11358170322936262,-0.1081856406093833,0.17630591150959626,0.1038250724861516,0.9870820336732897,36,36
2024-05-31,QUAL,-0.00028539362297373087,1.0613568741827073,-0.11748588749826641,-0.1176780206297727,0.17265879947218765,0.10672052920509394,0.988089797465196,36,36
2024-06-30,QUAL,-0.0004964978644582127,1.0580974536271495,-0.10232886189702983,-0.11581331493094765,0.18076066413374617,0.10701903020372563,0.9873491193143791,36,36
2024-07-31,QUAL,-0.00044586965445967026,1.0568177506374332,-0.09067214486110439,-0.11415885977925755,0.17742420753262367,0.10654055847784943,0.987377641921097,36,36
2024-08-31,QUAL,-0.0002272172485545572,1.058879788951384,-0.09714151824642323,-0.11693912252933036,0.17298038370031993,0.11115122389007032,0.9869871507270743,36,36
2024-09-30,QUAL,-0.000358881623834309,1.0516843072306108,-0.10434229320976834,-0.08684218134387567,0.16467943011783154,0.08417090567199914,0.9853626336226143,36,36
2024-10-31,QUAL,-0.0006752518346659344,1.0500987723733932,-0.09728072149679234,-0.08976039349680398,0.17373785375343603,0.08552622986097064,0.9842620605693579,36,36
2024-11-30,QUAL,-0.0009330740446770458,1.0439672615262143,-0.09935006896865747,-0.09780704043051056,0.20009988062281303,0.09478632143078908,0.9837926734918047,36,36
2024-12-31,QUAL,-0.0011474200748767295,1.0542616464691834,-0.08153742101270575,-0.10481140348622348,0.2183642803730172,0.12015468634129882,0.9828384661578721,36,36
2025-01-31,QUAL,-0.0009292777734828186,1.052825369053062,-0.11562054888548745,-0.0606761018208295,0.19414919150412632,0.08694796017616438,0.9819259439662961,36,36
2025-02-28,QUAL,-0.0003588685276436441,1.0480782807721827,-0.1183880774498455,-0.05590252902845516,0.17538833508602386,0.09953757073635244,0.9824012938920851,36,36
2025-03-31,QUAL,-0.0005307745502201996,1.0428007399676256,-0.12087653192398312,-0.03747879170390328,0.18572981975317066,0.07282284004744427,0.9831170458247778,36,36
2025-04-30,QUAL,-0.0008758087436514621,1.0517619052010407,-0.1299041769790113,-0.03481933233083895,0.17517454176184521,0.057208174946887326,0.9824010914267328,36,36
2025-05-31,QUAL,-0.001974502412318142,1.03498290838998,-0.1571463851623673,0.04193174157869983,0.16917423670667248,-0.04345944290951177,0.9764799555452642,36,36
2025-06-30,QUAL,-0.002153910371442202,1.0239326137569504,-0.1459593560633985,0.047298299470437746,0.19872207367075745,-0.06754089659684925,0.9726150436562665,36,36
2025-07-31,QUAL,-0.002491032517036684,1.0293287875358523,-0.14372948564663524,0.048430164005050666,0.20906760136349822,-0.07747930345951076,0.9677546697361106,36,36
2025-08-31,QUAL,-0.0019499393774109618,1.0260741999358476,-0.12398624678288543,0.047833603211973164,0.210569763888625,-0.06544700707654556,0.9634240979548736,36,36
2025-09-30,QUAL,-0.0019533089973749504,1.02290829433995,-0.11825303040555579,0.04374480534155761,0.2154548339300407,-0.06107967000231439,0.9549788973994063,36,36
2025-10-31,QUAL,-0.0020074506982190785,1.0286746269275104,-0.11593361747063412,0.046653362986780744,0.23048040041041296,-0.052786190710186066,0.9511760706066642,36,36
2025-11-30,QUAL,-0.0019152084469327246,1.0024974771521076,-0.10731214359883653,0.049223314979050733,0.18192696785419601,-0.07083300930590834,0.9502003648830566,36,36
2025-12-31,QUAL,-0.0027450221283387213,1.0268704451243416,-0.12690260389972213,0.08179907931611227,0.20129710957307478,-0.12244531109212761,0.9456313120877056,36,36
2026-01-31,QUAL,-0.0026759537931536443,1.0210946874945104,-0.14203156735692452,0.09726995207545729,0.20808870146339026,-0.09589821949253212,0.9440240379624479,36,36
2026-02-28,QUAL,-0.0008852030694792917,0.9926326501323042,-0.1113301783286476,0.05278179083554186,0.19989562196476734,0.0017225743246140068,0.9308084116558349,36,36
2018-01-31,SPY,-0.00024442870109767697,0.9893717168844505,-0.12303867614986505,-0.026649917296044816,0.029587380641611077,0.052181582411764946,0.9953889097904491,36,36
2018-02-28,SPY,-0.00019980372968754012,0.9941527212344439,-0.12272098166989767,-0.02859527289840285,0.026025713725417378,0.05006818225643764,0.9957765074661086,36,36
2018-03-31,SPY,-0.0002020646427515968,0.9943176366607157,-0.12254051315557066,-0.028332128841624976,0.026665274208179136,0.04917498715049207,0.9958897456459034,36,36
2018-04-30,SPY,-0.00013717028448785237,0.9938307637185068,-0.1214224058917926,-0.03349369840351074,0.019109594198975406,0.05811606121001178,0.9957876484142736,36,36
2018-05-31,SPY,-9.223515027803261e-05,0.994153229919208,-0.11477520072313113,-0.03935521630305046,0.0178723598535905,0.05770835115765102,0.9956222866154082,36,36
2018-06-30,SPY,-8.066592109862852e-05,0.992904143996836,-0.11279306390841307,-0.03784070976018186,0.019232510730627674,0.0528607137969844,0.9955281354977807,36,36
2018-07-31,SPY,-0.00010189360608088083,0.9936336964448615,-0.11091642739127472,-0.03567136029115858,0.022582548088170507,0.05471218698562966,0.9956388861628915,36,36
2018-08-31,SPY,-0.00010834846988691613,0.9900747216619119,-0.11299241468194837,-0.030837050579806485,0.0226027254950524,0.05931422876978373,0.9945255597528158,36,36
2018-09-30,SPY,-0.00021261581490811276,0.9933509545483818,-0.11113652985951683,-0.033338379145752245,0.01984857425461706,0.062354640481671636,0.994376310634377,36,36
2018-10-31,SPY,-0.0002537527539728038,0.9756316227055573,-0.0967770464007595,-0.0294474728185969,0.022773661312189254,0.039700021443828476,0.9960461894656573,36,36
2018-11-30,SPY,-0.0003663712305793411,0.9780582006538268,-0.09968723627884606,-0.02917911476872205,0.029974766076843233,0.04286795111824537,0.9963174294826423,36,36
2018-12-31,SPY,-0.00035307994503877733,0.9770447507500059,-0.0994367143490377,-0.02915807245237595,0.029792796971700494,0.042320858282334076,0.9972646008680821,36,36
2019-01-31,SPY,-0.0004225667877019142,0.9793813990414569,-0.09799380156216003,-0.0298833459503188,0.0248010760103598,0.03813744182766313,0.9974615693634404,36,36
2019-02-28,SPY,-0.00041397735430557733,0.978949443545847,-0.09753799703482499,-0.030199704105893857,0.029155818192229788,0.041630794948934374,0.9974736869210827,36,36
2019-03-31,SPY,-0.00039466127968907326,0.9786558901668586,-0.09906173623451794,-0.03287435385018144,0.02833041200062251,0.04356180376120991,0.9972024270356518,36,36
2019-04-30,SPY,-0.0002987627996396628,0.9798336299966157,-0.10228602982401917,-0.02959740057488114,0.015595446263901802,0.046243258118037256,0.9974647187538688,36,36
2019-05-31,SPY,-0.0003334015319514175,0.9809787448692124,-0.10239354314849622,-0.02831613004952671,0.016310559501663602,0.04431089283392278,0.9978152456050581,36,36
2019-06-30,SPY,-0.00042338545802736785,0.9797214086159459,-0.10575160703602135,-0.021198581809921277,0.004401632448566978,0.02888283944572806,0.9982161573072895,36,36
2019-07-31,SPY,-0.00044738810797726207,0.9795189495771444,-0.10706043642912022,-0.020629736154787276,0.001576545903269,0.028676661319467972,0.9982006924332291,36,36
2019-08-31,SPY,-0.0003513948416067952,0.9781566779209887,-0.10864805576811501,-0.0237982286160381,-0.0007058904285233425,0.02971386357749324,0.9980845820659447,36,36
2019-09-30,SPY,-0.00018539414338070333,0.9797565099970715,-0.10819177810014255,-0.017548684806364595,0.012087958577485597,0.04215069651145707,0.9976489571532251,36,36
2019-10-31,SPY,-9.652031653333698e-05,0.9783492680327235,-0.11212348137786142,-0.011438047714804708,0.010189755419838686,0.03559080537809062,0.9976668154687852,36,36
2019-11-30,SPY,6.704020340385711e-05,0.9791826928251857,-0.09780837179563365,-0.0041056308078315645,0.024402496955868158,0.04799921388493724,0.9979849547931288,36,36
2019-12-31,SPY,-2.984671011768171e-05,0.9813275812788944,-0.09859913002747062,-0.012641385824139664,0.019498142273718044,0.059011503107072705,0.9981563157994737,36,36
2020-01-31,SPY,-2.045669269873894e-06,0.9813247405321838,-0.08985151065955811,-0.007891081469750344,0.032437622584257586,0.06095172998543871,0.9979353560562537,36,36
2020-02-29,SPY,3.508720625307847e-06,0.9766395189814281,-0.0842026244238242,-0.009025829867571833,0.03154972247101889,0.060712735981520605,0.9983794628178398,36,36
2020-03-31,SPY,3.537076660074367e-05,0.9773359988718875,-0.08175633301672575,0.00541570502991312,0.034560047262212235,0.044517069280425425,0.9987048527118252,36,36
2020-04-30,SPY,3.673022953552211e-05,0.9711611341594657,-0.08846593345357634,0.015412324076681583,0.016466761305010957,0.03345760624101901,0.9988116878779396,36,36
2020-05-31,SPY,-1.5543551504348073e-05,0.970801677523301,-0.09321757309826133,0.02153424913029356,0.004136178129136192,0.038626848418067294,0.9987554477399998,36,36
2020-06-30,SPY,-0.00011913503227842584,0.9701955836683351,-0.10048318999445674,0.02702150708791351,0.0009775711550301103,0.028785110500123556,0.9985901457115832,36,36
2020-07-31,SPY,-0.00013089567061890482,0.9690046319891483,-0.09860062307826367,0.027055010957189096,0.0028777460956229683,0.027230200045739505,0.9986246772929954,36,36
2020-08-31,SPY,-0.00010342716511881414,0.9683384881376724,-0.10133041507377102,0.03264319137423988,-0.02116823425823766,0.025392335853115844,0.9985674028008283,36,36
2020-09-30,SPY,-3.118275359602525e-05,0.9692481670741578,-0.09713549236568902,0.03259572005034467,-0.024683588815404722,0.03331381346521817,0.9986299997665241,36,36
2020-10-31,SPY,-0.0001515745478725362,0.9711032750841297,-0.09927528594851714,0.02901103921036663,-0.0239500141403563,0.03805172944870272,0.9986227670530712,36,36
2020-11-30,SPY,-0.00027536398636517686,0.9634751256087404,-0.11141772397160124,0.035061831653648456,0.0006133909105550117,0.011503298507067383,0.9985036604495079,36,36
2020-12-31,SPY,-0.00029297639662341154,0.9632391461363916,-0.11380140292922725,0.036466841773000525,0.0027779869466389995,0.009191991418945167,0.9985002532351187,36,36
2021-01-31,SPY,-0.000309615747562296,0.9656821277245621,-0.12549633562382814,0.041348850472937126,-0.0007020545558771296,-0.007905486974939757,0.9984514800790755,36,36
2021-02-28,SPY,-4.6136425314911335e-05,0.9617379919033588,-0.12397496600104857,0.05110059983143145,0.0011544375706942223,-0.025577456753660133,0.998369113805121,36,36
2021-03-31,SPY,0.0003262780149001056,0.9529235173076807,-0.10349350300601046,0.04889113200263129,0.07415774743263265,0.0006900533422498079,0.9977429280723793,36,36
2021-04-30,SPY,0.00021817431733391242,0.9515795722920374,-0.09986481822277085,0.046238551554665885,0.08689383763165553,-0.0026685287018132775,0.997883338260238,36,36
2021-05-31,SPY,6.412073536646735e-05,0.9543448166351634,-0.11375756325814027,0.052171798906017475,0.0838900034450798,-0.0008622346444577822,0.9982340216364444,36,36
2021-06-30,SPY,6.855199017106149e-05,0.9559422139680253,-0.11580137660176665,0.051279510346820045,0.07853691899017068,0.00011879541770633273,0.9982135145102148,36,36
2021-07-31,SPY,6.781771578615254e-05,0.9541803108242898,-0.11210316296278822,0.0478141501497355,0.09246669536245516,0.00037645292580455736,0.9981544985755856,36,36
2021-08-31,SPY,0.0001064857493182545,0.9546531308005385,-0.11408769917903376,0.049315737073694466,0.08989428592595311,-0.0016526580794368334,0.9981419082406716,36,36
2021-09-30,SPY,-0.00012249522355742629,0.9552448962720452,-0.1082412542664827,0.042487693766180085,0.10155956520632531,-0.002197776703063245,0.9980817303554247,36,36
2021-10-31,SPY,0.00018547058276563357,0.9561639725687545,-0.1266765669300316,0.05215324244696867,0.09175351683028565,0.0059263044194601405,0.9982864587544077,36,36
2021-11-30,SPY,0.00018963184672968984,0.9582024530068858,-0.13221094063563832,0.055364445750071864,0.08104307017080825,0.003808155010685932,0.9982815322295922,36,36
2021-12-31,SPY,0.0003438730691055769,0.9586000188699106,-0.1316494547328811,0.05222331785700898,0.09442491625288041,0.027567055899538298,0.9975291109487525,36,36
2022-01-31,SPY,-5.301588395128804e-05,0.9549217813981217,-0.10577492987918857,0.03448393978298242,0.11820225523989406,0.012667602097271968,0.9971888575565666,36,36
2022-02-28,SPY,-0.0002027128888776701,0.9562334443310663,-0.10943144651520731,0.03499790643659746,0.12052300022923772,0.008939389887588911,0.9971184158733535,36,36
2022-03-31,SPY,-0.0001895118776644878,0.9645844636599091,-0.11937141998783193,0.0314531768169219,0.10517621503958757,0.030699808388677835,0.9965930751723435,36,36
2022-04-30,SPY,-0.00016812511334482211,0.9701228044441852,-0.1288066643844431,0.036527956889820495,0.09453859859474682,0.017283141857520265,0.9968393993720573,36,36
2022-05-31,SPY,-0.00018315275718913974,0.9704973350983188,-0.12906776352159993,0.036882269803347766,0.0944406773681079,0.01699619817136215,0.9966417667233833,36,36
2022-06-30,SPY,-0.00012046944918463892,0.9677242077419905,-0.12552807585145942,0.0361507448835514,0.09804503004081525,0.013352217069240196,0.9968161692698398,36,36
2022-07-31,SPY,8.319474255627513e-06,0.9688716796917332,-0.12735051833111172,0.038479470997934084,0.0965794992958896,0.005395536157645625,0.9969655583170074,36,36
2022-08-31,SPY,-0.00010285445348454884,0.969471237182396,-0.12475571181360873,0.03974030200150866,0.09654934992032368,0.005671895556478818,0.99714622220639,36,36
2022-09-30,SPY,-0.0002511804235499956,0.972600952107297,-0.12348175212420459,0.03735767075407059,0.09884694107855622,0.011353101753210554,0.9973106421962057,36,36
2022-10-31,SPY,-0.0003055792606816111,0.9713908723554706,-0.12427463917476228,0.037998482766271074,0.09751863217150751,0.007804500573732165,0.9974074270108769,36,36
2022-11-30,SPY,-0.0003489391923990658,0.9704837615062899,-0.12361233552657708,0.039523796345366735,0.09328719663474111,0.004733308288561777,0.9973779496450561,36,36
2022-12-31,SPY,-0.00039573356119341346,0.9700805157176475,-0.12333681382521722,0.03918489065040431,0.09413902607361682,0.004730084473442753,0.9974892500805017,36,36
2023-01-31,SPY,-9.306031433117443e-05,0.9722884933778188,-0.12550219084933462,0.039291325298102635,0.086580148487098,-0.0022119610449814198,0.9974047001345404,36,36
2023-02-28,SPY,-0.0002858091830379812,0.9756141029939234,-0.12739143976623313,0.0388099505603356,0.0849375943697809,0.003349186274150859,0.9972249851830642,36,36
2023-03-31,SPY,-0.00022941089927156996,0.9769698950398145,-0.13140476428787587,0.038771052325846794,0.08420121796444781,0.002126649445900103,0.9967017359877703,36,36
2023-04-30,SPY,-0.00019123351518835776,0.9812398661139767,-0.12799096056175568,0.03680054866496191,0.08826937622861764,0.004613623948042114,0.9964336538709735,36,36
2023-05-31,SPY,-6.701756130931321e-06,0.9813560083494117,-0.1253549235360785,0.03420679301501972,0.0897360773034537,0.00030858595521716936,0.9965031680736427,36,36
2023-06-30,SPY,1.4005733750408291e-05,0.9802514416774863,-0.12325036722307492,0.0300105973493196,0.08883289885028539,0.005933224661352238,0.9966150396892782,36,36
2023-07-31,SPY,8.905130035078481e-05,0.9822226362762321,-0.128309904851176,0.029665763316688076,0.08507861175417583,0.007607102558584905,0.9966051462897976,36,36
2023-08-31,SPY,7.238739760268963e-05,0.9887459705987087,-0.11934517275732814,0.020602144169460213,0.09650728126109759,0.01622528767959537,0.9972637819628757,36,36
2023-09-30,SPY,-8.831534140142606e-05,0.9916826943330532,-0.11727532102191296,0.01818496768719735,0.09631980734564352,0.021273232829659663,0.9971426302159618,36,36
2023-10-31,SPY,-0.00018901557711166494,0.9929254181206872,-0.11660707856558344,0.016117542535102558,0.09643460773947696,0.024666505500578598,0.9971253402497597,36,36
2023-11-30,SPY,1.7083638634998385e-05,1.001706756471342,-0.11044252668059026,0.016261609588228587,0.08969649847723941,0.02870832805999904,0.9973362385563689,36,36
2023-12-31,SPY,0.00014785365258805855,1.0030247818538998,-0.1020859165446488,0.014004740153930856,0.08955381514599073,0.03140652859838885,0.9973653566713205,36,36
2024-01-31,SPY,0.00017589324187084268,1.0025034227151424,-0.09241926355350574,0.01032579150782087,0.09121377054922016,0.03728285988300235,0.9973561556550617,36,36
2024-02-29,SPY,6.603739458320608e-05,1.0023649964811612,-0.09541680006635173,0.0013765349060327892,0.09035205307602752,0.049618851598209356,0.9975485230044934,36,36
2024-03-31,SPY,-1.4861295516747051e-05,0.9995591833125111,-0.09527748996686097,-0.008204531242177987,0.07937711796005288,0.056310664535373006,0.9978246965051593,36,36
2024-04-30,SPY,-6.051087642193736e-05,1.0006369613192891,-0.0944497105525148,-0.008257173710206567,0.07970522362327634,0.05682270447276432,0.997806569529447,36,36
2024-05-31,SPY,-5.063544799088857e-05,1.0011380751276893,-0.09352973020868982,-0.009499450972358658,0.08196460914484313,0.05479443177585797,0.9978213040361761,36,36
2024-06-30,SPY,0.00014625949495841815,1.001930769531903,-0.08885539982000701,-0.023654251158279405,0.07734887445715974,0.07022963919944984,0.9980159043268059,36,36
2024-07-31,SPY,0.00022068537096444577,1.000771554412481,-0.07762180492533569,-0.021745227526035915,0.07695820692972247,0.0687225472348787,0.9979959213474108,36,36
2024-08-31,SPY,0.00014504247495165153,1.0000666784111878,-0.07548797817222189,-0.021382854649643734,0.07846346806272403,0.06806952948577535,0.9979590903830734,36,36
2024-09-30,SPY,0.00011289165805735291,0.9994793630718782,-0.0762040305256722,-0.01842592505728463,0.07809998711641934,0.06529261788008472,0.9978712701958358,36,36
2024-10-31,SPY,-1.1308376915343359e-05,0.9987414986616985,-0.0732728136316052,-0.019721062843003234,0.08156241771474067,0.06604078714240255,0.9977072193527036,36,36
2024-11-30,SPY,-8.224825661928663e-05,0.9974693756586076,-0.07460407676222905,-0.020765827264192793,0.08560018928047924,0.06748625408932982,0.9977068506483885,36,36
2024-12-31,SPY,-0.00023760175770643974,0.9940328184864409,-0.081937858815404,-0.011816287583457985,0.06670490767570005,0.0511533380585086,0.9983699822479943,36,36
2025-01-31,SPY,-0.00032357592157788995,0.9950326001097918,-0.06793957623225201,-0.029829327609640383,0.07591297433330896,0.06261101080272682,0.998413454426217,36,36
2025-02-28,SPY,-6.338079802079358e-05,0.9929144329978239,-0.07229776993098759,-0.024823872908738692,0.0667481043583455,0.06638552105560225,0.9984759027537218,36,36
2025-03-31,SPY,-0.00027049146489242955,0.9881628485993028,-0.07433178903354712,-0.007005950048610293,0.07720648363614444,0.04004456657513653,0.9987243305463583,36,36
2025-04-30,SPY,-0.0003663834108728059,0.989245101532223,-0.07370256427987434,-0.006239055715359765,0.08029878278104491,0.03873317413661302,0.9985476902953183,36,36
2025-05-31,SPY,-0.0005940364416686722,0.9874904569310308,-0.07458381859000507,-0.004867576697987652,0.07899218231317806,0.02851681301025704,0.998647572309783,36,36
2025-06-30,SPY,-0.0005766004148831903,0.9912739211714561,-0.07906565632107465,-0.004924415430043086,0.07021182528104411,0.03468008334284996,0.99846672503166,36,36
2025-07-31,SPY,-0.0005447170071566391,0.9913810884802594,-0.07898320565563526,-0.0047836099347165345,0.07023408859659895,0.033662812350100046,0.9982955588178328,36,36
2025-08-31,SPY,-0.00037450400365337047,0.9895840094429318,-0.07447320450044947,-0.006176826339902672,0.06704269600292495,0.03886905798207751,0.9981294794662461,36,36
2025-09-30,SPY,-0.00029762314753078046,0.9869104071712349,-0.07331191292003998,-0.006976357608534947,0.0655819857879639,0.039952792990110064,0.9977503779350957,36,36
2025-10-31,SPY,-0.0001700194579121253,0.9878779054912941,-0.07866607860321125,-0.003934549357983541,0.05234760313452816,0.03805140393705589,0.9971616061869464,36,36
2025-11-30,SPY,-0.00014793165940681172,0.9880247473446115,-0.07848079845166347,-0.0032154283716709364,0.05347583219921607,0.03783214911478283,0.9970695743185106,36,36
2025-12-31,SPY,-0.00017274571812851529,0.9890210122411025,-0.079417639699857,-0.001487748436004091,0.054315060754504915,0.03552302839922436,0.9966949633361208,36,36
2026-01-31,SPY,-7.00777993743807e-05,0.9883720530278403,-0.07739436205388613,-0.0011615652297156387,0.057682265369234195,0.039691403798906386,0.9963649468378838,36,36
2026-02-28,SPY,-7.503305098229755e-05,0.9866821394815091,-0.07542162161960558,-0.00038176189058207466,0.059708506329823344,0.029629127358646243,0.9963429093491313,36,36
2018-01-31,USMV,0.002410287367872028,0.6736456827268321,-0.1660848943632755,-0.3144955257335555,0.2858512763898138,0.29797513179238844,0.8258797668262231,36,36
2018-02-28,USMV,0.001879049896182895,0.7119633965735921,-0.18908464031296368,-0.32755112114059254,0.259220697763525,0.3683710569664863,0.8298665273137728,36,36
2018-03-31,USMV,0.002452406893566738,0.693915506131656,-0.16158787887618925,-0.3437444610673556,0.25536330569629634,0.37518893236686846,0.816452651614004,36,36
2018-04-30,USMV,0.0027209689504554373,0.6939396432023379,-0.18192993080198935,-0.3235565701571314,0.2439733186908745,0.36441532993188164,0.8195226787353938,36,36
2018-05-31,USMV,0.00253648184529939,0.6935506914809253,-0.19033356766415632,-0.3133194465130562,0.2548424038734894,0.36432719388321305,0.8195922915134571,36,36
2018-06-30,USMV,0.002759396872685815,0.6852491284983079,-0.17355611218621136,-0.3143464379437581,0.26795371312680477,0.34445166268727234,0.8138528380827459,36,36
2018-07-31,USMV,0.002368982181374355,0.6807007540677159,-0.14623162931933098,-0.3001173466969775,0.2852087669209129,0.35195108980676115,0.8198970481240994,36,36
2018-08-31,USMV,0.0026751774719362314,0.6698217930739765,-0.14267459648639058,-0.29668600397495726,0.2881834242207038,0.3467884793839479,0.7923851504171208,36,36
2018-09-30,USMV,0.002127993862074211,0.6806979764082006,-0.1282289932273551,-0.29515824818137554,0.2850313048276373,0.33459199611070056,0.7887144201172881,36,36
2018-10-31,USMV,0.0019542572915163185,0.7018150840511266,-0.13251602522652267,-0.3013047609888972,0.28591086151136424,0.3438174715943987,0.7931298152347273,36,36
2018-11-30,USMV,0.002096958337239531,0.7198696217269468,-0.15796322411658284,-0.3019571653305301,0.27694876673122265,0.3722081075509032,0.7836965391735422,36,36
2018-12-31,USMV,0.001299646811583813,0.7588825763653202,-0.15532202969221706,-0.28613509942393206,0.29382049944391697,0.3733718003276231,0.8358334431306808,36,36
2019-01-31,USMV,0.0008930893296072761,0.7714934733969134,-0.14722451859576435,-0.2903525755430143,0.2652425366159042,0.34966659004939593,0.8510665604044032,36,36
2019-02-28,USMV,0.001303720222220658,0.7721382549512666,-0.1266562954493805,-0.3115458934336004,0.3112351483178328,0.3723175092581361,0.8545746193839792,36,36
2019-03-31,USMV,0.0011887227476679776,0.7578287416777854,-0.12190093326079766,-0.31294477190321124,0.3017576318570718,0.36291687881259477,0.84330795022058,36,36
2019-04-30,USMV,0.0010629102946683525,0.7558099190149139,-0.11781826392049748,-0.32337934482847247,0.30532673022131673,0.3723589994909703,0.8426177416602593,36,36
2019-05-31,USMV,0.0016119486484256502,0.7320303070680194,-0.10969295448493642,-0.3566630036375479,0.31373875121529793,0.4402925300051145,0.8397792514048144,36,36
2019-06-30,USMV,0.0007590974743455787,0.7149663538951796,-0.13788198324440884,-0.29036496382028637,0.20540628273755562,0.29501114788984106,0.8740348884225149,36,36
2019-07-31,USMV,0.0011967065698843564,0.7183718172117188,-0.11127592236926326,-0.301664504806067,0.26128519648819726,0.2980554667196031,0.8826681446698587,36,36
2019-08-31,USMV,0.0018183155936184157,0.7090243563490735,-0.12074308521912125,-0.3077145305688699,0.23351834903648866,0.2903941306354633,0.8734786571698314,36,36
2019-09-30,USMV,0.0021833437992904766,0.7087302036710124,-0.11933174204124354,-0.30514464533249575,0.21177870990110254,0.2994856008069344,0.8738512668834874,36,36
2019-10-31,USMV,0.0021672698369335107,0.6945023626169892,-0.16791748071896243,-0.23740055388726752,0.16327110470377776,0.24999865006685035,0.8490779533749412,36,36
2019-11-30,USMV,0.002325567996529895,0.6893892183636294,-0.12675955240970926,-0.2178391977087891,0.23697065981350218,0.2798933447351566,0.8442722800120545,36,36
2019-12-31,USMV,0.0014448349250471538,0.6966239719431623,-0.13670054335792817,-0.2716574627348725,0.20494118275608975,0.3265730970575448,0.8559501937828594,36,36
2020-01-31,USMV,0.0015911469792797045,0.7019516873456638,-0.16332947925173671,-0.2891015210530927,0.1610347296140086,0.32668917523175545,0.8580270125951546,36,36
2020-02-29,USMV,-4.038192788491813e-05,0.7687393383871809,-0.16211027196955338,-0.33454266850623554,0.23111601666998238,0.5028095452126364,0.8811842521363242,36,36
2020-03-31,USMV,0.0006926261086101036,0.7803433270584648,-0.10324145510290421,-0.08448406831168936,0.3085039595857251,0.21419392171213947,0.8733296819640278,36,36
2020-04-30,USMV,0.0005915381033179895,0.7562736741995311,-0.13901400150549914,-0.03836695307726212,0.21215620197825966,0.1710674324643734,0.8884367358613943,36,36
2020-05-31,USMV,0.0005530053557995553,0.7556526850893632,-0.1250458680584638,-0.044104538262551896,0.21708127063314336,0.1739016143979183,0.8911910063555424,36,36
2020-06-30,USMV,2.5163342256048077e-06,0.7507081220976259,-0.17807637196019688,0.0033394215689147577,0.1704228900065039,0.09752904398965667,0.8767370263419392,36,36
2020-07-31,USMV,-0.00016423237661898626,0.7409007098929256,-0.16053615506248514,0.0008764162721425217,0.19260306477377243,0.08762195766519987,0.8795996255199,36,36
2020-08-31,USMV,-9.346645152978096e-05,0.736364875516317,-0.18037154375041053,0.04931018704587292,-0.042320457048426685,0.09128674298062844,0.8634084301837329,36,36
2020-09-30,USMV,0.001063518196425122,0.7279547395385999,-0.15342952999117426,0.061782709551743475,-0.08931440567866597,0.0869862075980109,0.8644457524413004,36,36
2020-10-31,USMV,7.514947862923525e-05,0.7433058727484383,-0.1729332772839864,0.03326630465970026,-0.0830565827967831,0.12288838268807944,0.8653566005520434,36,36
2020-11-30,USMV,-0.00023689839589105532,0.7424440320654968,-0.1880364201093236,0.0397159391610305,-0.11885961101465853,0.10489774274852104,0.8772790023545327,36,36
2020-12-31,USMV,-6.8831220480947836e-06,0.7427089012730017,-0.19352133814116337,0.04089602098208833,-0.10292549641285642,0.12245891331930431,0.8788983488780489,36,36
2021-01-31,USMV,-5.5389055260595885e-05,0.7667477761771261,-0.3004802122093424,0.08583270359440248,-0.1469525485060449,-0.024021440119220916,0.8785893080357372,36,36
2021-02-28,USMV,-0.0005467658802911059,0.7630505902405944,-0.2879311751446283,0.045080882260299604,-0.11744060219156044,0.01081142121640627,0.8722636267528819,36,36
2021-03-31,USMV,-0.0003035851769703892,0.7737958040339017,-0.3119149918197467,0.06201765052180053,0.031097779216608,0.08593918817479979,0.8761355923439818,36,36
2021-04-30,USMV,-0.0005044688259361226,0.7705873941870401,-0.2997603708555099,0.05523764785292934,0.035570899530489364,0.10003959273779459,0.8772632828159533,36,36
2021-05-31,USMV,-0.0005731339166664554,0.7723291422399851,-0.3151997853157711,0.06532430288815838,0.03786248656695351,0.1059732203844567,0.8780196350153673,36,36
2021-06-30,USMV,-0.000850810623053761,0.7833488926572244,-0.34822642720145136,0.08430792722233504,-0.011781758236806661,0.09401264452833535,0.8821918913985114,36,36
2021-07-31,USMV,-0.0007207254726854318,0.7783199306961306,-0.3395338265879898,0.07232725956674707,0.046058674515225134,0.0957239773682057,0.8806247884604764,36,36
2021-08-31,USMV,-0.0011107205058723457,0.7774428525071284,-0.33966086551056623,0.07181971574529139,0.05215719824847781,0.11861421559439486,0.8818114398549158,36,36
2021-09-30,USMV,-0.0019250137168194525,0.7804303224154826,-0.31973641740689596,0.04580354540272302,0.0951989704144561,0.11972471639467011,0.8850992647171464,36,36
2021-10-31,USMV,-0.0019011051734081305,0.7772839453320469,-0.3171560536056726,0.04537011249059954,0.09747800883372512,0.12569315751204913,0.8837726988358452,36,36
2021-11-30,USMV,-0.002641257615000434,0.7918072777959733,-0.34764677083551687,0.06600586332502728,0.011355811623226547,0.09116388598689898,0.8846706717466367,36,36
2021-12-31,USMV,-0.002304400474526228,0.802222524931366,-0.3446424628275403,0.04921561709562672,0.07084875996458774,0.20375883866242134,0.8626482360368769,36,36
2022-01-31,USMV,-0.004036362156972517,0.7903739956168998,-0.21561860216092738,-0.037341077240847356,0.17987692827066526,0.12408279895524715,0.8550892434243291,36,36
2022-02-28,USMV,-0.0046103173949637475,0.7930365972441047,-0.23406401655726167,-0.02999683443463859,0.17224648910660947,0.1332552698493904,0.8620217563462368,36,36
2022-03-31,USMV,-0.004632478723533522,0.8217100584149026,-0.2660787885349942,-0.04213048304044695,0.1193998121408609,0.21026584285792393,0.8577103047972567,36,36
2022-04-30,USMV,-0.004011433876308685,0.8067303755041799,-0.2571934960393772,-0.035441834366258,0.14422162201494423,0.20926694968955933,0.8638399122842503,36,36
2022-05-31,USMV,-0.005223223616561029,0.8335652736230805,-0.2724127450086583,-0.014778780560519886,0.13943477207457122,0.18769914487328915,0.8800042012501887,36,36
2022-06-30,USMV,-0.003355134550683335,0.7715364297466054,-0.1898995922874104,-0.03160037667300457,0.22377163356368712,0.09360094622705115,0.8656556587320521,36,36
2022-07-31,USMV,-0.004032254499560438,0.7656150025894253,-0.1793776532389743,-0.04378766414306226,0.23235915761386278,0.1334207731842984,0.8677078218775341,36,36
2022-08-31,USMV,-0.004521752538214047,0.7685217960750974,-0.16108803070632988,-0.03014759109229667,0.2103641204738987,0.13482138485483747,0.8807672991480967,36,36
2022-09-30,USMV,-0.004148223034786106,0.7639052773913992,-0.16511107287519303,-0.022852391645847937,0.20650890431836527,0.12634812328904804,0.8891205595496108,36,36
2022-10-31,USMV,-0.0036512352242220047,0.7698388354120667,-0.16117141865314036,-0.026846727039673467,0.21279948969913215,0.13994363070237748,0.8973535027519189,36,36
2022-11-30,USMV,-0.0033458579452421452,0.7733522193790037,-0.1668156577678461,-0.02538915689774654,0.20219449250129218,0.13641892712799916,0.9007898142160105,36,36
2022-12-31,USMV,-0.00320319598569925,0.7709609408507434,-0.16330556106625257,-0.028411698350911112,0.2036283326333828,0.14394429648939722,0.9027263495038507,36,36
2023-01-31,USMV,-0.0050416261793084045,0.7570259655065411,-0.11913136577857389,-0.03155502470566125,0.2572017118239211,0.18020343640258535,0.9063281011781084,36,36
2023-02-28,USMV,-0.004808986761064722,0.750594465138135,-0.11996200917234162,-0.03321527713953441,0.2492100223420387,0.17467818526106205,0.8993367733901818,36,36
2023-03-31,USMV,-0.0031696013964180782,0.7251688358499699,-0.16391203291747317,-0.11464984022114608,0.22042673738319557,0.2509470955158951,0.8922663409272017,36,36
2023-04-30,USMV,-0.0033233188113367344,0.7274893622427935,-0.15776541316852255,-0.11105174381893024,0.2221513691805368,0.24354918913507523,0.8794153974671539,36,36
2023-05-31,USMV,-0.004652093607813848,0.7312974319925761,-0.15298533541408924,-0.10664541129793756,0.23209499550878987,0.28702283342543733,0.8752940267216756,36,36
2023-06-30,USMV,-0.004080115153712914,0.7309628953908891,-0.1243314725907512,-0.13613634264836105,0.2421343943054603,0.31754741429199523,0.8878964467048103,36,36
2023-07-31,USMV,-0.004011774348765551,0.7331859298096194,-0.1308674367189941,-0.1373681199495838,0.23792628296788318,0.3202891350714327,0.8852925706562187,36,36
2023-08-31,USMV,-0.003367315251303999,0.75083153109994,-0.11719113466588843,-0.16072860126603727,0.29270068705649466,0.32253430524154525,0.9073529440910257,36,36
2023-09-30,USMV,-0.003992483490385259,0.7560375272495652,-0.11665250656272996,-0.15176919788123766,0.308135011292951,0.3219163990004039,0.9143592929423147,36,36
2023-10-31,USMV,-0.003925837710006677,0.7570785175712116,-0.1285486720456211,-0.15186579326392993,0.3049639953292712,0.3223764231529046,0.912769867082129,36,36
2023-11-30,USMV,-0.003558926283942689,0.7658106473116659,-0.1696056164587593,-0.13318129383676236,0.2675348514950797,0.3065224370940139,0.9069481328789137,36,36
2023-12-31,USMV,-0.003289977836907584,0.7690943986051755,-0.14968352218433512,-0.1284794733443806,0.2644418694077293,0.30533824941189713,0.9048592460804279,36,36
2024-01-31,USMV,-0.0023536465785014135,0.7693758453683752,-0.11459406654540169,-0.1555709448217799,0.24942099153401343,0.3525395834677152,0.9079911898539694,36,36
2024-02-29,USMV,-0.0028002224757429288,0.7625856876228428,-0.10496783904265214,-0.15027234483524923,0.2665862909054312,0.34823458614638614,0.9052994444903006,36,36
2024-03-31,USMV,-0.002768508090144833,0.7590067097683099,-0.11644400858197343,-0.1615399997808362,0.23112699318895746,0.3545094176201804,0.9063446659129321,36,36
2024-04-30,USMV,-0.0030842884319484992,0.7622119782143831,-0.10500477755905174,-0.16755273149059313,0.23144073851840966,0.36683578750004375,0.9066471094828502,36,36
2024-05-31,USMV,-0.0032975476213750817,0.7616588587545726,-0.1122910289961139,-0.1762818732366489,0.22101819248367466,0.375716083224931,0.9079548090778686,36,36
2024-06-30,USMV,-0.003148907023320947,0.7600126825791846,-0.08997403007437615,-0.19936814996866273,0.2204708834705326,0.40306296281857557,0.9071605876900405,36,36
2024-07-31,USMV,-0.002041690963801855,0.7483524790280378,0.03148747846677498,-0.17501457648857577,0.24957809043850948,0.3744251010121733,0.8868319971690132,36,36
2024-08-31,USMV,-0.0013847645870591683,0.7546937182875502,0.010257396599941793,-0.1936789028245534,0.2356750905310515,0.40448147359455466,0.8771769044511827,36,36
2024-09-30,USMV,-0.0015784285296963473,0.747619323523997,0.0027928633906142697,-0.16258736392121592,0.22845607274197133,0.37623099080364686,0.8682215009216148,36,36
2024-10-31,USMV,-0.00199507618285964,0.7418963053864971,0.017100106816267988,-0.1711391905429525,0.23743445323760193,0.3848216211783564,0.8635247075203796,36,36
2024-11-30,USMV,-0.000996054520666467,0.7385581472741567,0.07486870597749523,-0.2163122135267389,0.34527132966886426,0.42092926267681335,0.8849702266103628,36,36
2024-12-31,USMV,-0.002452940232884787,0.743565987328323,0.0752634334000151,-0.18030930072472784,0.27786597781370426,0.38639083442571925,0.8643884388188816,36,36
2025-01-31,USMV,-0.001449766439593091,0.7384034675198482,-0.07959443093694207,0.02059935532926732,0.16539164124217087,0.22826221532121355,0.853174819039558,36,36
2025-02-28,USMV,-0.0002428355162940746,0.7290968525371864,-0.1337963721473378,0.07486360635575613,0.11621593505497407,0.22416193194380957,0.8404618051114939,36,36
2025-03-31,USMV,-0.0015144912770330794,0.6871480138940868,-0.15394972670365709,0.2190784702839526,0.1963383784163015,0.01596157501300961,0.8392768593644037,36,36
2025-04-30,USMV,-0.0009779910731686535,0.6754737999042137,-0.14494804711493237,0.214898655120596,0.20308186976807657,0.03538196680963838,0.8311212839903228,36,36
2025-05-31,USMV,-0.0017021699394531198,0.6540730436550092,-0.1915099559700606,0.35275414062671073,0.1995071439874075,-0.09488115180865778,0.826104728111172,36,36
2025-06-30,USMV,-0.00403594880197053,0.7128729973200654,-0.29974325855392336,0.45730251770401115,0.14217946971809442,-0.12236709374118093,0.8448851276542736,36,36
2025-07-31,USMV,-0.004612820416784561,0.7088928311249061,-0.30220468426538893,0.4539356326544005,0.13846888467759888,-0.0974919726174919,0.8268424137972281,36,36
2025-08-31,USMV,-0.005117056706408967,0.7198307260101839,-0.3032175064026643,0.4668156348678204,0.17452447209455338,-0.12323341295859427,0.8234048075354652,36,36
2025-09-30,USMV,-0.005092801396636564,0.7097224164494116,-0.2865284674919651,0.45492599017062857,0.18766853519729962,-0.11043292021359138,0.7884633253753237,36,36
2025-10-31,USMV,-0.00539302735467047,0.7270423512173665,-0.2737799729092264,0.4610913021282076,0.248660861131156,-0.08220738893313158,0.7587728992047971,36,36
2025-11-30,USMV,-0.005065498641069545,0.7310795552067594,-0.27157732811368174,0.47178485426110395,0.2690884037051264,-0.0842693785233042,0.7373830665138157,36,36
2025-12-31,USMV,-0.006510352872820629,0.7581596179587877,-0.2855300784214532,0.48523146169440623,0.28788466494861764,-0.13016210593427216,0.7130654569104204,36,36
2026-01-31,USMV,-0.006850699062694858,0.7586019054185996,-0.2975156201938101,0.4890320110207671,0.2781711616132303,-0.1363804635075876,0.7110520546818833,36,36
2026-02-28,USMV,-0.004013722674337296,0.7100958397439923,-0.24490376611595463,0.41982027243645226,0.26906037798901306,-0.0006350377889154657,0.6676139138668589,36,36
2018-01-31,VLUE,-0.0017488646703721921,1.037464366812669,0.11701274128896183,0.18950788836491597,0.1322413000744781,-0.1297904514394521,0.9376943146093769,36,36
2018-02-28,VLUE,-0.0016368548189326431,1.0326067784931097,0.12121206301405255,0.19103555682421142,0.13552108783038946,-0.1431029277758374,0.9365331543685264,36,36
2018-03-31,VLUE,-0.001674956059388664,1.0338274863268624,0.11945068728918143,0.19215708631819833,0.13591976524040836,-0.14375350134735526,0.9377049013047922,36,36
2018-04-30,VLUE,-0.0015405864019258806,1.0329883272282587,0.11969686339244867,0.18491234018471647,0.12192221221494147,-0.12919892047644285,0.9374071029851817,36,36
2018-05-31,VLUE,-0.0016537701461652665,1.0322389898542195,0.10422432341456717,0.19874622070280212,0.12542806308313859,-0.12829050804100417,0.9367195214631008,36,36
2018-06-30,VLUE,-0.0019269167385915613,1.0305100451392777,0.09983132383600718,0.22280823472836753,0.11924810030971228,-0.15944107398614113,0.9328228270766599,36,36
2018-07-31,VLUE,-0.0018654649240455318,1.0319179437020596,0.09580734718212816,0.22155721854167268,0.11824061229106034,-0.1595988085956712,0.9338246537073216,36,36
2018-08-31,VLUE,-0.0018669641885948932,1.0379381168061936,0.0989416734682001,0.21381204606998305,0.11809549514820927,-0.16665070563348944,0.9254486003913972,36,36
2018-09-30,VLUE,-0.0018707555470691747,1.044082511016434,0.09452046633099556,0.1997437038901866,0.10721612988996367,-0.13968860885071016,0.9219333884277499,36,36
2018-10-31,VLUE,-0.0007422208024562243,1.0097539353699951,0.052773458784836094,0.21546911915080275,0.08920489011342256,-0.08717851282820657,0.915732444501214,36,36
2018-11-30,VLUE,-0.0008327276485600777,0.9817091085319561,0.09179409942471904,0.21612821476786034,0.09476134785472629,-0.13063411568279695,0.9041934695289159,36,36
2018-12-31,VLUE,-0.0017128963547528258,1.0154694348307207,0.10225964283578878,0.2408944134783444,0.11593125314303554,-0.1428752405972833,0.9335185491234407,36,36
2019-01-31,VLUE,-0.0004181855452489447,0.99994756101943,0.08448241571944384,0.2537213359187963,0.1923523802837554,-0.08530518905546315,0.9492286767611198,36,36
2019-02-28,VLUE,-0.001238079857942059,1.000498833186016,0.04330893601467857,0.2955133472962886,0.0865160781292035,-0.14299561762961838,0.953053587089059,36,36
2019-03-31,VLUE,-0.001273334194069619,1.019177006844147,0.05096662355708648,0.31996674968442984,0.10428301586373859,-0.14888764597704915,0.9533774037888741,36,36
2019-04-30,VLUE,-0.0013344465545104215,1.015408659781466,0.05208236707792415,0.27879176186953913,0.02869867711329968,-0.06803262449748393,0.9492015150337761,36,36
2019-05-31,VLUE,-0.002101873292471967,1.03988735048092,0.05071736003410909,0.3051235766093754,0.04766957959866325,-0.10493627245701243,0.9551385849559713,36,36
2019-06-30,VLUE,-0.0016713009972632543,1.0821723517545647,0.04115041508089526,0.2792454344407899,0.07267618596446362,-0.037757061377026,0.9523710031507395,36,36
2019-07-31,VLUE,-0.0017486695107671517,1.0826121453245214,0.026440621164016097,0.2846291301702309,0.04685098572486685,-0.035689199293984855,0.9518264449909514,36,36
2019-08-31,VLUE,-0.001823198295982817,1.0835005541646616,0.027935017186330978,0.29174442678337076,0.04444427273205206,-0.04112084012196934,0.9538731616558519,36,36
2019-09-30,VLUE,-0.0018219088468053781,1.0902564985330196,0.02721680577549262,0.31155695263045546,0.13276710182159362,-0.008728878377316424,0.954431500894553,36,36
2019-10-31,VLUE,-0.001508423807115476,1.0904351919880404,0.030853044992310456,0.3086637033795967,0.1434177763280364,-0.013874264695387113,0.9525090204634474,36,36
2019-11-30,VLUE,-0.000945623541918946,1.0979437258398672,0.05870590390145301,0.3241222447405434,0.14532979327283294,0.014800893182571053,0.9515125358445984,36,36
2019-12-31,VLUE,-0.0005092867946118271,1.0883394419188255,0.06227956522925525,0.362456254005384,0.16736021140295107,-0.03455248411878879,0.9539920927762463,36,36
2020-01-31,VLUE,-0.0005905775974879152,1.0842426201162925,0.09253561518840148,0.3811789045664481,0.21558562342290302,-0.03246908200699335,0.9543928699627887,36,36
2020-02-29,VLUE,-0.0005074605938450074,1.0583489553160823,0.12099481163826549,0.3769882050387501,0.20873939257849788,-0.03962210549541628,0.9620336795098275,36,36
2020-03-31,VLUE,-0.0006301235602392524,1.0539419029004844,0.11258859020828575,0.28929808535231133,0.20032649035722838,0.055523250044973826,0.972208915827725,36,36
2020-04-30,VLUE,-0.0005936412407206238,0.9995820245100682,0.05573756608904642,0.3756548374109515,0.04699345487098336,-0.04183392391017571,0.9685362240583506,36,36
2020-05-31,VLUE,-0.0006804594273414101,0.9989432099382234,0.04989786891098999,0.38461842306788496,0.028160411026946386,-0.03336332217142357,0.9687426183512318,36,36
2020-06-30,VLUE,-0.0008327169067819159,0.9967666846830577,0.02846298060352108,0.406321329096904,0.0012362902770530204,-0.06578402685623164,0.9676282570348963,36,36
2020-07-31,VLUE,-0.0011927855498787103,0.9379541007809488,0.11499658748482856,0.4166237122204549,0.07444698900659819,-0.15171855095422504,0.9572388378091152,36,36
2020-08-31,VLUE,-0.0013187939006492379,0.9368179845067097,0.1084855346884904,0.441591165287016,-0.07240408699834641,-0.13080003335500145,0.9551410696569169,36,36
2020-09-30,VLUE,6.35127857968893e-05,0.9208982790516088,0.1303921898299939,0.45987407259938584,-0.12617263044982088,-0.1694539000728974,0.9516926223186134,36,36
2020-10-31,VLUE,-0.0012796417600370417,0.9417827885518719,0.10352181250592349,0.42129358508847425,-0.11762405410082569,-0.1212293379442797,0.949328942419339,36,36
2020-11-30,VLUE,-0.0011762997155987196,0.9844060104609134,0.1442649209874966,0.39886560093439205,-0.33102496847393065,-0.0024778706171567633,0.9569580799882309,36,36
2020-12-31,VLUE,-0.0018813107251010206,0.9789859113701107,0.10117803924808726,0.4271962150302391,-0.3075524235327517,-0.07695554753998174,0.9551781101447662,36,36
2021-01-31,VLUE,-0.0015766508132429684,0.9845697659982544,0.09859397771102014,0.42912871725396406,-0.344604020570262,-0.05132281783549153,0.9548925589067863,36,36
2021-02-28,VLUE,-0.0014714873878201363,0.9891516270680127,0.09063147416729395,0.44558915839336555,-0.36222871227525744,-0.059420864127033096,0.9557785281520912,36,36
2021-03-31,VLUE,-0.00031197758419615473,0.9625145185987093,0.1525740152891591,0.43960853372682906,-0.13000215189392536,0.025197156125120995,0.9523954585475485,36,36
2021-04-30,VLUE,-0.0004844419239321924,0.9586121619363787,0.17174537216130228,0.43079978737050295,-0.1571472970299116,0.07014111600254434,0.9512758332981177,36,36
2021-05-31,VLUE,-0.0005748173405505244,0.9595227491350018,0.1765182206168754,0.42388007738478084,-0.16398313586349048,0.06403356726631143,0.9513095180713619,36,36
2021-06-30,VLUE,-0.0005871864355212935,0.94996644712553,0.18961344337499728,0.42806488520246516,-0.13137541592389224,0.05902377756977419,0.9509978488830159,36,36
2021-07-31,VLUE,-0.0007023614661741161,0.9446636235765246,0.20233628320387587,0.4194209372812788,-0.10490322102478133,0.058965219316428744,0.9510441771577715,36,36
2021-08-31,VLUE,-0.0017490581629378598,0.9392163504184062,0.21800575140289427,0.40642439617603093,-0.07276076529635178,0.1184720070598983,0.9519019524198009,36,36
2021-09-30,VLUE,-0.0028719363455330586,0.9406933444990115,0.2480736953305389,0.3757398840034802,-0.018070766420994172,0.11087890602596892,0.9510482632974505,36,36
2021-10-31,VLUE,-0.0037931028683627858,0.9206906397857013,0.32472638369037765,0.3404813197913461,0.027562769564226472,0.11519993040258728,0.9468634469382943,36,36
2021-11-30,VLUE,-0.0030426998782015235,0.9164028856181838,0.3275516153635518,0.3359385903190174,0.059770174311882335,0.13882482037486427,0.9486256594171226,36,36
2021-12-31,VLUE,-0.002317913499547897,0.9167212533590848,0.3299014233388131,0.32279030285908616,0.11773858201988338,0.2406141618723208,0.9380819417051379,36,36
2022-01-31,VLUE,-0.003107502856772581,0.9023928982587989,0.35450139056373214,0.3027534912630912,0.15625535176326194,0.23542252046171128,0.9377963598057059,36,36
2022-02-28,VLUE,-0.0036811429569689534,0.908711221075831,0.342906012642639,0.3017891650201882,0.17417251490322896,0.20832375467668635,0.9354676829948904,36,36
2022-03-31,VLUE,-0.003994760741259435,0.893448080655673,0.3701431364890688,0.30842777785156117,0.20156526184200513,0.17839919969732537,0.934793459899652,36,36
2022-04-30,VLUE,-0.004035668494463606,0.8988702885191188,0.3624211158174596,0.31153640687281364,0.19151054523539046,0.16866069077642204,0.9366188991703385,36,36
2022-05-31,VLUE,-0.0030617317979970632,0.8830843488294093,0.3646310151299889,0.3085112088430699,0.19001750857340016,0.18329756291115373,0.9341667928935087,36,36
2022-06-30,VLUE,-0.004664799268394209,0.8820401163297436,0.3543118323766443,0.30983788484600355,0.17840565368565608,0.22587436342426762,0.9472658347978523,36,36
2022-07-31,VLUE,-0.005165281103430347,0.8787110380330423,0.3709224965130252,0.3013579324569311,0.19304241060311902,0.23639345531982023,0.9494292743488459,36,36
2022-08-31,VLUE,-0.005388220359175961,0.8799222848657146,0.37635587433849066,0.3041572637755664,0.19224958458688945,0.2369538014760902,0.9495406361070917,36,36
2022-09-30,VLUE,-0.0060969188036393545,0.8897079526227607,0.38373256921157795,0.29072329811566255,0.2001712637270917,0.254864631460452,0.9529011623287063,36,36
2022-10-31,VLUE,-0.00663232558085503,0.8955961484834898,0.38741079694266095,0.2905663685952625,0.20740865288390375,0.2853539180467965,0.9593488257532528,36,36
2022-11-30,VLUE,-0.00730300251774715,0.888340437154488,0.39996371397798536,0.2854113914461852,0.23717060503096735,0.297123425756863,0.9619763644110751,36,36
2022-12-31,VLUE,-0.007689798912410373,0.8967809033867824,0.3880955487261853,0.29579857380144003,0.23110432201844883,0.27265773426776013,0.9613149805338275,36,36
2023-01-31,VLUE,-0.007333569455143265,0.8985043900580824,0.43738188337302664,0.29175181300661734,0.23500875626222603,0.2546177420629535,0.9584748603389001,36,36
2023-02-28,VLUE,-0.007908995543291872,0.9081201132290564,0.4313397491154562,0.29002508619696254,0.22881612270475835,0.27137318363319923,0.9555652081600846,36,36
2023-03-31,VLUE,-0.007731817908708765,0.9399501930246523,0.3878127847504266,0.3240513375198588,0.22964031385357672,0.2199882651894396,0.9367638514511727,36,36
2023-04-30,VLUE,-0.008003251553145246,0.9597131187663768,0.4146359336491796,0.32692390590010856,0.2472202738684156,0.2090249382557895,0.9338076258663011,36,36
2023-05-31,VLUE,-0.007492258281906475,0.9568968626921599,0.4058814897140546,0.32938315079258246,0.23742802367377222,0.18867597134156877,0.9340189031578822,36,36
2023-06-30,VLUE,-0.007087662636649073,0.9584797581572242,0.424372676585474,0.31373310002196125,0.24663915186676533,0.2027403768257692,0.9375553317411534,36,36
2023-07-31,VLUE,-0.006603490513681222,0.9757340036132799,0.3712866061741417,0.3017793319963045,0.21405090707012966,0.2264452017788942,0.9410790649284239,36,36
2023-08-31,VLUE,-0.005904782965952665,0.9838833484929959,0.3714527524666522,0.2916633963492902,0.25322592568472774,0.21522828989662618,0.9457013676866756,36,36
2023-09-30,VLUE,-0.006844477066827532,0.9894037700255227,0.3694776447122342,0.3119360606985923,0.28241603498993345,0.2067922714425701,0.9544648415049749,36,36
2023-10-31,VLUE,-0.006350249959314682,0.9812830704993993,0.3786235125921037,0.3236719151865251,0.28521019503869005,0.1872031129898849,0.9559876255087251,36,36
2023-11-30,VLUE,-0.006620349830197598,0.9637612444878766,0.32520390446854086,0.3395414730859605,0.2718776898914137,0.16182060061744835,0.9517204942217613,36,36
2023-12-31,VLUE,-0.006220120363191656,0.9671050337129519,0.3474854819253582,0.32138183505484197,0.27481249879636666,0.17818775253705488,0.9553926638099466,36,36
2024-01-31,VLUE,-0.006275907642335292,0.9704127951676496,0.29132847161196107,0.3409911570683818,0.26246816620466257,0.14737024672691137,0.954672812304372,36,36
2024-02-29,VLUE,-0.006567566308995598,0.9716787319470204,0.27764911564996947,0.3062994317442867,0.25475911861460176,0.1944040466599927,0.9549838791081007,36,36
2024-03-31,VLUE,-0.0062288124044654015,0.9762817865521037,0.25962203169930403,0.3234739003847941,0.23998866450814918,0.1799727539114176,0.9505936734848727,36,36
2024-04-30,VLUE,-0.006443101901489208,0.9915687028218825,0.2497601468833821,0.3368192437920684,0.2462354986233714,0.1612381826159771,0.9530590911701083,36,36
2024-05-31,VLUE,-0.006523864130103155,0.9896820924960774,0.2449460061454264,0.33932085849947324,0.23602165388173962,0.17030470649883794,0.9524768078978044,36,36
2024-06-30,VLUE,-0.0064310466714620745,0.9896151711661888,0.2508375383559484,0.33021405520885294,0.23442232792977463,0.18066169374602298,0.9523939022379111,36,36
2024-07-31,VLUE,-0.0066489955203730714,0.9931898096806581,0.21646965667588805,0.3244932617549816,0.23669168449032257,0.184874704141337,0.9528847994522641,36,36
2024-08-31,VLUE,-0.00647231129283445,0.9947158332597525,0.21296457407505262,0.3321511760677034,0.23363087581283665,0.1730355529272598,0.953631451037748,36,36
2024-09-30,VLUE,-0.005874815066417752,0.9946812905283237,0.21651544890784397,0.31831400478605343,0.22481454515995358,0.18896591869466356,0.9514983725734116,36,36
2024-10-31,VLUE,-0.005444919946518581,1.0175877790700272,0.17833229948716,0.3491613248003564,0.22935432730993321,0.14827002754864949,0.9602399255054095,36,36
2024-11-30,VLUE,-0.005408989651418172,1.0166086982313813,0.18198715343439548,0.34511613008825137,0.23988968998696408,0.15185085094929568,0.9614852529223851,36,36
2024-12-31,VLUE,-0.0064936802313629,1.0129863345705656,0.16862583915791574,0.3813823315477016,0.1680299586086509,0.10271679647888499,0.9628913361632918,36,36
2025-01-31,VLUE,-0.0061086846379960185,1.0136291875887373,0.11261602058129973,0.45474475487814053,0.1228345026883025,0.03217011385427318,0.9610528291875777,36,36
2025-02-28,VLUE,-0.005409856926718712,1.0082805172771825,0.07861297680724406,0.48855727475961397,0.09384755480353878,0.028130535488536307,0.9589111210503092,36,36
2025-03-31,VLUE,-0.004528600563246884,1.0008705206095356,0.07069094129340109,0.4880357410897922,0.08375330544247864,0.03971184352183077,0.9583358296418771,36,36
2025-04-30,VLUE,-0.005082142098893064,1.0096109916923968,0.06876739995441174,0.4924135049942191,0.0909357967987448,0.02678063864579272,0.9576831023084866,36,36
2025-05-31,VLUE,-0.005330659930518885,1.007456846862671,0.06714513356529438,0.4959248636293221,0.0895182202811345,0.014152832044506708,0.9576981495743823,36,36
2025-06-30,VLUE,-0.004829148492064197,1.0387604697233017,0.035354617368084484,0.48099435586259437,0.006018357801342199,0.08205345505997977,0.9477776247189934,36,36
2025-07-31,VLUE,-0.005113610371574323,1.05098326077335,0.040879483253203265,0.4850277502168159,0.027176532235806385,0.049358975517086914,0.9462488048432849,36,36
2025-08-31,VLUE,-0.0047791086161368315,1.05322931752051,0.06244944148994707,0.4912973300456046,0.04828055385724697,0.04897138651350086,0.9442552106451312,36,36
2025-09-30,VLUE,-0.004221392621180082,1.0586971729340058,0.02707047257898293,0.5167272957348487,0.0011741616215835346,0.023399396628378255,0.9297905480800273,36,36
2025-10-31,VLUE,-0.003419679287538625,1.034456950871392,-0.006802838105476348,0.5152268938073521,-0.12816542366872244,-0.025295143617896185,0.9011355370241004,36,36
2025-11-30,VLUE,-0.003224206426830985,1.0100984336796135,0.0023528719094509307,0.5211760752379045,-0.16919456163316612,-0.0436426013239619,0.899270173662587,36,36
2025-12-31,VLUE,-0.0022652521262592814,0.9975697585248589,0.004467218036995915,0.5275924857986125,-0.17637663303580714,-0.02877254234974791,0.8848390389462877,36,36
2026-01-31,VLUE,-0.0005859284198020988,0.9828302692000148,0.024822930872505755,0.5447096786655867,-0.11780312692670379,0.05775051912591103,0.8598635556065074,36,36
2026-02-28,VLUE,0.001224790338934152,0.9487099214694467,0.06208037803950883,0.5017085083524079,-0.12003729300561417,0.12689005182083846,0.8522893548564279,36,36
2018-01-31,VTV,0.00022360298922990962,0.9608717028314074,-0.07207371265270257,0.1463560407798895,-0.010381046723929713,0.20444625460767835,0.974549286200012,36,36
2018-02-28,VTV,9.643014778867669e-05,0.9673962523180717,-0.07704519450048805,0.14423773449903812,-0.014836481924304923,0.22004033527059638,0.9751151750643844,36,36
2018-03-31,VTV,3.493267580743074e-05,0.9690559424448622,-0.08084530585034175,0.14538767051276835,-0.01626155623599347,0.22186048610252088,0.9757639401679314,36,36
2018-04-30,VTV,-0.00017980080705563384,0.9696062677655295,-0.07155587363329372,0.1408531456360708,-0.0016011534534296074,0.21712807900980519,0.9758825582874064,36,36
2018-05-31,VTV,-0.0004855708354827113,0.9685462166152711,-0.09387556504428382,0.16396390456994236,0.013841136019186906,0.2177648598264419,0.9738857140213569,36,36
2018-06-30,VTV,-0.000489215341901731,0.9691004236712217,-0.09471827905737917,0.16317884999152482,0.01327915836690681,0.22004153294734843,0.9731348854165229,36,36
2018-07-31,VTV,-0.0003762057443502567,0.9783760221385556,-0.09944237327072676,0.17043153337811145,0.027935189626251272,0.22963351605279997,0.9710422998395977,36,36
2018-08-31,VTV,3.6180505123937926e-06,0.9581830795821569,-0.09856791688346157,0.18336327366018731,0.03177168842519837,0.23117379585704445,0.9679189841914996,36,36
2018-09-30,VTV,-1.960777651481907e-06,0.9599055400703931,-0.09962122233126407,0.17964033019342374,0.028856442814109526,0.23823140401049708,0.9661983528691735,36,36
2018-10-31,VTV,0.00011713859747139823,0.958116684506885,-0.10526806458469742,0.1808683340060792,0.02673632273327723,0.2457781293742669,0.9653363226584645,36,36
2018-11-30,VTV,9.059307082884987e-05,0.9742899075481295,-0.12746627146249553,0.1807009498838804,0.028553742052163718,0.2704515774512226,0.9628916654278508,36,36
2018-12-31,VTV,-0.0002624879245000855,0.9799747295738014,-0.11689333380509764,0.19679954699917254,0.03919480288256937,0.25412068537094545,0.9765510295123252,36,36
2019-01-31,VTV,5.5522658731074585e-05,0.9620679351313912,-0.1258418261429342,0.20029560500878812,0.06631022045760494,0.2785127312599517,0.9788244415126065,36,36
2019-02-28,VTV,0.0003098321580035082,0.9624630535598999,-0.11310339438142611,0.1871714826904814,0.09482611164255052,0.2925692618276041,0.9787555598983555,36,36
2019-03-31,VTV,0.000305369957650653,0.9657389879554198,-0.11188905496552327,0.1912502376964576,0.09789212642242605,0.2917045019329134,0.9767544333247217,36,36
2019-04-30,VTV,0.00022904769044742278,0.9635615621248326,-0.10970880117167542,0.17258043660594147,0.07363291633234156,0.3234981277137803,0.9757236986922129,36,36
2019-05-31,VTV,4.297058558126558e-05,0.9667010281098842,-0.10685048888473994,0.1725206394594313,0.08804068271947707,0.3330787333662486,0.9796956814740088,36,36
2019-06-30,VTV,-0.00010687434741925208,0.972356306564581,-0.11791962134600054,0.18612062890240702,0.06137723556798308,0.30596779241528815,0.9823332608022133,36,36
2019-07-31,VTV,-0.0002834950723409218,0.9679340412726827,-0.09938756099878515,0.18077617996258277,0.08547107686795166,0.2971154551010413,0.9803154537662461,36,36
2019-08-31,VTV,-0.0003021287444149919,0.9683261143440342,-0.09927678963996749,0.17788060292966215,0.089065418164127,0.3004029291276378,0.9810308161524989,36,36
2019-09-30,VTV,-0.00035535925812061643,0.9665745311199249,-0.0992905376152413,0.1722465691525586,0.06875898710797208,0.2904832288968649,0.9809999471630225,36,36
2019-10-31,VTV,-8.759242033083096e-05,0.9633068476266611,-0.10782709724240509,0.18603548626147506,0.0663192007075873,0.27412064093163097,0.9809161066102863,36,36
2019-11-30,VTV,0.00031347097024116057,0.9695526599546902,-0.09210685632576875,0.19516687398264804,0.05861814568059498,0.291850860921403,0.980477962678063,36,36
2019-12-31,VTV,-0.00010012454595381953,0.9667771350884605,-0.09816087263150279,0.18186132905366265,0.049895811178101615,0.2868782712093348,0.9793313106025135,36,36
2020-01-31,VTV,-1.9312918595869137e-05,0.9669781613968207,-0.07557991998192848,0.19400681245002838,0.08312062310014627,0.2921226492160103,0.9784736362269696,36,36
2020-02-29,VTV,-0.00028854550753621214,0.9708417387221966,-0.06630208061595311,0.18443781002064719,0.09364278282687821,0.3217647573836571,0.9835218902768272,36,36
2020-03-31,VTV,-0.00023491302455446502,0.9708948893379774,-0.06152827485392452,0.18793318973073192,0.10076994106660798,0.3157720746943091,0.9885631826758022,36,36
2020-04-30,VTV,-0.00021080256640050414,0.9397273740317422,-0.09383540946287273,0.23723166747756036,0.013630627503163906,0.25995233895324765,0.9870470302975037,36,36
2020-05-31,VTV,-0.00023720052100420583,0.9395529027462517,-0.0965810269317192,0.24052624520967147,0.0071261529665399,0.26258211384205954,0.9871156017013217,36,36
2020-06-30,VTV,-0.0013179077633654335,0.9359841745273129,-0.14933682589040292,0.2685559058137873,0.021907159542882193,0.19837425803541542,0.9807641132558864,36,36
2020-07-31,VTV,-0.0013545873049253254,0.909843739795476,-0.11447081250228971,0.2779686167620911,0.04291886223073088,0.1550654329125416,0.9776446975318563,36,36
2020-08-31,VTV,-0.0013011825487455938,0.9074253172605498,-0.12487843869717957,0.3023928807843809,-0.07274094951653853,0.1548384288070318,0.9753891999681917,36,36
2020-09-30,VTV,-0.00040480263610980644,0.8915216474084445,-0.12044465856313008,0.31746227929699117,-0.10534861428129191,0.09792036864107811,0.9704921605725498,36,36
2020-10-31,VTV,-0.00086095680263125,0.8990199063570374,-0.1360393434997983,0.30740716736577745,-0.10165895049160173,0.10429753189158542,0.9701123014769552,36,36
2020-11-30,VTV,-0.0008474179753862662,0.9217216282119438,-0.1162509586509519,0.2962645777385894,-0.220690942147036,0.1654588273384353,0.9742556196744909,36,36
2020-12-31,VTV,-0.00097818640261442,0.9212441881255522,-0.11738117485044565,0.2978596721822088,-0.22462086852174606,0.15401015404092955,0.9746103795777858,36,36
2021-01-31,VTV,-0.0013032819286622936,0.9319141561775535,-0.18624605991811524,0.3259781856409767,-0.21838764483919554,0.03166939691458559,0.9714843655820055,36,36
2021-02-28,VTV,-0.00045087936549271504,0.9192151216526242,-0.18140900174189778,0.35765126268319897,-0.2125633893133641,-0.025512916370494354,0.9707693346680014,36,36
2021-03-31,VTV,0.00020044684282845802,0.9070646461256155,-0.15298123496848412,0.3574242303316527,-0.06492472506246916,0.03189999761712539,0.9683121271431635,36,36
2021-04-30,VTV,3.666173118157569e-05,0.9039687491412615,-0.13941795830818288,0.35064684814948,-0.07423517579546698,0.057128726581612416,0.9678127517815414,36,36
2021-05-31,VTV,0.00022012882281818857,0.9011791697312241,-0.13201838600503,0.3509412397718856,-0.06706716246990857,0.06004984643442334,0.9678505637443866,36,36
2021-06-30,VTV,-3.535545887523375e-05,0.8988317034346478,-0.1443025576876788,0.37255755144579705,-0.06947100517876847,0.04348121678322346,0.9673846674757681,36,36
2021-07-31,VTV,-0.00034553449542066,0.8909963928845761,-0.12353029442159963,0.36199864772067203,-0.0495068609545983,0.04236106114799022,0.9685374316866354,36,36
2021-08-31,VTV,-0.0005718941032407648,0.8893871665205902,-0.11790981530959044,0.35756622334402766,-0.0403567632479544,0.05496134457092153,0.968477252598139,36,36
2021-09-30,VTV,-0.00163284711539747,0.8912640369576617,-0.08997235616743206,0.3276284631782794,0.012166469916228023,0.04944893738999039,0.967088384915691,36,36
2021-10-31,VTV,-0.001756772673430639,0.8886461066207912,-0.07975126387105348,0.3229119665833312,0.018236572459042907,0.04990906078283386,0.9664521731474286,36,36
2021-11-30,VTV,-0.002436621492124775,0.8996547210371975,-0.10148329823875134,0.3382076006470846,-0.04855850329682933,0.02073577908361507,0.9673632967114164,36,36
2021-12-31,VTV,-0.0020173452658645116,0.9062718361924154,-0.09892589414620732,0.3239104202015817,0.0053700464590392405,0.12052431173420569,0.95645710599581,36,36
2022-01-31,VTV,-0.002305875102051742,0.9047096590983373,-0.07585340923666953,0.30859502821747103,0.024049189041570856,0.10581520714556072,0.955064585590991,36,36
2022-02-28,VTV,-0.0025325346635024643,0.9054032831564842,-0.08380694399950642,0.31230793583635064,0.018536419778258137,0.11298617215392735,0.9561353238366664,36,36
2022-03-31,VTV,-0.002643585099064624,0.9127554519077057,-0.08871463326598822,0.30925495080647214,0.004747025256901988,0.13631652942843303,0.9562489831705118,36,36
2022-04-30,VTV,-0.002085099279075137,0.8985452146453559,-0.07953453615493786,0.3146781169318863,0.02847222032506124,0.13705282702557475,0.9567624721456304,36,36
2022-05-31,VTV,-0.0022821043207835404,0.9007554122975469,-0.07827772542591824,0.3129810007167597,0.0296821173581282,0.1345507261041763,0.9541638913538677,36,36
2022-06-30,VTV,-0.0015956690958554523,0.8566732194747403,-0.024230644869426637,0.30165784822547687,0.08450614374035405,0.08500052665410221,0.9541533125455193,36,36
2022-07-31,VTV,-0.0018787034027588998,0.8533359258279296,-0.02710201827913883,0.29612901779459677,0.08127396773279913,0.11720949674903994,0.9539066946935117,36,36
2022-08-31,VTV,-0.001747786276925161,0.8528247649950047,-0.025146382152437335,0.3005490033857331,0.06534995585466266,0.11701823579310286,0.9536701525221111,36,36
2022-09-30,VTV,-0.0015461644466482605,0.8507846456620862,-0.027430661030464376,0.30466595066905316,0.06353615973350893,0.11325175382851818,0.9567465170496322,36,36
2022-10-31,VTV,-0.0016795840465635599,0.8601586292118997,-0.02141326300080021,0.30175527418393117,0.07436266236926439,0.14990986551638283,0.9596401035797473,36,36
2022-11-30,VTV,-0.0020468564482780827,0.8564724230994323,-0.014441266197311342,0.29771401638047584,0.09469576184997902,0.15886698898193352,0.9611211105071757,36,36
2022-12-31,VTV,-0.0017650945213250643,0.8526625456504799,-0.008605617122265319,0.2927670904563555,0.09651124350967571,0.17183473581731293,0.9611650575013795,36,36
2023-01-31,VTV,-0.0020070630432244374,0.8510492175789799,-0.01586608922203464,0.2934057052737836,0.10033360011056586,0.17909650475682806,0.960383983575321,36,36
2023-02-28,VTV,-0.00181789580408615,0.8462449130203448,-0.015994167098719536,0.2924500348871214,0.09559019436959362,0.1743949157473764,0.9573292674633584,36,36
2023-03-31,VTV,-0.0021114929194721225,0.8508510714403141,-0.00818225555370275,0.3070993894023788,0.10075098165494753,0.16064507680771717,0.9447880472796057,36,36
2023-04-30,VTV,-0.002003657945108575,0.8549731233455631,-0.006632635868161457,0.3032976022404363,0.1048760273645108,0.16660556699880513,0.938583089706713,36,36
2023-05-31,VTV,-0.00246973037198667,0.8564765879924228,-0.0040976568965371,0.3043276310115587,0.10910449994425936,0.18230470179227004,0.9401780007584154,36,36
2023-06-30,VTV,-0.0018406771068152628,0.8585154207058792,0.025064332710332315,0.278786302117577,0.12293616487897875,0.2059183108260169,0.9482321157029606,36,36
2023-07-31,VTV,-0.001727521767529279,0.8642231298146567,0.005108592485004504,0.2724000127940709,0.1122304729774517,0.21622388258100658,0.9482629414847938,36,36
2023-08-31,VTV,-0.0015414480195987213,0.8731699534881934,0.01420012708226237,0.26031960472305327,0.13513454107123185,0.2216605353230294,0.9519979039687266,36,36
2023-09-30,VTV,-0.002415385770830515,0.8816555052614452,0.016412620559037583,0.26927714241549444,0.15357071016600193,0.22473145282659596,0.9598461993950763,36,36
2023-10-31,VTV,-0.0023087781359380833,0.8776141571993736,0.0324591002776739,0.27360854627165754,0.15797636720860753,0.21718131825828269,0.9608990711314738,36,36
2023-11-30,VTV,-0.0029930018124685737,0.8497699490070773,0.02186107873372752,0.2696354758511017,0.1851693933911651,0.20813419969118016,0.9576313375566543,36,36
2023-12-31,VTV,-0.0033037194925623074,0.8467464089607146,0.0025216205877460485,0.27676167887368747,0.18497995487862182,0.2004520458536655,0.9585656258291867,36,36
2024-01-31,VTV,-0.0021598711964046285,0.8479245479683444,0.03181951738517386,0.2481820128766942,0.16330753440856094,0.25108638841452946,0.9622383038494607,36,36
2024-02-29,VTV,-0.0023016814734214243,0.8518442975989444,0.01359532785011433,0.20920005913072937,0.14859283391140998,0.3028469955827543,0.9645334365158186,36,36
2024-03-31,VTV,-0.00212170685343444,0.8532526530583817,0.0014860132950425403,0.21499429508343706,0.1319315629584851,0.2971523336644851,0.9623995274193186,36,36
2024-04-30,VTV,-0.0021842019617834786,0.8534919356784164,0.004280949043074925,0.21327929631459086,0.13181185165367226,0.3004083154154983,0.9632608502391581,36,36
2024-05-31,VTV,-0.0022631677816101516,0.8531534520846634,0.0014192137833441282,0.2105099295704837,0.12745309719516787,0.3041511098693846,0.96317914224002,36,36
2024-06-30,VTV,-0.001878570251428709,0.8520065415272394,0.033110359162263195,0.16797079759255032,0.12196409938982146,0.3531466703416415,0.9633462847763059,36,36
2024-07-31,VTV,-0.0012893013057367203,0.8469305110375963,0.0885186122712075,0.18011353468603492,0.14451769118049035,0.336647924730757,0.9597379173034948,36,36
2024-08-31,VTV,-0.0010398241690348984,0.8493765580567856,0.0799909734094597,0.17035056270585347,0.13909467341823234,0.3522658752037918,0.957887647333426,36,36
2024-09-30,VTV,-0.0003299628621314878,0.8416148368035258,0.07733012523908503,0.1829025119165733,0.11764054506685766,0.34603573989621,0.9600431073611386,36,36
2024-10-31,VTV,-0.0008189317488230645,0.8385152211056789,0.08913836141533543,0.17755143329968254,0.13111388448691327,0.3493457495502123,0.9577251376522111,36,36
2024-11-30,VTV,-0.00012240772824945612,0.8317146612133915,0.13762780262540203,0.1334521569080268,0.2409630999728505,0.3864042599042542,0.9740285506008447,36,36
2024-12-31,VTV,-0.001186700122037635,0.8371184908061917,0.14115862190632797,0.15750665527992957,0.19686845640283376,0.3667340143384774,0.963720525066602,36,36
2025-01-31,VTV,-0.0005512025322795744,0.8391240268226503,0.04993659782695013,0.27725656213573624,0.1215353316576088,0.24673656183949116,0.9535011604297283,36,36
2025-02-28,VTV,-0.0001255172191000544,0.8356314501713749,0.044589290612895675,0.28381702847167234,0.10689095520745687,0.25404526123783555,0.95369412195179,36,36
2025-03-31,VTV,-0.00036118428194650224,0.8175522180753851,0.034671325015632685,0.33862767335358446,0.13457287156980774,0.17797497778517796,0.9518727668731124,36,36
2025-04-30,VTV,-0.00039806271563476957,0.8106731584542093,0.05117050930407642,0.3390665053640768,0.16697852492949716,0.19315823492302198,0.9505166407646605,36,36
2025-05-31,VTV,-0.0008611637461125188,0.7972303770320474,0.022066159063454466,0.4251751370298217,0.1646836212196003,0.11135672452687058,0.9491898203888824,36,36
2025-06-30,VTV,-0.0016478309898393887,0.8344882850766221,-0.036263680763335984,0.4634069592964768,0.10733300873545702,0.12669470309963965,0.9497022857124835,36,36
2025-07-31,VTV,-0.0018346074880523687,0.8344177686446383,-0.03648195626599118,0.46280578236237835,0.1081056770376624,0.13088768940779832,0.9473410971779084,36,36
2025-08-31,VTV,-0.0025048207789113777,0.8453231509709269,-0.04581803453724889,0.4742616758990916,0.13881617434085147,0.10335001010040948,0.9480204642501269,36,36
2025-09-30,VTV,-0.002745324904273816,0.8552805564733392,-0.05225855477622237,0.47876459292639184,0.14104547050834015,0.09781677374018694,0.9407308585379346,36,36
2025-10-31,VTV,-0.002694829190761455,0.8491672318772361,-0.05442744874894697,0.47555202099650434,0.12591152721216956,0.08919055195796302,0.9256534755203408,36,36
2025-11-30,VTV,-0.0024942912801914105,0.8475216965665594,-0.0518727065020262,0.48203284355340226,0.13023249742912724,0.0852951532133172,0.9204888734650485,36,36
2025-12-31,VTV,-0.003834272643319683,0.8799022962610811,-0.07434988256908637,0.5149773540739954,0.15472853244544515,0.021928440412056327,0.9203562147818483,36,36
2026-01-31,VTV,-0.0030183993328673844,0.87822807427216,-0.047514573437715826,0.507620560133124,0.17853411800874897,0.03956530452717133,0.9155289012745508,36,36
2026-02-28,VTV,-0.0006775203537913695,0.8397126596904361,-0.005857846925143739,0.4499516760211748,0.16930770636716408,0.1599247316437169,0.8980580975928567,36,36
2018-01-31,VUG,-0.0012308946850452794,1.0591878971117148,-0.22858482611774028,-0.1608124171818808,0.005341867791383181,-0.16142428237028522,0.9603647099418771,36,36
2018-02-28,VUG,-0.0009968275518397098,1.0607865320124206,-0.22218052020408796,-0.16208801552118893,0.0036789051480306256,-0.18366219521460758,0.9599826499430983,36,36
2018-03-31,VUG,1.974459428598363e-05,1.0329763026740602,-0.1605192520322116,-0.18189407662448903,0.024738083143566736,-0.21028413546894748,0.9723428089059741,36,36
2018-04-30,VUG,-0.0003058849625687649,1.0317350265594278,-0.1210128350727564,-0.2310684882938095,0.026732324618091455,-0.1688231297999728,0.9826663482018974,36,36
2018-05-31,VUG,3.140244578508878e-05,1.033076821045278,-0.0929083210649212,-0.2591123164904989,0.010766314872205862,-0.1698505971111369,0.9804027693084167,36,36
2018-06-30,VUG,0.00011160685317098242,1.029692054640727,-0.08633139391152844,-0.2587194570782172,0.01581424233149778,-0.17885741123656368,0.9802629530430607,36,36
2018-07-31,VUG,9.63850642884739e-06,1.0214489478751887,-0.08201832710886484,-0.26508316266682347,0.0029018375777290356,-0.18732565519116778,0.9780025155560095,36,36
2018-08-31,VUG,-0.0005838653557072661,1.041673289097541,-0.08936858800243819,-0.27061702231327733,-0.0028451224720942025,-0.17629583376835112,0.9769486307696946,36,36
2018-09-30,VUG,-0.0007101613350649183,1.0449610999649748,-0.08661358138198638,-0.2720679684172352,-0.00496356003597459,-0.17564613395458734,0.975827427336871,36,36
2018-10-31,VUG,-0.0007007000010088235,1.0168851268588144,-0.06815889973866818,-0.2653970963520955,-0.0017915994702832339,-0.2055865829478853,0.9810957120437128,36,36
2018-11-30,VUG,-0.0007750432034671515,1.004020410473247,-0.05013234331679639,-0.26500607918376184,0.002850786704062719,-0.22568188145801776,0.9782806746897099,36,36
2018-12-31,VUG,-0.0002395566922349596,0.9882081911179458,-0.060334296215020844,-0.2837814452880111,-0.011321395665023659,-0.21136435059856298,0.9845727440705551,36,36
2019-01-31,VUG,-0.0005321023474668674,1.0037473798191874,-0.05240590562742892,-0.286974667319455,-0.03571271714418117,-0.23312405059493907,0.9864856427815208,36,36
2019-02-28,VUG,-0.0007695731361505639,1.0019774897212144,-0.06422047697791586,-0.27432025644593483,-0.05167035562369604,-0.23675325801812017,0.9850447929043125,36,36
2019-03-31,VUG,-0.0007811839307883244,0.9904592783549666,-0.06644808385620386,-0.2853286125538341,-0.061655769318338396,-0.2363877568075609,0.9850174668432922,36,36
2019-04-30,VUG,-0.0005162127225289241,0.9948180900498781,-0.07501322119688604,-0.261966595687958,-0.06620469677577581,-0.25920122766959863,0.9845719528769911,36,36
2019-05-31,VUG,-0.0003783018342206077,0.9933473137203199,-0.07810815348530718,-0.2599491143649221,-0.07988599221659434,-0.2719749789019881,0.9868274640693636,36,36
2019-06-30,VUG,-0.000345784007777363,0.9847521850100398,-0.07049831238065969,-0.2645620407983697,-0.06760361991917135,-0.2647419500564623,0.9871815828701622,36,36
2019-07-31,VUG,-0.00022901618504208784,0.9891940261870544,-0.09733052693249494,-0.2560947999346538,-0.10676845464748486,-0.25509196144866814,0.9856544219841751,36,36
2019-08-31,VUG,-0.00014353161293311628,0.987883360570074,-0.09859350601149505,-0.2562339804894373,-0.11120890323351645,-0.25683408157893856,0.9856670208654045,36,36
2019-09-30,VUG,0.0002771609004090826,0.9932534540547333,-0.0975779853325496,-0.23653989969028327,-0.06157318380384269,-0.21901478127054919,0.9821781885076588,36,36
2019-10-31,VUG,0.0001937568586110822,0.993404993661771,-0.09786776334178807,-0.23671657501359344,-0.06373531227214535,-0.21694924728118625,0.9815688830111818,36,36
2019-11-30,VUG,0.00015470033051869468,0.9894346375807479,-0.08389168267313923,-0.23052640170274824,-0.02894012777868671,-0.20851778576602414,0.9808788123370705,36,36
2019-12-31,VUG,0.0003578251339538081,0.9949251722290342,-0.07999192964429569,-0.23199370817655351,-0.028881348853601718,-0.18809391813753787,0.9797492858725241,36,36
2020-01-31,VUG,0.0002944114614626429,0.9946200140070903,-0.09570647269507632,-0.24035330140711364,-0.051862831590916925,-0.19193069891319783,0.9791440672497187,36,36
2020-02-29,VUG,0.0003235583706159466,0.9948362676046016,-0.09751552643735095,-0.23913383113124465,-0.05290953016826916,-0.19519105621411612,0.9811195705501687,36,36
2020-03-31,VUG,0.00039030978929273895,0.9975880962281405,-0.09314823096734906,-0.18483883231533488,-0.04898211897209048,-0.25368694658798685,0.9838212696628025,36,36
2020-04-30,VUG,0.00031573797914813753,1.0198856955878872,-0.0752179123757315,-0.2162548788114188,-0.0005538495660369902,-0.21376183513636077,0.986247522283633,36,36
2020-05-31,VUG,0.000257747933799294,1.0194434262495247,-0.07835426176929758,-0.21071607117959507,-0.012520281270307687,-0.20814661859727634,0.9867147040469703,36,36
2020-06-30,VUG,0.0011653074606973483,1.0222563149889752,-0.035590734389748635,-0.23230242813168306,-0.028123099780604788,-0.15679657024943305,0.9831701744460832,36,36
2020-07-31,VUG,0.0011575096761135177,1.038246806062075,-0.05603752390913297,-0.23924502559722827,-0.038150727836414156,-0.12905061772672427,0.9826294549246306,36,36
2020-08-31,VUG,0.0011289458223598314,1.0398144962617386,-0.04922601729769799,-0.25561822962111097,0.04053051398088947,-0.12974597111514663,0.9827944045248236,36,36
2020-09-30,VUG,0.0006328754602203052,1.0539402169350869,-0.04235587617582143,-0.2670240492617821,0.056420254525193614,-0.06785492390105785,0.9805373270278726,36,36
2020-10-31,VUG,0.0009080106932575051,1.0494099051562036,-0.03282787112210095,-0.2610165884408659,0.0541799707523557,-0.07151299229849606,0.9807398593848986,36,36
2020-11-30,VUG,0.0009181324488526975,1.0238855132093252,-0.05390913097800887,-0.24897883844850377,0.19129235151948354,-0.1390042304902046,0.9822427832870964,36,36
2020-12-31,VUG,0.0009448145577673856,1.0233247322150054,-0.06223383195660881,-0.24474121685177957,0.20242249298468806,-0.13961790481127945,0.9822569797245208,36,36
2021-01-31,VUG,0.0011298129605924467,1.014527776908627,-0.011307955582068374,-0.2656884129466499,0.2043333522028502,-0.05443175435393599,0.9809610134427036,36,36
2021-02-28,VUG,0.0009236293127901324,1.0170640413266767,-0.011732590239055152,-0.2744428212711993,0.20452196128217048,-0.04050933873463708,0.9805463528227174,36,36
2021-03-31,VUG,0.00080188554434655,1.0181011642564117,-0.014252445525619828,-0.27577487779400894,0.1693824887302824,-0.055576409799688226,0.980052407725076,36,36
2021-04-30,VUG,0.0008863788464894429,1.0200828285891113,-0.024176317212689757,-0.271277542577194,0.18456643140814644,-0.07959302937362617,0.9800304041488401,36,36
2021-05-31,VUG,0.0006097096668874558,1.0250439801120748,-0.04903536828030147,-0.2606953521594202,0.17913590718633865,-0.07639970287617348,0.9811021255307409,36,36
2021-06-30,VUG,0.0008451679601771864,1.0309605052669029,-0.04315527479768655,-0.28186461395573237,0.16834484824245588,-0.05945743627272762,0.97998548430467,36,36
2021-07-31,VUG,0.001174879112590151,1.0374711940936694,-0.06143026505277538,-0.2742285107748786,0.1616005931936736,-0.05799528686889552,0.9813689921415878,36,36
2021-08-31,VUG,0.001375433942105951,1.0386051464851427,-0.06489958599648998,-0.27139896790834744,0.1549817978555757,-0.06934100792135242,0.9813369294334755,36,36
2021-09-30,VUG,0.0019717781763879147,1.0379359227775324,-0.08098125303850143,-0.25532912615816983,0.12613998389142572,-0.06491070569114599,0.981637811568331,36,36
2021-10-31,VUG,0.0025423226128196397,1.040216091313688,-0.1158548637523666,-0.23721006077061807,0.10742744802161375,-0.05081778149933108,0.9809614835487556,36,36
2021-11-30,VUG,0.003184145817606854,1.0350631680556612,-0.10944035124168242,-0.24342687763884943,0.14281872844436005,-0.028991077657706588,0.9823842706397606,36,36
2021-12-31,VUG,0.0028676393615666637,1.0324991700154795,-0.11091811734123341,-0.23516286657619712,0.10981648259127838,-0.08886105753097243,0.9772395939318813,36,36
2022-01-31,VUG,0.0027456012938393785,1.0305396668976887,-0.10613813725770668,-0.23881475057634882,0.11608929086457462,-0.09055304261790467,0.9792249379893647,36,36
2022-02-28,VUG,0.002679456134932207,1.0325988784436806,-0.10498648523313853,-0.2419475363778975,0.12744920614386732,-0.10687313603680217,0.9799662935610507,36,36
2022-03-31,VUG,0.0027116816559094774,1.0349421609785752,-0.10866921143268024,-0.24295793731827295,0.12320760703362746,-0.10173734149480249,0.9799851286880041,36,36
2022-04-30,VUG,0.0023309936311897627,1.0551551952731617,-0.13186431121062223,-0.23823132556438353,0.08705308849033624,-0.12550764472650222,0.9812879141301881,36,36
2022-05-31,VUG,0.0022748306169298555,1.0549475745932668,-0.13005392101328517,-0.24068304381648192,0.08817176580488034,-0.12583010730788147,0.9805754728963932,36,36
2022-06-30,VUG,0.0018252768885694787,1.0917974375543675,-0.17434368208421674,-0.23134000785427417,0.04333313583649956,-0.08776661403841354,0.9811983714890516,36,36
2022-07-31,VUG,0.0020478082697395214,1.094501945287981,-0.17140640494986004,-0.2269524165378184,0.046512221012704386,-0.1145457019540772,0.9824601680104924,36,36
2022-08-31,VUG,0.0017495426350708832,1.0959480611172496,-0.16862164745413016,-0.2284912418825312,0.059733285452203716,-0.11391609820793597,0.9827091978372882,36,36
2022-09-30,VUG,0.0013630516179899558,1.1019836184022693,-0.16477316361040723,-0.2355402897949984,0.06446670577747603,-0.10289960881470493,0.9838916891630293,36,36
2022-10-31,VUG,0.0013669848299244424,1.0887007619783513,-0.17334139595655335,-0.2307307448319898,0.049304698086896276,-0.15178468547326063,0.981588910920046,36,36
2022-11-30,VUG,0.0016658824057589668,1.0909254891528506,-0.1792795760304332,-0.2241524752349245,0.02186272431457495,-0.16585640724559558,0.9818433596176421,36,36
2022-12-31,VUG,0.001362826996338567,1.0946132536680269,-0.18506359828491964,-0.21929100821278674,0.020366527271682033,-0.1789530332223952,0.982408756062986,36,36
2023-01-31,VUG,0.0018278230215971678,1.09759446810177,-0.1640538823158934,-0.22108625311937188,0.01476380381199216,-0.19425183460192452,0.9815917378850892,36,36
2023-02-28,VUG,0.001589205540783227,1.102966717203541,-0.1647775401798971,-0.2205185191437435,0.017908984316269194,-0.18798349018565524,0.9814113603975686,36,36
2023-03-31,VUG,0.0022094041362349286,1.1012812976067878,-0.19030115106844453,-0.24150007744164537,0.007922749861150491,-0.17281075294655623,0.980098213295378,36,36
2023-04-30,VUG,0.0021498541690664705,1.1025330811264695,-0.18756029354153536,-0.24018457606980034,0.008918218039138337,-0.17562940109353686,0.9775642217471686,36,36
2023-05-31,VUG,0.0028288801749880355,1.1013854124927347,-0.1859186323177936,-0.24488927062165877,0.007361447418098077,-0.19570102053281693,0.9771021466503875,36,36
2023-06-30,VUG,0.002217257417901501,1.0975905204850445,-0.2125019300131975,-0.22524638364456512,-0.008188503207811448,-0.21116168170779936,0.9792850389966501,36,36
2023-07-31,VUG,0.002378481008645272,1.0985455500506256,-0.2085920582140267,-0.21895365843235637,-0.010205336477178972,-0.21689557136557353,0.9783149896626911,36,36
2023-08-31,VUG,0.002108437793508479,1.099146112189486,-0.20364943521683215,-0.22023846911898748,-0.01844435494892316,-0.20789853327176916,0.9768591286279539,36,36
2023-09-30,VUG,0.0027049224191436523,1.0944186972700267,-0.2038737034929961,-0.22949468541893187,-0.03379363814058417,-0.2065281284730929,0.9795998593970792,36,36
2023-10-31,VUG,0.0025246020173822162,1.0991668482255368,-0.2181840473177058,-0.2351799692583862,-0.037778305792389444,-0.19678868777236072,0.9800166433817111,36,36
2023-11-30,VUG,0.003289120741467763,1.1295996819461323,-0.21146141015696496,-0.22892762199313862,-0.07066474919425952,-0.18894758189768357,0.9815635179203045,36,36
2023-12-31,VUG,0.003823458358335339,1.134893571393717,-0.17775320857235494,-0.23964419480659116,-0.0707998818687944,-0.17684524828796405,0.9820288467538609,36,36
2024-01-31,VUG,0.0027771302507099936,1.1327148888049379,-0.1866480802443587,-0.21946060529970937,-0.046590705166994775,-0.21388818846735855,0.9824839160381489,36,36
2024-02-29,VUG,0.0026434839032158835,1.1280528192595485,-0.17455575442525884,-0.20027323394714266,-0.03272499381871011,-0.23817288064749725,0.9828073840421004,36,36
2024-03-31,VUG,0.0023362853138878623,1.1217653431671204,-0.16336636926164752,-0.2226332075244325,-0.037288506234963215,-0.2210670799413632,0.9813022008364387,36,36
2024-04-30,VUG,0.0022983187165920484,1.1236926221759886,-0.16406361201318864,-0.22130693057782705,-0.03654121433503549,-0.22277185508433547,0.9811566619247722,36,36
2024-05-31,VUG,0.0021967041051081104,1.123934905454378,-0.166915653720471,-0.2272177684947915,-0.03961729368405878,-0.22026074979493326,0.9816711817850347,36,36
2024-06-30,VUG,0.0021015510919768395,1.1262711404690289,-0.1919364423752874,-0.20535409344138128,-0.04094507757337196,-0.24673385753180013,0.9811892427761397,36,36
2024-07-31,VUG,0.0017853771855149171,1.1283094007531962,-0.21606367048261266,-0.21137280655117474,-0.0573308315314065,-0.2371185589271215,0.980784846152451,36,36
2024-08-31,VUG,0.0016241380980277047,1.1267001025662018,-0.21020334196573437,-0.20305708633691555,-0.053718544013971636,-0.2503647062556091,0.9801743074566597,36,36
2024-09-30,VUG,0.0008496934203844394,1.131711587202051,-0.21038022819181462,-0.20377215454602748,-0.035227957044929446,-0.2548297688651559,0.980111971683833,36,36
2024-10-31,VUG,0.0011058768422399484,1.1337745733611873,-0.21717165141757971,-0.2003998873304602,-0.041930546185115346,-0.25738594598474607,0.9791433490244444,36,36
2024-11-30,VUG,0.0004078640633845519,1.1390985971455643,-0.2630271036315885,-0.16040784578663458,-0.1404595576550024,-0.2905622834488798,0.986065403638653,36,36
2024-12-31,VUG,0.0009347785641748551,1.1314496409814274,-0.2740143199768933,-0.1659154566155323,-0.1332941352766777,-0.29666942269719854,0.9832678020265981,36,36
2025-01-31,VUG,0.00021824828410526784,1.1328799136802385,-0.16634772331182832,-0.3061986346876859,-0.051211453782243524,-0.17524247985946667,0.9786283165100133,36,36
2025-02-28,VUG,0.00041792470316448505,1.1314016125702686,-0.17933846895396333,-0.29354564179904724,-0.06013606840954633,-0.17847899476138535,0.9781792416536584,36,36
2025-03-31,VUG,0.00041309882999067925,1.140789607266675,-0.17368663963195216,-0.3190170238004162,-0.07172147774690435,-0.1445402853721059,0.9789495322385945,36,36
2025-04-30,VUG,0.00017161991611262892,1.1506333006187355,-0.1879649595746609,-0.317226206903115,-0.09439354549876922,-0.1631497626471872,0.9761523949994247,36,36
2025-05-31,VUG,0.00039067955918022264,1.1598415709469698,-0.16631566131103737,-0.38200371674050004,-0.09341276432594972,-0.10684533371175328,0.9772710116227271,36,36
2025-06-30,VUG,0.0009678451054172879,1.1309191710685975,-0.1215318878006731,-0.41032597650212255,-0.047875037309166105,-0.12033746444010168,0.9774702923949082,36,36
2025-07-31,VUG,0.0010613634458041532,1.1339871655834002,-0.11998195806424329,-0.4088077339148971,-0.04334735996550397,-0.13204895429798974,0.9746355508076321,36,36
2025-08-31,VUG,0.0019693287687629797,1.1210975946921093,-0.10318960607144192,-0.42138968243372577,-0.07602348451210757,-0.09820589994697912,0.9739246348564703,36,36
2025-09-30,VUG,0.00236895918992271,1.1024080824176363,-0.0887106554623743,-0.4315648473223098,-0.07657951925330916,-0.08612869270950922,0.9692766777925116,36,36
2025-10-31,VUG,0.00224484904239774,1.117790539523159,-0.08337711718324993,-0.42342623599130913,-0.03883903153675311,-0.0644942596831359,0.969279512339118,36,36
2025-11-30,VUG,0.0022191930909274547,1.1244860390490699,-0.08560360560053511,-0.424150498868452,-0.026498296075457492,-0.05984906558880955,0.9697275621953133,36,36
2025-12-31,VUG,0.0035504553796352413,1.0929922377204249,-0.06416010696053738,-0.45497557254079757,-0.05017763534194877,0.0011694449490358971,0.9669978560275616,36,36
2026-01-31,VUG,0.0028629240770201765,1.0908605994869034,-0.09771507193405321,-0.4386568660574486,-0.06723525973907815,0.0020601423347603037,0.9642255716289987,36,36
2026-02-28,VUG,0.0011060210143391314,1.1197921000464661,-0.12900822501235637,-0.3953836477771613,-0.060338273417356536,-0.08813787994104604,0.9610235874277587,36,36
