date,ticker,fund_name,style_category,benchmark_proxy,factor_style_label,return,excess_return,predicted_excess_return,predicted_return,residual,cumulative_actual_return,cumulative_predicted_return,wealth_index,drawdown,mkt_rf,smb,hml,rmw,cma,rf,beta_market,beta_smb,beta_hml,beta_rmw,beta_cma,r_squared,rolling_alpha,rolling_beta_market,rolling_beta_smb,rolling_beta_hml,rolling_beta_rmw,rolling_beta_cma,rolling_r_squared,window_months
2015-02-28,IWM,iShares Russell 2000 ETF,Small Cap,Russell 2000,Small-Cap Tilt,0.0594640867959654,0.0594640867959654,0.0633940312133582,0.0633940312133582,-0.0039299444173928,0.0594640867959654,0.0633940312133582,1.0594640867959655,0.0,0.0613999999999999,0.0036,-0.0179,-0.011,-0.0175,0.0,1.0005675236894855,0.8160657774086512,0.1058148204370458,-0.1153849873052388,-0.034876044740578,0.9900352610186124,,,,,,,,
2015-03-31,IWM,iShares Russell 2000 ETF,Small Cap,Russell 2000,Small-Cap Tilt,0.017699661212049,0.017699661212049,0.0129978737072463,0.0129978737072463,0.0047017875048026,0.078216242198587,0.0772158925321089,1.078216242198587,0.0,-0.0109,0.0308,-0.0038,0.0007,-0.0062,0.0,1.0005675236894855,0.8160657774086512,0.1058148204370458,-0.1153849873052388,-0.034876044740578,0.9900352610186124,,,,,,,,
2015-04-30,IWM,iShares Russell 2000 ETF,Small Cap,Russell 2000,Small-Cap Tilt,-0.0256492667680412,-0.0256492667680412,-0.0174611009035995,-0.0174611009035995,-0.0081881658644416,0.0505607861688004,0.0584065171376446,1.0505607861688004,-0.025649266768041246,0.006,-0.0301,0.018,0.0005,-0.0062,0.0,1.0005675236894855,0.8160657774086512,0.1058148204370458,-0.1153849873052388,-0.034876044740578,0.9900352610186124,,,,,,,,
2015-05-31,IWM,iShares Russell 2000 ETF,Small Cap,Russell 2000,Small-Cap Tilt,0.0223636239512887,0.0223636239512887,0.0206811417453916,0.0206811417453916,0.001682482205897,0.0740551325286498,0.0802955723428144,1.0740551325286498,-0.0038592533733792234,0.0138,0.0081999999999999,-0.0111,-0.0176,-0.0083,0.0,1.0005675236894855,0.8160657774086512,0.1058148204370458,-0.1153849873052388,-0.034876044740578,0.9900352610186124,,,,,,,,
2015-06-30,IWM,iShares Russell 2000 ETF,Small Cap,Russell 2000,Small-Cap Tilt,0.0078293917736971,0.0078293917736971,0.0065585978885436,0.0065585978885436,0.0012707938851534,0.0824643309477668,0.087380796602585,1.0824643309477668,0.0,-0.0154,0.0289999999999999,-0.0081999999999999,0.0034999999999999,-0.0154,0.0,1.0005675236894855,0.8160657774086512,0.1058148204370458,-0.1153849873052388,-0.034876044740578,0.9900352610186124,,,,,,,,
2015-07-31,IWM,iShares Russell 2000 ETF,Small Cap,Russell 2000,Small-Cap Tilt,-0.0110392109858962,-0.0110392109858962,-0.0265396488798904,-0.0265396488798904,0.0155004378939942,0.0705147788137274,0.0585220920620168,1.0705147788137275,-0.01103921098589622,0.0157,-0.0458,-0.0416,0.0031,-0.0243999999999999,0.0,1.0005675236894855,0.8160657774086512,0.1058148204370458,-0.1153849873052388,-0.034876044740578,0.9900352610186124,,,,,,,,
2015-08-31,IWM,iShares Russell 2000 ETF,Small Cap,Russell 2000,Small-Cap Tilt,-0.0631102597148888,-0.0631102597148888,-0.057133240400313,-0.057133240400313,-0.0059770193145757,0.0029543130941662,-0.0019547050928047,1.0029543130941663,-0.07345278322841775,-0.0602,0.0029,0.0275,0.0066,0.0129,0.0,1.0005675236894855,0.8160657774086512,0.1058148204370458,-0.1153849873052388,-0.034876044740578,0.9900352610186124,,,,,,,,
2015-09-30,IWM,iShares Russell 2000 ETF,Small Cap,Russell 2000,Small-Cap Tilt,-0.0493629634453202,-0.0493629634453202,-0.0557205194848034,-0.0557205194848034,0.0063575560394832,-0.0465544840004272,-0.0575663073943973,0.9534455159995727,-0.11918989962027648,-0.0306,-0.0279999999999999,0.0055,0.018,-0.0059,0.0,1.0005675236894855,0.8160657774086512,0.1058148204370458,-0.1153849873052388,-0.034876044740578,0.9900352610186124,,,,,,,,
2015-10-31,IWM,iShares Russell 2000 ETF,Small Cap,Russell 2000,Small-Cap Tilt,0.0562269429130513,0.0562269429130513,0.0579626652656036,0.0579626652656036,-0.0017357223525523,0.0070548425983854,-0.002940338734872,1.0070548425983854,-0.0696646403889869,0.0775,-0.0206,-0.0046999999999999,0.0095,0.0060999999999999,0.0,1.0005675236894855,0.8160657774086512,0.1058148204370458,-0.1153849873052388,-0.034876044740578,0.9900352610186124,,,,,,,,
2015-11-30,IWM,iShares Russell 2000 ETF,Small Cap,Russell 2000,Small-Cap Tilt,0.0325994303384369,0.0325994303384369,0.0346416581521332,0.0346416581521332,-0.0020422278136963,0.039884256786657,0.0315994612079562,1.039884256786657,-0.03933623764196292,0.0056999999999999,0.033,-0.0043,-0.0265,-0.0106,0.0,1.0005675236894855,0.8160657774086512,0.1058148204370458,-0.1153849873052388,-0.034876044740578,0.9900352610186124,,,,,,,,
2015-12-31,IWM,iShares Russell 2000 ETF,Small Cap,Russell 2000,Small-Cap Tilt,-0.0503040241032823,-0.0504040241032823,-0.0497038751859795,-0.0496038751859795,-0.0007001489173027,-0.0124261059313627,-0.019571869707727,0.9875738940686373,-0.0876614906987715,-0.0215,-0.0295,-0.0256999999999999,0.0034,0.0012,0.0001,1.0005675236894855,0.8160657774086512,0.1058148204370458,-0.1153849873052388,-0.034876044740578,0.9900352610186124,,,,,,,,
2016-01-31,IWM,iShares Russell 2000 ETF,Small Cap,Russell 2000,Small-Cap Tilt,-0.0857752352180236,-0.0858752352180236,-0.0885398442465586,-0.0884398442465586,0.002664609028535,-0.0971354889902796,-0.1062807808457203,0.9028645110097203,-0.1659175409325454,-0.0574,-0.0344,0.0208,0.0278,0.0305,0.0001,1.0005675236894855,0.8160657774086512,0.1058148204370458,-0.1153849873052388,-0.034876044740578,0.9900352610186124,,,,,,,,
2016-02-29,IWM,iShares Russell 2000 ETF,Small Cap,Russell 2000,Small-Cap Tilt,-0.0022340842308148,-0.0024340842308148,0.0002939343470941,0.0004939343470941,-0.0027280185779089,-0.0991525643568888,-0.1058393422267218,0.9008474356431112,-0.16778095140154725,-0.0007,0.0087,-0.0060999999999999,0.0331,0.0194,0.0002,1.0005675236894855,0.8160657774086512,0.1058148204370458,-0.1153849873052388,-0.034876044740578,0.9900352610186124,,,,,,,,
2016-03-31,IWM,iShares Russell 2000 ETF,Small Cap,Russell 2000,Small-Cap Tilt,0.0801345162765931,0.0799345162765931,0.0772388040643461,0.0774388040643461,0.0026957122122469,-0.0269635908626186,-0.0365966102473701,0.9730364091373813,-0.10109148050594363,0.0695,0.01,0.0121999999999999,0.0068,0.0001,0.0002,1.0005675236894855,0.8160657774086512,0.1058148204370458,-0.1153849873052388,-0.034876044740578,0.9900352610186124,,,,,,,,
2016-04-30,IWM,iShares Russell 2000 ETF,Small Cap,Russell 2000,Small-Cap Tilt,0.0167224709659121,0.0166224709659121,0.0242570449947228,0.0243570449947228,-0.0076345740288107,-0.0106920177620434,-0.0131309505350968,0.9893079822379566,-0.0860595088876932,0.0091,0.0123,0.0322,-0.0285,0.0177,0.0001,1.0005675236894855,0.8160657774086512,0.1058148204370458,-0.1153849873052388,-0.034876044740578,0.9900352610186124,,,,,,,,
2016-05-31,IWM,iShares Russell 2000 ETF,Small Cap,Russell 2000,Small-Cap Tilt,0.0224037948973598,0.0223037948973598,0.0122272485100855,0.0123272485100855,0.0100765463872742,0.0114722353623366,-0.000965570515431,1.0114722353623367,-0.06558377357642076,0.0178,-0.0062,-0.0162,-0.011,-0.0254,0.0001,1.0005675236894855,0.8160657774086512,0.1058148204370458,-0.1153849873052388,-0.034876044740578,0.9900352610186124,,,,,,,,
2016-06-30,IWM,iShares Russell 2000 ETF,Small Cap,Russell 2000,Small-Cap Tilt,-0.000173644610281,-0.000373644610281,-0.0017491938798412,-0.0015491938798412,0.0013755492695602,0.0112965986602171,-0.0025132685393393,1.0112965986602171,-0.06574602991789835,-0.0003,0.0042,-0.0149,0.0144999999999999,0.019,0.0002,1.0005675236894855,0.8160657774086512,0.1058148204370458,-0.1153849873052388,-0.034876044740578,0.9900352610186124,,,,,,,,
2016-07-31,IWM,iShares Russell 2000 ETF,Small Cap,Russell 2000,Small-Cap Tilt,0.0587485457944603,0.0585485457944603,0.0561959682498902,0.0563959682498902,0.00235257754457,0.0707088031983889,0.0537409614978028,1.070708803198389,-0.010859967772873569,0.0394,0.0247,-0.0124,0.0131,-0.0116,0.0002,1.0005675236894855,0.8160657774086512,0.1058148204370458,-0.1153849873052388,-0.034876044740578,0.9900352610186124,,,,,,,,
2016-08-31,IWM,iShares Russell 2000 ETF,Small Cap,Russell 2000,Small-Cap Tilt,0.0178414251990544,0.0176414251990544,0.0230998467077875,0.0232998467077875,-0.0054584215087331,0.0898117742206219,0.0782929643704184,1.089811774220622,0.0,0.0049,0.0166,0.0317,-0.0185,-0.0036,0.0002,1.0005675236894855,0.8160657774086512,0.1058148204370458,-0.1153849873052388,-0.034876044740578,0.9900352610186124,,,,,,,,
2016-09-30,IWM,iShares Russell 2000 ETF,Small Cap,Russell 2000,Small-Cap Tilt,0.0107383038054422,0.0105383038054422,0.0177539245343475,0.0179539245343475,-0.0072156207289053,0.101514504142951,0.0976525548786428,1.101514504142951,0.0,0.0027,0.0181,-0.0118999999999999,-0.0218,0.0003,0.0002,1.0005675236894855,0.8160657774086512,0.1058148204370458,-0.1153849873052388,-0.034876044740578,0.9900352610186124,,,,,,,,
2016-10-31,IWM,iShares Russell 2000 ETF,Small Cap,Russell 2000,Small-Cap Tilt,-0.0459707656172183,-0.0461707656172183,-0.0507618957415388,-0.0505618957415388,0.0045911301243205,0.0508770390490289,0.0421531608384353,1.050877039049029,-0.045970765617218357,-0.0200999999999999,-0.0401999999999999,0.0411,0.0098999999999999,0.0025,0.0002,1.0005675236894855,0.8160657774086512,0.1058148204370458,-0.1153849873052388,-0.034876044740578,0.9900352610186124,,,,,,,,
2016-11-30,IWM,iShares Russell 2000 ETF,Small Cap,Russell 2000,Small-Cap Tilt,0.1106332665985403,0.1105332665985403,0.1121166424331284,0.1122166424331284,-0.001583375834588,0.1671389986724247,0.1591000894487966,1.1671389986724248,0.0,0.0484999999999999,0.0696,0.0828999999999999,-0.0024,0.0371,0.0001,1.0005675236894855,0.8160657774086512,0.1058148204370458,-0.1153849873052388,-0.034876044740578,0.9900352610186124,,,,,,,,
2016-12-31,IWM,iShares Russell 2000 ETF,Small Cap,Russell 2000,Small-Cap Tilt,0.0288442530487884,0.0285442530487884,0.0230894334717862,0.0233894334717862,0.0054548195770021,0.2008042512932417,0.1862107838781008,1.2008042512932418,0.0,0.0181,0.0044,0.0347,0.0124,-0.0032,0.0003,1.0005675236894855,0.8160657774086512,0.1058148204370458,-0.1153849873052388,-0.034876044740578,0.9900352610186124,,,,,,,,
2017-01-31,IWM,iShares Russell 2000 ETF,Small Cap,Russell 2000,Small-Cap Tilt,0.0028178739967015,0.0024178739967015,0.0047331913329939,0.0051331913329939,-0.0023153173362924,0.2041879663680896,0.1922998307930079,1.2041879663680897,0.0,0.0194,-0.0144,-0.0276,-0.0051,-0.0106,0.0004,1.0005675236894855,0.8160657774086512,0.1058148204370458,-0.1153849873052388,-0.034876044740578,0.9900352610186124,,,,,,,,
2017-02-28,IWM,iShares Russell 2000 ETF,Small Cap,Russell 2000,Small-Cap Tilt,0.01930049211769,0.01890049211769,0.014307816369137,0.014707816369137,0.0045926757485529,0.227429386721194,0.2098359577612645,1.227429386721194,0.0,0.0355,-0.023,-0.015,0.0045,-0.018,0.0004,1.0005675236894855,0.8160657774086512,0.1058148204370458,-0.1153849873052388,-0.034876044740578,0.9900352610186124,,,,,,,,
2017-03-31,IWM,iShares Russell 2000 ETF,Small Cap,Russell 2000,Small-Cap Tilt,0.0002602032170964,-3.979678290358916e-05,0.0029380897079539,0.0032380897079539,-0.0029778864908575,0.2277487677963776,0.2137535151244038,1.2277487677963776,0.0,0.0017,0.0075,-0.0333,0.0063,-0.0095,0.0003,1.0005675236894855,0.8160657774086512,0.1058148204370458,-0.1153849873052388,-0.034876044740578,0.9900352610186124,,,,,,,,
2017-04-30,IWM,iShares Russell 2000 ETF,Small Cap,Russell 2000,Small-Cap Tilt,0.0114927578417873,0.0109927578417873,0.009511288670006,0.010011288670006,0.0014814691717812,0.2418589870752143,0.2259047519385488,1.2418589870752144,0.0,0.0108,0.0040999999999999,-0.0204999999999999,0.0179,-0.016,0.0005,1.0005675236894855,0.8160657774086512,0.1058148204370458,-0.1153849873052388,-0.034876044740578,0.9900352610186124,,,,,,,,
2017-05-31,IWM,iShares Russell 2000 ETF,Small Cap,Russell 2000,Small-Cap Tilt,-0.0197038082212636,-0.0203038082212636,-0.0192639213107064,-0.0186639213107064,-0.0010398869105571,0.2173896357560316,0.2030245621139466,1.2173896357560317,-0.019703808221263608,0.0107,-0.0299,-0.0382,0.0098999999999999,-0.0166,0.0006,1.0005675236894855,0.8160657774086512,0.1058148204370458,-0.1153849873052388,-0.034876044740578,0.9900352610186124,,,,,,,,
2017-06-30,IWM,iShares Russell 2000 ETF,Small Cap,Russell 2000,Small-Cap Tilt,0.0337444492890659,0.0331444492890659,0.0315861249798919,0.0321861249798919,0.0015583243091739,0.2584697785848355,0.241745261024026,1.2584697785848356,0.0,0.0078,0.0252,0.015,-0.0226,0.0004,0.0006,1.0005675236894855,0.8160657774086512,0.1058148204370458,-0.1153849873052388,-0.034876044740578,0.9900352610186124,,,,,,,,
2017-07-31,IWM,iShares Russell 2000 ETF,Small Cap,Russell 2000,Small-Cap Tilt,0.008524298756052,0.007824298756052,0.0051373861834135,0.0058373861834135,0.0026869125726384,0.2691973509529555,0.248993807654047,1.2691973509529555,0.0,0.0187999999999999,-0.0163999999999999,-0.0023,-0.0075,-0.0015,0.0007,1.0005675236894855,0.8160657774086512,0.1058148204370458,-0.1153849873052388,-0.034876044740578,0.9900352610186124,,,,,,,,
2017-08-31,IWM,iShares Russell 2000 ETF,Small Cap,Russell 2000,Small-Cap Tilt,-0.0125786435739593,-0.0134786435739593,-0.0157516898663729,-0.0148516898663729,0.0022730462924136,0.2532325698503048,0.2304441389777489,1.2532325698503048,-0.012578643573959325,0.0018,-0.0183,-0.0213,0.002,-0.0237999999999999,0.0009,1.0005675236894855,0.8160657774086512,0.1058148204370458,-0.1153849873052388,-0.034876044740578,0.9900352610186124,,,,,,,,
2017-09-30,IWM,iShares Russell 2000 ETF,Small Cap,Russell 2000,Small-Cap Tilt,0.0630409157207967,0.0621409157207967,0.0673363465661742,0.0682363465661742,-0.0051954308453775,0.3322374986647953,0.3144051516753523,1.3322374986647953,0.0,0.0249,0.0475999999999999,0.0315,-0.0154,0.0163,0.0009,1.0005675236894855,0.8160657774086512,0.1058148204370458,-0.1153849873052388,-0.034876044740578,0.9900352610186124,,,,,,,,
2017-10-31,IWM,iShares Russell 2000 ETF,Small Cap,Russell 2000,Small-Cap Tilt,0.0072886571204202,0.0063886571204202,0.0061329062253804,0.0070329062253804,0.0002557508950397,0.3419477209955293,0.3236492398492421,1.3419477209955293,0.0,0.0225,-0.0191,0.0013,0.0092,-0.0314,0.0009,1.0005675236894855,0.8160657774086512,0.1058148204370458,-0.1153849873052388,-0.034876044740578,0.9900352610186124,,,,,,,,
2017-11-30,IWM,iShares Russell 2000 ETF,Small Cap,Russell 2000,Small-Cap Tilt,0.0294117045056814,0.0286117045056814,0.0234113864989273,0.0242113864989273,0.005200318006754,0.3814166908275225,0.3556966231842433,1.3814166908275225,0.0,0.0312,-0.0038,-0.0009,0.0319,-0.001,0.0008,1.0005675236894855,0.8160657774086512,0.1058148204370458,-0.1153849873052388,-0.034876044740578,0.9900352610186124,,,,,,,,
2017-12-31,IWM,iShares Russell 2000 ETF,Small Cap,Russell 2000,Small-Cap Tilt,-0.0039848277413115,-0.0048848277413115,-0.0003404910069902,0.0005595089930097,-0.0045443367343212,0.3759119832756024,0.3564551476367077,1.3759119832756024,-0.00398482774131137,0.0106,-0.0105,0.0005,0.0073,0.0179,0.0009,1.0005675236894855,0.8160657774086512,0.1058148204370458,-0.1153849873052388,-0.034876044740578,0.9900352610186124,,,,,,,,
2018-01-31,IWM,iShares Russell 2000 ETF,Small Cap,Russell 2000,Small-Cap Tilt,0.0255805741394583,0.0244805741394583,0.02850665471451,0.02960665471451,-0.0040260805750517,0.4111086017731531,0.3966152468285076,1.4111086017731531,0.0,0.0558,-0.0321,-0.0132,-0.0075,-0.0105,0.0011,1.0005675236894855,0.8160657774086512,0.1058148204370458,-0.1153849873052388,-0.034876044740578,0.9900352610186124,-0.0012673111775414,0.9953400880748976,0.8087270667256,0.1303635703165366,0.0128056772707397,-0.1911495835603122,0.9886300822816504,36.0
2018-02-28,IWM,iShares Russell 2000 ETF,Small Cap,Russell 2000,Small-Cap Tilt,-0.038436891248995,-0.039536891248995,-0.0355625949180973,-0.0344625949180973,-0.0039742963308976,0.356869973906277,0.3484842613206182,1.356869973906277,-0.038436891248994964,-0.0364,0.0034,-0.011,0.0053,-0.0236,0.0011,1.0005675236894855,0.8160657774086512,0.1058148204370458,-0.1153849873052388,-0.034876044740578,0.9900352610186124,-0.0014548324737779,1.0153349513616587,0.7993029492858083,0.1232950893090528,-0.001283819118407,-0.1632276436957311,0.9880474066711208,36.0
2018-03-31,IWM,iShares Russell 2000 ETF,Small Cap,Russell 2000,Small-Cap Tilt,0.0121752465368778,0.0109752465368778,0.0052054723496487,0.0064054723496487,0.005769774187229,0.373390200357073,0.3571219399704439,1.373390200357073,-0.026729623339184827,-0.0235,0.0361,-0.0021,-0.0040999999999999,0.0008,0.0012,1.0005675236894855,0.8160657774086512,0.1058148204370458,-0.1153849873052388,-0.034876044740578,0.9900352610186124,-0.00129698972046,1.0098661985847472,0.8053311130288715,0.1177737059094737,-0.0056773330966836,-0.1567279961180807,0.9874278130553276,36.0
2018-04-30,IWM,iShares Russell 2000 ETF,Small Cap,Russell 2000,Small-Cap Tilt,0.0098135182647391,0.0084135182647391,0.0121211716266145,0.0135211716266145,-0.0037076533618754,0.3868679901728911,0.3754718186390284,1.386867990172891,-0.017178416721294165,0.0029,0.0089,0.0053,-0.0242,0.0124,0.0014,1.0005675236894855,0.8160657774086512,0.1058148204370458,-0.1153849873052388,-0.034876044740578,0.9900352610186124,-0.0010293809955202,1.0099464239246836,0.784373385244353,0.1390345730732297,-0.016479241577952,-0.1687795426237072,0.988970988107656,36.0
2018-05-31,IWM,iShares Russell 2000 ETF,Small Cap,Russell 2000,Small-Cap Tilt,0.0616357131084104,0.0602357131084104,0.0632691825451941,0.0646691825451941,-0.0030334694367837,0.4723485877344251,0.464422456764366,1.4723485877344251,0.0,0.0263,0.0471,-0.0314,-0.0197999999999999,-0.0149,0.0014,1.0005675236894855,0.8160657774086512,0.1058148204370458,-0.1153849873052388,-0.034876044740578,0.9900352610186124,-0.0011341417465341,1.009890808797896,0.7829395997998909,0.1424036857545278,-0.0092839993692205,-0.1691410196982397,0.9896067970670324,36.0
2018-06-30,IWM,iShares Russell 2000 ETF,Small Cap,Russell 2000,Small-Cap Tilt,0.0061437024640103,0.0047437024640103,0.0067294226544854,0.0081294226544854,-0.0019857201904751,0.4813942593807712,0.4763273658601235,1.4813942593807712,0.0,0.0049,0.0077,-0.0233,0.0083,0.002,0.0014,1.0005675236894855,0.8160657774086512,0.1058148204370458,-0.1153849873052388,-0.034876044740578,0.9900352610186124,-0.0011856864304145,1.0105972867106483,0.7807078616767894,0.1449655416221417,-0.0113080601335778,-0.170202837829192,0.9895845135529958,36.0
2018-07-31,IWM,iShares Russell 2000 ETF,Small Cap,Russell 2000,Small-Cap Tilt,0.0164906936233451,0.014890693623345,0.0139489459324103,0.0155489459324103,0.0009417476909346,0.5058234782476017,0.4992827002504203,1.5058234782476017,0.0,0.032,-0.0192999999999999,0.0049,0.0153,0.0031,0.0016,1.0005675236894855,0.8160657774086512,0.1058148204370458,-0.1153849873052388,-0.034876044740578,0.9900352610186124,-0.0015555979059194,1.0056396140484138,0.8063379584127843,0.1575213089770031,0.0034405158943931,-0.1640551849503208,0.9925043671725268,36.0
2018-08-31,IWM,iShares Russell 2000 ETF,Small Cap,Russell 2000,Small-Cap Tilt,0.0431058095909522,0.0415058095909522,0.0360535033094001,0.0376535033094001,0.005452306281552,0.5707332183785281,0.5557359463660259,1.570733218378528,0.0,0.0346,0.0065,-0.0391,-0.0029,-0.0256999999999999,0.0016,1.0005675236894855,0.8160657774086512,0.1058148204370458,-0.1153849873052388,-0.034876044740578,0.9900352610186124,-0.0011392449217404,0.9933250651280764,0.812483705432511,0.1589772664951123,0.0074311217634546,-0.1740145020547074,0.992104747907658,36.0
2018-09-30,IWM,iShares Russell 2000 ETF,Small Cap,Russell 2000,Small-Cap Tilt,-0.0232500437655426,-0.0247500437655426,-0.0236223459576396,-0.0221223459576396,-0.0011276978079029,0.5342136023072357,0.5213194175417808,1.5342136023072357,-0.023250043765542627,0.0006,-0.0249,-0.0162,0.0065,0.0136,0.0015,1.0005675236894855,0.8160657774086512,0.1058148204370458,-0.1153849873052388,-0.034876044740578,0.9900352610186124,-0.001256622768318,0.998470257351779,0.8134875085349342,0.152781459667927,0.0017240727285284,-0.1640986459493293,0.9918928328895004,36.0
2018-10-31,IWM,iShares Russell 2000 ETF,Small Cap,Russell 2000,Small-Cap Tilt,-0.1098781778133274,-0.1117781778133274,-0.1120186338068501,-0.1101186338068501,0.0002404559935227,0.3656370073092956,0.3537938016982469,1.3656370073092956,-0.13057354913583208,-0.0764,-0.0438,0.0338,0.0103,0.036,0.0019,1.0005675236894855,0.8160657774086512,0.1058148204370458,-0.1153849873052388,-0.034876044740578,0.9900352610186124,-0.001151096069495,0.9994234083643244,0.80676658316693,0.1532722494195267,-0.0004579528819372,-0.1546370081612659,0.9935763238670668,36.0
2018-11-30,IWM,iShares Russell 2000 ETF,Small Cap,Russell 2000,Small-Cap Tilt,0.017263112540476,0.015463112540476,0.0104807175579112,0.0122807175579112,0.0049823949825647,0.3892121526559149,0.3704193610085537,1.389212152655915,-0.11556454246889736,0.0171,-0.0081,0.0036,-0.0060999999999999,0.004,0.0018,1.0005675236894855,0.8160657774086512,0.1058148204370458,-0.1153849873052388,-0.034876044740578,0.9900352610186124,-0.0010231773838254,1.0039642518959897,0.8000103367521908,0.1528595568036474,-0.0085812487784427,-0.1470442011241036,0.9929518760013094,36.0
2018-12-31,IWM,iShares Russell 2000 ETF,Small Cap,Russell 2000,Small-Cap Tilt,-0.1197213970591143,-0.1216213970591143,-0.1215305103184479,-0.1196305103184479,-9.088674066635992e-05,0.2228937329284492,0.2064753935008192,1.2228937329284493,-0.2214503910531378,-0.0955,-0.0281,-0.0192,-0.0003,0.0024,0.0019,1.0005675236894855,0.8160657774086512,0.1058148204370458,-0.1153849873052388,-0.034876044740578,0.9900352610186124,-0.000968901912692,1.0009418272169508,0.8001280079458448,0.1520701158554281,-0.0096294927609499,-0.1476563326505145,0.9941866810484172,36.0
2019-01-31,IWM,iShares Russell 2000 ETF,Small Cap,Russell 2000,Small-Cap Tilt,0.1132185785868573,0.1111185785868573,0.1074359145515341,0.1095359145515341,0.0036826640353231,0.3613480231333843,0.3386277791118535,1.3613480231333843,-0.13330411096882044,0.0836,0.0291,-0.0039,-0.0073,-0.0165,0.0021,1.0005675236894855,0.8160657774086512,0.1058148204370458,-0.1153849873052388,-0.034876044740578,0.9900352610186124,-0.0010177521254405,1.0078699817725545,0.8028606803560306,0.1514306836932094,-0.0162680462115933,-0.1544417328231953,0.994251062506494,36.0
2019-02-28,IWM,iShares Russell 2000 ETF,Small Cap,Russell 2000,Small-Cap Tilt,0.0517915394153467,0.0499915394153467,0.0448294096699584,0.0466294096699584,0.0051621297453882,0.4318543329315014,0.4010472022196467,1.4318543329315014,-0.08841659667094304,0.0342,0.0172,-0.0266,0.0016,-0.0154,0.0018,1.0005675236894855,0.8160657774086512,0.1058148204370458,-0.1153849873052388,-0.034876044740578,0.9900352610186124,-0.0008088185784611,1.0081368910497288,0.8133295304974202,0.1406647208480687,0.0075993458034921,-0.1425020869178923,0.9943122458572892,36.0
2019-03-31,IWM,iShares Russell 2000 ETF,Small Cap,Russell 2000,Small-Cap Tilt,-0.0209333085092766,-0.0228333085092766,-0.0237656415532566,-0.0218656415532566,0.00093233304398,0.401880884439902,0.3704124062967189,1.401880884439902,-0.1074990532847665,0.011,-0.0352,-0.0414,0.0088,-0.009,0.0019,1.0005675236894855,0.8160657774086512,0.1058148204370458,-0.1153849873052388,-0.034876044740578,0.9900352610186124,-0.0008188855863113,1.006621178063828,0.8136751146644823,0.1402584945072636,0.0065339169594094,-0.1432907001371859,0.994057803779816,36.0
2019-04-30,IWM,iShares Russell 2000 ETF,Small Cap,Russell 2000,Small-Cap Tilt,0.0339666740176767,0.0318666740176767,0.0305300975079705,0.0326300975079705,0.0013365765097061,0.4494981154532844,0.4151290967403134,1.4494981154532844,-0.07718376456722231,0.0397,-0.0115,0.0213,0.0161,-0.0218,0.0021,1.0005675236894855,0.8160657774086512,0.1058148204370458,-0.1153849873052388,-0.034876044740578,0.9900352610186124,-0.0007491680049858,1.0067428133396847,0.8111025163778973,0.133126635925449,-0.0230978822615419,-0.1212442623980374,0.9941327682128916,36.0
2019-05-31,IWM,iShares Russell 2000 ETF,Small Cap,Russell 2000,Small-Cap Tilt,-0.0785265095384817,-0.0806265095384817,-0.0855864642133058,-0.0834864642133058,0.0049599546748241,0.3356740878641309,0.2969849720480955,1.3356740878641309,-0.1496493024812,-0.0692,-0.0156,-0.0245,-0.0048,0.0176,0.0021,1.0005675236894855,0.8160657774086512,0.1058148204370458,-0.1153849873052388,-0.034876044740578,0.9900352610186124,-0.0006615505447346,0.99753956929333,0.8185686568248148,0.1153487321020573,-0.0027826541830972,-0.0745607624697694,0.9952485268392656,36.0
2019-06-30,IWM,iShares Russell 2000 ETF,Small Cap,Russell 2000,Small-Cap Tilt,0.0698488405157822,0.0680488405157822,0.0695214339380321,0.0713214339380321,-0.0014725934222499,0.4289693742084155,0.3894878000506441,1.4289693742084155,-0.09025329222772516,0.0699,0.0019,-0.0064,0.0045,-0.0055,0.0018,1.0005675236894855,0.8160657774086512,0.1058148204370458,-0.1153849873052388,-0.034876044740578,0.9900352610186124,-0.0006991349776602,0.9936845869064164,0.819519630433064,0.1175706487315549,-0.0048209188716732,-0.0803947684497966,0.9953891371188448,36.0
2019-07-31,IWM,iShares Russell 2000 ETF,Small Cap,Russell 2000,Small-Cap Tilt,0.0068171539965176,0.0049171539965176,-0.0030595720370258,-0.0011595720370258,0.0079767260335434,0.4387108784887017,0.3878765888519169,1.4387108784887017,-0.08405140882301665,0.0121999999999999,-0.0182,0.005,-0.0013,0.0037,0.0019,1.0005675236894855,0.8160657774086512,0.1058148204370458,-0.1153849873052388,-0.034876044740578,0.9900352610186124,-0.0005090896052918,0.9976536505751472,0.8071595111548775,0.1207560956198753,-0.0186653616409214,-0.0728439735126696,0.9945237121160588,36.0
2019-08-31,IWM,iShares Russell 2000 ETF,Small Cap,Russell 2000,Small-Cap Tilt,-0.049310671357224,-0.050910671357224,-0.0584434174073781,-0.0568434174073781,0.0075327460501541,0.3677670791814822,0.3089849406018792,1.3677670791814822,-0.12921744878265728,-0.0255,-0.0325,-0.0476999999999999,0.0053,-0.0062,0.0016,1.0005675236894855,0.8160657774086512,0.1058148204370458,-0.1153849873052388,-0.034876044740578,0.9900352610186124,-0.0001625275924248,0.9923051405802844,0.8020933463568931,0.1211532975017661,-0.0375303730074871,-0.0808621596778727,0.9945355148249228,36.0
2019-09-30,IWM,iShares Russell 2000 ETF,Small Cap,Russell 2000,Small-Cap Tilt,0.0203707571288891,0.0185707571288891,0.0194847824738912,0.0212847824738912,-0.0009140253450021,0.3956295301603783,0.3368464003241898,1.3956295301603783,-0.11147894891973431,0.0141999999999999,0.0029,0.0676,0.0182,0.0338,0.0018,1.0005675236894855,0.8160657774086512,0.1058148204370458,-0.1153849873052388,-0.034876044740578,0.9900352610186124,8.957347560303863e-06,0.9902406343537608,0.8029625477600295,0.1167149176254566,-0.0729447844640205,-0.0858164402253598,0.99496160377019,36.0
2019-10-31,IWM,iShares Russell 2000 ETF,Small Cap,Russell 2000,Small-Cap Tilt,0.0271573988962798,0.0256573988962798,0.0196192035495762,0.0211192035495762,0.0060381953467035,0.4335311980223713,0.3650795315671546,1.4335311980223713,-0.08734902830780567,0.0207,0.0025,-0.0192,0.0043,-0.0103,0.0015,1.0005675236894855,0.8160657774086512,0.1058148204370458,-0.1153849873052388,-0.034876044740578,0.9900352610186124,1.2487742614961106e-05,0.993077997547226,0.8126548146803306,0.1032030485269526,-0.0632608242479619,-0.075953568826045,0.994627588134409,36.0
2019-11-30,IWM,iShares Russell 2000 ETF,Small Cap,Russell 2000,Small-Cap Tilt,0.0406564151256712,0.0394564151256712,0.0411140920944425,0.0423140920944425,-0.0016576769687713,0.4918134375047696,0.4228416325821256,1.4918134375047696,-0.05024391153784069,0.0387,0.0039,-0.02,-0.0163999999999999,-0.0113999999999999,0.0012,1.0005675236894855,0.8160657774086512,0.1058148204370458,-0.1153849873052388,-0.034876044740578,0.9900352610186124,-2.464116302054904e-05,0.991771749892678,0.8145573720331207,0.1038906754792879,-0.0551757334062685,-0.0753953348038945,0.9938946668350928,36.0
2019-12-31,IWM,iShares Russell 2000 ETF,Small Cap,Russell 2000,Small-Cap Tilt,0.0278651404043308,0.0264651404043308,0.0360884619203288,0.0374884619203288,-0.009623321515998,0.5333830283979075,0.4761817769438392,1.5333830283979075,-0.02377882478297444,0.0276,0.0098999999999999,0.0173,0.0005,0.0118999999999999,0.0014,1.0005675236894855,0.8160657774086512,0.1058148204370458,-0.1153849873052388,-0.034876044740578,0.9900352610186124,-0.0005435509049665,0.9885171881621756,0.8070129284372645,0.0867556843559351,-0.0663521213571597,-0.0806421002628955,0.9930063781790056,36.0
2020-01-31,IWM,iShares Russell 2000 ETF,Small Cap,Russell 2000,Small-Cap Tilt,-0.0310256461544998,-0.0323256461544998,-0.0419715322438537,-0.0406715322438537,0.0096458860893539,0.4858088291395188,0.4161432022050786,1.4858088291395188,-0.05406671753378778,-0.0009,-0.0437,-0.0622,-0.0118999999999999,-0.0219,0.0013,1.0005675236894855,0.8160657774086512,0.1058148204370458,-0.1153849873052388,-0.034876044740578,0.9900352610186124,-0.0004684130222799,0.9917811909256936,0.7861566647077494,0.0736029104944174,-0.0999687341329102,-0.0815801083919572,0.9928631279854182,36.0
2020-02-29,IWM,iShares Russell 2000 ETF,Small Cap,Russell 2000,Small-Cap Tilt,-0.0884567458540153,-0.0896567458540153,-0.0833672893464016,-0.0821672893464016,-0.0062894565076136,0.3543790151526724,0.2997825539535541,1.3543790151526724,-0.1377408974957559,-0.0815,0.0008,-0.0382,-0.0143,-0.0253,0.0012,1.0005675236894855,0.8160657774086512,0.1058148204370458,-0.1153849873052388,-0.034876044740578,0.9900352610186124,-0.0009019958800642,1.0123389137506156,0.7829188862666963,0.0623392503337738,-0.080935346970603,-0.0350028792594098,0.9929087218485212,36.0
2020-03-31,IWM,iShares Russell 2000 ETF,Small Cap,Russell 2000,Small-Cap Tilt,-0.2147710387924177,-0.2159710387924177,-0.2144855932051578,-0.2132855932051578,-0.0014854455872598,0.0634976271496812,0.0225576608958553,1.0634976271496812,-0.32292918064881027,-0.1335,-0.0818,-0.1383,-0.0161,0.0118999999999999,0.0012,1.0005675236894855,0.8160657774086512,0.1058148204370458,-0.1153849873052388,-0.034876044740578,0.9900352610186124,-0.0007366842314898,1.0130725881282283,0.7972991907532881,0.0837103446485766,-0.0600161048191711,-0.0643032775209971,0.9953575363646302,36.0
2020-04-30,IWM,iShares Russell 2000 ETF,Small Cap,Russell 2000,Small-Cap Tilt,0.1384761771390126,0.1384761771390126,0.1516390197119654,0.1516390197119654,-0.0131628425729528,0.21076671295378,0.1776173021930631,1.21076671295378,-0.2291710019326786,0.1358,0.0256999999999999,-0.0134,0.0276,-0.0102,0.0,1.0005675236894855,0.8160657774086512,0.1058148204370458,-0.1153849873052388,-0.034876044740578,0.9900352610186124,-0.000783668029965,0.9892097294575136,0.766647036634948,0.1258532922314074,-0.1426158511098111,-0.1070509152599944,0.994813907990262,36.0
2020-05-31,IWM,iShares Russell 2000 ETF,Small Cap,Russell 2000,Small-Cap Tilt,0.0659197613465469,0.0658197613465469,0.0653397017169661,0.0654397017169661,0.0004800596295807,0.2905801657180362,0.2546802271853154,1.2905801657180362,-0.17835813834108283,0.0559,0.0192,-0.05,0.0096,-0.0316,0.0001,1.0005675236894855,0.8160657774086512,0.1058148204370458,-0.1153849873052388,-0.034876044740578,0.9900352610186124,-0.0007379469380741,0.9896344130081846,0.7653910793707033,0.1236740268950868,-0.1361722183599602,-0.1112697633610051,0.9949888253395882,36.0
2020-06-30,IWM,iShares Russell 2000 ETF,Small Cap,Russell 2000,Small-Cap Tilt,0.0342992582138652,0.0341992582138652,0.0367134595083657,0.0368134595083657,-0.0025142012945005,0.3348461080676921,0.3008693469247492,1.334846108067692,-0.15017643196872277,0.0243999999999999,0.0195,-0.0217,0.0014,0.0055,0.0001,1.0005675236894855,0.8160657774086512,0.1058148204370458,-0.1153849873052388,-0.034876044740578,0.9900352610186124,-0.0008573125446399,0.9896981302549156,0.7633947648792789,0.1219129701748461,-0.1266042452653688,-0.1119669532610385,0.995019525987735,36.0
2020-07-31,IWM,iShares Russell 2000 ETF,Small Cap,Russell 2000,Small-Cap Tilt,0.0291944793839988,0.0290944793839988,0.0290359624343821,0.0291359624343821,5.851694961660908e-05,0.3738162452504854,0.3387714273487878,1.3738162452504854,-0.12536627533179734,0.0583,-0.0319,-0.0144,0.0038,0.0097,0.0001,1.0005675236894855,0.8160657774086512,0.1058148204370458,-0.1153849873052388,-0.034876044740578,0.9900352610186124,-0.0009154844468921,0.988733171272028,0.7663378981483054,0.120034145246876,-0.1205188615155503,-0.1112104708114594,0.9950626496023568,36.0
2020-08-31,IWM,iShares Russell 2000 ETF,Small Cap,Russell 2000,Small-Cap Tilt,0.0547637850812448,0.0546637850812447,0.0604202097293102,0.0605202097293102,-0.0057564246480655,0.4490516228465055,0.4197941549115445,1.4490516228465056,-0.07746802200925929,0.0762,-0.0089,-0.0302,0.0426999999999999,-0.0151,0.0001,1.0005675236894855,0.8160657774086512,0.1058148204370458,-0.1153849873052388,-0.034876044740578,0.9900352610186124,-0.0008767082450643,0.9877408574927864,0.7622485031262226,0.128549800840294,-0.1576502121555663,-0.1136501712357835,0.9949830790852072,36.0
2020-09-30,IWM,iShares Russell 2000 ETF,Small Cap,Russell 2000,Small-Cap Tilt,-0.0326134916865609,-0.0327134916865609,-0.0380791389649622,-0.0379791389649622,0.0053656472784013,0.4017929897914034,0.3658715954005178,1.4017929897914034,-0.10755501100404696,-0.0364,-0.0001,-0.0272,-0.0138,-0.0192999999999999,0.0001,1.0005675236894855,0.8160657774086512,0.1058148204370458,-0.1153849873052388,-0.034876044740578,0.9900352610186124,-0.0005659669038803,0.9855391919125096,0.7695845733939811,0.1318667613692505,-0.1702949087601577,-0.1144791771171391,0.9949092629405742,36.0
2020-10-31,IWM,iShares Russell 2000 ETF,Small Cap,Russell 2000,Small-Cap Tilt,0.0220311178408882,0.0219311178408882,0.0219187231407469,0.0220187231407469,1.2394700141284132e-05,0.4326760563380289,0.3959463439054522,1.432676056338029,-0.08789345028496687,-0.0208,0.0467,0.0425,-0.0077,-0.0056999999999999,0.0001,1.0005675236894855,0.8160657774086512,0.1058148204370458,-0.1153849873052388,-0.034876044740578,0.9900352610186124,-0.0005007827822982,0.9851766282278722,0.7605055155090338,0.1386301838690503,-0.1694475112654737,-0.132870693676031,0.9949810782072196,36.0
2020-11-30,IWM,iShares Russell 2000 ETF,Small Cap,Russell 2000,Small-Cap Tilt,0.1824417420156621,0.1823417420156621,0.1859716299899488,0.1860716299899488,-0.0036298879742867,0.6940559718004677,0.6556923554944494,1.6940559718004677,0.0,0.1244,0.0712,0.0209,-0.0225,0.0128,0.0001,1.0005675236894855,0.8160657774086512,0.1058148204370458,-0.1153849873052388,-0.034876044740578,0.9900352610186124,-0.0006646844246879,0.9889623678661498,0.7561507115588322,0.1399863973519653,-0.2108033439902543,-0.131028492933375,0.996096715180286,36.0
2020-12-31,IWM,iShares Russell 2000 ETF,Small Cap,Russell 2000,Small-Cap Tilt,0.0864646601854119,0.0863646601854119,0.086110508169143,0.086210508169143,0.0002541520162689,0.8405319457372631,0.7984304348333915,1.840531945737263,0.0,0.0463,0.0493,-0.0168,-0.0197,-0.0006,0.0001,1.0005675236894855,0.8160657774086512,0.1058148204370458,-0.1153849873052388,-0.034876044740578,0.9900352610186124,-0.0005380456034378,0.98966539445875,0.7603734028663565,0.1367732269574781,-0.210773956942727,-0.1188628443596263,0.996248214592212,36.0
2021-01-31,IWM,iShares Russell 2000 ETF,Small Cap,Russell 2000,Small-Cap Tilt,0.0484541880907922,0.0484541880907922,0.059795000108712,0.059795000108712,-0.0113408120179197,0.9297134268231284,0.9059675828797652,1.9297134268231284,0.0,-0.0007,0.0681,0.0322,-0.0365,0.0496999999999999,0.0,1.0005675236894855,0.8160657774086512,0.1058148204370458,-0.1153849873052388,-0.034876044740578,0.9900352610186124,-0.000466863632965,1.0016257179545054,0.7138731072736695,0.1565649169007098,-0.2407722974506179,-0.1737439597510844,0.9964312255850224,36.0
2021-02-28,IWM,iShares Russell 2000 ETF,Small Cap,Russell 2000,Small-Cap Tilt,0.0620257439689779,0.0620257439689779,0.0718067054054194,0.0718067054054194,-0.0097809614364415,1.0494053377687589,1.0428288356158917,2.049405337768759,0.0,0.0281,0.045,0.072,0.0033,-0.0199,0.0,1.0005675236894855,0.8160657774086512,0.1058148204370458,-0.1153849873052388,-0.034876044740578,0.9900352610186124,-0.0009006574468066,1.0023468484061504,0.7194040762329892,0.1287245049160342,-0.2266075063988016,-0.1436692462236066,0.9960561563664768,36.0
2021-03-31,IWM,iShares Russell 2000 ETF,Small Cap,Russell 2000,Small-Cap Tilt,0.0139505484883213,0.0139505484883213,0.023021655154385,0.023021655154385,-0.0090711066660637,1.0779956663055263,1.0898581366088749,2.0779956663055263,0.0,0.0316,-0.0084,0.0735,0.0635,0.0352,0.0,1.0005675236894855,0.8160657774086512,0.1058148204370458,-0.1153849873052388,-0.034876044740578,0.9900352610186124,-0.0012013592230023,1.0145182769144905,0.6914237232282973,0.1361382140065953,-0.2546569117050202,-0.1471205804075442,0.9965363483183036,36.0
2021-04-30,IWM,iShares Russell 2000 ETF,Small Cap,Russell 2000,Small-Cap Tilt,0.0178780176929647,0.0178780176929647,0.0200418575208806,0.0200418575208806,-0.0021638398279159,1.1151461095936406,1.1317427756216434,2.1151461095936406,0.0,0.0496999999999999,-0.0316,-0.0102,0.0243,-0.0272,0.0,1.0005675236894855,0.8160657774086512,0.1058148204370458,-0.1153849873052388,-0.034876044740578,0.9900352610186124,-0.0011816504085159,1.014186847743706,0.6951495263087154,0.1351212795607135,-0.272539802380602,-0.1300168050934827,0.9965088102192842,36.0
2021-05-31,IWM,iShares Russell 2000 ETF,Small Cap,Russell 2000,Small-Cap Tilt,0.0027126103990948,0.0027126103990948,0.0160011350035815,0.0160011350035815,-0.0132885246044867,1.1208836769261294,1.1658530795672748,2.1208836769261294,0.0,0.0029,0.0127,0.0704,0.0233999999999999,0.0301,0.0,1.0005675236894855,0.8160657774086512,0.1058148204370458,-0.1153849873052388,-0.034876044740578,0.9900352610186124,-0.00140216669976,1.0171142286632366,0.6939829725664937,0.1285485212092307,-0.2841890888216503,-0.1378134269643024,0.9962590954956874,36.0
2021-06-30,IWM,iShares Russell 2000 ETF,Small Cap,Russell 2000,Small-Cap Tilt,0.0186896165830874,0.0186896165830874,0.0183797052252228,0.0183797052252228,0.0003099113578645,1.1605221796652074,1.2056608207308623,2.1605221796652074,0.0,0.0273,-0.003,-0.0786,-0.0214,-0.0093,0.0,1.0005675236894855,0.8160657774086512,0.1058148204370458,-0.1153849873052388,-0.034876044740578,0.9900352610186124,-0.0014683162611611,1.0164882177392431,0.6908287746963513,0.1341514320785167,-0.2847483836871173,-0.1421114625980496,0.99623604671301,36.0
2021-07-31,IWM,iShares Russell 2000 ETF,Small Cap,Russell 2000,Small-Cap Tilt,-0.0362732059426988,-0.0362732059426988,-0.0327220108756382,-0.0327220108756382,-0.0035511950670605,1.082153113698443,1.133487163366938,2.082153113698443,-0.03627320594269867,0.0134,-0.0455,-0.0179,0.055,-0.0059,0.0,1.0005675236894855,0.8160657774086512,0.1058148204370458,-0.1153849873052388,-0.034876044740578,0.9900352610186124,-0.0015007297599646,1.0156741486427956,0.692989591951353,0.1330573395242198,-0.2826996944854356,-0.1422292222027393,0.9962892137771971,36.0
2021-08-31,IWM,iShares Russell 2000 ETF,Small Cap,Russell 2000,Small-Cap Tilt,0.0220312622068756,0.0220312622068756,0.0238230707701272,0.0238230707701272,-0.0017918085632516,1.128025574901196,1.1843133790469866,2.128025574901196,-0.015041088247030654,0.0295,-0.0066,-0.0023,-0.0026,-0.0172,0.0,1.0005675236894855,0.8160657774086512,0.1058148204370458,-0.1153849873052388,-0.034876044740578,0.9900352610186124,-0.001769698281728,1.01402694681128,0.6982967712754458,0.1287870442642172,-0.2731783160564254,-0.1270920147901058,0.9962707352336228,36.0
2021-09-30,IWM,iShares Russell 2000 ETF,Small Cap,Russell 2000,Small-Cap Tilt,-0.0288036576437425,-0.0288036576437425,-0.0289135765648765,-0.0289135765648765,0.000109918921134,1.0667306547846138,1.121157066920227,2.066730654784614,-0.04341150753431633,-0.044,0.0112,0.0512,-0.0192,0.02,0.0,1.0005675236894855,0.8160657774086512,0.1058148204370458,-0.1153849873052388,-0.034876044740578,0.9900352610186124,-0.0017330114725194,1.0141405362360585,0.697155585278396,0.1294716654744595,-0.2746795756743374,-0.1262851080913611,0.9962777451456624,36.0
2021-10-31,IWM,iShares Russell 2000 ETF,Small Cap,Russell 2000,Small-Cap Tilt,0.0425143972499513,0.0425143972499513,0.0413429081910064,0.0413429081910064,0.0011714890589448,1.1545964628507788,1.2088518687966148,2.1545964628507788,-0.0027427243608981744,0.0663,-0.027,-0.0053,0.0171,-0.0154,0.0,1.0005675236894855,0.8160657774086512,0.1058148204370458,-0.1153849873052388,-0.034876044740578,0.9900352610186124,-0.001797557231549,1.0137312547480737,0.7012894999147776,0.1273661805716659,-0.2724196418946407,-0.1276284150920194,0.9959807262433372,36.0
2021-11-30,IWM,iShares Russell 2000 ETF,Small Cap,Russell 2000,Small-Cap Tilt,-0.0433238144928825,-0.0433238144928825,-0.0399268051710363,-0.0399268051710363,-0.0033970093218461,1.0612511253872108,1.1206594705794926,2.061251125387211,-0.045947713572364046,-0.0158,-0.017,-0.0037,0.0719,0.017,0.0,1.0005675236894855,0.8160657774086512,0.1058148204370458,-0.1153849873052388,-0.034876044740578,0.9900352610186124,-0.0018801436702822,1.0030543136681795,0.7309828120915509,0.1103697638897988,-0.2170966413567612,-0.1180692350386995,0.9959286216127436,36.0
2021-12-31,IWM,iShares Russell 2000 ETF,Small Cap,Russell 2000,Small-Cap Tilt,0.0227149147279199,0.0226149147279199,0.0214009547707475,0.0215009547707475,0.0012139599571723,1.1080722689332103,1.1662556739405794,2.1080722689332103,-0.024276497240183215,0.0324,-0.0078,0.0325,0.0487999999999999,0.0429,0.0001,1.0005675236894855,0.8160657774086512,0.1058148204370458,-0.1153849873052388,-0.034876044740578,0.9900352610186124,-0.0017177080967878,1.0041831516581723,0.7317063875076966,0.1063231056793979,-0.2007524165929094,-0.0885324616391462,0.9950182055330306,36.0
2022-01-31,IWM,iShares Russell 2000 ETF,Small Cap,Russell 2000,Small-Cap Tilt,-0.0953472464011501,-0.0953472464011501,-0.085199869030825,-0.085199869030825,-0.010147377370325,0.907073382875804,0.9816909742335602,1.907073382875804,-0.11730904647721674,-0.0615,-0.0401,0.1286,0.0077,0.0773,0.0,1.0005675236894855,0.8160657774086512,0.1058148204370458,-0.1153849873052388,-0.034876044740578,0.9900352610186124,-0.0021327608213862,0.9991121045354164,0.7540709613911749,0.0904362377140975,-0.1774216132949679,-0.0998434047625874,0.995060716081002,36.0
2022-02-28,IWM,iShares Russell 2000 ETF,Small Cap,Russell 2000,Small-Cap Tilt,0.0103359646601626,0.0103359646601626,0.0040859143884558,0.0040859143884558,0.0062500502717067,0.9267848259655452,0.989787993898654,1.9267848259655451,-0.10818558397575995,-0.0227999999999999,0.0286,0.0306,-0.0203,0.0302999999999999,0.0,1.0005675236894855,0.8160657774086512,0.1058148204370458,-0.1153849873052388,-0.034876044740578,0.9900352610186124,-0.0019583189361999,0.9964736442011608,0.7562559407914251,0.0923577955334806,-0.1878785754684254,-0.0844918827491118,0.9946650298516676,36.0
2022-03-31,IWM,iShares Russell 2000 ETF,Small Cap,Russell 2000,Small-Cap Tilt,0.0115754594652215,0.0115754594652215,0.0112351321140739,0.0112351321140739,0.0003403273511475,0.9490882456167132,1.0121435248891038,1.9490882456167131,-0.09786242235257125,0.0308,-0.0210999999999999,-0.019,-0.015,0.0321,0.0,1.0005675236894855,0.8160657774086512,0.1058148204370458,-0.1153849873052388,-0.034876044740578,0.9900352610186124,-0.0019406167685123,0.9970748095907288,0.7550155481606704,0.0920933669096661,-0.1889453536861274,-0.0834952231165667,0.9946296242595888,36.0
2022-04-30,IWM,iShares Russell 2000 ETF,Small Cap,Russell 2000,Small-Cap Tilt,-0.0989916197968208,-0.0989916197968208,-0.0974337001101941,-0.0974337001101941,-0.0015579196866266,0.756144843056171,0.8160929361063898,1.756144843056171,-0.18716648244347034,-0.0941,-0.0034999999999999,0.0617999999999999,0.0341,0.0592,0.0,1.0005675236894855,0.8160657774086512,0.1058148204370458,-0.1153849873052388,-0.034876044740578,0.9900352610186124,-0.0019402051774398,0.99094940428994,0.7648612701654541,0.0872043156617417,-0.1773201692822166,-0.0699781512979152,0.9948998113113516,36.0
2022-05-31,IWM,iShares Russell 2000 ETF,Small Cap,Russell 2000,Small-Cap Tilt,0.0019462931192686,0.0016462931192686,0.0012538753156628,0.0015538753156628,0.0003924178036057,0.7595628156806504,0.8189149180907549,1.7595628156806504,-0.1855844701611391,-0.0033,-0.0003,0.0843999999999999,0.0155,0.0395,0.0003,1.0005675236894855,0.8160657774086512,0.1058148204370458,-0.1153849873052388,-0.034876044740578,0.9900352610186124,-0.0019648803549254,0.9947621300843448,0.7588895597273058,0.0952980293807497,-0.1804345627368552,-0.0719412646179294,0.9946336783282576,36.0
2022-06-30,IWM,iShares Russell 2000 ETF,Small Cap,Russell 2000,Small-Cap Tilt,-0.0836634089683732,-0.0842634089683732,-0.0809404712014,-0.0803404712014,-0.0033229377669731,0.6123517922268178,0.6727824364960877,1.6123517922268178,-0.25372124970424215,-0.084,0.0133,-0.06,0.0176,-0.0458,0.0006,1.0005675236894855,0.8160657774086512,0.1058148204370458,-0.1153849873052388,-0.034876044740578,0.9900352610186124,-0.0021010660888227,0.9996787995782852,0.7524343646935264,0.096619672864992,-0.1870246885016458,-0.0648037999144161,0.9947433070452912,36.0
2022-07-31,IWM,iShares Russell 2000 ETF,Small Cap,Russell 2000,Small-Cap Tilt,0.1056329010597445,0.1048329010597445,0.1064253805719577,0.1072253805719577,-0.0015924795122132,0.7826691895686151,0.8521471698634673,1.782669189568615,-0.17488966031126052,0.0957,0.0178,-0.0415,0.0077,-0.0684999999999999,0.0008,1.0005675236894855,0.8160657774086512,0.1058148204370458,-0.1153849873052388,-0.034876044740578,0.9900352610186124,-0.0024362094687096,0.9974226287545328,0.7633308896497999,0.0909275951215434,-0.1774360118800009,-0.0572744808011993,0.9954005148889934,36.0
2022-08-31,IWM,iShares Russell 2000 ETF,Small Cap,Russell 2000,Small-Cap Tilt,-0.0200269363243712,-0.0219269363243712,-0.0212806421776451,-0.0193806421776451,-0.000646294146726,0.746967787221706,0.8162513683040054,1.746967787221706,-0.19141409254478725,-0.0377,0.0149,0.0018,-0.0478,0.0132,0.0019,1.0005675236894855,0.8160657774086512,0.1058148204370458,-0.1153849873052388,-0.034876044740578,0.9900352610186124,-0.0027095616855025,0.998856425622324,0.7686724692004807,0.0928040681203402,-0.1742028612744267,-0.0566227792245998,0.9956002392362135,36.0
2022-09-30,IWM,iShares Russell 2000 ETF,Small Cap,Russell 2000,Small-Cap Tilt,-0.0966041205394219,-0.0985041205394219,-0.1004519123340884,-0.0985519123340884,0.0019477917946665,0.5782035005264532,0.6372563226782408,1.5782035005264532,-0.2695268230150685,-0.0934,-0.0097,0.0003,-0.0137,-0.0077,0.0019,1.0005675236894855,0.8160657774086512,0.1058148204370458,-0.1153849873052388,-0.034876044740578,0.9900352610186124,-0.0027125987593065,0.996484812069748,0.7693064087159196,0.091789211667831,-0.1755961847180253,-0.0608583631316342,0.9959135771143022,36.0
2022-10-31,IWM,iShares Russell 2000 ETF,Small Cap,Russell 2000,Small-Cap Tilt,0.1116298367087615,0.1093298367087615,0.0948690884628803,0.0971690884628803,0.0144607482458811,0.7543780995834171,0.7963470271329731,1.754378099583417,-0.18798422154811023,0.0786,0.0181,0.0797,0.0327,0.0643,0.0023,1.0005675236894855,0.8160657774086512,0.1058148204370458,-0.1153849873052388,-0.034876044740578,0.9900352610186124,-0.0027947980978119,1.009168914791902,0.7774707691645727,0.087486789485533,-0.1610417641721286,-0.0128805962989064,0.9944456468797678,36.0
2022-11-30,IWM,iShares Russell 2000 ETF,Small Cap,Russell 2000,Small-Cap Tilt,0.0220366834171727,0.0191366834171727,0.0167188858178671,0.0196188858178671,0.0024177975993055,0.7930387743579581,0.8315893543475601,1.793038774357958,-0.17009008690861682,0.0469,-0.0275,0.0148,0.063,0.0315,0.0029,1.0005675236894855,0.8160657774086512,0.1058148204370458,-0.1153849873052388,-0.034876044740578,0.9900352610186124,-0.002727569196512,1.0106719662364425,0.7764767905030803,0.0847119689718653,-0.1531235958108954,-0.0072737263632364,0.9943079900413558,36.0
2022-12-31,IWM,iShares Russell 2000 ETF,Small Cap,Russell 2000,Small-Cap Tilt,-0.0651412842253416,-0.0684412842253416,-0.0667948729662245,-0.0634948729662245,-0.001646411259117,0.6762379259304483,0.7152928209669724,1.6762379259304483,-0.22415148443873112,-0.0638,-0.0019,0.0134,0.0032,0.0428,0.0033,1.0005675236894855,0.8160657774086512,0.1058148204370458,-0.1153849873052388,-0.034876044740578,0.9900352610186124,-0.0025055203249886,1.0124241254090431,0.7753632091872513,0.0861394341318709,-0.1569861010109378,-0.0069235602313275,0.9947525034805886,36.0
2023-01-31,IWM,iShares Russell 2000 ETF,Small Cap,Russell 2000,Small-Cap Tilt,0.0981876923665143,0.0946876923665143,0.1009667770916097,0.1044667770916096,-0.0062790847250954,0.8408238597347912,0.8944839337417676,1.8408238597347912,-0.14797270906978444,0.0659,0.0438999999999999,-0.0394,-0.0242,-0.0443,0.0034999999999999,1.0005675236894855,0.8160657774086512,0.1058148204370458,-0.1153849873052388,-0.034876044740578,0.9900352610186124,-0.0030878592397137,1.0079496487818134,0.7929361335826904,0.0848555857477299,-0.1391320794474145,0.0038801240585603,0.995237613656619,36.0
2023-02-28,IWM,iShares Russell 2000 ETF,Small Cap,Russell 2000,Small-Cap Tilt,-0.017234343249965,-0.020634343249965,-0.0233846604119658,-0.0199846604119658,0.0027503171620008,0.8090984694733965,0.8566233156700134,1.8090984694733965,-0.16265683986001345,-0.0256999999999999,0.0058,-0.008,0.0097,-0.0151,0.0034,1.0005675236894855,0.8160657774086512,0.1058148204370458,-0.1153849873052388,-0.034876044740578,0.9900352610186124,-0.0027182112748341,1.001505939304086,0.7964744099041305,0.0857176079745331,-0.136254145057795,-0.0067524990477372,0.994967036777984,36.0
2023-03-31,IWM,iShares Russell 2000 ETF,Small Cap,Russell 2000,Small-Cap Tilt,-0.0484732697260738,-0.0520732697260738,-0.0437400161427591,-0.0401400161427591,-0.0083332535833146,0.7214055514015854,0.7820984258079959,1.7214055514015854,-0.20324560071476205,0.0249,-0.0689,-0.0905,0.0227,-0.021,0.0036,1.0005675236894855,0.8160657774086512,0.1058148204370458,-0.1153849873052388,-0.034876044740578,0.9900352610186124,-0.0027957783960692,0.9941373878863804,0.8081663631055211,0.0789541624199912,-0.1358677118767889,0.0044200182236397,0.9931055069480418,36.0
2023-04-30,IWM,iShares Russell 2000 ETF,Small Cap,Russell 2000,Small-Cap Tilt,-0.0179370647006746,-0.0214370647006746,-0.019546708729918,-0.0160467087299181,-0.0018903559707565,0.6905285886499948,0.7535016114410094,1.6905285886499948,-0.2175370359252884,0.0063,-0.0256999999999999,-0.0012,0.0242,0.0285,0.0034999999999999,1.0005675236894855,0.8160657774086512,0.1058148204370458,-0.1153849873052388,-0.034876044740578,0.9900352610186124,-0.002786573541025,1.0045990798253042,0.8186047394970141,0.0763831729324497,-0.126135499987504,0.0062839860441434,0.9931786870326856,36.0
2023-05-31,IWM,iShares Russell 2000 ETF,Small Cap,Russell 2000,Small-Cap Tilt,-0.0081619953385558,-0.0117619953385558,-0.0048912396824034,-0.0012912396824034,-0.0068707556561523,0.6767305021897383,0.7512374205771584,1.6767305021897383,-0.22392349499065867,0.0033,-0.0043,-0.0779,-0.0178,-0.0708,0.0036,1.0005675236894855,0.8160657774086512,0.1058148204370458,-0.1153849873052388,-0.034876044740578,0.9900352610186124,-0.0030573861600087,1.0053263858029444,0.8193292658053186,0.0774311659763345,-0.1243243903702157,0.0150131124020354,0.9929535013877758,36.0
2023-06-30,IWM,iShares Russell 2000 ETF,Small Cap,Russell 2000,Small-Cap Tilt,0.0806731416608377,0.0766731416608377,0.0718407722007848,0.0758407722007848,0.0048323694600528,0.8119976195199385,0.8840526188606406,1.8119976195199385,-0.1613149651623923,0.0646,0.0128,-0.0013,0.0232,-0.0154,0.004,1.0005675236894855,0.8160657774086512,0.1058148204370458,-0.1153849873052388,-0.034876044740578,0.9900352610186124,-0.0028874473671499,1.0081222160976262,0.8250142558461896,0.0769604230973344,-0.1179847741522279,0.0121044766544092,0.9928015237391382,36.0
2023-07-31,IWM,iShares Russell 2000 ETF,Small Cap,Russell 2000,Small-Cap Tilt,0.0610883060632794,0.0565883060632794,0.0592402380865351,0.0637402380865352,-0.0026519320232557,0.9226894846871064,1.0041425813543785,1.9226894846871063,-0.1100811170635404,0.0321,0.0286,0.0406,-0.0059,0.0066,0.0045,1.0005675236894855,0.8160657774086512,0.1058148204370458,-0.1153849873052388,-0.034876044740578,0.9900352610186124,-0.0029344191737821,1.0071265874201432,0.8271078514158124,0.0766655129344545,-0.116074153865445,0.0117342792931079,0.9929006872673904,36.0
2023-08-31,IWM,iShares Russell 2000 ETF,Small Cap,Russell 2000,Small-Cap Tilt,-0.0508278557370137,-0.0553278557370137,-0.0586056811633331,-0.0541056811633331,0.0032778254263193,0.8249633009323569,0.8957070818417587,1.824963300932357,-0.15531378566307907,-0.0236,-0.0365,-0.0115,0.0335,-0.0241,0.0045,1.0005675236894855,0.8160657774086512,0.1058148204370458,-0.1153849873052388,-0.034876044740578,0.9900352610186124,-0.0026583612918075,1.0070902924615244,0.8228263449319925,0.0771788286742062,-0.1065885555174099,0.0032549105481663,0.992893099747824,36.0
2023-09-30,IWM,iShares Russell 2000 ETF,Small Cap,Russell 2000,Small-Cap Tilt,-0.058536069806076,-0.062836069806076,-0.0681322971177694,-0.0638322971177694,0.0052962273116934,0.7181371217554537,0.7746997441453758,1.7181371217554537,-0.20475839686973507,-0.0523,-0.0178,0.0149,0.0187,-0.0077,0.0043,1.0005675236894855,0.8160657774086512,0.1058148204370458,-0.1153849873052388,-0.034876044740578,0.9900352610186124,-0.0027203069061439,1.0056959593448989,0.8205717304324708,0.0837071901894898,-0.1000941310383959,-0.0030283344372365,0.9930110313860124,36.0
2023-10-31,IWM,iShares Russell 2000 ETF,Small Cap,Russell 2000,Small-Cap Tilt,-0.0691411885534911,-0.0738411885534911,-0.0676979635676014,-0.0629979635676015,-0.0061432249858896,0.5993430790594074,0.6628972743202737,1.5993430790594074,-0.2597423464973453,-0.0315,-0.0403,0.002,0.0241,-0.0069,0.0046999999999999,1.0005675236894855,0.8160657774086512,0.1058148204370458,-0.1153849873052388,-0.034876044740578,0.9900352610186124,-0.0029366013499518,1.0084668733495876,0.8213821720693291,0.0791866421543991,-0.1000164036380238,0.0044077056720013,0.9932441104057552,36.0
2023-11-30,IWM,iShares Russell 2000 ETF,Small Cap,Russell 2000,Small-Cap Tilt,0.0920252171195905,0.0876252171195905,0.0927017614624494,0.0971017614624494,-0.0050765443428589,0.7465229731585639,0.8243675287878782,1.7465229731585639,-0.19161997520932483,0.0888,-0.002,0.0167,-0.0373,-0.0108,0.0044,1.0005675236894855,0.8160657774086512,0.1058148204370458,-0.1153849873052388,-0.034876044740578,0.9900352610186124,-0.0029598405013853,1.0090100092472658,0.8322476766520779,0.0750759725908447,-0.0936056948946756,0.0090732094976155,0.991944177854173,36.0
2023-12-31,IWM,iShares Russell 2000 ETF,Small Cap,Russell 2000,Small-Cap Tilt,0.1212619224919093,0.1169619224919093,0.1151428096367597,0.1194428096367597,0.0018191128551495,0.9583097065600568,1.0422751122363745,1.9583097065600568,-0.09359425929915022,0.0486,0.0727,0.0489,-0.0297,0.0129,0.0043,1.0005675236894855,0.8160657774086512,0.1058148204370458,-0.1153849873052388,-0.034876044740578,0.9900352610186124,-0.0028848555213888,1.0099478226603518,0.8379084599503654,0.0767501140170988,-0.0945768781455909,0.0084812778248369,0.9922276498609094,36.0
2024-01-31,IWM,iShares Russell 2000 ETF,Small Cap,Russell 2000,Small-Cap Tilt,-0.039011590934929,-0.043711590934929,-0.0432921259495466,-0.0385921259495467,-0.0004194649853823,0.881912929363835,0.9634593738813236,1.881912929363835,-0.1289545892764431,0.0073,-0.0572,-0.0237999999999999,0.0067,-0.0097,0.0046999999999999,1.0005675236894855,0.8160657774086512,0.1058148204370458,-0.1153849873052388,-0.034876044740578,0.9900352610186124,-0.0021829071901834,1.0099439941433055,0.8677079464485012,0.0552773864184522,-0.1049822302509275,0.0456767811190182,0.9934843664327776,36.0
2024-02-29,IWM,iShares Russell 2000 ETF,Small Cap,Russell 2000,Small-Cap Tilt,0.0562525440413079,0.0520525440413079,0.0425771947473319,0.0467771947473319,0.0094753492939759,0.9877753193047812,1.0553044953918445,1.9877753193047811,-0.07995606894773699,0.0507,-0.0081999999999999,-0.0343,-0.0206,-0.0217,0.0042,1.0005675236894855,0.8160657774086512,0.1058148204370458,-0.1153849873052388,-0.034876044740578,0.9900352610186124,-0.0016581257370285,1.0150139255697062,0.8665858670159884,0.0685221562617417,-0.1154977538766229,0.0252967202686661,0.99297009945325,36.0
2024-03-31,IWM,iShares Russell 2000 ETF,Small Cap,Russell 2000,Small-Cap Tilt,0.0348697208334281,0.0305697208334281,0.0200472791577735,0.0243472791577735,0.0105224416756545,1.057088489768517,1.1053455676953767,2.057088489768517,-0.04787439391745485,0.0283999999999999,-0.0121,0.0416,0.0133,0.0113999999999999,0.0043,1.0005675236894855,0.8160657774086512,0.1058148204370458,-0.1153849873052388,-0.034876044740578,0.9900352610186124,-0.0013982475021825,1.0216245466327676,0.8602730911815244,0.0915852487977315,-0.100660634858503,0.0083694477091409,0.9926184224859694,36.0
2024-04-30,IWM,iShares Russell 2000 ETF,Small Cap,Russell 2000,Small-Cap Tilt,-0.0684736525161345,-0.0731736525161345,-0.0703100651923376,-0.0656100651923377,-0.0028635873237968,0.916232127325168,0.9672137077464836,1.916232127325168,-0.11306991182006498,-0.0465,-0.0259,-0.0045,0.0113999999999999,-0.0031,0.0046999999999999,1.0005675236894855,0.8160657774086512,0.1058148204370458,-0.1153849873052388,-0.034876044740578,0.9900352610186124,-0.0013991045078145,1.022204554577186,0.859536196530331,0.092328200598524,-0.1003968726062193,0.0072221281068183,0.9928735514854172,36.0
2024-05-31,IWM,iShares Russell 2000 ETF,Small Cap,Russell 2000,Small-Cap Tilt,0.0503829380734157,0.0459829380734157,0.04302526224256,0.04742526224256,0.0029576758308556,1.0127775319304817,1.0605093337235196,2.0127775319304817,-0.0683837681118461,0.0432,0.0059,-0.0131,0.0317,-0.0285,0.0044,1.0005675236894855,0.8160657774086512,0.1058148204370458,-0.1153849873052388,-0.034876044740578,0.9900352610186124,-0.00102609639703,1.0225054974360783,0.8714638627580971,0.109904096352824,-0.0846574374970233,-0.0060436279644645,0.9945605799414062,36.0
2024-06-30,IWM,iShares Russell 2000 ETF,Small Cap,Russell 2000,Small-Cap Tilt,-0.0112438387652777,-0.0153438387652777,-0.0117760479083537,-0.0076760479083538,-0.0035677908569239,0.9901461858910818,1.0446927653622478,1.9901461858910818,-0.07885871081431195,0.0279999999999999,-0.0432,-0.0336,0.0056,-0.018,0.0040999999999999,1.0005675236894855,0.8160657774086512,0.1058148204370458,-0.1153849873052388,-0.034876044740578,0.9900352610186124,-0.0011235273570129,1.0217341115542835,0.8723243157597547,0.1148138763114062,-0.0818772800242344,-0.011030618906307,0.9945553360429434,36.0
2024-07-31,IWM,iShares Russell 2000 ETF,Small Cap,Russell 2000,Small-Cap Tilt,0.1033564189610125,0.0988564189610125,0.084851816743846,0.089351816743846,0.0140046022171664,1.1958405688737015,1.2273897786303634,2.1958405688737015,0.0,0.0121999999999999,0.0834,0.0562,0.0026,0.0028,0.0045,1.0005675236894855,0.8160657774086512,0.1058148204370458,-0.1153849873052388,-0.034876044740578,0.9900352610186124,-0.0008507946276096,1.0199855281279877,0.8930578476878269,0.1199986645689634,-0.0676826810216017,-0.0193355260307378,0.9945617704312362,36.0
2024-08-31,IWM,iShares Russell 2000 ETF,Small Cap,Russell 2000,Small-Cap Tilt,-0.0168854041854893,-0.0216854041854893,-0.0161522023591483,-0.0113522023591483,-0.0055332018263409,1.1587629133413744,1.202103999130653,2.1587629133413744,-0.016885404185489228,0.0161,-0.0355,-0.011,0.0076,0.0081999999999999,0.0048,1.0005675236894855,0.8160657774086512,0.1058148204370458,-0.1153849873052388,-0.034876044740578,0.9900352610186124,-0.0009104229018463,1.0193922788418033,0.895201858288986,0.1229404474786782,-0.0663539543046668,-0.0240243636988078,0.9944978122525716,36.0
2024-09-30,IWM,iShares Russell 2000 ETF,Small Cap,Russell 2000,Small-Cap Tilt,0.007105312136032,0.003105312136032,0.0057877626214013,0.0097877626214013,-0.0026824504853693,1.1741015976683546,1.2236576703417823,2.1741015976683546,-0.00990006811673827,0.0173,-0.0092,-0.0276,0.002,-0.0029,0.004,1.0005675236894855,0.8160657774086512,0.1058148204370458,-0.1153849873052388,-0.034876044740578,0.9900352610186124,-0.000970443269857,1.0190528482164125,0.8945396208679086,0.1256180340320307,-0.0659559747773086,-0.0267418945846402,0.99444349488338,36.0
2024-10-31,IWM,iShares Russell 2000 ETF,Small Cap,Russell 2000,Small-Cap Tilt,-0.0141700251411822,-0.0180700251411822,-0.0159568725237552,-0.0120568725237552,-0.0021131526174269,1.1432945233699097,1.1968473132740003,2.1432945233699097,-0.023929809043806816,-0.01,-0.0089,0.0086,-0.0148,0.0098,0.0039,1.0005675236894855,0.8160657774086512,0.1058148204370458,-0.1153849873052388,-0.034876044740578,0.9900352610186124,-0.0010192744915023,1.017966361287384,0.8967891610647566,0.1240772021397701,-0.0652412542778186,-0.0249566611553702,0.9943991482288392,36.0
2024-11-30,IWM,iShares Russell 2000 ETF,Small Cap,Russell 2000,Small-Cap Tilt,0.1107181781237354,0.1067181781237354,0.1049797754097948,0.1089797754097949,0.0017384027139405,1.380596188180006,1.436259240084213,2.380596188180006,0.0,0.0649,0.0458999999999999,0.0016,-0.0231,-0.0204999999999999,0.004,1.0005675236894855,0.8160657774086512,0.1058148204370458,-0.1153849873052388,-0.034876044740578,0.9900352610186124,-0.0009734143776432,1.0156091818886792,0.9034875003457556,0.1157933399742955,-0.0432116511269928,-0.0174438516560793,0.9949645210691076,36.0
2024-12-31,IWM,iShares Russell 2000 ETF,Small Cap,Russell 2000,Small-Cap Tilt,-0.0837388637644023,-0.0874388637644023,-0.0686705489001314,-0.0649705489001314,-0.0187683148642709,1.181247768299945,1.2779741399929243,2.181247768299945,-0.08373886376440232,-0.0315,-0.0383,-0.03,0.0189,-0.0121,0.0037,1.0005675236894855,0.8160657774086512,0.1058148204370458,-0.1153849873052388,-0.034876044740578,0.9900352610186124,-0.0013270540744454,1.022834007787317,0.9147463131556648,0.1167982376595275,-0.0418545954786987,-0.0066825661282594,0.9938450457153584,36.0
2025-01-31,IWM,iShares Russell 2000 ETF,Small Cap,Russell 2000,Small-Cap Tilt,0.0249817917836328,0.0212817917836328,0.0225804623282289,0.0262804623282289,-0.0012986705445961,1.235739245876128,1.337840353563688,2.235739245876128,-0.060849018839529756,0.0279999999999999,-0.0123,0.0163,-0.0235,-0.0324,0.0037,1.0005675236894855,0.8160657774086512,0.1058148204370458,-0.1153849873052388,-0.034876044740578,0.9900352610186124,-0.0011080173229842,1.0187311626032045,0.8770546059985316,0.164908459698285,-0.0641103523504212,-0.0300275804547077,0.9943203045951648,36.0
2025-02-28,IWM,iShares Russell 2000 ETF,Small Cap,Russell 2000,Small-Cap Tilt,-0.0522342126762707,-0.0555342126762707,-0.0624646095422604,-0.0591646095422604,0.0069303968659897,1.118957166618349,1.1995229418729525,2.1189571666183493,-0.10990483092459402,-0.0243,-0.0491,0.0491,0.0108,0.0306,0.0033,1.0005675236894855,0.8160657774086512,0.1058148204370458,-0.1153849873052388,-0.034876044740578,0.9900352610186124,-0.0011967644184039,1.0197873451293882,0.8566722625401242,0.1831782250932362,-0.0652723746213762,-0.0452192907518944,0.9943177896542564,36.0
2025-03-31,IWM,iShares Russell 2000 ETF,Small Cap,Russell 2000,Small-Cap Tilt,-0.0685409690597013,-0.0719409690597013,-0.0762618527736744,-0.0728618527736744,0.004320883713973,0.9737217890223286,1.0392616251098865,1.9737217890223286,-0.17091281636838107,-0.0639,-0.0149,0.0289999999999999,0.0210999999999999,-0.0046999999999999,0.0034,1.0005675236894855,0.8160657774086512,0.1058148204370458,-0.1153849873052388,-0.034876044740578,0.9900352610186124,-0.0013690684282107,1.015280101980439,0.854647556261134,0.1995120485250714,-0.0558814442095824,-0.0691493926924068,0.9945586756230356,36.0
2025-04-30,IWM,iShares Russell 2000 ETF,Small Cap,Russell 2000,Small-Cap Tilt,-0.0232092102364928,-0.0267092102364928,-0.0239363454002649,-0.020436345400265,-0.0027728648362278,0.9279132650725628,0.9975865701776347,1.9279132650725628,-0.19015527511766905,-0.0084,-0.0186,-0.0341,-0.0285,-0.0266999999999999,0.0034999999999999,1.0005675236894855,0.8160657774086512,0.1058148204370458,-0.1153849873052388,-0.034876044740578,0.9900352610186124,-0.0010122505925326,1.0080570139666571,0.8594282850571225,0.1967214433271532,-0.0537124479905176,-0.0573970831180499,0.994446072254883,36.0
2025-05-31,IWM,iShares Russell 2000 ETF,Small Cap,Russell 2000,Small-Cap Tilt,0.0523965359404803,0.0485965359404803,0.0483832645530855,0.0521832645530855,0.0002132713873947,1.028929241756066,1.101827158636905,2.028929241756066,-0.14772221688416354,0.0605999999999999,-0.0072,-0.0288,0.0129,0.0250999999999999,0.0038,1.0005675236894855,0.8160657774086512,0.1058148204370458,-0.1153849873052388,-0.034876044740578,0.9900352610186124,-0.0007013528705517,1.009012464115734,0.8566462492381259,0.2070069863270641,-0.0518750927037966,-0.0523493285329522,0.9948928655561454,36.0
2025-06-30,IWM,iShares Russell 2000 ETF,Small Cap,Russell 2000,Small-Cap Tilt,0.0551843378798515,0.0517843378798515,0.0489867225389522,0.0523867225389522,0.0027976153408992,1.1408943585674436,1.211934994821251,2.1408943585674436,-0.10068983173320856,0.0486,-0.0002,-0.0161,-0.032,0.0144,0.0034,1.0005675236894855,0.8160657774086512,0.1058148204370458,-0.1153849873052388,-0.034876044740578,0.9900352610186124,-0.0005480232076958,1.0138894456214032,0.8528071607575078,0.2016371873001184,-0.0671684435382536,-0.0382119904907344,0.9945130473041716,36.0
2025-07-31,IWM,iShares Russell 2000 ETF,Small Cap,Russell 2000,Small-Cap Tilt,0.0166829853592211,0.0132829853592211,0.0174057768543718,0.0208057768543718,-0.0041227914951507,1.1766108678070637,1.2579560207398783,2.1766108678070637,-0.08568665336261483,0.0197999999999999,-0.0014,-0.0127,-0.0028,-0.0207,0.0034,1.0005675236894855,0.8160657774086512,0.1058148204370458,-0.1153849873052388,-0.034876044740578,0.9900352610186124,-0.0006299522280287,1.0141431517418804,0.852846628473189,0.2014877282971916,-0.0663682512733479,-0.0372749056815842,0.9940425109361956,36.0
2025-08-31,IWM,iShares Russell 2000 ETF,Small Cap,Russell 2000,Small-Cap Tilt,0.0719267492167685,0.0681267492167685,0.0621181269735752,0.0659181269735752,0.0060086222431932,1.3331674118383154,1.406796252415758,2.3331674118383154,-0.019923066573483195,0.0185,0.0487999999999999,0.0441999999999999,-0.0069,0.0208,0.0038,1.0005675236894855,0.8160657774086512,0.1058148204370458,-0.1153849873052388,-0.034876044740578,0.9900352610186124,-0.0007203482747369,1.015718547861701,0.8518172743152966,0.203195802365595,-0.0617309086524333,-0.0411811841403214,0.994192022267686,36.0
2025-09-30,IWM,iShares Russell 2000 ETF,Small Cap,Russell 2000,Small-Cap Tilt,0.0317910867703521,0.0284910867703521,0.0171934580266323,0.0204934580266323,0.0112976287437197,1.4073413394778251,1.456119830393296,2.407341339477825,0.0,0.0339,-0.0218,-0.0105,-0.0204999999999999,-0.0222,0.0033,1.0005675236894855,0.8160657774086512,0.1058148204370458,-0.1153849873052388,-0.034876044740578,0.9900352610186124,-0.0008751028564236,1.0327288994334651,0.8289924929310228,0.2194117385606333,-0.0758666661035623,-0.0589998978334119,0.9926838415460396,36.0
2025-10-31,IWM,iShares Russell 2000 ETF,Small Cap,Russell 2000,Small-Cap Tilt,0.0176475323639724,0.0139475323639724,0.0121279483872101,0.0158279483872101,0.0018195839767622,1.449824973677389,1.4949951683015643,2.449824973677389,0.0,0.0196,-0.0131,-0.031,-0.0524,-0.0403,0.0037,1.0005675236894855,0.8160657774086512,0.1058148204370458,-0.1153849873052388,-0.034876044740578,0.9900352610186124,-0.0007843787124054,1.025314639126069,0.8251232486139572,0.2160663604663723,-0.0976195191041881,-0.0701720682948194,0.991989166916594,36.0
2025-11-30,IWM,iShares Russell 2000 ETF,Small Cap,Russell 2000,Small-Cap Tilt,0.0102343040597248,0.0072343040597248,0.0118112335767705,0.0148112335767705,-0.0045769295170457,1.4748972273511107,1.531949124512193,2.4748972273511107,0.0,-0.0013,0.0147,0.0375999999999999,0.0144,0.0068,0.003,1.0005675236894855,0.8160657774086512,0.1058148204370458,-0.1153849873052388,-0.034876044740578,0.9900352610186124,-0.0010590340858364,1.0262827806563308,0.8220008738825517,0.2071694811008231,-0.106093488156099,-0.0656590187639322,0.9913663170922844,36.0
2025-12-31,IWM,iShares Russell 2000 ETF,Small Cap,Russell 2000,Small-Cap Tilt,-0.0070935209286243,-0.0104935209286243,-0.0043913823531076,-0.0009913823531076,-0.0061021385755166,1.4573414920727017,1.5294389948311853,2.4573414920727017,-0.007093520928624142,-0.0036,-0.0022,0.0242,0.004,0.0037,0.0034,1.0005675236894855,0.8160657774086512,0.1058148204370458,-0.1153849873052388,-0.034876044740578,0.9900352610186124,-0.0013412656700708,1.0287334699378827,0.8230017654460374,0.2017965197419629,-0.1051819828925994,-0.0664945586254741,0.9904039226266128,36.0
2026-01-31,IWM,iShares Russell 2000 ETF,Small Cap,Russell 2000,Small-Cap Tilt,0.0548017051489297,0.0518017051489297,0.037143530872732,0.040143530872732,0.0146581742761976,1.592007995971501,1.6309796072108833,2.592007995971501,0.0,0.0103,0.0326,0.0372,0.0182,0.0183,0.003,1.0005675236894855,0.8160657774086512,0.1058148204370458,-0.1153849873052388,-0.034876044740578,0.9900352610186124,-0.0007073829595394,1.029521304371456,0.850301785317374,0.1901146342562314,-0.0884571631046187,-0.0620796433978247,0.9892604220279744,36.0
2026-02-28,IWM,iShares Russell 2000 ETF,Small Cap,Russell 2000,Small-Cap Tilt,0.0067784412834743,0.0039784412834743,-0.008172450371158,-0.005372450371158,0.0121508916546323,1.60957776997849,1.616844799843614,2.60957776997849,0.0,-0.0116999999999999,0.0063,0.0283,0.0162,0.0507,0.0028,1.0005675236894855,0.8160657774086512,0.1058148204370458,-0.1153849873052388,-0.034876044740578,0.9900352610186124,-0.0001687767462228,1.0238172427117405,0.8562125911649119,0.1756732743988782,-0.0941572765611108,-0.016903285573874,0.9884831730003372,36.0
2015-02-28,MTUM,iShares MSCI USA Momentum Factor ETF,Momentum,Momentum Factor,Broad Market,0.0542976384038282,0.0542976384038282,0.0618328561298308,0.0618328561298308,-0.0075352177260026,0.0542976384038282,0.0618328561298309,1.0542976384038283,0.0,0.0613999999999999,0.0036,-0.0179,-0.011,-0.0175,0.0,0.9766087401882356,-0.2209165481363368,-0.1683582865095289,-0.1792793144035855,0.1747833184749734,0.8249795295160312,,,,,,,,
2015-03-31,MTUM,iShares MSCI USA Momentum Factor ETF,Momentum,Momentum Factor,Broad Market,-0.010528169964982,-0.010528169964982,-0.0172812542146259,-0.0172812542146259,0.0067530842496439,0.0431978136730337,0.043483052609609,1.0431978136730338,-0.010528169964981848,-0.0109,0.0308,-0.0038,0.0007,-0.0062,0.0,0.9766087401882356,-0.2209165481363368,-0.1683582865095289,-0.1792793144035855,0.1747833184749734,0.8249795295160312,,,,,,,,
2015-04-30,MTUM,iShares MSCI USA Momentum Factor ETF,Momentum,Momentum Factor,Broad Market,-0.0103842442049193,-0.0103842442049193,0.0090428964930311,0.0090428964930311,-0.0194271406979504,0.032364992821815,0.0529191618465898,1.032364992821815,-0.020803087081953997,0.006,-0.0301,0.018,0.0005,-0.0062,0.0,0.9766087401882356,-0.2209165481363368,-0.1683582865095289,-0.1792793144035855,0.1747833184749734,0.8249795295160312,,,,,,,,
2015-05-31,MTUM,iShares MSCI USA Momentum Factor ETF,Momentum,Momentum Factor,Broad Market,0.0336351719212055,0.0336351719212055,0.0159764776322124,0.0159764776322124,0.017658694288993,0.0670887668408108,0.0697411012843598,1.0670887668408109,0.0,0.0138,0.0081999999999999,-0.0111,-0.0176,-0.0083,0.0,0.9766087401882356,-0.2209165481363368,-0.1683582865095289,-0.1792793144035855,0.1747833184749734,0.8249795295160312,,,,,,,,
2015-06-30,MTUM,iShares MSCI USA Momentum Factor ETF,Momentum,Momentum Factor,Broad Market,-0.0034485291911624,-0.0034485291911624,-0.0226475559084854,-0.0226475559084854,0.019199026717323,0.0634088800787988,0.0455140798854174,1.0634088800787989,-0.0034485291911624527,-0.0154,0.0289999999999999,-0.0081999999999999,0.0034999999999999,-0.0154,0.0,0.9766087401882356,-0.2209165481363368,-0.1683582865095289,-0.1792793144035855,0.1747833184749734,0.8249795295160312,,,,,,,,
2015-07-31,MTUM,iShares MSCI USA Momentum Factor ETF,Momentum,Momentum Factor,Broad Market,0.0379340661524019,0.0379340661524019,0.0283713623408716,0.0283713623408716,0.0095627038115302,0.1037483028827597,0.0751767386783297,1.1037483028827597,0.0,0.0157,-0.0458,-0.0416,0.0031,-0.0243999999999999,0.0,0.9766087401882356,-0.2209165481363368,-0.1683582865095289,-0.1792793144035855,0.1747833184749734,0.8249795295160312,,,,,,,,
2015-08-31,MTUM,iShares MSCI USA Momentum Factor ETF,Momentum,Momentum Factor,Broad Market,-0.060013528087999,-0.060013528087999,-0.0622534943527595,-0.0622534943527595,0.0022399662647605,0.0375084731056241,0.0082432296487997,1.037508473105624,-0.06001352808799887,-0.0602,0.0029,0.0275,0.0066,0.0129,0.0,0.9766087401882356,-0.2209165481363368,-0.1683582865095289,-0.1792793144035855,0.1747833184749734,0.8249795295160312,,,,,,,,
2015-09-30,MTUM,iShares MSCI USA Momentum Factor ETF,Momentum,Momentum Factor,Broad Market,-0.0188950917352445,-0.0188950917352445,-0.0281453825740957,-0.0281453825740957,0.0092502908388512,0.0179046553301998,-0.0201341617774076,1.0179046553301998,-0.07777465870466505,-0.0306,-0.0279999999999999,0.0055,0.018,-0.0059,0.0,0.9766087401882356,-0.2209165481363368,-0.1683582865095289,-0.1792793144035855,0.1747833184749734,0.8249795295160312,,,,,,,,
2015-10-31,MTUM,iShares MSCI USA Momentum Factor ETF,Momentum,Momentum Factor,Broad Market,0.0731565409171315,0.0731565409171315,0.0811297683005709,0.0811297683005709,-0.0079732273834394,0.0923710388976022,0.059362126643236,1.0923710388976022,-0.010307842789377242,0.0775,-0.0206,-0.0046999999999999,0.0095,0.0060999999999999,0.0,0.9766087401882356,-0.2209165481363368,-0.1683582865095289,-0.1792793144035855,0.1747833184749734,0.8249795295160312,,,,,,,,
2015-11-30,MTUM,iShares MSCI USA Momentum Factor ETF,Momentum,Momentum Factor,Broad Market,0.0053284277517442,0.0053284277517442,0.0026359643603411,0.0026359643603411,0.002692463391403,0.0981916590564659,0.0621545674537626,1.098191659056466,-0.005034339633212537,0.0056999999999999,0.033,-0.0043,-0.0265,-0.0106,0.0,0.9766087401882356,-0.2209165481363368,-0.1683582865095289,-0.1792793144035855,0.1747833184749734,0.8249795295160312,,,,,,,,
2015-12-31,MTUM,iShares MSCI USA Momentum Factor ETF,Momentum,Momentum Factor,Broad Market,-0.001344755050574,-0.001444755050574,-0.0098156501256163,-0.0097156501256163,0.0083708950750423,0.0967148602764516,0.0518350452970566,1.0967148602764516,-0.006372324730138379,-0.0215,-0.0295,-0.0256999999999999,0.0034,0.0012,0.0001,0.9766087401882356,-0.2209165481363368,-0.1683582865095289,-0.1792793144035855,0.1747833184749734,0.8249795295160312,,,,,,,,
2016-01-31,MTUM,iShares MSCI USA Momentum Factor ETF,Momentum,Momentum Factor,Broad Market,-0.0380681790149053,-0.0381681790149053,-0.0508753371753298,-0.0507753371753297,0.0127071581604244,0.0549649226471407,-0.0015722337807296,1.0549649226471407,-0.04419792094647579,-0.0574,-0.0344,0.0208,0.0278,0.0305,0.0001,0.9766087401882356,-0.2209165481363368,-0.1683582865095289,-0.1792793144035855,0.1747833184749734,0.8249795295160312,,,,,,,,
2016-02-29,MTUM,iShares MSCI USA Momentum Factor ETF,Momentum,Momentum Factor,Broad Market,-0.0127657617957819,-0.0129657617957819,-0.0033845621256378,-0.0031845621256378,-0.009581199670144,0.0414974917417219,-0.0047517890302167,1.041497491741722,-0.056399462611586126,-0.0007,0.0087,-0.0060999999999999,0.0331,0.0194,0.0002,0.9766087401882356,-0.2209165481363368,-0.1683582865095289,-0.1792793144035855,0.1747833184749734,0.8249795295160312,,,,,,,,
2016-03-31,MTUM,iShares MSCI USA Momentum Factor ETF,Momentum,Momentum Factor,Broad Market,0.053072577497331,0.052872577497331,0.063146951202122,0.063346951202122,-0.010274373704791,0.0967724480854603,0.0582941508240852,1.0967724480854604,-0.006320149964516242,0.0695,0.01,0.0121999999999999,0.0068,0.0001,0.0002,0.9766087401882356,-0.2209165481363368,-0.1683582865095289,-0.1792793144035855,0.1747833184749734,0.8249795295160312,,,,,,,,
2016-04-30,MTUM,iShares MSCI USA Momentum Factor ETF,Momentum,Momentum Factor,Broad Market,-0.0062928062530562,-0.0063928062530562,0.0096892557074545,0.0097892557074545,-0.0160820619605107,0.0898706715659685,0.0686540628802057,1.0898706715659685,-0.012573184738355447,0.0091,0.0123,0.0322,-0.0285,0.0177,0.0001,0.9766087401882356,-0.2209165481363368,-0.1683582865095289,-0.1792793144035855,0.1747833184749734,0.8249795295160312,,,,,,,,
2016-05-31,MTUM,iShares MSCI USA Momentum Factor ETF,Momentum,Momentum Factor,Broad Market,0.0245045859511059,0.0244045859511059,0.0197506999263414,0.0198506999263414,0.0046538860247644,0.1165775011129464,0.0898675940075062,1.1165775011129464,0.0,0.0178,-0.0062,-0.0162,-0.011,-0.0254,0.0001,0.9766087401882356,-0.2209165481363368,-0.1683582865095289,-0.1792793144035855,0.1747833184749734,0.8249795295160312,,,,,,,,
2016-06-30,MTUM,iShares MSCI USA Momentum Factor ETF,Momentum,Momentum Factor,Broad Market,0.0295122581312137,0.0293122581312137,0.0027464406788515,0.0029464406788515,0.0265658174523621,0.1495302245492973,0.093078824221052,1.1495302245492973,0.0,-0.0003,0.0042,-0.0149,0.0144999999999999,0.019,0.0002,0.9766087401882356,-0.2209165481363368,-0.1683582865095289,-0.1792793144035855,0.1747833184749734,0.8249795295160312,,,,,,,,
2016-07-31,MTUM,iShares MSCI USA Momentum Factor ETF,Momentum,Momentum Factor,Broad Market,0.026832058647574,0.0266320586475741,0.0314707442060865,0.0316707442060865,-0.0048386855585124,0.1803744869515631,0.1276974440600469,1.180374486951563,0.0,0.0394,0.0247,-0.0124,0.0131,-0.0116,0.0002,0.9766087401882356,-0.2209165481363368,-0.1683582865095289,-0.1792793144035855,0.1747833184749734,0.8249795295160312,,,,,,,,
2016-08-31,MTUM,iShares MSCI USA Momentum Factor ETF,Momentum,Momentum Factor,Broad Market,-0.0149136604266013,-0.0151136604266013,-0.0007939408426203,-0.0005939408426203,-0.0143197195839809,0.1627707826769437,0.127027658489901,1.1627707826769438,-0.01491366042660125,0.0049,0.0166,0.0317,-0.0185,-0.0036,0.0002,0.9766087401882356,-0.2209165481363368,-0.1683582865095289,-0.1792793144035855,0.1747833184749734,0.8249795295160312,,,,,,,,
2016-09-30,MTUM,iShares MSCI USA Momentum Factor ETF,Momentum,Momentum Factor,Broad Market,0.004931030937247,0.004731030937247,0.0053398430781607,0.0055398430781607,-0.0006088121409137,0.1685044413792507,0.133271214862682,1.1685044413792507,-0.010056169210305499,0.0027,0.0181,-0.0118999999999999,-0.0218,0.0003,0.0002,0.9766087401882356,-0.2209165481363368,-0.1683582865095289,-0.1792793144035855,0.1747833184749734,0.8249795295160312,,,,,,,,
2016-10-31,MTUM,iShares MSCI USA Momentum Factor ETF,Momentum,Momentum Factor,Broad Market,-0.0193875392075481,-0.019587539207548,-0.0182690215927362,-0.0180690215927362,-0.0013185176148117,0.1458500157078164,0.1127941128109017,1.1458500157078164,-0.029248744043011032,-0.0200999999999999,-0.0401999999999999,0.0411,0.0098999999999999,0.0025,0.0002,0.9766087401882356,-0.2209165481363368,-0.1683582865095289,-0.1792793144035855,0.1747833184749734,0.8249795295160312,,,,,,,,
2016-11-30,MTUM,iShares MSCI USA Momentum Factor ETF,Momentum,Momentum Factor,Broad Market,-0.0059314228353989,-0.0060314228353989,0.0256849630091066,0.0257849630091066,-0.0317163858445055,0.1390534947587047,0.1414874678464825,1.1390534947587048,-0.03500668021008657,0.0484999999999999,0.0696,0.0828999999999999,-0.0024,0.0371,0.0001,0.9766087401882356,-0.2209165481363368,-0.1683582865095289,-0.1792793144035855,0.1747833184749734,0.8249795295160312,,,,,,,,
2016-12-31,MTUM,iShares MSCI USA Momentum Factor ETF,Momentum,Momentum Factor,Broad Market,0.0109524497305348,0.0106524497305348,0.0088175840679182,0.0091175840679182,0.0018348656626165,0.1515289209004395,0.151895075797048,1.1515289209004396,-0.024437639384785492,0.0181,0.0044,0.0347,0.0124,-0.0032,0.0003,0.9766087401882356,-0.2209165481363368,-0.1683582865095289,-0.1792793144035855,0.1747833184749734,0.8249795295160312,,,,,,,,
2017-01-31,MTUM,iShares MSCI USA Momentum Factor ETF,Momentum,Momentum Factor,Broad Market,0.0315059929050878,0.0311059929050878,0.0265731192300177,0.0269731192300177,0.00453287367507,0.1878089829123321,0.1829652790169922,1.1878089829123322,0.0,0.0194,-0.0144,-0.0276,-0.0051,-0.0106,0.0004,0.9766087401882356,-0.2209165481363368,-0.1683582865095289,-0.1792793144035855,0.1747833184749734,0.8249795295160312,,,,,,,,
2017-02-28,MTUM,iShares MSCI USA Momentum Factor ETF,Momentum,Momentum Factor,Broad Market,0.0379548721214806,0.0375548721214806,0.0390606098760115,0.0394606098760115,-0.0015057377545309,0.2328921209635157,0.2296458103891487,1.2328921209635157,0.0,0.0355,-0.023,-0.015,0.0045,-0.018,0.0004,0.9766087401882356,-0.2209165481363368,-0.1683582865095289,-0.1792793144035855,0.1747833184749734,0.8249795295160312,,,,,,,,
2017-03-31,MTUM,iShares MSCI USA Momentum Factor ETF,Momentum,Momentum Factor,Broad Market,0.0205238740025635,0.0202238740025635,0.003557191823726,0.003857191823726,0.0166666821788374,0.2581958435129241,0.2343887901550607,1.2581958435129241,0.0,0.0017,0.0075,-0.0333,0.0063,-0.0095,0.0003,0.9766087401882356,-0.2209165481363368,-0.1683582865095289,-0.1792793144035855,0.1747833184749734,0.8249795295160312,,,,,,,,
2017-04-30,MTUM,iShares MSCI USA Momentum Factor ETF,Momentum,Momentum Factor,Broad Market,0.02577094795709,0.02527094795709,0.0078247299386116,0.0083247299386116,0.0174462180184783,0.2906207431159227,0.2446647434723514,1.2906207431159227,0.0,0.0108,0.0040999999999999,-0.0204999999999999,0.0179,-0.016,0.0005,0.9766087401882356,-0.2209165481363368,-0.1683582865095289,-0.1792793144035855,0.1747833184749734,0.8249795295160312,,,,,,,,
2017-05-31,MTUM,iShares MSCI USA Momentum Factor ETF,Momentum,Momentum Factor,Broad Market,0.0476527207616386,0.0470527207616386,0.0195475378965906,0.0201475378965906,0.0275051828650479,0.3521223329968042,0.2697416735600111,1.3521223329968042,0.0,0.0107,-0.0299,-0.0382,0.0098999999999999,-0.0166,0.0006,0.9766087401882356,-0.2209165481363368,-0.1683582865095289,-0.1792793144035855,0.1747833184749734,0.8249795295160312,,,,,,,,
2017-06-30,MTUM,iShares MSCI USA Momentum Factor ETF,Momentum,Momentum Factor,Broad Market,0.0034534657284139,0.0028534657284139,0.0043841040376167,0.0049841040376167,-0.0015306383092028,0.3567918411344317,0.276070198161932,1.3567918411344317,0.0,0.0078,0.0252,0.015,-0.0226,0.0004,0.0006,0.9766087401882356,-0.2209165481363368,-0.1683582865095289,-0.1792793144035855,0.1747833184749734,0.8249795295160312,,,,,,,,
2017-07-31,MTUM,iShares MSCI USA Momentum Factor ETF,Momentum,Momentum Factor,Broad Market,0.0347624777821276,0.0340624777821276,0.0241903209861771,0.0248903209861771,0.0098721567959504,0.4039572873668393,0.3078319949950769,1.4039572873668393,0.0,0.0187999999999999,-0.0163999999999999,-0.0023,-0.0075,-0.0015,0.0007,0.9766087401882356,-0.2209165481363368,-0.1683582865095289,-0.1792793144035855,0.1747833184749734,0.8249795295160312,,,,,,,,
2017-08-31,MTUM,iShares MSCI USA Momentum Factor ETF,Momentum,Momentum Factor,Broad Market,0.0146769930993979,0.0137769930993979,0.0056056997992913,0.0065056997992913,0.0081712933001065,0.424563158785372,0.3163403573424233,1.424563158785372,0.0,0.0018,-0.0183,-0.0213,0.002,-0.0237999999999999,0.0009,0.9766087401882356,-0.2209165481363368,-0.1683582865095289,-0.1792793144035855,0.1747833184749734,0.8249795295160312,,,,,,,,
2017-09-30,MTUM,iShares MSCI USA Momentum Factor ETF,Momentum,Momentum Factor,Broad Market,0.0280888776024765,0.0271888776024765,0.0148459147892207,0.0157459147892207,0.0123429628132557,0.4645775389894917,0.3370673404427493,1.4645775389894917,0.0,0.0249,0.0475999999999999,0.0315,-0.0154,0.0163,0.0009,0.9766087401882356,-0.2209165481363368,-0.1683582865095289,-0.1792793144035855,0.1747833184749734,0.8249795295160312,,,,,,,,
2017-10-31,MTUM,iShares MSCI USA Momentum Factor ETF,Momentum,Momentum Factor,Broad Market,0.050375971861003,0.049475971861003,0.0195741724004659,0.0204741724004659,0.029901799460537,0.5383570558818835,0.3644426876820068,1.5383570558818835,0.0,0.0225,-0.0191,0.0013,0.0092,-0.0314,0.0009,0.9766087401882356,-0.2209165481363368,-0.1683582865095289,-0.1792793144035855,0.1747833184749734,0.8249795295160312,,,,,,,,
2017-11-30,MTUM,iShares MSCI USA Momentum Factor ETF,Momentum,Momentum Factor,Broad Market,0.0279603099251399,0.0271603099251399,0.0263048059286163,0.0271048059286163,0.0008555039965235,0.5813699959398668,0.4014256419323472,1.5813699959398668,0.0,0.0312,-0.0038,-0.0009,0.0319,-0.001,0.0008,0.9766087401882356,-0.2209165481363368,-0.1683582865095289,-0.1792793144035855,0.1747833184749734,0.8249795295160312,,,,,,,,
2017-12-31,MTUM,iShares MSCI USA Momentum Factor ETF,Momentum,Momentum Factor,Broad Market,0.0012254486631351,0.0003254486631351,0.015144781005644,0.016044781005644,-0.0148193323425089,0.5833078836873133,0.4239112094528459,1.5833078836873133,0.0,0.0106,-0.0105,0.0005,0.0073,0.0179,0.0009,0.9766087401882356,-0.2209165481363368,-0.1683582865095289,-0.1792793144035855,0.1747833184749734,0.8249795295160312,,,,,,,,
2018-01-31,MTUM,iShares MSCI USA Momentum Factor ETF,Momentum,Momentum Factor,Broad Market,0.0822261351551254,0.0811261351551254,0.0640552896355615,0.0651552896355615,0.0170708455195638,0.7134971717235621,0.5166865567200689,1.713497171723562,0.0,0.0558,-0.0321,-0.0132,-0.0075,-0.0105,0.0011,0.9766087401882356,-0.2209165481363368,-0.1683582865095289,-0.1792793144035855,0.1747833184749734,0.8249795295160312,0.00534049593475,0.8194389993491031,-0.183012977643329,-0.4038028199799357,-0.0669096891935514,-0.0492317604710453,0.8826758711190331,36.0
2018-02-28,MTUM,iShares MSCI USA Momentum Factor ETF,Momentum,Momentum Factor,Broad Market,-0.0146045940280747,-0.0157045940280747,-0.0387853985953427,-0.0376853985953427,0.023080804567268,0.6884722411622852,0.4595296192858751,1.6884722411622852,-0.01460459402807468,-0.0364,0.0034,-0.011,0.0053,-0.0236,0.0011,0.9766087401882356,-0.2209165481363368,-0.1683582865095289,-0.1792793144035855,0.1747833184749734,0.8249795295160312,0.0056079486823285,0.8270316950637826,-0.1768587786526824,-0.4074529989345304,-0.0729894016865634,-0.0719025799097196,0.882827144913287,36.0
2018-03-31,MTUM,iShares MSCI USA Momentum Factor ETF,Momentum,Momentum Factor,Broad Market,-0.0345272577750899,-0.0357272577750899,-0.0289595671947245,-0.0277595671947245,-0.0067676905803653,0.6301739248455913,0.4190137087466181,1.6301739248455913,-0.048627595220456676,-0.0235,0.0361,-0.0021,-0.0040999999999999,0.0008,0.0012,0.9766087401882356,-0.2209165481363368,-0.1683582865095289,-0.1792793144035855,0.1747833184749734,0.8249795295160312,0.0050415403386142,0.8446691673437388,-0.2046130251657091,-0.3918634093728602,-0.0704554069907131,-0.0768664264607391,0.8821462614709464,36.0
2018-04-30,MTUM,iShares MSCI USA Momentum Factor ETF,Momentum,Momentum Factor,Broad Market,0.0050035930750265,0.0036035930750265,0.0072169830492045,0.0086169830492045,-0.003613389974178,0.6383306518070375,0.4312413258214764,1.6383306518070375,-0.04386731484413042,0.0029,0.0089,0.0053,-0.0242,0.0124,0.0014,0.9766087401882356,-0.2209165481363368,-0.1683582865095289,-0.1792793144035855,0.1747833184749734,0.8249795295160312,0.0055216134232967,0.8453194089099237,-0.2484100960779953,-0.3434055932822119,-0.0848971465496158,-0.1103495603507901,0.8946766981176666,36.0
2018-05-31,MTUM,iShares MSCI USA Momentum Factor ETF,Momentum,Momentum Factor,Broad Market,0.0344762291201732,0.0330762291201732,0.0222489509679583,0.0236489509679583,0.0108272781522148,0.6948141147333398,0.4650886817591442,1.6948141147333398,-0.010903465321410177,0.0263,0.0471,-0.0314,-0.0197999999999999,-0.0149,0.0014,0.9766087401882356,-0.2209165481363368,-0.1683582865095289,-0.1792793144035855,0.1747833184749734,0.8249795295160312,0.0052165563995512,0.845751562417185,-0.2405838174905289,-0.3423815840928678,-0.0602663012897185,-0.1125217959025286,0.8992064608077242,36.0
2018-06-30,MTUM,iShares MSCI USA Momentum Factor ETF,Momentum,Momentum Factor,Broad Market,-0.0007146197471913,-0.0021146197471913,0.0066060231512608,0.0080060231512608,-0.0087206428984521,0.6936029670991326,0.4768182156639582,1.6936029670991326,-0.01161029323697016,0.0049,0.0077,-0.0233,0.0083,0.002,0.0014,0.9766087401882356,-0.2209165481363368,-0.1683582865095289,-0.1792793144035855,0.1747833184749734,0.8249795295160312,0.0045198132728564,0.8569800425120513,-0.2730311276051687,-0.3109690745372896,-0.089020605464816,-0.1190449213668022,0.8932034222326023,36.0
2018-07-31,MTUM,iShares MSCI USA Momentum Factor ETF,Momentum,Momentum Factor,Broad Market,0.0175933889995829,0.0159933889995829,0.0332264695799718,0.0348264695799718,-0.0172330805803889,0.7233991829101556,0.5282505803269273,1.7233991829101556,0.0,0.032,-0.0192999999999999,0.0049,0.0153,0.0031,0.0016,0.9766087401882356,-0.2209165481363368,-0.1683582865095289,-0.1792793144035855,0.1747833184749734,0.8249795295160312,0.004418904611608,0.8426110945173757,-0.2712487753488035,-0.3261413251685416,-0.1171349164654731,-0.1366052459747342,0.8837666518581511,36.0
2018-08-31,MTUM,iShares MSCI USA Momentum Factor ETF,Momentum,Momentum Factor,Broad Market,0.0586760520401727,0.0570760520401727,0.035702893919029,0.037302893919029,0.0213731581211436,0.8245214430525831,0.5852587496065571,1.8245214430525831,0.0,0.0346,0.0065,-0.0391,-0.0029,-0.0256999999999999,0.0016,0.9766087401882356,-0.2209165481363368,-0.1683582865095289,-0.1792793144035855,0.1747833184749734,0.8249795295160312,0.0046247929486475,0.8440646085876494,-0.2642253755378648,-0.3351912309634657,-0.1153265830279781,-0.15047683969421,0.86645565068444,36.0
2018-09-30,MTUM,iShares MSCI USA Momentum Factor ETF,Momentum,Momentum Factor,Broad Market,0.0091865976408489,0.0076865976408489,0.0107633304637145,0.0122633304637145,-0.0030767328228656,0.8412825874370082,0.6046993015234772,1.8412825874370082,0.0,0.0006,-0.0249,-0.0162,0.0065,0.0136,0.0015,0.9766087401882356,-0.2209165481363368,-0.1683582865095289,-0.1792793144035855,0.1747833184749734,0.8249795295160312,0.0045093792331156,0.8404045194412489,-0.2567427666374328,-0.3210566230238452,-0.1053394810082827,-0.1795838869901947,0.8594957909501799,36.0
2018-10-31,MTUM,iShares MSCI USA Momentum Factor ETF,Momentum,Momentum Factor,Broad Market,-0.098571418076153,-0.100471418076153,-0.0654442491573734,-0.0635442491573734,-0.0350271689187795,0.6597847517144142,0.5027298892848062,1.6597847517144142,-0.098571418076153,-0.0764,-0.0438,0.0338,0.0103,0.036,0.0019,0.9766087401882356,-0.2209165481363368,-0.1683582865095289,-0.1792793144035855,0.1747833184749734,0.8249795295160312,0.0027648268101953,0.9164872175442338,-0.2077829408554894,-0.3507818332383063,-0.0802489501598811,-0.2355940326515642,0.8770545077359109,36.0
2018-11-30,MTUM,iShares MSCI USA Momentum Factor ETF,Momentum,Momentum Factor,Broad Market,0.0141699968051782,0.0123699968051782,0.0204134820993667,0.0222134820993667,-0.0080434852941885,0.683303896343491,0.5361107527806175,1.683303896343491,-0.08579817795019573,0.0171,-0.0081,0.0036,-0.0060999999999999,0.004,0.0018,0.9766087401882356,-0.2209165481363368,-0.1683582865095289,-0.1792793144035855,0.1747833184749734,0.8249795295160312,0.0027026380773171,0.910361169892142,-0.1990952261071302,-0.3505232708956236,-0.0763298901942036,-0.245294881995621,0.8760855911805493,36.0
2018-12-31,MTUM,iShares MSCI USA Momentum Factor ETF,Momentum,Momentum Factor,Broad Market,-0.0751449669961629,-0.0770449669961629,-0.0826152354837853,-0.0807152354837853,0.0055702684876224,0.5568120806082468,0.4121232116407551,1.5568120806082468,-0.15449584369596037,-0.0955,-0.0281,-0.0192,-0.0003,0.0024,0.0019,0.9766087401882356,-0.2209165481363368,-0.1683582865095289,-0.1792793144035855,0.1747833184749734,0.8249795295160312,0.0024404725240026,0.9237660263302624,-0.198694784357277,-0.3457733048656525,-0.0709400174752992,-0.2440737885981942,0.8970925562459621,36.0
2019-01-31,MTUM,iShares MSCI USA Momentum Factor ETF,Momentum,Momentum Factor,Broad Market,0.0645516062968198,0.0624516062968198,0.0750346320285815,0.0771346320285815,-0.0125830257317617,0.6573068011138035,0.5210468159496835,1.6573068011138035,-0.09991719227589702,0.0836,0.0291,-0.0039,-0.0073,-0.0165,0.0021,0.9766087401882356,-0.2209165481363368,-0.1683582865095289,-0.1792793144035855,0.1747833184749734,0.8249795295160312,0.0013070314192714,0.9214488388835778,-0.1883027692299216,-0.3566126282789681,-0.1284250107788744,-0.2829038493278034,0.904127502056627,36.0
2019-02-28,MTUM,iShares MSCI USA Momentum Factor ETF,Momentum,Momentum Factor,Broad Market,0.0339267826762106,0.0321267826762106,0.0318374760420019,0.0336374760420019,0.0002893066342086,0.7135338887829974,0.5722109917799543,1.7135338887829974,-0.06938027846764783,0.0342,0.0172,-0.0266,0.0016,-0.0154,0.0018,0.9766087401882356,-0.2209165481363368,-0.1683582865095289,-0.1792793144035855,0.1747833184749734,0.8249795295160312,0.001240734051217,0.9177853151322972,-0.1914192709155966,-0.3521764392412521,-0.1087405345888374,-0.2624324335838662,0.9013462835851516,36.0
2019-03-31,MTUM,iShares MSCI USA Momentum Factor ETF,Momentum,Momentum Factor,Broad Market,0.0211713017625132,0.0192713017625132,0.0230756852068539,0.0249756852068539,-0.0038043834443407,0.749811631822715,0.6114780385894059,1.749811631822715,-0.04967784751694038,0.011,-0.0352,-0.0414,0.0088,-0.009,0.0019,0.9766087401882356,-0.2209165481363368,-0.1683582865095289,-0.1792793144035855,0.1747833184749734,0.8249795295160312,0.0009981878039386,0.9181884278530532,-0.1731685826340998,-0.322133262341341,-0.1013185581376432,-0.2862510973916204,0.8939259876825696,36.0
2019-04-30,MTUM,iShares MSCI USA Momentum Factor ETF,Momentum,Momentum Factor,Broad Market,0.0225529964272204,0.0204529964272204,0.0317666038236518,0.0338666038236518,-0.0113136073964314,0.7892751273035215,0.666053326892829,1.7892751273035215,-0.02824523540728152,0.0397,-0.0115,0.0213,0.0161,-0.0218,0.0021,0.9766087401882356,-0.2209165481363368,-0.1683582865095289,-0.1792793144035855,0.1747833184749734,0.8249795295160312,0.0007746487326267,0.9127786875462104,-0.1664817829993082,-0.3642814835589401,-0.1455319623412038,-0.2196059869581617,0.8879118209603236,36.0
2019-05-31,MTUM,iShares MSCI USA Momentum Factor ETF,Momentum,Momentum Factor,Broad Market,-0.0219683823836479,-0.0240683823836479,-0.0553361201944027,-0.0532361201944027,0.0312677378107548,0.7499676471173675,0.5773591117320778,1.7499676471173675,-0.04959311565898605,-0.0692,-0.0156,-0.0245,-0.0048,0.0176,0.0021,0.9766087401882356,-0.2209165481363368,-0.1683582865095289,-0.1792793144035855,0.1747833184749734,0.8249795295160312,0.00220360119899,0.8702097866318343,-0.1673743180275307,-0.4063721523661777,-0.1914169285481847,-0.1708425866427611,0.8759719474641336,36.0
2019-06-30,MTUM,iShares MSCI USA Momentum Factor ETF,Momentum,Momentum Factor,Broad Market,0.0612079359197983,0.0594079359197983,0.0678920387068472,0.0696920387068472,-0.0084841027870489,0.8570795547238477,0.6872884840015081,1.8570795547238477,0.0,0.0699,0.0019,-0.0064,0.0045,-0.0055,0.0018,0.9766087401882356,-0.2209165481363368,-0.1683582865095289,-0.1792793144035855,0.1747833184749734,0.8249795295160312,0.0012716474811259,0.8521356474871828,-0.1985825562414828,-0.3337958116927416,-0.3103020803276441,-0.3297037937546229,0.9024317956642562,36.0
2019-07-31,MTUM,iShares MSCI USA Momentum Factor ETF,Momentum,Momentum Factor,Broad Market,0.0179597831722784,0.0160597831722784,0.0167106791028282,0.0186106791028282,-0.0006508959305498,0.8904323008603594,0.7186900685311577,1.8904323008603594,0.0,0.0121999999999999,-0.0182,0.005,-0.0013,0.0037,0.0019,0.9766087401882356,-0.2209165481363368,-0.1683582865095289,-0.1792793144035855,0.1747833184749734,0.8249795295160312,0.0015358107696141,0.8546414994006142,-0.1868448010489605,-0.3391538971505268,-0.2834601046555523,-0.326740129117767,0.903127146109407,36.0
2019-08-31,MTUM,iShares MSCI USA Momentum Factor ETF,Momentum,Momentum Factor,Broad Market,0.0026501930535609,0.0010501930535609,-0.0109894803928322,-0.0093894803928322,0.0120396734463931,0.8954423114123269,0.7025524618313288,1.8954423114123269,0.0,-0.0255,-0.0325,-0.0476999999999999,0.0053,-0.0062,0.0016,0.9766087401882356,-0.2209165481363368,-0.1683582865095289,-0.1792793144035855,0.1747833184749734,0.8249795295160312,0.0020871444083496,0.8445955648489994,-0.1925269292090848,-0.2962422591347211,-0.3514238956120108,-0.3815129794348721,0.906733242558123,36.0
2019-09-30,MTUM,iShares MSCI USA Momentum Factor ETF,Momentum,Momentum Factor,Broad Market,-0.0113834895629142,-0.0131834895629142,0.0052283599372582,0.0070283599372582,-0.0184118495001724,0.8738655636432586,0.7145186133451444,1.8738655636432586,-0.01138348956291424,0.0141999999999999,0.0029,0.0676,0.0182,0.0338,0.0018,0.9766087401882356,-0.2209165481363368,-0.1683582865095289,-0.1792793144035855,0.1747833184749734,0.8249795295160312,0.002716097353112,0.847495305275699,-0.1904597527706882,-0.2818302561629777,-0.3443146593514216,-0.3495337362801474,0.906487095166966,36.0
2019-10-31,MTUM,iShares MSCI USA Momentum Factor ETF,Momentum,Momentum Factor,Broad Market,0.0064569706709964,0.0049569706709964,0.021062220762227,0.022562220762227,-0.0161052500912306,0.8859650586290935,0.753201960800385,1.8859650586290935,-0.005000021750159123,0.0207,0.0025,-0.0192,0.0043,-0.0103,0.0015,0.9766087401882356,-0.2209165481363368,-0.1683582865095289,-0.1792793144035855,0.1747833184749734,0.8249795295160312,0.0020939386999539,0.8473117731249686,-0.197093968946736,-0.2769016326051505,-0.364875355873827,-0.3387232191262854,0.893693231734133,36.0
2019-11-30,MTUM,iShares MSCI USA Momentum Factor ETF,Momentum,Momentum Factor,Broad Market,0.0329113934426956,0.0317113934426956,0.0419854017052638,0.0431854017052638,-0.0102740082625682,0.9480347966928122,0.8289146917480057,1.9480347966928122,0.0,0.0387,0.0039,-0.02,-0.0163999999999999,-0.0113999999999999,0.0012,0.9766087401882356,-0.2209165481363368,-0.1683582865095289,-0.1792793144035855,0.1747833184749734,0.8249795295160312,0.0017645534976691,0.8356899482696947,-0.1800607259874365,-0.2707307033161747,-0.2928092284209837,-0.3336694318313687,0.8871752653848372,36.0
2019-12-31,MTUM,iShares MSCI USA Momentum Factor ETF,Momentum,Momentum Factor,Broad Market,0.0169654809724535,0.0155654809724535,0.0245824122205972,0.0259824122205972,-0.0090169312481437,0.9810841439697816,0.8764343071853087,1.9810841439697815,0.0,0.0276,0.0098999999999999,0.0173,0.0005,0.0118999999999999,0.0014,0.9766087401882356,-0.2209165481363368,-0.1683582865095289,-0.1792793144035855,0.1747833184749734,0.8249795295160312,0.0014818483887844,0.8403524987939635,-0.1827263319359811,-0.2925428907216889,-0.3054858860666259,-0.3084899947046967,0.888239752018839,36.0
2020-01-31,MTUM,iShares MSCI USA Momentum Factor ETF,Momentum,Momentum Factor,Broad Market,0.0374325962313393,0.0361325962313393,0.018290061216998,0.019590061216998,0.0178425350143412,1.055241266831311,0.9131937701327444,2.055241266831311,0.0,-0.0009,-0.0437,-0.0622,-0.0118999999999999,-0.0219,0.0013,0.9766087401882356,-0.2209165481363368,-0.1683582865095289,-0.1792793144035855,0.1747833184749734,0.8249795295160312,0.0015135667936116,0.8410053441068757,-0.1816696077729451,-0.292335424014542,-0.3044774638767351,-0.3075160551940435,0.8888079586227841,36.0
2020-02-29,MTUM,iShares MSCI USA Momentum Factor ETF,Momentum,Momentum Factor,Broad Market,-0.0718562543937921,-0.0730562543937921,-0.0744599814387157,-0.0732599814387157,0.0014037270449236,0.9075593275212608,0.7730332300441529,1.9075593275212608,-0.07185625439379206,-0.0815,0.0008,-0.0382,-0.0143,-0.0253,0.0012,0.9766087401882356,-0.2209165481363368,-0.1683582865095289,-0.1792793144035855,0.1747833184749734,0.8249795295160312,0.0004489779443546,0.910484238614038,-0.2137171725719049,-0.3144947646413351,-0.2549763263255614,-0.1946907320340634,0.8933386192935708,36.0
2020-03-31,MTUM,iShares MSCI USA Momentum Factor ETF,Momentum,Momentum Factor,Broad Market,-0.1153347337459018,-0.1165347337459018,-0.0833186223596432,-0.0821186223596432,-0.0332161113862585,0.6875514803770848,0.6274341837950586,1.6875514803770848,-0.178903466171208,-0.1335,-0.0818,-0.1383,-0.0161,0.0118999999999999,0.0012,0.9766087401882356,-0.2209165481363368,-0.1683582865095289,-0.1792793144035855,0.1747833184749734,0.8249795295160312,0.0006996928855306,0.921882773894642,-0.1979368012357873,-0.0908008509829362,-0.2421813117338087,-0.4345954080452236,0.901632693562132,36.0
2020-04-30,MTUM,iShares MSCI USA Momentum Factor ETF,Momentum,Momentum Factor,Broad Market,0.1170174537889703,0.1170174537889703,0.1232084150856187,0.1232084150856187,-0.0061909612966483,0.8850244577486188,0.8279477702366054,1.8850244577486188,-0.08282084046761362,0.1358,0.0256999999999999,-0.0134,0.0276,-0.0102,0.0,0.9766087401882356,-0.2209165481363368,-0.1683582865095289,-0.1792793144035855,0.1747833184749734,0.8249795295160312,0.0003742057359785,0.9260201420852774,-0.222786156630328,-0.0756842700913676,-0.3088324526965057,-0.4272359857424768,0.917794666229478,36.0
2020-05-31,MTUM,iShares MSCI USA Momentum Factor ETF,Momentum,Momentum Factor,Broad Market,0.0586848174289309,0.0585848174289309,0.0522619122376137,0.0523619122376137,0.0063229051913172,0.995646773900666,0.9236626109566765,1.995646773900666,-0.028996348940835248,0.0559,0.0192,-0.05,0.0096,-0.0316,0.0001,0.9766087401882356,-0.2209165481363368,-0.1683582865095289,-0.1792793144035855,0.1747833184749734,0.8249795295160312,2.3270657064763424e-05,0.9226016047046496,-0.2053507582394835,-0.0635307224068361,-0.3520379259310363,-0.3952895409123479,0.9262288369502318,36.0
2020-06-30,MTUM,iShares MSCI USA Momentum Factor ETF,Momentum,Momentum Factor,Broad Market,0.0432439491762892,0.0431439491762892,0.0246224739425545,0.0247224739425545,0.0185214752337346,1.081946421565052,0.9712203097303188,2.081946421565052,0.0,0.0243999999999999,0.0195,-0.0217,0.0014,0.0055,0.0001,0.9766087401882356,-0.2209165481363368,-0.1683582865095289,-0.1792793144035855,0.1747833184749734,0.8249795295160312,0.0009073896429771,0.9262246016799408,-0.1563066717580308,-0.093923269649701,-0.3519391633017474,-0.3329375486799548,0.9202558023925234,36.0
2020-07-31,MTUM,iShares MSCI USA Momentum Factor ETF,Momentum,Momentum Factor,Broad Market,0.070153003132636,0.070053003132636,0.0681594249006502,0.0682594249006502,0.0018935782319857,1.2280012153990856,1.105774674424992,2.2280012153990856,0.0,0.0583,-0.0319,-0.0144,0.0038,0.0097,0.0001,0.9766087401882356,-0.2209165481363368,-0.1683582865095289,-0.1792793144035855,0.1747833184749734,0.8249795295160312,0.0006788115168613,0.9409302048144208,-0.1686571348251234,-0.1089833707016106,-0.3404701089143835,-0.298243364362654,0.9222626242710542,36.0
2020-08-31,MTUM,iShares MSCI USA Momentum Factor ETF,Momentum,Momentum Factor,Broad Market,0.0947994429011236,0.0946994429011236,0.0719111100412556,0.0720111100412556,0.0227883328598679,1.4392144894019454,1.2574138462270996,2.4392144894019454,0.0,0.0762,-0.0089,-0.0302,0.0426999999999999,-0.0151,0.0001,0.9766087401882356,-0.2209165481363368,-0.1683582865095289,-0.1792793144035855,0.1747833184749734,0.8249795295160312,0.0005358835497852,0.9451995772995418,-0.150806171028168,-0.1477562419749586,-0.166077896218178,-0.2910730013127321,0.9220801997594592,36.0
2020-09-30,MTUM,iShares MSCI USA Momentum Factor ETF,Momentum,Momentum Factor,Broad Market,-0.0380247994436054,-0.0381247994436054,-0.0311089832608603,-0.0310089832608603,-0.007015816182745,1.3464638476425002,1.187413738056609,2.3464638476425,-0.03802479944360537,-0.0364,-0.0001,-0.0272,-0.0138,-0.0192999999999999,0.0001,0.9766087401882356,-0.2209165481363368,-0.1683582865095289,-0.1792793144035855,0.1747833184749734,0.8249795295160312,-0.0013291116427441,0.955605473985033,-0.1997527260658866,-0.1660468023545263,-0.0890505057304397,-0.3021254841634448,0.9261360081548669,36.0
2020-10-31,MTUM,iShares MSCI USA Momentum Factor ETF,Momentum,Momentum Factor,Broad Market,-0.0418586499428552,-0.0419586499428552,-0.0366639046230208,-0.0365639046230208,-0.0052947453198343,1.248244038840468,1.1074333507672218,2.248244038840468,-0.07829178261740333,-0.0208,0.0467,0.0425,-0.0077,-0.0056999999999999,0.0001,0.9766087401882356,-0.2209165481363368,-0.1683582865095289,-0.1792793144035855,0.1747833184749734,0.8249795295160312,-0.0023914339309038,0.9683098801821552,-0.1601795599853884,-0.2252132845569906,-0.0896837974497931,-0.1699544106702147,0.9311782284758028,36.0
2020-11-30,MTUM,iShares MSCI USA Momentum Factor ETF,Momentum,Momentum Factor,Broad Market,0.1062803034140613,0.1061803034140613,0.1092505932565366,0.1093505932565366,-0.0030702898424753,1.4871880974372875,1.3378824379222285,2.4871880974372877,0.0,0.1244,0.0712,0.0209,-0.0225,0.0128,0.0001,0.9766087401882356,-0.2209165481363368,-0.1683582865095289,-0.1792793144035855,0.1747833184749734,0.8249795295160312,-0.0023436518894634,0.9738906057416088,-0.1532670939549673,-0.2288124070858571,-0.1131915591320698,-0.1526834097762445,0.9369423105966036,36.0
2020-12-31,MTUM,iShares MSCI USA Momentum Factor ETF,Momentum,Momentum Factor,Broad Market,0.0343703637402048,0.0342703637402048,0.0413185519055357,0.0414185519055357,-0.0070481881653309,1.5726736570365154,1.4347141430263504,2.5726736570365154,0.0,0.0463,0.0493,-0.0168,-0.0197,-0.0006,0.0001,0.9766087401882356,-0.2209165481363368,-0.1683582865095289,-0.1792793144035855,0.1747833184749734,0.8249795295160312,-0.0022839657446684,0.9731008727485496,-0.1658487339315223,-0.2225547286154353,-0.0955860698886137,-0.1519736475855366,0.9370143025650332,36.0
2021-01-31,MTUM,iShares MSCI USA Momentum Factor ETF,Momentum,Momentum Factor,Broad Market,0.0159344023304635,0.0159344023304635,-0.0051813526259699,-0.0051813526259699,0.0211157549564334,1.6136676741527205,1.4220990305078949,2.6136676741527203,0.0,-0.0007,0.0681,0.0322,-0.0365,0.0496999999999999,0.0,0.9766087401882356,-0.2209165481363368,-0.1683582865095289,-0.1792793144035855,0.1747833184749734,0.8249795295160312,-0.002099182503584,0.9374113187582382,0.0008946928519988,-0.292306442061953,-0.0397958351377168,0.0867943925175525,0.9298337965483378,36.0
2021-02-28,MTUM,iShares MSCI USA Momentum Factor ETF,Momentum,Momentum Factor,Broad Market,-0.0058587962091232,-0.0058587962091232,0.0020472558712005,0.0020472558712005,-0.0079060520803237,1.5983547278914862,1.4270576869687313,2.5983547278914862,-0.005858796209123329,0.0281,0.045,0.072,0.0033,-0.0199,0.0,0.9766087401882356,-0.2209165481363368,-0.1683582865095289,-0.1792793144035855,0.1747833184749734,0.8249795295160312,-0.0033659935331013,0.9656424675933014,-0.0193213846642488,-0.3202721403097628,-0.0763705082646269,0.1701888362827463,0.9341334113064972,36.0
2021-03-31,MTUM,iShares MSCI USA Momentum Factor ETF,Momentum,Momentum Factor,Broad Market,-0.0119404515458299,-0.0119404515458299,0.0158477388234506,0.0158477388234506,-0.0277881903692805,1.5673291991642198,1.4655210633012596,2.5673291991642198,-0.01772929108270127,0.0316,-0.0084,0.0735,0.0635,0.0352,0.0,0.9766087401882356,-0.2209165481363368,-0.1683582865095289,-0.1792793144035855,0.1747833184749734,0.8249795295160312,-0.0035546201688317,0.9631422088867928,-0.0139270473655344,-0.3269107332093706,-0.1559212616168637,0.132413960226441,0.9323403769632612,36.0
2021-04-30,MTUM,iShares MSCI USA Momentum Factor ETF,Momentum,Momentum Factor,Broad Market,0.0705583497032933,0.0705583497032933,0.0488624795702503,0.0488624795702503,0.0216958701330429,1.748475710602325,1.5859925358868394,2.748475710602325,0.0,0.0496999999999999,-0.0316,-0.0102,0.0243,-0.0272,0.0,0.9766087401882356,-0.2209165481363368,-0.1683582865095289,-0.1792793144035855,0.1747833184749734,0.8249795295160312,-0.0027584604820776,0.9764997995476916,-0.066983595764493,-0.2983691399936159,-0.1563261229988002,0.0581706690126273,0.926919094203854,36.0
2021-05-31,MTUM,iShares MSCI USA Momentum Factor ETF,Momentum,Momentum Factor,Broad Market,-0.0105685654597823,-0.0105685654597823,-0.0100226549140874,-0.0100226549140874,-0.0005459105456948,1.7194282651402024,1.5600740250892398,2.7194282651402024,-0.010568565459782353,0.0029,0.0127,0.0704,0.0233999999999999,0.0301,0.0,0.9766087401882356,-0.2209165481363368,-0.1683582865095289,-0.1792793144035855,0.1747833184749734,0.8249795295160312,-0.0023429982235059,0.9709454314423808,-0.0640765320215438,-0.2865565631945009,-0.1346568076783481,0.0724665004078397,0.9256989099515892,36.0
2021-06-30,MTUM,iShares MSCI USA Momentum Factor ETF,Momentum,Momentum Factor,Broad Market,0.0185949038968629,0.0185949038968629,0.0435056233795324,0.0435056233795324,-0.0249107194826695,1.7699957723848971,1.6714516414484957,2.769995772384897,0.0,0.0273,-0.003,-0.0786,-0.0214,-0.0093,0.0,0.9766087401882356,-0.2209165481363368,-0.1683582865095289,-0.1792793144035855,0.1747833184749734,0.8249795295160312,-0.0025506393840528,0.9488635098566516,-0.0448119807259571,-0.2622833633393815,-0.0666960508828677,0.0500110589366247,0.9182883622411946,36.0
2021-07-31,MTUM,iShares MSCI USA Momentum Factor ETF,Momentum,Momentum Factor,Broad Market,0.0092258583744881,0.0092258583744881,0.0159976908579628,0.0159976908579628,-0.0067718324834747,1.7955513610788514,1.714188698950386,2.7955513610788514,0.0,0.0134,-0.0455,-0.0179,0.055,-0.0059,0.0,0.9766087401882356,-0.2209165481363368,-0.1683582865095289,-0.1792793144035855,0.1747833184749734,0.8249795295160312,-0.0023072160195893,0.9561812562990776,-0.0635599822045428,-0.2516905308498609,-0.0916702557832944,0.0507156302720676,0.9193573155734664,36.0
2021-08-31,MTUM,iShares MSCI USA Momentum Factor ETF,Momentum,Momentum Factor,Broad Market,0.0411930632027781,0.0411930632027781,0.0288524855938205,0.0288524855938205,0.0123405776089575,1.910708684982385,1.7924997892857628,2.910708684982385,0.0,0.0295,-0.0066,-0.0023,-0.0026,-0.0172,0.0,0.9766087401882356,-0.2209165481363368,-0.1683582865095289,-0.1792793144035855,0.1747833184749734,0.8249795295160312,-0.0022121711900537,0.9632794546539412,-0.0991617290919646,-0.2256734779030709,-0.1282648153640626,0.0494273310490921,0.9196628209177776,36.0
2021-09-30,MTUM,iShares MSCI USA Momentum Factor ETF,Momentum,Momentum Factor,Broad Market,-0.0346725419723389,-0.0346725419723389,-0.0463897636287327,-0.0463897636287327,0.0117172216563938,1.809787015933082,1.66295638412751,2.809787015933082,-0.03467254197233893,-0.044,0.0112,0.0512,-0.0192,0.02,0.0,0.9766087401882356,-0.2209165481363368,-0.1683582865095289,-0.1792793144035855,0.1747833184749734,0.8249795295160312,-0.0013706270376012,0.9573589099863749,-0.1169731413393779,-0.1932217304165789,-0.1777460358378509,0.0384975095339047,0.9185293326930084,36.0
2021-10-31,MTUM,iShares MSCI USA Momentum Factor ETF,Momentum,Momentum Factor,Broad Market,0.0858767924450614,0.0858767924450614,0.0665862671537618,0.0665862671537618,0.0192905252912995,2.051082512315196,1.84027270933984,3.0510825123151957,0.0,0.0663,-0.027,-0.0053,0.0171,-0.0154,0.0,0.9766087401882356,-0.2209165481363368,-0.1683582865095289,-0.1792793144035855,0.1747833184749734,0.8249795295160312,0.0003426699118534,0.9722809718772808,-0.2317627093190496,-0.1358409339032449,-0.2415679041602832,0.0674222915163876,0.9147129332380628,36.0
2021-11-30,MTUM,iShares MSCI USA Momentum Factor ETF,Momentum,Momentum Factor,Broad Market,-0.039490287502886,-0.039490287502886,-0.0202333760661982,-0.0202333760661982,-0.0192569114366877,1.930594386708841,1.7828044034812072,2.930594386708841,-0.03949028750288597,-0.0158,-0.017,-0.0037,0.0719,0.017,0.0,0.9766087401882356,-0.2209165481363368,-0.1683582865095289,-0.1792793144035855,0.1747833184749734,0.8249795295160312,0.0005308690561227,0.9887505904826758,-0.2782719794243549,-0.1094461117077868,-0.3261306388670654,0.0542122912345214,0.917352607399642,36.0
2021-12-31,MTUM,iShares MSCI USA Momentum Factor ETF,Momentum,Momentum Factor,Broad Market,-0.0048396637723933,-0.0049396637723933,0.0273804031076001,0.0274804031076001,-0.0323200668799934,1.9164112952239072,1.859276990258476,2.916411295223907,-0.04413883156149012,0.0324,-0.0078,0.0325,0.0487999999999999,0.0429,0.0001,0.9766087401882356,-0.2209165481363368,-0.1683582865095289,-0.1792793144035855,0.1747833184749734,0.8249795295160312,-7.864851041856392e-05,0.9917675524288956,-0.2796363309704373,-0.1018054317422697,-0.3644661302652385,-0.0105022337718977,0.905349808506164,36.0
2022-01-31,MTUM,iShares MSCI USA Momentum Factor ETF,Momentum,Momentum Factor,Broad Market,-0.090309213645868,-0.090309213645868,-0.0599858584473108,-0.0599858584473108,-0.0303233551985571,1.6530324844843087,1.6877608054591775,2.6530324844843087,-0.1304619020377925,-0.0615,-0.0401,0.1286,0.0077,0.0773,0.0,0.9766087401882356,-0.2209165481363368,-0.1683582865095289,-0.1792793144035855,0.1747833184749734,0.8249795295160312,-0.0005592953995046,0.9972742756807886,-0.2101143592682194,-0.1449632596573819,-0.3231858739598511,-0.0632860095054659,0.914657472837936,36.0
2022-02-28,MTUM,iShares MSCI USA Momentum Factor ETF,Momentum,Momentum Factor,Broad Market,-0.0267834753136454,-0.0267834753136454,-0.0240639501460819,-0.0240639501460819,-0.0027195251675634,1.5819750544298237,1.6230826634320148,2.5819750544298237,-0.15375115421883756,-0.0227999999999999,0.0286,0.0306,-0.0203,0.0302999999999999,0.0,0.9766087401882356,-0.2209165481363368,-0.1683582865095289,-0.1792793144035855,0.1747833184749734,0.8249795295160312,-0.0004170491582246,0.9962502546389198,-0.2062239681333467,-0.1459565623822058,-0.3238380658923557,-0.0619483507171946,0.9157333820095414,36.0
2022-03-31,MTUM,iShares MSCI USA Momentum Factor ETF,Momentum,Momentum Factor,Broad Market,0.047732189357214,0.047732189357214,0.0469768313881719,0.0469768313881719,0.000755357969042,1.705218376643471,1.7463067754292978,2.705218376643471,-0.11335784406868732,0.0308,-0.0210999999999999,-0.019,-0.015,0.0321,0.0,0.9766087401882356,-0.2209165481363368,-0.1683582865095289,-0.1792793144035855,0.1747833184749734,0.8249795295160312,-0.0002834281713322,1.0048860403104554,-0.2202615964575375,-0.1496884386244626,-0.3394360885824223,-0.0435266441627983,0.9163766010330284,36.0
2022-04-30,MTUM,iShares MSCI USA Momentum Factor ETF,Momentum,Momentum Factor,Broad Market,-0.1268200604760457,-0.1268200604760457,-0.0965590674650524,-0.0965590674650524,-0.0302609930109932,1.362142418516636,1.48112595422089,2.362142418516636,-0.22580185590450785,-0.0941,-0.0034999999999999,0.0617999999999999,0.0341,0.0592,0.0,0.9766087401882356,-0.2209165481363368,-0.1683582865095289,-0.1792793144035855,0.1747833184749734,0.8249795295160312,0.0001713030330567,1.017177374549027,-0.2511804197529785,-0.1261791873330696,-0.3654139467387534,-0.0956711706927689,0.9313774378099232,36.0
2022-05-31,MTUM,iShares MSCI USA Momentum Factor ETF,Momentum,Momentum Factor,Broad Market,-0.0059889534220993,-0.0062889534220993,-0.0125034602111625,-0.0122034602111625,0.0062145067890632,1.3479956575957748,1.4508476323596726,2.3479956575957748,-0.23043849252897153,-0.0033,-0.0003,0.0843999999999999,0.0155,0.0395,0.0003,0.9766087401882356,-0.2209165481363368,-0.1683582865095289,-0.1792793144035855,0.1747833184749734,0.8249795295160312,-0.0007945583457821,1.0494777430723878,-0.282225021222265,-0.0840770477460804,-0.3793077609753759,-0.1179527879313162,0.9431437400682006,36.0
2022-06-30,MTUM,iShares MSCI USA Momentum Factor ETF,Momentum,Momentum Factor,Broad Market,-0.0639002458233568,-0.0645002458233568,-0.0852948176531941,-0.0846948176531941,0.0207945718298373,1.1979581578832303,1.2432735390412075,2.1979581578832303,-0.2796136620325633,-0.084,0.0133,-0.06,0.0176,-0.0458,0.0006,0.9766087401882356,-0.2209165481363368,-0.1683582865095289,-0.1792793144035855,0.1747833184749734,0.8249795295160312,0.0005487270566823,1.019795036868112,-0.2395212075232937,-0.092569267498207,-0.3353674358823603,-0.1751220112228762,0.9422575022769384,36.0
2022-07-31,MTUM,iShares MSCI USA Momentum Factor ETF,Momentum,Momentum Factor,Broad Market,0.051697816066204,0.050897816066204,0.0839003040748056,0.0847003040748056,-0.0330024880086016,1.3115877944506904,1.433279489920963,2.3115877944506904,-0.24237126163571643,0.0957,0.0178,-0.0415,0.0077,-0.0684999999999999,0.0008,0.9766087401882356,-0.2209165481363368,-0.1683582865095289,-0.1792793144035855,0.1747833184749734,0.8249795295160312,-0.0014657225642682,1.0000925030751755,-0.2258080463990859,-0.1298783044185948,-0.3263257326318589,-0.0189961746757276,0.9228205096347424,36.0
2022-08-31,MTUM,iShares MSCI USA Momentum Factor ETF,Momentum,Momentum Factor,Broad Market,-0.0199415003843906,-0.0218415003843906,-0.0287987586137678,-0.0268987586137678,0.0069572582293772,1.2654912655590995,1.367827292281747,2.2654912655590995,-0.25747951541303304,-0.0377,0.0149,0.0018,-0.0478,0.0132,0.0019,0.9766087401882356,-0.2209165481363368,-0.1683582865095289,-0.1792793144035855,0.1747833184749734,0.8249795295160312,-0.0017623226757854,1.001818713288845,-0.2156283529018564,-0.1226768061875861,-0.3367789469413297,-0.0181716702369168,0.9253558190254352,36.0
2022-09-30,MTUM,iShares MSCI USA Momentum Factor ETF,Momentum,Momentum Factor,Broad Market,-0.0595495743558754,-0.0614495743558754,-0.0872751769056236,-0.0853751769056236,0.0258256025497482,1.130582224988102,1.1656736183212288,2.130582224988102,-0.3016962942207052,-0.0934,-0.0097,0.0003,-0.0137,-0.0077,0.0019,0.9766087401882356,-0.2209165481363368,-0.1683582865095289,-0.1792793144035855,0.1747833184749734,0.8249795295160312,-0.0003174494247134,0.9797324160191908,-0.2301347839496292,-0.096135068824621,-0.3541923159101413,-0.0585034036417919,0.9237728732979116,36.0
2022-10-31,MTUM,iShares MSCI USA Momentum Factor ETF,Momentum,Momentum Factor,Broad Market,0.1254767741063966,0.1231767741063966,0.0654582371615778,0.0677582371615778,0.0577185369448187,1.397920809548038,1.312415844966011,2.397920809548038,-0.21407539787297702,0.0786,0.0181,0.0797,0.0327,0.0643,0.0023,0.9766087401882356,-0.2209165481363368,-0.1683582865095289,-0.1792793144035855,0.1747833184749734,0.8249795295160312,0.0006045965210908,1.024028861472674,-0.2013506453344976,-0.115635292370719,-0.3045336911240038,0.0890676762524573,0.9016487436806736,36.0
2022-11-30,MTUM,iShares MSCI USA Momentum Factor ETF,Momentum,Momentum Factor,Broad Market,0.0346791380815056,0.0317791380815056,0.0443349314146883,0.0472349314146883,-0.0125557933331827,1.4810786364108703,1.4216426488052196,2.4810786364108703,-0.1868202100741615,0.0469,-0.0275,0.0148,0.063,0.0315,0.0029,0.9766087401882356,-0.2209165481363368,-0.1683582865095289,-0.1792793144035855,0.1747833184749734,0.8249795295160312,0.0010958407573738,1.029090188214011,-0.2106314340252584,-0.1107851395155042,-0.3298913036133277,0.0782318734574438,0.9030734697147202,36.0
2022-12-31,MTUM,iShares MSCI USA Momentum Factor ETF,Momentum,Momentum Factor,Broad Market,-0.0392705890661055,-0.0425705890661055,-0.0564994636552245,-0.0531994636552245,0.013928874589119,1.3836452168396858,1.2928125587241648,2.3836452168396858,-0.21875425944120108,-0.0638,-0.0019,0.0134,0.0032,0.0428,0.0033,0.9766087401882356,-0.2209165481363368,-0.1683582865095289,-0.1792793144035855,0.1747833184749734,0.8249795295160312,0.0018105537932721,1.0211536028045816,-0.1979043318049146,-0.1213983448130132,-0.3272093677137487,0.107539836869232,0.9028946887275616,36.0
2023-01-31,MTUM,iShares MSCI USA Momentum Factor ETF,Momentum,Momentum Factor,Broad Market,-0.00548189503446,-0.00898189503446,0.0586266557457365,0.0621266557457364,-0.0676085507801965,1.370578323961578,1.4352573352495224,2.370578323961578,-0.2230369665870634,0.0659,0.0438999999999999,-0.0394,-0.0242,-0.0443,0.0034999999999999,0.9766087401882356,-0.2209165481363368,-0.1683582865095289,-0.1792793144035855,0.1747833184749734,0.8249795295160312,-0.0018809756201259,0.9947090029654744,-0.2002091727653429,-0.1203853097677367,-0.2421093344265064,0.1976753317141058,0.8692758062704296,36.0
2023-02-28,MTUM,iShares MSCI USA Momentum Factor ETF,Momentum,Momentum Factor,Broad Market,-0.0403776622137248,-0.0437776622137248,-0.0286741304267228,-0.0252741304267228,-0.0151035317870019,1.2748599131454794,1.373708323735792,2.2748599131454794,-0.25440891750276196,-0.0256999999999999,0.0058,-0.008,0.0097,-0.0151,0.0034,0.9766087401882356,-0.2209165481363368,-0.1683582865095289,-0.1792793144035855,0.1747833184749734,0.8249795295160312,-0.0025707895899935,1.006749032426965,-0.2067925493751663,-0.1219798885710665,-0.2474173260063817,0.2175098173580055,0.8654038155032171,36.0
2023-03-31,MTUM,iShares MSCI USA Momentum Factor ETF,Momentum,Momentum Factor,Broad Market,0.0043287880945075,0.0007287880945075,0.0477724439433733,0.0513724439433733,-0.0470436558488658,1.2847072996541762,1.4956515215348278,2.284707299654176,-0.2511814117014769,0.0249,-0.0689,-0.0905,0.0227,-0.021,0.0036,0.9766087401882356,-0.2209165481363368,-0.1683582865095289,-0.1792793144035855,0.1747833184749734,0.8249795295160312,-0.002886279749557,0.9753138009383576,-0.1575947626613114,-0.1513034688584837,-0.2460122946061803,0.265478288504245,0.8419830626155003,36.0
2023-04-30,MTUM,iShares MSCI USA Momentum Factor ETF,Momentum,Momentum Factor,Broad Market,0.0239501063322649,0.0204501063322649,0.0134123868039872,0.0169123868039871,0.0070377195282776,1.3394262824189953,1.5378589453949836,2.3394262824189953,-0.23324712688815075,0.0063,-0.0256999999999999,-0.0012,0.0242,0.0285,0.0034999999999999,0.9766087401882356,-0.2209165481363368,-0.1683582865095289,-0.1792793144035855,0.1747833184749734,0.8249795295160312,-0.0026173325979145,0.9770369441571648,-0.1624535583788152,-0.1588838314365189,-0.2436639967272679,0.279197027256079,0.8240348974779739,36.0
2023-05-31,MTUM,iShares MSCI USA Momentum Factor ETF,Momentum,Momentum Factor,Broad Market,-0.048254380281127,-0.051854380281127,0.0088417747089715,0.0124417747089715,-0.0606961549900985,1.226538716947486,1.5694344146367365,2.226538716947486,-0.27024631160893664,0.0033,-0.0043,-0.0779,-0.0178,-0.0708,0.0036,0.9766087401882356,-0.2209165481363368,-0.1683582865095289,-0.1792793144035855,0.1747833184749734,0.8249795295160312,-0.0053721139122268,0.9864029396913429,-0.1450166413665549,-0.1542692941935891,-0.2165537389070518,0.3732768379740041,0.8086504059397445,36.0
2023-06-30,MTUM,iShares MSCI USA Momentum Factor ETF,Momentum,Momentum Factor,Broad Market,0.0687634434919988,0.0647634434919988,0.0543665167157156,0.0583665167157156,0.0103969267762831,1.3796431861930518,1.7194033513485665,2.379643186193052,-0.22006593509418015,0.0646,0.0128,-0.0013,0.0232,-0.0154,0.004,0.9766087401882356,-0.2209165481363368,-0.1683582865095289,-0.1792793144035855,0.1747833184749734,0.8249795295160312,-0.0055458807731168,0.993291867505937,-0.1603520177010418,-0.1258727881779706,-0.2117342360551384,0.3359240574692589,0.813896611909054,36.0
2023-07-31,MTUM,iShares MSCI USA Momentum Factor ETF,Momentum,Momentum Factor,Broad Market,0.0173305819110805,0.0128305819110805,0.0211443000498883,0.0256443000498883,-0.0083137181388078,1.420883787350515,1.789140546847221,2.420883787350515,-0.20654922389708785,0.0321,0.0286,0.0406,-0.0059,0.0066,0.0045,0.9766087401882356,-0.2209165481363368,-0.1683582865095289,-0.1792793144035855,0.1747833184749734,0.8249795295160312,-0.0060542856369651,0.98364391357661,-0.1427763742359685,-0.1314845556239506,-0.1931353527050711,0.3351269951478742,0.8067096121529729,36.0
2023-08-31,MTUM,iShares MSCI USA Momentum Factor ETF,Momentum,Momentum Factor,Broad Market,0.0030664608097346,-0.0014335391902653,-0.0225291256324573,-0.0180291256324573,0.021095586442192,1.428307332609347,1.7388547815215318,2.428307332609347,-0.2041161381877149,-0.0236,-0.0365,-0.0115,0.0335,-0.0241,0.0045,0.9766087401882356,-0.2209165481363368,-0.1683582865095289,-0.1792793144035855,0.1747833184749734,0.8249795295160312,-0.0054119207117649,0.9526191636713512,-0.1940470409849727,-0.087433770559437,-0.2280044160442815,0.2769347442885549,0.7906492476151301,36.0
2023-09-30,MTUM,iShares MSCI USA Momentum Factor ETF,Momentum,Momentum Factor,Broad Market,-0.0481877072892055,-0.0524877072892055,-0.0536138144136981,-0.0493138144136981,0.0011261071244926,1.3112927696573364,1.6037914051195092,2.3112927696573364,-0.24246795675692767,-0.0523,-0.0178,0.0149,0.0187,-0.0077,0.0043,0.9766087401882356,-0.2209165481363368,-0.1683582865095289,-0.1792793144035855,0.1747833184749734,0.8249795295160312,-0.0052625859699563,0.9490815957571888,-0.196947453148677,-0.082799889567653,-0.2257284576937558,0.2696100792240265,0.7929268203436395,36.0
2023-10-31,MTUM,iShares MSCI USA Momentum Factor ETF,Momentum,Momentum Factor,Broad Market,-0.0162492547542997,-0.0209492547542997,-0.0269861900317417,-0.0222861900317418,0.006036935277442,1.2737359846314034,1.545762815062,2.2737359846314034,-0.2547772879121296,-0.0315,-0.0403,0.002,0.0241,-0.0069,0.0046999999999999,0.9766087401882356,-0.2209165481363368,-0.1683582865095289,-0.1792793144035855,0.1747833184749734,0.8249795295160312,-0.0046902646674528,0.9432348895115672,-0.2082209071083965,-0.072005918392617,-0.2284009366002132,0.2520906601246001,0.7886848390130032,36.0
2023-11-30,MTUM,iShares MSCI USA Momentum Factor ETF,Momentum,Momentum Factor,Broad Market,0.0922654895717427,0.0878654895717427,0.089889965769919,0.094289965769919,-0.0020244761981763,1.4835233484103083,1.7858027037525286,2.4835233484103085,-0.18601894954136033,0.0888,-0.002,0.0167,-0.0373,-0.0108,0.0044,0.9766087401882356,-0.2209165481363368,-0.1683582865095289,-0.1792793144035855,0.1747833184749734,0.8249795295160312,-0.0045857753613209,0.9457740204734856,-0.2195181386757236,-0.0668248285995582,-0.2388669580479021,0.2477507298520528,0.7807361322223869,36.0
2023-12-31,MTUM,iShares MSCI USA Momentum Factor ETF,Momentum,Momentum Factor,Broad Market,0.0475601921767288,0.0432601921767288,0.0314865333013503,0.0357865333013503,0.0117736588753784,1.601640196136096,1.88549692498136,2.601640196136096,-0.14730585435333177,0.0486,0.0727,0.0489,-0.0297,0.0129,0.0043,0.9766087401882356,-0.2209165481363368,-0.1683582865095289,-0.1792793144035855,0.1747833184749734,0.8249795295160312,-0.0042812316014188,0.9492513456732744,-0.1981099517849771,-0.0654307817893798,-0.2411917474743928,0.249242060702157,0.7813585075767852,36.0
2024-01-31,MTUM,iShares MSCI USA Momentum Factor ETF,Momentum,Momentum Factor,Broad Market,0.0558351588677992,0.0511351588677992,0.0216134293219042,0.0263134293219041,0.0295217295458949,1.7469031898042071,1.9614242443754288,2.746903189804207,-0.09969554126550773,0.0073,-0.0572,-0.0237999999999999,0.0067,-0.0097,0.0046999999999999,0.9766087401882356,-0.2209165481363368,-0.1683582865095289,-0.1792793144035855,0.1747833184749734,0.8249795295160312,-0.0041235959446133,0.9587985011270126,-0.346695912039822,-0.0185708841577389,-0.2815515549552191,0.1771643257010811,0.7778420913255208,36.0
2024-02-29,MTUM,iShares MSCI USA Momentum Factor ETF,Momentum,Momentum Factor,Broad Market,0.0999697677841267,0.0957697677841267,0.0577380252572614,0.0619380252572614,0.0380317425268652,2.0215104638144106,2.144849014021021,3.0215104638144106,-0.00969231359080669,0.0507,-0.0081999999999999,-0.0343,-0.0206,-0.0217,0.0042,0.9766087401882356,-0.2209165481363368,-0.1683582865095289,-0.1792793144035855,0.1747833184749734,0.8249795295160312,-0.0023647853988314,0.981416642566624,-0.370162319683603,-0.0118353713845474,-0.3354673020603003,0.1580554038153953,0.7787053867607578,36.0
2024-03-31,MTUM,iShares MSCI USA Momentum Factor ETF,Momentum,Momentum Factor,Broad Market,0.0291015993420753,0.0248015993420753,0.0237505900259621,0.0280505900259621,0.0010510093161131,2.109441250740226,2.233063884406876,3.109441250740226,0.0,0.0283999999999999,-0.0121,0.0416,0.0133,0.0113999999999999,0.0043,0.9766087401882356,-0.2209165481363368,-0.1683582865095289,-0.1792793144035855,0.1747833184749734,0.8249795295160312,-0.0022780438727793,0.9900503903937856,-0.3565800167990186,0.016500042376166,-0.2758957622611274,0.1401823403213516,0.7871703210569367,36.0
2024-04-30,MTUM,iShares MSCI USA Momentum Factor ETF,Momentum,Momentum Factor,Broad Market,-0.0546570329025075,-0.0593570329025075,-0.0407811666622861,-0.0360811666622862,-0.0185758662402213,1.9394884179901035,2.116411167563773,2.9394884179901033,-0.05465703290250745,-0.0465,-0.0259,-0.0045,0.0113999999999999,-0.0031,0.0046999999999999,0.9766087401882356,-0.2209165481363368,-0.1683582865095289,-0.1792793144035855,0.1747833184749734,0.8249795295160312,-0.0030836397762272,0.9872328947300796,-0.3126184785553397,-0.0134509550447877,-0.2801549380764472,0.1943518298496187,0.7892543402815911,36.0
2024-05-31,MTUM,iShares MSCI USA Momentum Factor ETF,Momentum,Momentum Factor,Broad Market,0.0535825765266901,0.0491825765266901,0.0331645059941879,0.0375645059941879,0.0160180705325021,2.0969937810963777,2.233477613548077,3.0969937810963777,-0.004003121024037659,0.0432,0.0059,-0.0131,0.0317,-0.0285,0.0044,0.9766087401882356,-0.2209165481363368,-0.1683582865095289,-0.1792793144035855,0.1747833184749734,0.8249795295160312,-0.0024445635645341,0.991920478774772,-0.2870713296965932,0.002215729639486,-0.2375995622119625,0.157435765530889,0.7882387004776076,36.0
2024-06-30,MTUM,iShares MSCI USA Momentum Factor ETF,Momentum,Momentum Factor,Broad Market,0.0454007957885191,0.0413007957885191,0.0391328154801869,0.0432328154801868,0.0021679803083321,2.237599763310248,2.373269954573916,3.2375997633102482,0.0,0.0279999999999999,-0.0432,-0.0336,0.0056,-0.018,0.0040999999999999,0.9766087401882356,-0.2209165481363368,-0.1683582865095289,-0.1792793144035855,0.1747833184749734,0.8249795295160312,-0.0016633288029279,0.9975807490196088,-0.2895765547936362,-0.0400527835846626,-0.2592048612203032,0.2010937799850846,0.7915181789866566,36.0
2024-07-31,MTUM,iShares MSCI USA Momentum Factor ETF,Momentum,Momentum Factor,Broad Market,-0.0200132572280264,-0.0245132572280264,-0.0152108807699129,-0.0107108807699129,-0.0093023764581134,2.172804846445723,2.337139262285745,3.172804846445723,-0.020013257228026382,0.0121999999999999,0.0834,0.0562,0.0026,0.0028,0.0045,0.9766087401882356,-0.2209165481363368,-0.1683582865095289,-0.1792793144035855,0.1747833184749734,0.8249795295160312,-0.0018956530591411,0.9997381326928496,-0.3126979532902541,-0.044953267924548,-0.2671207515982189,0.2074247669642476,0.7924081744362348,36.0
2024-08-31,MTUM,iShares MSCI USA Momentum Factor ETF,Momentum,Momentum Factor,Broad Market,0.0335131052685007,0.0287131052685007,0.026225981091419,0.031025981091419,0.0024871241770816,2.279135389261068,2.4406772819368547,3.279135389261068,0.0,0.0161,-0.0355,-0.011,0.0076,0.0081999999999999,0.0048,0.9766087401882356,-0.2209165481363368,-0.1683582865095289,-0.1792793144035855,0.1747833184749734,0.8249795295160312,-0.0021790274355917,0.997288042547442,-0.307044614015465,-0.0570529720207635,-0.2622019219698439,0.2261262854504824,0.7927198415900517,36.0
2024-09-30,MTUM,iShares MSCI USA Momentum Factor ETF,Momentum,Momentum Factor,Broad Market,0.0295405102863948,0.0255405102863948,0.0234464232453053,0.0274464232453053,0.0020940870410894,2.376002721958016,2.5351115668674,3.3760027219580158,0.0,0.0173,-0.0092,-0.0276,0.002,-0.0029,0.004,0.9766087401882356,-0.2209165481363368,-0.1683582865095289,-0.1792793144035855,0.1747833184749734,0.8249795295160312,-0.0022469427885021,1.0027575778739948,-0.3025781087814534,-0.0760036336922589,-0.253427003695017,0.2421241746507485,0.7912388972739722,36.0
2024-10-31,MTUM,iShares MSCI USA Momentum Factor ETF,Momentum,Momentum Factor,Broad Market,-0.0017261766518981,-0.0056261766518981,-0.0041441996713069,-0.0002441996713069,-0.0014819769805911,2.370175144882628,2.5342482937847377,3.3701751448826274,-0.0017261766518981148,-0.01,-0.0089,0.0086,-0.0148,0.0098,0.0039,0.9766087401882356,-0.2209165481363368,-0.1683582865095289,-0.1792793144035855,0.1747833184749734,0.8249795295160312,-0.0026288687401127,0.9860482482895614,-0.2736715898298698,-0.0986921618777368,-0.2545039278353377,0.2714616648225728,0.7820859226233225,36.0
2024-11-30,MTUM,iShares MSCI USA Momentum Factor ETF,Momentum,Momentum Factor,Broad Market,0.0697101244289837,0.0657101244289837,0.0542681598962454,0.0582681598962454,0.0114419645327382,2.605110473579864,2.7401824384800197,3.6051104735798636,0.0,0.0649,0.0458999999999999,0.0016,-0.0231,-0.0204999999999999,0.004,0.9766087401882356,-0.2209165481363368,-0.1683582865095289,-0.1792793144035855,0.1747833184749734,0.8249795295160312,-0.0018592844851772,0.989589521571734,-0.2403934129833242,-0.1162662534835405,-0.2188038472176722,0.2830367060352899,0.7860687675675547,36.0
2024-12-31,MTUM,iShares MSCI USA Momentum Factor ETF,Momentum,Momentum Factor,Broad Market,-0.0410176405872663,-0.0447176405872663,-0.0220171787808806,-0.0183171787808806,-0.0227004618063856,2.457237347897175,2.6716728480812706,3.457237347897175,-0.04101764058726631,-0.0315,-0.0383,-0.03,0.0189,-0.0121,0.0037,0.9766087401882356,-0.2209165481363368,-0.1683582865095289,-0.1792793144035855,0.1747833184749734,0.8249795295160312,-0.0015986743471033,1.0136703172331236,-0.1940664999657761,-0.1548532418093569,-0.1331003730117253,0.3687887840065115,0.8017066709286386,36.0
2025-01-31,MTUM,iShares MSCI USA Momentum Factor ETF,Momentum,Momentum Factor,Broad Market,0.0590083607096061,0.0553083607096061,0.0266055639090533,0.0303055639090533,0.0287027968005527,2.661243256380614,2.782944964231934,3.661243256380614,0.0,0.0279999999999999,-0.0123,0.0163,-0.0235,-0.0324,0.0037,0.9766087401882356,-0.2209165481363368,-0.1683582865095289,-0.1792793144035855,0.1747833184749734,0.8249795295160312,-6.402573377392064e-05,0.996467771824587,-0.4430982601733341,0.1657637419341402,-0.2979634320984839,0.1618493401025028,0.8147063971584343,36.0
2025-02-28,MTUM,iShares MSCI USA Momentum Factor ETF,Momentum,Momentum Factor,Broad Market,-0.0031945063948539,-0.0064945063948539,-0.0170014274490062,-0.0137014274490062,0.0105069210541523,2.6495473913849903,2.7311132182609263,3.6495473913849903,-0.0031945063948538577,-0.0243,-0.0491,0.0491,0.0108,0.0306,0.0033,0.9766087401882356,-0.2209165481363368,-0.1683582865095289,-0.1792793144035855,0.1747833184749734,0.8249795295160312,6.667319948480167e-05,0.9947634449618694,-0.403325158537832,0.1299458044245905,-0.2943392280970586,0.1904251244606974,0.811933060597968,36.0
2025-03-31,MTUM,iShares MSCI USA Momentum Factor ETF,Momentum,Momentum Factor,Broad Market,-0.0722308567875096,-0.0756308567875096,-0.067862906028405,-0.064462906028405,-0.0077679507591045,2.3859374564186315,2.490594817490833,3.3859374564186315,-0.07519462124845011,-0.0639,-0.0149,0.0289999999999999,0.0210999999999999,-0.0046999999999999,0.0034,0.9766087401882356,-0.2209165481363368,-0.1683582865095289,-0.1792793144035855,0.1747833184749734,0.8249795295160312,-0.0001274738108989,1.0067135466712558,-0.39538930486753,0.1019423782127813,-0.3049643195610452,0.2254050445799421,0.8190385642391884,36.0
2025-04-30,MTUM,iShares MSCI USA Momentum Factor ETF,Momentum,Momentum Factor,Broad Market,0.0371048489436511,0.0336048489436511,0.0028266991468661,0.006326699146866,0.0307781497967849,2.511572154271696,2.5126787607447065,3.5115721542716956,-0.040879857367597694,-0.0084,-0.0186,-0.0341,-0.0285,-0.0266999999999999,0.0034999999999999,0.9766087401882356,-0.2209165481363368,-0.1683582865095289,-0.1792793144035855,0.1747833184749734,0.8249795295160312,0.0031965605995105,0.9479432773317448,-0.3698359601008661,0.0757777072630599,-0.3212085310342307,0.3165691582513315,0.7966342928538748,36.0
2025-05-31,MTUM,iShares MSCI USA Momentum Factor ETF,Momentum,Momentum Factor,Broad Market,0.1045173223555668,0.1007173223555668,0.0684335669332947,0.0722335669332947,0.032283755422272,2.878592273094543,2.766412077124122,3.878592273094543,0.0,0.0605999999999999,-0.0072,-0.0288,0.0129,0.0250999999999999,0.0038,0.9766087401882356,-0.2209165481363368,-0.1683582865095289,-0.1792793144035855,0.1747833184749734,0.8249795295160312,0.0052359757604126,0.9685901480710928,-0.3483095516074503,0.0219055201133141,-0.3096846318838213,0.4385474538132639,0.8079812584483297,36.0
2025-06-30,MTUM,iShares MSCI USA Momentum Factor ETF,Momentum,Momentum Factor,Broad Market,0.040047546883225,0.036647546883225,0.0592091556844494,0.0626091556844494,-0.0225616088012244,3.033920378992211,3.0022239572325766,4.033920378992211,0.0,0.0486,-0.0002,-0.0161,-0.032,0.0144,0.0034,0.9766087401882356,-0.2209165481363368,-0.1683582865095289,-0.1792793144035855,0.1747833184749734,0.8249795295160312,0.0014952736121645,1.0440331404427226,-0.4982322652255281,0.186255862659829,-0.3605648328741633,0.3679600331766204,0.8160302392520588,36.0
2025-07-31,MTUM,iShares MSCI USA Momentum Factor ETF,Momentum,Momentum Factor,Broad Market,0.0040362128583304,0.0006362128583304,0.019405655191603,0.022805655191603,-0.0187694423332726,3.0502021402953803,3.0934972968007965,4.05020214029538,0.0,0.0197999999999999,-0.0014,-0.0127,-0.0028,-0.0207,0.0034,0.9766087401882356,-0.2209165481363368,-0.1683582865095289,-0.1792793144035855,0.1747833184749734,0.8249795295160312,0.0011961177325267,1.0493755601355432,-0.4959903700731466,0.187482600471362,-0.3504867047900915,0.3573851177987482,0.8120025908131057,36.0
2025-08-31,MTUM,iShares MSCI USA Momentum Factor ETF,Momentum,Momentum Factor,Broad Market,0.0101123770632334,0.0063123770632334,0.0054550195162882,0.0092550195162882,0.0008573575469451,3.0911593115203626,3.131382694172561,4.091159311520363,0.0,0.0185,0.0487999999999999,0.0441999999999999,-0.0069,0.0208,0.0038,0.9766087401882356,-0.2209165481363368,-0.1683582865095289,-0.1792793144035855,0.1747833184749734,0.8249795295160312,0.0006857733412071,1.0548056449112728,-0.5094202878319496,0.1917252520276084,-0.3407192446955787,0.3416982765981023,0.8088456505685112,36.0
2025-09-30,MTUM,iShares MSCI USA Momentum Factor ETF,Momentum,Momentum Factor,Broad Market,0.054690758752836,0.051390758752836,0.0402232166671485,0.0435232166671485,0.0111675420856874,3.314907918446141,3.311193758305942,4.314907918446141,0.0,0.0339,-0.0218,-0.0105,-0.0204999999999999,-0.0222,0.0033,0.9766087401882356,-0.2209165481363368,-0.1683582865095289,-0.1792793144035855,0.1747833184749734,0.8249795295160312,-0.001493988887115,1.1286505212661226,-0.5388955622881837,0.2119340775190758,-0.2964287566797344,0.3136051510923844,0.8113666196642437,36.0
2025-10-31,MTUM,iShares MSCI USA Momentum Factor ETF,Momentum,Momentum Factor,Broad Market,-0.0086956594435327,-0.0123956594435327,0.0303425146521934,0.0340425146521934,-0.0427381740957261,3.2773869486571314,3.4579576349915166,4.277386948657131,-0.008695659443532566,0.0196,-0.0131,-0.031,-0.0524,-0.0403,0.0037,0.9766087401882356,-0.2209165481363368,-0.1683582865095289,-0.1792793144035855,0.1747833184749734,0.8249795295160312,-0.0025775795907513,1.1007963885991332,-0.4935803572514177,0.1727528681526112,-0.213962926742488,0.3059485743392284,0.7721663842644562,36.0
2025-11-30,MTUM,iShares MSCI USA Momentum Factor ETF,Momentum,Momentum Factor,Broad Market,-0.0156164216544083,-0.0186164216544083,-0.0115030304124728,-0.0085030304124728,-0.0071133912419354,3.2105894704878386,3.4200514856436683,4.210589470487839,-0.02417628601350763,-0.0013,0.0147,0.0375999999999999,0.0144,0.0068,0.003,0.9766087401882356,-0.2209165481363368,-0.1683582865095289,-0.1792793144035855,0.1747833184749734,0.8249795295160312,-0.0026973740166837,1.169522491824083,-0.5149504789690307,0.1699768902515181,-0.081856103528528,0.351594046161175,0.7891203162946445,36.0
2025-12-31,MTUM,iShares MSCI USA Momentum Factor ETF,Momentum,Momentum Factor,Broad Market,0.0029496819218253,-0.0004503180781746,-0.0064370632296491,-0.0030370632296491,0.0059867451514745,3.223009370129165,3.406627509803464,4.223009370129165,-0.021297916445473075,-0.0036,-0.0022,0.0242,0.004,0.0037,0.0034,0.9766087401882356,-0.2209165481363368,-0.1683582865095289,-0.1792793144035855,0.1747833184749734,0.8249795295160312,-0.0048638153421041,1.2243830517498695,-0.554583554826612,0.230309088224603,-0.0398128197673122,0.2419618270113622,0.7866821339061868,36.0
2026-01-31,MTUM,iShares MSCI USA Momentum Factor ETF,Momentum,Momentum Factor,Broad Market,0.0222923343273564,0.0192923343273564,-0.0027326851555973,0.0002673148444026,0.0220250194829537,3.3171501068756437,3.4078054667505877,4.317150106875643,0.0,0.0103,0.0326,0.0372,0.0182,0.0183,0.003,0.9766087401882356,-0.2209165481363368,-0.1683582865095289,-0.1792793144035855,0.1747833184749734,0.8249795295160312,-0.0030661759624014,1.239505213021418,-0.4373584846659737,0.1603656840235623,-0.003308499180675,0.197170648394195,0.8139580711860853,36.0
2026-02-28,MTUM,iShares MSCI USA Momentum Factor ETF,Momentum,Momentum Factor,Broad Market,-0.0114502021726305,-0.0142502021726305,-0.0108880453264216,-0.0080880453264216,-0.0033621568462088,3.267717865342324,3.37215493634546,4.267717865342324,-0.011450202172630375,-0.0116999999999999,0.0063,0.0283,0.0162,0.0507,0.0028,0.9766087401882356,-0.2209165481363368,-0.1683582865095289,-0.1792793144035855,0.1747833184749734,0.8249795295160312,-0.0035162573143173,1.2446213357169111,-0.4427044963782053,0.1723036785553609,0.0010587454322844,0.1613548439750632,0.8060193732440519,36.0
2015-02-28,QQQ,Invesco QQQ Trust,Growth / Tech,Nasdaq 100,Growth Tilt,0.0722057299137579,0.0722057299137579,0.0771695814652416,0.0771695814652416,-0.0049638515514837,0.0722057299137579,0.0771695814652417,1.072205729913758,0.0,0.0613999999999999,0.0036,-0.0179,-0.011,-0.0175,0.0,1.0991676819905187,-0.1820409466698404,-0.298269979555306,-0.0091806326717568,-0.1411278469456936,0.933993119325043,,,,,,,,
2015-03-31,QQQ,Invesco QQQ Trust,Growth / Tech,Nasdaq 100,Growth Tilt,-0.0235896630522647,-0.0235896630522647,-0.013159520476568,-0.013159520476568,-0.0104301425756966,0.0469127580223849,0.0629945463012136,1.046912758022385,-0.02358966305226462,-0.0109,0.0308,-0.0038,0.0007,-0.0062,0.0,1.0991676819905187,-0.1820409466698404,-0.298269979555306,-0.0091806326717568,-0.1411278469456936,0.933993119325043,,,,,,,,
2015-04-30,QQQ,Invesco QQQ Trust,Growth / Tech,Nasdaq 100,Growth Tilt,0.0192234765796524,0.0192234765796524,0.0100022575734936,0.0100022575734936,0.0092212190061587,0.0670380609071674,0.0736268915525373,1.0670380609071675,-0.004819661807819453,0.006,-0.0301,0.018,0.0005,-0.0062,0.0,1.0991676819905187,-0.1820409466698404,-0.298269979555306,-0.0091806326717568,-0.1411278469456936,0.933993119325043,,,,,,,,
2015-05-31,QQQ,Invesco QQQ Trust,Growth / Tech,Nasdaq 100,Growth Tilt,0.0224845052190678,0.0224845052190678,0.0207457915705689,0.0207457915705689,0.0017387136484988,0.0910298837565786,0.095900131269244,1.0910298837565786,0.0,0.0138,0.0081999999999999,-0.0111,-0.0176,-0.0083,0.0,1.0991676819905187,-0.1820409466698404,-0.298269979555306,-0.0091806326717568,-0.1411278469456936,0.933993119325043,,,,,,,,
2015-06-30,QQQ,Invesco QQQ Trust,Growth / Tech,Nasdaq 100,Growth Tilt,-0.0248411186498604,-0.0248411186498604,-0.0151930430110569,-0.0151930430110569,-0.0096480756388034,0.0639274809636381,0.0792500734390473,1.063927480963638,-0.024841118649860383,-0.0154,0.0289999999999999,-0.0081999999999999,0.0034999999999999,-0.0154,0.0,1.0991676819905187,-0.1820409466698404,-0.298269979555306,-0.0091806326717568,-0.1411278469456936,0.933993119325043,,,,,,,,
2015-07-31,QQQ,Invesco QQQ Trust,Growth / Tech,Nasdaq 100,Growth Tilt,0.0455779178418012,0.0455779178418012,0.0438437749024794,0.0438437749024794,0.0017341429393217,0.1124190802806333,0.1265684707223933,1.1124190802806333,0.0,0.0157,-0.0458,-0.0416,0.0031,-0.0243999999999999,0.0,1.0991676819905187,-0.1820409466698404,-0.298269979555306,-0.0091806326717568,-0.1411278469456936,0.933993119325043,,,,,,,,
2015-08-31,QQQ,Invesco QQQ Trust,Growth / Tech,Nasdaq 100,Growth Tilt,-0.0682449564432505,-0.0682449564432505,-0.0743551027561193,-0.0743551027561193,0.0061101463128688,0.0365020886002407,0.0428023563200254,1.0365020886002407,-0.06824495644325046,-0.0602,0.0029,0.0275,0.0066,0.0129,0.0,1.0991676819905187,-0.1820409466698404,-0.298269979555306,-0.0091806326717568,-0.1411278469456936,0.933993119325043,,,,,,,,
2015-09-30,QQQ,Invesco QQQ Trust,Growth / Tech,Nasdaq 100,Growth Tilt,-0.0220728856021531,-0.0220728856021531,-0.0270841902567641,-0.0270841902567641,0.005011304654611,0.0136234965721748,0.0145588989012519,1.0136234965721749,-0.08881147892890773,-0.0306,-0.0279999999999999,0.0055,0.018,-0.0059,0.0,1.0991676819905187,-0.1820409466698404,-0.298269979555306,-0.0091806326717568,-0.1411278469456936,0.933993119325043,,,,,,,,
2015-10-31,QQQ,Invesco QQQ Trust,Growth / Tech,Nasdaq 100,Growth Tilt,0.1136992123651148,0.1136992123651148,0.0918155881668798,0.0918155881668798,0.0218836241982349,0.1288716897672048,0.1077112209338124,1.1288716897672049,0.0,0.0775,-0.0206,-0.0046999999999999,0.0095,0.0060999999999999,0.0,1.0991676819905187,-0.1820409466698404,-0.298269979555306,-0.0091806326717568,-0.1411278469456936,0.933993119325043,,,,,,,,
2015-11-30,QQQ,Invesco QQQ Trust,Growth / Tech,Nasdaq 100,Growth Tilt,0.0060882767415963,0.0060882767415963,0.0057059836868112,0.0057059836868112,0.000382293054785,0.1357445730202611,0.1140318030901585,1.135744573020261,0.0,0.0056999999999999,0.033,-0.0043,-0.0265,-0.0106,0.0,1.0991676819905187,-0.1820409466698404,-0.298269979555306,-0.0091806326717568,-0.1411278469456936,0.933993119325043,,,,,,,,
2015-12-31,QQQ,Invesco QQQ Trust,Growth / Tech,Nasdaq 100,Growth Tilt,-0.0159477834240679,-0.0160477834240679,-0.0083706500448269,-0.0082706500448269,-0.0076771333792409,0.1176319645446735,0.1048180359079924,1.1176319645446735,-0.015947783424067885,-0.0215,-0.0295,-0.0256999999999999,0.0034,0.0012,0.0001,1.0991676819905187,-0.1820409466698404,-0.298269979555306,-0.0091806326717568,-0.1411278469456936,0.933993119325043,,,,,,,,
2016-01-31,QQQ,Invesco QQQ Trust,Growth / Tech,Nasdaq 100,Growth Tilt,-0.0691040646983659,-0.0692040646983659,-0.0651673765916257,-0.0650673765916257,-0.0040366881067401,0.0403990529578166,0.0329304247003467,1.0403990529578167,-0.08394979146490145,-0.0574,-0.0344,0.0208,0.0278,0.0305,0.0001,1.0991676819905187,-0.1820409466698404,-0.298269979555306,-0.0091806326717568,-0.1411278469456936,0.933993119325043,,,,,,,,
2016-02-29,QQQ,Invesco QQQ Trust,Growth / Tech,Nasdaq 100,Growth Tilt,-0.0156537138064312,-0.0158537138064312,-0.0011492096262588,-0.0009492096262588,-0.0147045041801723,0.0241129439383329,0.0319499571979655,1.024112943938333,-0.0982893792616315,-0.0007,0.0087,-0.0060999999999999,0.0331,0.0194,0.0002,1.0991676819905187,-0.1820409466698404,-0.298269979555306,-0.0091806326717568,-0.1411278469456936,0.933993119325043,,,,,,,,
2016-03-31,QQQ,Invesco QQQ Trust,Growth / Tech,Nasdaq 100,Growth Tilt,0.0685260636301485,0.0683260636301485,0.0732825858782618,0.0734825858782618,-0.0049565222481133,0.0942913726991099,0.1077803085498338,1.09429137269911,-0.036498699888933284,0.0695,0.01,0.0121999999999999,0.0068,0.0001,0.0002,1.0991676819905187,-0.1820409466698404,-0.298269979555306,-0.0091806326717568,-0.1411278469456936,0.933993119325043,,,,,,,,
2016-04-30,QQQ,Invesco QQQ Trust,Growth / Tech,Nasdaq 100,Growth Tilt,-0.0318681360708398,-0.0319681360708398,-0.0016510096553434,-0.0015510096553434,-0.0303171264154963,0.0594183463327886,0.1060621305952738,1.0594183463327886,-0.06720369042530383,0.0091,0.0123,0.0322,-0.0285,0.0177,0.0001,1.0991676819905187,-0.1820409466698404,-0.298269979555306,-0.0091806326717568,-0.1411278469456936,0.933993119325043,,,,,,,,
2016-05-31,QQQ,Invesco QQQ Trust,Growth / Tech,Nasdaq 100,Growth Tilt,0.0437004506425251,0.0436004506425251,0.0316377228334465,0.0317377228334465,0.0119627278090785,0.1057154054864903,0.1411660239326779,1.1057154054864904,-0.026440071339205118,0.0178,-0.0062,-0.0162,-0.011,-0.0254,0.0001,1.0991676819905187,-0.1820409466698404,-0.298269979555306,-0.0091806326717568,-0.1411278469456936,0.933993119325043,,,,,,,,
2016-06-30,QQQ,Invesco QQQ Trust,Growth / Tech,Nasdaq 100,Growth Tilt,-0.0227804307066072,-0.0229804307066072,0.0029616284331113,0.0031616284331113,-0.0259420591397185,0.0805267323105773,0.1447739668808441,1.0805267323105774,-0.04861818583279165,-0.0003,0.0042,-0.0149,0.0144999999999999,0.019,0.0002,1.0991676819905187,-0.1820409466698404,-0.298269979555306,-0.0091806326717568,-0.1411278469456936,0.933993119325043,,,,,,,,
2016-07-31,QQQ,Invesco QQQ Trust,Growth / Tech,Nasdaq 100,Growth Tilt,0.0715084599060578,0.0713084599060578,0.0464524360547936,0.0466524360547936,0.0248560238512641,0.157793534825432,0.1981804611679449,1.157793534825432,0.0,0.0394,0.0247,-0.0124,0.0131,-0.0116,0.0002,1.0991676819905187,-0.1820409466698404,-0.298269979555306,-0.0091806326717568,-0.1411278469456936,0.933993119325043,,,,,,,,
2016-08-31,QQQ,Invesco QQQ Trust,Growth / Tech,Nasdaq 100,Growth Tilt,0.0105008502345445,0.0103008502345445,-0.0039869381873805,-0.0037869381873805,0.014287788421925,0.1699513513371577,0.1936430258241748,1.1699513513371578,0.0,0.0049,0.0166,0.0317,-0.0185,-0.0036,0.0002,1.0991676819905187,-0.1820409466698404,-0.298269979555306,-0.0091806326717568,-0.1411278469456936,0.933993119325043,,,,,,,,
2016-09-30,QQQ,Invesco QQQ Trust,Growth / Tech,Nasdaq 100,Growth Tilt,0.0221352642400807,0.0219352642400807,0.0058063000855754,0.0060063000855754,0.0161289641545052,0.1958485336470452,0.2008124040323291,1.1958485336470452,0.0,0.0027,0.0181,-0.0118999999999999,-0.0218,0.0003,0.0002,1.0991676819905187,-0.1820409466698404,-0.298269979555306,-0.0091806326717568,-0.1411278469456936,0.933993119325043,,,,,,,,
2016-10-31,QQQ,Invesco QQQ Trust,Growth / Tech,Nasdaq 100,Growth Tilt,-0.0145721561111967,-0.0147721561111967,-0.025051552108363,-0.024851552108363,0.0102793959971663,0.1784224421293949,0.1709703520011511,1.178422442129395,-0.014572156111196555,-0.0200999999999999,-0.0401999999999999,0.0411,0.0098999999999999,0.0025,0.0002,1.0991676819905187,-0.1820409466698404,-0.298269979555306,-0.0091806326717568,-0.1411278469456936,0.933993119325043,,,,,,,,
2016-11-30,QQQ,Invesco QQQ Trust,Growth / Tech,Nasdaq 100,Growth Tilt,0.0043596868757804,0.0042596868757804,0.0131254680639677,0.0132254680639677,-0.0088657811881873,0.1835599949844717,0.1864569829953952,1.1835599949844717,-0.010275999273165914,0.0484999999999999,0.0696,0.0828999999999999,-0.0024,0.0371,0.0001,1.0991676819905187,-0.1820409466698404,-0.298269979555306,-0.0091806326717568,-0.1411278469456936,0.933993119325043,,,,,,,,
2016-12-31,QQQ,Invesco QQQ Trust,Growth / Tech,Nasdaq 100,Growth Tilt,0.0113221607480584,0.0110221607480584,0.0115080321372648,0.0118080321372648,-0.0004858713892064,0.1969604515026572,0.2004667051800872,1.1969604515026573,0.0,0.0181,0.0044,0.0347,0.0124,-0.0032,0.0003,1.0991676819905187,-0.1820409466698404,-0.298269979555306,-0.0091806326717568,-0.1411278469456936,0.933993119325043,,,,,,,,
2017-01-31,QQQ,Invesco QQQ Trust,Growth / Tech,Nasdaq 100,Growth Tilt,0.0514008926981144,0.0510008926981144,0.0361465467866949,0.0365465467866949,0.0148543459114194,0.258485287234232,0.2443396177868209,1.258485287234232,0.0,0.0194,-0.0144,-0.0276,-0.0051,-0.0106,0.0004,1.0991676819905187,-0.1820409466698404,-0.298269979555306,-0.0091806326717568,-0.1411278469456936,0.933993119325043,,,,,,,,
2017-02-28,QQQ,Invesco QQQ Trust,Growth / Tech,Nasdaq 100,Growth Tilt,0.0437508431906352,0.0433508431906352,0.0526067088594553,0.0530067088594553,-0.0092558656688201,0.3135450796937384,0.3102979656291327,1.3135450796937385,0.0,0.0355,-0.023,-0.015,0.0045,-0.018,0.0004,1.0991676819905187,-0.1820409466698404,-0.298269979555306,-0.0091806326717568,-0.1411278469456936,0.933993119325043,,,,,,,,
2017-03-31,QQQ,Invesco QQQ Trust,Growth / Tech,Nasdaq 100,Growth Tilt,0.0202684940270105,0.0199684940270105,0.0141448211227602,0.0144448211227602,0.0058236729042502,0.3401686602957201,0.3292249853601621,1.3401686602957201,0.0,0.0017,0.0075,-0.0333,0.0063,-0.0095,0.0003,1.0991676819905187,-0.1820409466698404,-0.298269979555306,-0.0091806326717568,-0.1411278469456936,0.933993119325043,,,,,,,,
2017-04-30,QQQ,Invesco QQQ Trust,Growth / Tech,Nasdaq 100,Growth Tilt,0.0272704299831876,0.0267704299831876,0.021759166175398,0.022259166175398,0.0050112638077895,0.376715635911977,0.3588124251937852,1.376715635911977,0.0,0.0108,0.0040999999999999,-0.0204999999999999,0.0179,-0.016,0.0005,1.0991676819905187,-0.1820409466698404,-0.298269979555306,-0.0091806326717568,-0.1411278469456936,0.933993119325043,,,,,,,,
2017-05-31,QQQ,Invesco QQQ Trust,Growth / Tech,Nasdaq 100,Growth Tilt,0.0389729523976647,0.0383729523976647,0.033276142001644,0.033876142001644,0.0050968103960206,0.4303703088554951,0.404843747863248,1.430370308855495,0.0,0.0107,-0.0299,-0.0382,0.0098999999999999,-0.0166,0.0006,1.0991676819905187,-0.1820409466698404,-0.298269979555306,-0.0091806326717568,-0.1411278469456936,0.933993119325043,,,,,,,,
2017-06-30,QQQ,Invesco QQQ Trust,Growth / Tech,Nasdaq 100,Growth Tilt,-0.0231796639379577,-0.0237796639379577,0.0020893338137763,0.0026893338137763,-0.025868997751734,0.397214805789392,0.4086218416574489,1.397214805789392,-0.023179663937957673,0.0078,0.0252,0.015,-0.0226,0.0004,0.0006,1.0991676819905187,-0.1820409466698404,-0.298269979555306,-0.0091806326717568,-0.1411278469456936,0.933993119325043,,,,,,,,
2017-07-31,QQQ,Invesco QQQ Trust,Growth / Tech,Nasdaq 100,Growth Tilt,0.0406135738093738,0.0399135738093738,0.0270426676992973,0.0277426676992973,0.0128709061100764,0.4539606924318693,0.4477007693245238,1.4539606924318693,0.0,0.0187999999999999,-0.0163999999999999,-0.0023,-0.0075,-0.0015,0.0007,1.0991676819905187,-0.1820409466698404,-0.298269979555306,-0.0091806326717568,-0.1411278469456936,0.933993119325043,,,,,,,,
2017-08-31,QQQ,Invesco QQQ Trust,Growth / Tech,Nasdaq 100,Growth Tilt,0.0207354184000552,0.0198354184000552,0.0174297594921894,0.0183297594921894,0.0024056589078657,0.4841091757266782,0.4742367762428998,1.4841091757266782,0.0,0.0018,-0.0183,-0.0213,0.002,-0.0237999999999999,0.0009,1.0991676819905187,-0.1820409466698404,-0.298269979555306,-0.0091806326717568,-0.1411278469456936,0.933993119325043,,,,,,,,
2017-09-30,QQQ,Invesco QQQ Trust,Growth / Tech,Nasdaq 100,Growth Tilt,-0.002951965046186,-0.003851965046186,0.009575895986074,0.010475895986074,-0.01342786103226,0.4797281373152091,0.4896807273696655,1.4797281373152091,-0.0029519650461860003,0.0249,0.0475999999999999,0.0315,-0.0154,0.0163,0.0009,1.0991676819905187,-0.1820409466698404,-0.298269979555306,-0.0091806326717568,-0.1411278469456936,0.933993119325043,,,,,,,,
2017-10-31,QQQ,Invesco QQQ Trust,Growth / Tech,Nasdaq 100,Growth Tilt,0.0460635068659429,0.0451635068659429,0.0345937328103297,0.0354937328103297,0.0105697740556131,0.5478896045281572,0.542555057079622,1.5478896045281572,0.0,0.0225,-0.0191,0.0013,0.0092,-0.0314,0.0009,1.0991676819905187,-0.1820409466698404,-0.298269979555306,-0.0091806326717568,-0.1411278469456936,0.933993119325043,,,,,,,,
2017-11-30,QQQ,Invesco QQQ Trust,Growth / Tech,Nasdaq 100,Growth Tilt,0.0197175204680446,0.0189175204680446,0.0375287722058224,0.0383287722058224,-0.0186112517377778,0.5784101494877147,0.601679298477366,1.5784101494877147,0.0,0.0312,-0.0038,-0.0009,0.0319,-0.001,0.0008,1.0991676819905187,-0.1820409466698404,-0.298269979555306,-0.0091806326717568,-0.1411278469456936,0.933993119325043,,,,,,,,
2017-12-31,QQQ,Invesco QQQ Trust,Growth / Tech,Nasdaq 100,Growth Tilt,0.0060312727810389,0.0051312727810389,0.0132465415845798,0.0141465415845798,-0.0081152688035409,0.5879299716596358,0.6243375212784368,1.5879299716596358,0.0,0.0106,-0.0105,0.0005,0.0073,0.0179,0.0009,1.0991676819905187,-0.1820409466698404,-0.298269979555306,-0.0091806326717568,-0.1411278469456936,0.933993119325043,,,,,,,,
2018-01-31,QQQ,Invesco QQQ Trust,Growth / Tech,Nasdaq 100,Growth Tilt,0.0875706354831822,0.0864706354831822,0.0750912081953272,0.0761912081953272,0.0113794272878549,0.7269860083806616,0.748097759541644,1.7269860083806616,0.0,0.0558,-0.0321,-0.0132,-0.0075,-0.0105,0.0011,1.0991676819905187,-0.1820409466698404,-0.298269979555306,-0.0091806326717568,-0.1411278469456936,0.933993119325043,0.0006340359949449,1.1416296744648908,-0.3196478934793129,-0.1979922830626277,-0.0166287316974887,-0.5073546652837195,0.9176253018104176,36.0
2018-02-28,QQQ,Invesco QQQ Trust,Growth / Tech,Nasdaq 100,Growth Tilt,-0.0129278185157988,-0.0140278185157988,-0.0316394369492094,-0.0305394369492094,0.0176116184334106,0.7046598466849927,0.6947118382330677,1.7046598466849927,-0.012927818515798717,-0.0364,0.0034,-0.011,0.0053,-0.0236,0.0011,1.0991676819905187,-0.1820409466698404,-0.298269979555306,-0.0091806326717568,-0.1411278469456936,0.933993119325043,0.0012128802028602,1.1332347386284942,-0.3013182930051095,-0.1964511473785778,-0.0117904344252554,-0.5682142811363616,0.9129699701968892,36.0
2018-03-31,QQQ,Invesco QQQ Trust,Growth / Tech,Nasdaq 100,Growth Tilt,-0.0407881407448927,-0.0419881407448927,-0.0294247371440382,-0.0282247371440382,-0.0125634036008544,0.6351299409362381,0.6468790420640493,1.635129940936238,-0.05318865757954461,-0.0235,0.0361,-0.0021,-0.0040999999999999,0.0008,0.0012,1.0991676819905187,-0.1820409466698404,-0.298269979555306,-0.0091806326717568,-0.1411278469456936,0.933993119325043,0.0012191028874472,1.134061627603656,-0.2978680713394976,-0.1944526934025676,-0.0050207748304766,-0.5775915496445974,0.915979395794987,36.0
2018-04-30,QQQ,Invesco QQQ Trust,Growth / Tech,Nasdaq 100,Growth Tilt,0.0050581297486462,0.0036581297486462,0.0008850532533541,0.0022850532533541,0.002773076495292,0.6434006403333898,0.6506422483769985,1.6434006403333898,-0.048399562962092024,0.0029,0.0089,0.0053,-0.0242,0.0124,0.0014,1.0991676819905187,-0.1820409466698404,-0.298269979555306,-0.0091806326717568,-0.1411278469456936,0.933993119325043,0.0015611783093242,1.1320980588503389,-0.2993567285323959,-0.2093762518254077,-0.0389713391737885,-0.5445863130844797,0.9146592891825848,36.0
2018-05-31,QQQ,Invesco QQQ Trust,Growth / Tech,Nasdaq 100,Growth Tilt,0.0567291814489934,0.0553291814489934,0.0344105165366858,0.0358105165366858,0.0209186649123076,0.7366294134522546,0.7097525999086551,1.7366294134522546,0.0,0.0263,0.0471,-0.0314,-0.0197999999999999,-0.0149,0.0014,1.0991676819905187,-0.1820409466698404,-0.298269979555306,-0.0091806326717568,-0.1411278469456936,0.933993119325043,0.0020914052865117,1.134638564284307,-0.2464656858980307,-0.2598388523218882,-0.0614006519297226,-0.5470140845018476,0.9103766208299258,36.0
2018-06-30,QQQ,Invesco QQQ Trust,Growth / Tech,Nasdaq 100,Growth Tilt,0.0114503589548278,0.0100503589548278,0.0130017182150238,0.0144017182150238,-0.002951359260196,0.7565144436077951,0.7343759750699439,1.756514443607795,0.0,0.0049,0.0077,-0.0233,0.0083,0.002,0.0014,1.0991676819905187,-0.1820409466698404,-0.298269979555306,-0.0091806326717568,-0.1411278469456936,0.933993119325043,0.0024679055253729,1.118769927163079,-0.2156195048345744,-0.2580336265025778,-0.0377212635029681,-0.5891995752303038,0.9113507305846268,36.0
2018-07-31,QQQ,Invesco QQQ Trust,Growth / Tech,Nasdaq 100,Growth Tilt,0.0279639219567326,0.0263639219567326,0.0390735494732503,0.0406735494732503,-0.0127096275165177,0.8056334764247173,0.8049192020971683,1.8056334764247173,0.0,0.032,-0.0192999999999999,0.0049,0.0153,0.0031,0.0016,1.0991676819905187,-0.1820409466698404,-0.298269979555306,-0.0091806326717568,-0.1411278469456936,0.933993119325043,0.0025065869519122,1.1100446895723994,-0.2219990113521591,-0.2725534369268051,-0.0620859387305518,-0.6035037839919577,0.9091404662845722,36.0
2018-08-31,QQQ,Invesco QQQ Trust,Growth / Tech,Nasdaq 100,Growth Tilt,0.0578069421339768,0.0562069421339768,0.0545901776294392,0.0561901776294392,0.0016167645045375,0.9100116263115724,0.906337932669794,1.9100116263115723,0.0,0.0346,0.0065,-0.0391,-0.0029,-0.0256999999999999,0.0016,1.0991676819905187,-0.1820409466698404,-0.298269979555306,-0.0091806326717568,-0.1411278469456936,0.933993119325043,0.0016022282779665,1.138254312765805,-0.2345763313557309,-0.2776085234158993,-0.0707858889574837,-0.5836043256851863,0.901444870373754,36.0
2018-09-30,QQQ,Invesco QQQ Trust,Growth / Tech,Nasdaq 100,Growth Tilt,-0.0028163287261233,-0.0043163287261233,0.0104715573032978,0.0119715573032978,-0.0147878860294211,0.9046324057011615,0.9291597664702008,1.9046324057011617,-0.0028163287261232517,0.0006,-0.0249,-0.0162,0.0065,0.0136,0.0015,1.0991676819905187,-0.1820409466698404,-0.298269979555306,-0.0091806326717568,-0.1411278469456936,0.933993119325043,0.0011169122710315,1.145299382930729,-0.2198260475965061,-0.2702188035648167,-0.0689277131448757,-0.6060148888256192,0.8984144744865526,36.0
2018-10-31,QQQ,Invesco QQQ Trust,Growth / Tech,Nasdaq 100,Growth Tilt,-0.0859572583362271,-0.0878572583362271,-0.0888334294714136,-0.0869334294714136,0.0009761711351865,0.7409154259687571,0.761451291972675,1.7409154259687571,-0.08853150316647929,-0.0764,-0.0438,0.0338,0.0103,0.036,0.0019,1.0991676819905187,-0.1820409466698404,-0.298269979555306,-0.0091806326717568,-0.1411278469456936,0.933993119325043,0.0022466285443823,1.0164900059675448,-0.1977044917956931,-0.2322524253816049,-0.0756639152430233,-0.6567059472073263,0.9097905451029408,36.0
2018-11-30,QQQ,Invesco QQQ Trust,Growth / Tech,Nasdaq 100,Growth Tilt,-0.0026500042894057,-0.0044500042894057,0.0211142938592358,0.0229142938592358,-0.0255642981486415,0.7363019926224474,0.8018137044956677,1.7363019926224474,-0.09094689859274618,0.0171,-0.0081,0.0036,-0.0060999999999999,0.004,0.0018,1.0991676819905187,-0.1820409466698404,-0.298269979555306,-0.0091806326717568,-0.1411278469456936,0.933993119325043,0.0019329382608966,0.9955326386742858,-0.1675930119094734,-0.2310951916763661,-0.055819024214947,-0.6903889751694575,0.9011995642562602,36.0
2018-12-31,QQQ,Invesco QQQ Trust,Growth / Tech,Nasdaq 100,Growth Tilt,-0.0866070162636515,-0.0885070162636515,-0.0920380557800218,-0.0901380557800218,0.0035310395163703,0.5859260577087846,0.6394017202946294,1.5859260577087846,-0.1696772753308471,-0.0955,-0.0281,-0.0192,-0.0003,0.0024,0.0019,1.0991676819905187,-0.1820409466698404,-0.298269979555306,-0.0091806326717568,-0.1411278469456936,0.933993119325043,0.0019842247820951,1.0021840067203327,-0.1751943154877105,-0.2392982865393718,-0.0594092062969791,-0.6771503094059353,0.9169033683896112,36.0
2019-01-31,QQQ,Invesco QQQ Trust,Growth / Tech,Nasdaq 100,Growth Tilt,0.0901076127414943,0.0880076127414943,0.0925781839637448,0.0946781839637448,-0.0045705712222505,0.7288300687534526,0.7946172979591641,1.7288300687534526,-0.09485887680589666,0.0836,0.0291,-0.0039,-0.0073,-0.0165,0.0021,1.0991676819905187,-0.1820409466698404,-0.298269979555306,-0.0091806326717568,-0.1411278469456936,0.933993119325043,0.0016023423789784,1.0025342903205998,-0.171325322893707,-0.242978026662493,-0.0794468414579105,-0.691055686563294,0.9164594010853968,36.0
2019-02-28,QQQ,Invesco QQQ Trust,Growth / Tech,Nasdaq 100,Growth Tilt,0.0299120182823198,0.0281120182823198,0.0469793680122709,0.0487793680122709,-0.0188673497299511,0.7805428653770301,0.8821575955775016,1.78054286537703,-0.06778427898083506,0.0342,0.0172,-0.0266,0.0016,-0.0154,0.0018,1.0991676819905187,-0.1820409466698404,-0.298269979555306,-0.0091806326717568,-0.1411278469456936,0.933993119325043,0.0011798833689809,0.997232672834215,-0.192219801151306,-0.2198522830577445,-0.0914372431706436,-0.6829173951150831,0.9078422030924378,36.0
2019-03-31,QQQ,Invesco QQQ Trust,Growth / Tech,Nasdaq 100,Growth Tilt,0.0392457062565219,0.0373457062565219,0.0344627003173199,0.0363627003173199,0.0028830059392019,0.8504215276487628,0.9505979281754536,1.8504215276487628,-0.031198814626005267,0.011,-0.0352,-0.0414,0.0088,-0.009,0.0019,1.0991676819905187,-0.1820409466698404,-0.298269979555306,-0.0091806326717568,-0.1411278469456936,0.933993119325043,0.0012236478933114,0.9938103125867463,-0.1964132929255654,-0.2288867460031484,-0.0957786110863118,-0.6781824614635615,0.9039200147844452,36.0
2019-04-30,QQQ,Invesco QQQ Trust,Growth / Tech,Nasdaq 100,Growth Tilt,0.0549925723467792,0.0528925723467792,0.044732332458656,0.046832332458656,0.0081602398881232,0.9521809673800252,1.041948978840932,1.9521809673800252,0.0,0.0397,-0.0115,0.0213,0.0161,-0.0218,0.0021,1.0991676819905187,-0.1820409466698404,-0.298269979555306,-0.0091806326717568,-0.1411278469456936,0.933993119325043,0.0021377329739626,1.0047459146973343,-0.2272369618040273,-0.2014124493102836,-0.2252194371148999,-0.6446789996108451,0.9145045823779432,36.0
2019-05-31,QQQ,Invesco QQQ Trust,Growth / Tech,Nasdaq 100,Growth Tilt,-0.0822518301504684,-0.0843518301504684,-0.0659284571119527,-0.0638284571119527,-0.0184233730385156,0.7916105100281061,0.9116145260201878,1.7916105100281061,-0.08225183015046844,-0.0692,-0.0156,-0.0245,-0.0048,0.0176,0.0021,1.0991676819905187,-0.1820409466698404,-0.298269979555306,-0.0091806326717568,-0.1411278469456936,0.933993119325043,0.0015019489542812,1.0257488473639471,-0.2291928587117657,-0.1779304152879806,-0.2120399843792739,-0.6800454624431453,0.9238180497259858,36.0
2019-06-30,QQQ,Invesco QQQ Trust,Growth / Tech,Nasdaq 100,Growth Tilt,0.075900531117393,0.074100531117393,0.0815560376368533,0.0833560376368533,-0.0074555065194603,0.9275946992947428,1.0709591383982824,1.9275946992947428,-0.012594256626873634,0.0699,0.0019,-0.0064,0.0045,-0.0055,0.0018,1.0991676819905187,-0.1820409466698404,-0.298269979555306,-0.0091806326717568,-0.1411278469456936,0.933993119325043,0.0017717621340201,1.024193364502397,-0.2153596543330825,-0.20047310981045,-0.1716360880715671,-0.6328095015338472,0.9279231251516528,36.0
2019-07-31,QQQ,Invesco QQQ Trust,Growth / Tech,Nasdaq 100,Growth Tilt,0.0233481007759825,0.0214481007759825,0.0171476791247294,0.0190476791247294,0.004300421651253,0.9726003745891264,1.1104061035469188,1.9726003745891263,0.0,0.0121999999999999,-0.0182,0.005,-0.0013,0.0037,0.0019,1.0991676819905187,-0.1820409466698404,-0.298269979555306,-0.0091806326717568,-0.1411278469456936,0.933993119325043,0.0012458255420076,1.0240446902699814,-0.2852145461212495,-0.1740748638955754,-0.2991590299842631,-0.6266025776909111,0.9371856033878154,36.0
2019-08-31,QQQ,Invesco QQQ Trust,Growth / Tech,Nasdaq 100,Growth Tilt,-0.0189955175068166,-0.0205955175068166,-0.0046323555172409,-0.0030323555172409,-0.0159631619895756,0.9351298096396656,1.1040066019552093,1.9351298096396656,-0.018995517506816606,-0.0255,-0.0325,-0.0476999999999999,0.0053,-0.0062,0.0016,1.0991676819905187,-0.1820409466698404,-0.298269979555306,-0.0091806326717568,-0.1411278469456936,0.933993119325043,0.0006183464439391,1.0332825800743186,-0.2753519896290675,-0.1625260754747682,-0.2760146083066258,-0.6242767055977432,0.9356720565348882,36.0
2019-09-30,QQQ,Invesco QQQ Trust,Growth / Tech,Nasdaq 100,Growth Tilt,0.0091788637213483,0.0073788637213483,-0.0075937207363499,-0.0057937207363499,0.0149725844576982,0.9528921024454668,1.0918165752760445,1.9528921024454668,-0.009991011051979748,0.0141999999999999,0.0029,0.0676,0.0182,0.0338,0.0018,1.0991676819905187,-0.1820409466698404,-0.298269979555306,-0.0091806326717568,-0.1411278469456936,0.933993119325043,0.0007799700099781,1.046984851898776,-0.276207576900601,-0.1208477104301071,-0.1046735672338853,-0.5540060297830457,0.9305303871165912,36.0
2019-10-31,QQQ,Invesco QQQ Trust,Growth / Tech,Nasdaq 100,Growth Tilt,0.0438004659168071,0.0423004659168071,0.0318648686450995,0.0333648686450995,0.0104355972717075,1.0384296864178313,1.1616097605397715,2.0384296864178313,0.0,0.0207,0.0025,-0.0192,0.0043,-0.0103,0.0015,1.0991676819905187,-0.1820409466698404,-0.298269979555306,-0.0091806326717568,-0.1411278469456936,0.933993119325043,0.0009771035318059,1.0506002182703085,-0.2619970167321503,-0.1393203933650587,-0.0861598727131406,-0.5449847905541333,0.9280688177519992,36.0
2019-11-30,QQQ,Invesco QQQ Trust,Growth / Tech,Nasdaq 100,Growth Tilt,0.0406944047357282,0.0394944047357282,0.0519789253071809,0.0531789253071809,-0.0124845205714527,1.1213823691022422,1.2765618445387896,2.121382369102242,0.0,0.0387,0.0039,-0.02,-0.0163999999999999,-0.0113999999999999,0.0012,1.0991676819905187,-0.1820409466698404,-0.298269979555306,-0.0091806326717568,-0.1411278469456936,0.933993119325043,0.0005883083236303,1.041202018157621,-0.26181559874832,-0.1411323870841604,-0.0448383243273381,-0.5520710291362728,0.9268623175656646,36.0
2019-12-31,QQQ,Invesco QQQ Trust,Growth / Tech,Nasdaq 100,Growth Tilt,0.0388636816573189,0.0374636816573189,0.0241170165936669,0.0255170165936669,0.0133466650636519,1.2038270981684809,1.334652910902395,2.203827098168481,0.0,0.0276,0.0098999999999999,0.0173,0.0005,0.0118999999999999,0.0014,1.0991676819905187,-0.1820409466698404,-0.298269979555306,-0.0091806326717568,-0.1411278469456936,0.933993119325043,0.0014212439488644,1.0502875871037134,-0.2488387175144778,-0.1211142009639182,-0.0308510671957588,-0.5268260656688603,0.9221954957488968,36.0
2020-01-31,QQQ,Invesco QQQ Trust,Growth / Tech,Nasdaq 100,Growth Tilt,0.030384077075467,0.029084077075467,0.0311445568449816,0.0324445568449816,-0.0020604797695146,1.270788350580235,1.4103996899834694,2.270788350580235,0.0,-0.0009,-0.0437,-0.0622,-0.0118999999999999,-0.0219,0.0013,1.0991676819905187,-0.1820409466698404,-0.298269979555306,-0.0091806326717568,-0.1411278469456936,0.933993119325043,0.0011534994542145,1.0427895285760886,-0.2307307733752015,-0.1070784716204051,0.0022965276673267,-0.5312925582757428,0.925524499047072,36.0
2020-02-29,QQQ,Invesco QQQ Trust,Growth / Tech,Nasdaq 100,Growth Tilt,-0.0605738501480838,-0.0617738501480838,-0.0722057917615618,-0.0710057917615618,0.010431941613478,1.1332379573141735,1.2392473515343698,2.1332379573141735,-0.06057385014808381,-0.0815,0.0008,-0.0382,-0.0143,-0.0253,0.0012,1.0991676819905187,-0.1820409466698404,-0.298269979555306,-0.0091806326717568,-0.1411278469456936,0.933993119325043,0.0015491713829712,1.038266477710618,-0.2458303833456121,-0.0926815113624958,-0.0129989104550821,-0.5749488747429692,0.9327375103924188,36.0
2020-03-31,QQQ,Invesco QQQ Trust,Growth / Tech,Nasdaq 100,Growth Tilt,-0.0728584693268901,-0.0740584693268901,-0.0897025348442245,-0.0885025348442244,0.0156440655173343,0.9778135050342412,1.0410682847803616,1.9778135050342411,-0.1290190014719481,-0.1335,-0.0818,-0.1383,-0.0161,0.0118999999999999,0.0012,1.0991676819905187,-0.1820409466698404,-0.298269979555306,-0.0091806326717568,-0.1411278469456936,0.933993119325043,0.0010338260015694,1.0334400483664985,-0.2891713936457656,-0.206525887783725,-0.073539295700182,-0.4353523943072945,0.9332956395462516,36.0
2020-04-30,QQQ,Invesco QQQ Trust,Growth / Tech,Nasdaq 100,Growth Tilt,0.149737348900105,0.149737348900105,0.1521977314721007,0.1521977314721007,-0.0024603825719956,1.273966055896893,1.3517142475035846,2.273966055896893,0.0,0.1358,0.0256999999999999,-0.0134,0.0276,-0.0102,0.0,1.0991676819905187,-0.1820409466698404,-0.298269979555306,-0.0091806326717568,-0.1411278469456936,0.933993119325043,0.0009079393861767,1.0525319272134392,-0.2794275995585646,-0.2292558411756333,-0.0471296011294299,-0.4011770143781527,0.9459319389101264,36.0
2020-05-31,QQQ,Invesco QQQ Trust,Growth / Tech,Nasdaq 100,Growth Tilt,0.0660087642059643,0.0659087642059643,0.0796595683988658,0.0797595683988658,-0.0137508041929015,1.424067745092958,1.539285960881934,2.424067745092958,0.0,0.0559,0.0192,-0.05,0.0096,-0.0316,0.0001,1.0991676819905187,-0.1820409466698404,-0.298269979555306,-0.0091806326717568,-0.1411278469456936,0.933993119325043,0.0007511821351187,1.0515544554032563,-0.2986063458393325,-0.2080052920544094,-0.0880606130263972,-0.3854001638753209,0.9460037775547212,36.0
2020-06-30,QQQ,Invesco QQQ Trust,Growth / Tech,Nasdaq 100,Growth Tilt,0.0628669043236136,0.0627669043236136,0.0313795717769714,0.0314795717769714,0.0313873325466421,1.5764613800976748,1.6192215955497726,2.576461380097675,0.0,0.0243999999999999,0.0195,-0.0217,0.0014,0.0055,0.0001,1.0991676819905187,-0.1820409466698404,-0.298269979555306,-0.0091806326717568,-0.1411278469456936,0.933993119325043,0.0028877602889418,1.0559067700938845,-0.2169211842413322,-0.2347474890049493,-0.1641292331367291,-0.29621067653528,0.939231595845632,36.0
2020-07-31,QQQ,Invesco QQQ Trust,Growth / Tech,Nasdaq 100,Growth Tilt,0.0734650756517709,0.0733650756517709,0.075206119528942,0.075306119528942,-0.0018410438771711,1.7657413103004167,1.8164650100970303,2.7657413103004167,0.0,0.0583,-0.0319,-0.0144,0.0038,0.0097,0.0001,1.0991676819905187,-0.1820409466698404,-0.298269979555306,-0.0091806326717568,-0.1411278469456936,0.933993119325043,0.0025285495711056,1.0534187321656774,-0.2032344694230836,-0.2477897125892104,-0.1288866239101124,-0.2855875893705173,0.9421518723149233,36.0
2020-08-31,QQQ,Invesco QQQ Trust,Growth / Tech,Nasdaq 100,Growth Tilt,0.1094476625504869,0.1093476625504869,0.0985497889334617,0.0986497889334617,0.0107978736170251,2.0684452319321185,2.0943086888815823,3.0684452319321185,0.0,0.0762,-0.0089,-0.0302,0.0426999999999999,-0.0151,0.0001,1.0991676819905187,-0.1820409466698404,-0.298269979555306,-0.0091806326717568,-0.1411278469456936,0.933993119325043,0.0024277772350987,1.0563283252664657,-0.1911051051306764,-0.2739129346397468,-0.0120989436290235,-0.2802325246071099,0.9443076829250182,36.0
2020-09-30,QQQ,Invesco QQQ Trust,Growth / Tech,Nasdaq 100,Growth Tilt,-0.0577863926868835,-0.0578863926868835,-0.026601819624905,-0.026501819624905,-0.0312845730619784,1.8911308508214937,2.012303878145066,2.8911308508214937,-0.05778639268688357,-0.0364,-0.0001,-0.0272,-0.0138,-0.0192999999999999,0.0001,1.0991676819905187,-0.1820409466698404,-0.298269979555306,-0.0091806326717568,-0.1411278469456936,0.933993119325043,0.0017086171065204,1.0819109407844538,-0.1722068026852661,-0.2933875872718197,0.0088698829517537,-0.1613723974693754,0.9385566998045028,36.0
2020-10-31,QQQ,Invesco QQQ Trust,Growth / Tech,Nasdaq 100,Growth Tilt,-0.0304494581025756,-0.0305494581025756,-0.0407390782427654,-0.0406390782427654,0.0101896201401898,1.8030974831103408,1.889886625150143,2.803097483110341,-0.0864762864464409,-0.0208,0.0467,0.0425,-0.0077,-0.0056999999999999,0.0001,1.0991676819905187,-0.1820409466698404,-0.298269979555306,-0.0091806326717568,-0.1411278469456936,0.933993119325043,0.0019567379637926,1.0752006540547503,-0.1217487504606188,-0.3076912757266722,0.0017599972465529,-0.0999516303099754,0.9400599730006346,36.0
2020-11-30,QQQ,Invesco QQQ Trust,Growth / Tech,Nasdaq 100,Growth Tilt,0.1122579449990472,0.1121579449990472,0.118367705742288,0.118467705742288,-0.0062097607432408,2.1177674461963094,2.232244863487004,3.1177674461963094,0.0,0.1244,0.0712,0.0209,-0.0225,0.0128,0.0001,1.0991676819905187,-0.1820409466698404,-0.298269979555306,-0.0091806326717568,-0.1411278469456936,0.933993119325043,0.002309088741067,1.0603847057541025,-0.1180240177800242,-0.3074063808676859,0.1261929899122038,-0.1217016173367395,0.9471453287681844,36.0
2020-12-31,QQQ,Invesco QQQ Trust,Growth / Tech,Nasdaq 100,Growth Tilt,0.0490243774818004,0.0489243774818004,0.0496195921177244,0.0497195921177244,-0.000695214635924,2.2706140543791062,2.3929507597241875,3.2706140543791062,0.0,0.0463,0.0493,-0.0168,-0.0197,-0.0006,0.0001,1.0991676819905187,-0.1820409466698404,-0.298269979555306,-0.0091806326717568,-0.1411278469456936,0.933993119325043,0.002577594274784,1.061343280263933,-0.1159860452497614,-0.3105307966756119,0.1346035419540208,-0.0982916330367525,0.9479908802353376,36.0
2021-01-31,QQQ,Invesco QQQ Trust,Growth / Tech,Nasdaq 100,Growth Tilt,0.0026135958771784,0.0026135958771784,-0.0270233838039157,-0.0270233838039157,0.0296369796810941,2.279162117787473,2.301261749116373,3.2791621177874735,0.0,-0.0007,0.0681,0.0322,-0.0365,0.0496999999999999,0.0,1.0991676819905187,-0.1820409466698404,-0.298269979555306,-0.0091806326717568,-0.1411278469456936,0.933993119325043,0.0025627250850427,1.030485036668063,0.0158799149562602,-0.3661384705468491,0.1976696482707753,0.0751766082347989,0.9460564792726174,36.0
2021-02-28,QQQ,Invesco QQQ Trust,Growth / Tech,Nasdaq 100,Growth Tilt,-0.0013348225421747,-0.0013348225421747,0.0064237550862676,0.0064237550862676,-0.0077585776284423,2.2747850182732057,2.32246824606836,3.2747850182732057,-0.0013348225421746518,0.0281,0.045,0.072,0.0033,-0.0199,0.0,1.0991676819905187,-0.1820409466698404,-0.298269979555306,-0.0091806326717568,-0.1411278469456936,0.933993119325043,0.0014330996257852,1.055745944003827,-0.0022679872077033,-0.390898154109319,0.1647962683957793,0.1495253395409049,0.948781972976522,36.0
2021-03-31,QQQ,Invesco QQQ Trust,Growth / Tech,Nasdaq 100,Growth Tilt,0.0171673019599454,0.0171673019599454,0.0112156051025235,0.0112156051025235,0.0059516968574218,2.331004241535807,2.3597317378819365,3.331004241535807,0.0,0.0316,-0.0084,0.0735,0.0635,0.0352,0.0,1.0991676819905187,-0.1820409466698404,-0.298269979555306,-0.0091806326717568,-0.1411278469456936,0.933993119325043,0.0018786296742305,1.0341051630441216,0.0473552619983707,-0.405900403226321,0.1843049508589606,0.1419652520823825,0.9504305871738704,36.0
2021-04-30,QQQ,Invesco QQQ Trust,Growth / Tech,Nasdaq 100,Growth Tilt,0.0590983610515183,0.0590983610515183,0.0694653458482153,0.0694653458482153,-0.010366984796697,2.5278611328662293,2.5931166650111304,3.5278611328662293,0.0,0.0496999999999999,-0.0316,-0.0102,0.0243,-0.0272,0.0,1.0991676819905187,-0.1820409466698404,-0.298269979555306,-0.0091806326717568,-0.1411278469456936,0.933993119325043,0.0018197275245256,1.0335916217498045,0.0476676545375531,-0.4067763373836066,0.1971489262437001,0.133877686451747,0.9509610672082116,36.0
2021-05-31,QQQ,Invesco QQQ Trust,Growth / Tech,Nasdaq 100,Growth Tilt,-0.0120122671108396,-0.0120122671108396,-0.022159039019156,-0.022159039019156,0.0101467719083164,2.485483522608291,2.513496652630769,3.485483522608291,-0.01201226711083947,0.0029,0.0127,0.0704,0.0233999999999999,0.0301,0.0,1.0991676819905187,-0.1820409466698404,-0.298269979555306,-0.0091806326717568,-0.1411278469456936,0.933993119325043,0.0014659594487213,1.0404680199168483,0.0062070626259982,-0.3854594991381804,0.1940031940041952,0.143326233618925,0.9538314710591058,36.0
2021-06-30,QQQ,Invesco QQQ Trust,Growth / Tech,Nasdaq 100,Growth Tilt,0.0626211899846478,0.0626211899846478,0.0579326517512247,0.0579326517512247,0.004688538233423,2.703748648465905,2.717042830636721,3.7037486484659046,0.0,0.0273,-0.003,-0.0786,-0.0214,-0.0093,0.0,1.0991676819905187,-0.1820409466698404,-0.298269979555306,-0.0091806326717568,-0.1411278469456936,0.933993119325043,0.0017178141246305,1.0401376775484836,0.0221506513895481,-0.4058898259251257,0.2055374238038546,0.1584811098029675,0.9545522388206624,36.0
2021-07-31,QQQ,Invesco QQQ Trust,Growth / Tech,Nasdaq 100,Growth Tilt,0.028609281195532,0.028609281195532,0.03110473843028,0.03110473843028,-0.002495457234748,2.809710235027437,2.832660475617824,3.8097102350274374,0.0,0.0134,-0.0455,-0.0179,0.055,-0.0059,0.0,1.0991676819905187,-0.1820409466698404,-0.298269979555306,-0.0091806326717568,-0.1411278469456936,0.933993119325043,0.0019435983193296,1.0470675230315725,0.0044632001533423,-0.3957836369574807,0.1812392606369075,0.1591133686860819,0.9553162241183466,36.0
2021-08-31,QQQ,Invesco QQQ Trust,Growth / Tech,Nasdaq 100,Growth Tilt,0.0421869710635323,0.0421869710635323,0.0391904827161873,0.0391904827161873,0.0029964883473449,2.970430370472983,2.9828642897445383,3.970430370472983,0.0,0.0295,-0.0066,-0.0023,-0.0026,-0.0172,0.0,1.0991676819905187,-0.1820409466698404,-0.298269979555306,-0.0091806326717568,-0.1411278469456936,0.933993119325043,0.0021859967891211,1.052198036043992,-0.0191909287816156,-0.3782219590993693,0.1540649593528966,0.1477436126118606,0.954379660704742,36.0
2021-09-30,QQQ,Invesco QQQ Trust,Growth / Tech,Nasdaq 100,Growth Tilt,-0.0568316957900447,-0.0568316957900447,-0.0658936720710764,-0.0658936720710764,0.0090619762810317,2.744784079502708,2.720418736332511,3.744784079502708,-0.056831695790044656,-0.044,0.0112,0.0512,-0.0192,0.02,0.0,1.0991676819905187,-0.1820409466698404,-0.298269979555306,-0.0091806326717568,-0.1411278469456936,0.933993119325043,0.0029086071560633,1.0567529207292834,-0.0439425314821807,-0.3692894048667285,0.1285843714172958,0.1716390886197843,0.9585232024063004,36.0
2021-10-31,QQQ,Invesco QQQ Trust,Growth / Tech,Nasdaq 100,Growth Tilt,0.0786401378535734,0.0786401378535734,0.0838134100760332,0.0838134100760332,-0.0051732722224598,3.039274415746668,3.032239717535305,4.039274415746668,0.0,0.0663,-0.027,-0.0053,0.0171,-0.0154,0.0,1.0991676819905187,-0.1820409466698404,-0.298269979555306,-0.0091806326717568,-0.1411278469456936,0.933993119325043,0.0033244866266569,1.0575903396119235,-0.0683344169780202,-0.3563854961668504,0.1157236563447283,0.1832796062115218,0.9558049985094056,36.0
2021-11-30,QQQ,Invesco QQQ Trust,Growth / Tech,Nasdaq 100,Growth Tilt,0.0199683840217497,0.0199683840217497,-0.0138015389608279,-0.0138015389608279,0.0337699229825776,3.1199321984495265,2.976588603974344,4.1199321984495265,0.0,-0.0158,-0.017,-0.0037,0.0719,0.017,0.0,1.0991676819905187,-0.1820409466698404,-0.298269979555306,-0.0091806326717568,-0.1411278469456936,0.933993119325043,0.0043667691421288,1.0480311633521324,-0.0547119907271868,-0.3683505403282213,0.1794863727315974,0.2200239570456735,0.9588890402555056,36.0
2021-12-31,QQQ,Invesco QQQ Trust,Growth / Tech,Nasdaq 100,Growth Tilt,0.0115234557061967,0.0114234557061967,0.0232630547206745,0.0233630547206745,-0.0118395990144778,3.1674080546508936,3.0694938611306077,4.167408054650894,0.0,0.0324,-0.0078,0.0325,0.0487999999999999,0.0429,0.0001,1.0991676819905187,-0.1820409466698404,-0.298269979555306,-0.0091806326717568,-0.1411278469456936,0.933993119325043,0.0041172437941704,1.0367794368704293,-0.0575960945785466,-0.3522346211022912,0.1242046488798238,0.1141310725297932,0.9449155679430936,36.0
2022-01-31,QQQ,Invesco QQQ Trust,Growth / Tech,Nasdaq 100,Growth Tilt,-0.0874701789918169,-0.0874701789918169,-0.1072100870081868,-0.1072100870081868,0.0197399080163699,2.8028841261786406,2.6332030701995124,3.8028841261786406,-0.08747017899181686,-0.0615,-0.0401,0.1286,0.0077,0.0773,0.0,1.0991676819905187,-0.1820409466698404,-0.298269979555306,-0.0091806326717568,-0.1411278469456936,0.933993119325043,0.0043070430961438,1.0376963179012288,-0.0731980653831756,-0.3419189563907488,0.1117784243380096,0.1241931633533268,0.9492180576883482,36.0
2022-02-28,QQQ,Invesco QQQ Trust,Growth / Tech,Nasdaq 100,Growth Tilt,-0.0447595819338627,-0.0447595819338627,-0.0410579862336949,-0.0410579862336949,-0.0037015957001677,2.632668622547962,2.4840310685590428,3.632668622547962,-0.12831463228232576,-0.0227999999999999,0.0286,0.0306,-0.0203,0.0302999999999999,0.0,1.0991676819905187,-0.1820409466698404,-0.298269979555306,-0.0091806326717568,-0.1411278469456936,0.933993119325043,0.0043387142828463,1.0402084981859565,-0.0672070018567905,-0.3483623681703591,0.1307718568208895,0.0973182003697814,0.952437416043997,36.0
2022-03-31,QQQ,Invesco QQQ Trust,Growth / Tech,Nasdaq 100,Growth Tilt,0.0466787800882673,0.0466787800882673,0.0413963400787684,0.0413963400787684,0.0052824400094988,2.802237162313427,2.628257203518108,3.802237162313427,-0.087625422696472,0.0308,-0.0210999999999999,-0.019,-0.015,0.0321,0.0,1.0991676819905187,-0.1820409466698404,-0.298269979555306,-0.0091806326717568,-0.1411278469456936,0.933993119325043,0.0042292213622458,1.040374149441404,-0.0639655077407395,-0.3483720517374769,0.1302185224769528,0.1014831129897992,0.9527759156202678,36.0
2022-04-30,QQQ,Invesco QQQ Trust,Growth / Tech,Nasdaq 100,Growth Tilt,-0.1359575470965135,-0.1359575470965135,-0.1274691721277168,-0.1274691721277168,-0.0084883749687966,2.285294324246085,2.16576626151923,3.2852943242460855,-0.211669632259878,-0.0941,-0.0034999999999999,0.0617999999999999,0.0341,0.0592,0.0,1.0991676819905187,-0.1820409466698404,-0.298269979555306,-0.0091806326717568,-0.1411278469456936,0.933993119325043,0.0029779795721047,1.0750532346795083,-0.0891058959451984,-0.3582479306880866,0.0716689232383407,0.0935510367506299,0.9566286324450516,36.0
2022-05-31,QQQ,Invesco QQQ Trust,Growth / Tech,Nasdaq 100,Growth Tilt,-0.0158659791898587,-0.0161659791898587,-0.0320372008177462,-0.0317372008177462,0.0158712216278875,2.233169912865036,2.065293701935349,3.233169912865036,-0.22417726546917638,-0.0033,-0.0003,0.0843999999999999,0.0155,0.0395,0.0003,1.0991676819905187,-0.1820409466698404,-0.298269979555306,-0.0091806326717568,-0.1411278469456936,0.933993119325043,0.0040814900590409,1.0562560866056758,-0.0850228133292093,-0.3638157256875417,0.0708187221964799,0.110560269423238,0.9580590642293176,36.0
2022-06-30,QQQ,Invesco QQQ Trust,Growth / Tech,Nasdaq 100,Growth Tilt,-0.08907880476854,-0.08967880476854,-0.0681266785654478,-0.0675266785654478,-0.0215521262030921,1.9451630014134145,1.8583045994160687,2.9451630014134142,-0.29328662737344247,-0.084,0.0133,-0.06,0.0176,-0.0458,0.0006,1.0991676819905187,-0.1820409466698404,-0.298269979555306,-0.0091806326717568,-0.1411278469456936,0.933993119325043,0.0033240164919596,1.0935248161252324,-0.1319850771485713,-0.354068246610294,0.0230561828771929,0.157237657809831,0.9584804372455996,36.0
2022-07-31,QQQ,Invesco QQQ Trust,Growth / Tech,Nasdaq 100,Growth Tilt,0.1255172581353953,0.1247172581353953,0.1263510653955785,0.1271510653955785,-0.0016338072601832,2.314831786112637,2.221741074456904,3.3148317861126375,-0.20458190255373898,0.0957,0.0178,-0.0415,0.0077,-0.0684999999999999,0.0008,1.0991676819905187,-0.1820409466698404,-0.298269979555306,-0.0091806326717568,-0.1411278469456936,0.933993119325043,0.0037349646628611,1.0979806135659538,-0.1311022788546259,-0.3462371844308693,0.0246652663966872,0.1175082786265199,0.9607541552689928,36.0
2022-08-31,QQQ,Invesco QQQ Trust,Growth / Tech,Nasdaq 100,Growth Tilt,-0.0513217413502508,-0.0532217413502508,-0.0436856947335394,-0.0417856947335394,-0.0095360466167113,2.144708846566175,2.087118385409142,3.144708846566175,-0.24540414441618452,-0.0377,0.0149,0.0018,-0.0478,0.0132,0.0019,1.0991676819905187,-0.1820409466698404,-0.298269979555306,-0.0091806326717568,-0.1411278469456936,0.933993119325043,0.003708901558025,1.0977864927549956,-0.139100457151489,-0.3560825790984732,0.0520676173433659,0.1173426274546939,0.9624906406173818,36.0
2022-09-30,QQQ,Invesco QQQ Trust,Growth / Tech,Nasdaq 100,Growth Tilt,-0.1053553190212385,-0.1072553190212385,-0.0973472099359422,-0.0954472099359422,-0.0099081090852962,1.8133970428072843,1.792461548779889,2.8133970428072845,-0.32490483151332183,-0.0934,-0.0097,0.0003,-0.0137,-0.0077,0.0019,1.0991676819905187,-0.1820409466698404,-0.298269979555306,-0.0091806326717568,-0.1411278469456936,0.933993119325043,0.0031579963617066,1.103672028857456,-0.1329366225909937,-0.3672081749288675,0.057207594621719,0.1281900329978796,0.9658485258462174,36.0
2022-10-31,QQQ,Invesco QQQ Trust,Growth / Tech,Nasdaq 100,Growth Tilt,0.0399985019462447,0.0376985019462447,0.0523790703362546,0.0546790703362546,-0.0146805683900099,1.925928709899571,1.9451507502169112,2.925928709899571,-0.29790203610270705,0.0786,0.0181,0.0797,0.0327,0.0643,0.0023,1.0991676819905187,-0.1820409466698404,-0.298269979555306,-0.0091806326717568,-0.1411278469456936,0.933993119325043,0.002650063340644,1.0850238217277584,-0.1450812896331137,-0.3585555919647376,0.0364178224704991,0.0680437181807638,0.9619641594416812,36.0
2022-11-30,QQQ,Invesco QQQ Trust,Growth / Tech,Nasdaq 100,Growth Tilt,0.0554415083857857,0.0525415083857857,0.0495450638683037,0.0524450638683037,0.0029964445174819,2.0881466110056794,2.09960936941382,3.0881466110056794,-0.2589766659496522,0.0469,-0.0275,0.0148,0.063,0.0315,0.0029,1.0991676819905187,-0.1820409466698404,-0.298269979555306,-0.0091806326717568,-0.1411278469456936,0.933993119325043,0.0030072282043193,1.088565755449363,-0.1518760061099297,-0.3544438352031675,0.016042462348887,0.0589584299518617,0.9627823657592228,36.0
2022-12-31,QQQ,Invesco QQQ Trust,Growth / Tech,Nasdaq 100,Growth Tilt,-0.0901366856586987,-0.0934366856586987,-0.0774212116281324,-0.0741212116281324,-0.0160154740305663,1.809791310661485,1.869862567378956,2.8097913106614847,-0.32577005327670927,-0.0638,-0.0019,0.0134,0.0032,0.0428,0.0033,1.0991676819905187,-0.1820409466698404,-0.298269979555306,-0.0091806326717568,-0.1411278469456936,0.933993119325043,0.0021898998343578,1.098506557988431,-0.1674693347481289,-0.3413381987876317,0.0120127909225217,0.0236476292862247,0.9625158257274544,36.0
2023-01-31,QQQ,Invesco QQQ Trust,Growth / Tech,Nasdaq 100,Growth Tilt,0.1064291501910716,0.1029291501910716,0.0850958010932554,0.0885958010932553,0.0178333490978161,2.108835012069444,2.124120340563441,3.108835012069444,-0.25401233301357784,0.0659,0.0438999999999999,-0.0394,-0.0242,-0.0443,0.0034999999999999,1.0991676819905187,-0.1820409466698404,-0.298269979555306,-0.0091806326717568,-0.1411278469456936,0.933993119325043,0.0030412709498274,1.10438554894297,-0.1539146746353198,-0.3426200224248746,-0.0043975821486827,0.00038017705816,0.9616142012367508,36.0
2023-02-28,QQQ,Invesco QQQ Trust,Growth / Tech,Nasdaq 100,Growth Tilt,-0.0035977550430864,-0.0069977550430864,-0.0224500324453784,-0.0190500324453784,0.015452277402292,2.097650185226648,2.064605746712441,3.097650185226648,-0.25669621390455843,-0.0256999999999999,0.0058,-0.008,0.0097,-0.0151,0.0034,1.0991676819905187,-0.1820409466698404,-0.298269979555306,-0.0091806326717568,-0.1411278469456936,0.933993119325043,0.0030413688257397,1.1067111092128854,-0.1509191361398348,-0.3404623196453015,0.0052045335456444,-0.0007650857287265,0.9598736733602364,36.0
2023-03-31,QQQ,Invesco QQQ Trust,Growth / Tech,Nasdaq 100,Growth Tilt,0.0949272706291726,0.0913272706291726,0.0720868903651382,0.0756868903651382,0.0192403802640343,2.3917016626741647,2.296556225876237,3.3917016626741647,-0.18613641424218785,0.0249,-0.0689,-0.0905,0.0227,-0.021,0.0036,1.0991676819905187,-0.1820409466698404,-0.298269979555306,-0.0091806326717568,-0.1411278469456936,0.933993119325043,0.0031505306560399,1.12424621364808,-0.1754087775030582,-0.3220693722979962,0.0054760944261942,-0.0288443590592697,0.9583625898364888,36.0
2023-04-30,QQQ,Invesco QQQ Trust,Growth / Tech,Nasdaq 100,Growth Tilt,0.0050788022934016,0.0015788022934016,0.0101430940368691,0.013643094036869,-0.0085642917434675,2.4089274448570883,2.341531452463693,3.4089274448570883,-0.18200296199632504,0.0063,-0.0256999999999999,-0.0012,0.0242,0.0285,0.0034999999999999,1.0991676819905187,-0.1820409466698404,-0.298269979555306,-0.0091806326717568,-0.1411278469456936,0.933993119325043,0.0028688805932162,1.1304604284398927,-0.1621460725237477,-0.3159127886901614,0.0104568278712,-0.0421361848201081,0.95299381198679,36.0
2023-05-31,QQQ,Invesco QQQ Trust,Growth / Tech,Nasdaq 100,Growth Tilt,0.0788384531517096,0.0752384531517096,0.0402268039379761,0.0438268039379761,0.0350116492137334,2.677682011516031,2.4879800962834,3.677682011516031,-0.11751334083743503,0.0033,-0.0043,-0.0779,-0.0178,-0.0708,0.0036,1.0991676819905187,-0.1820409466698404,-0.298269979555306,-0.0091806326717568,-0.1411278469456936,0.933993119325043,0.0051806177510848,1.123559896579028,-0.1718714199332049,-0.3227323705965321,-0.0080586727782469,-0.1185092753036744,0.946911497289522,36.0
2023-06-30,QQQ,Invesco QQQ Trust,Growth / Tech,Nasdaq 100,Growth Tilt,0.0630382469142369,0.0590382469142369,0.0734505135616707,0.0774505135616707,-0.0144122666474338,2.9095166382300266,2.758125946033435,3.9095166382300266,-0.061882928918625124,0.0646,0.0128,-0.0013,0.0232,-0.0154,0.004,1.0991676819905187,-0.1820409466698404,-0.298269979555306,-0.0091806326717568,-0.1411278469456936,0.933993119325043,0.0042152369430157,1.116537208103681,-0.2128213244207045,-0.2946860424885756,-0.0338001383771987,-0.1386392714974356,0.949962440190717,36.0
2023-07-31,QQQ,Invesco QQQ Trust,Growth / Tech,Nasdaq 100,Growth Tilt,0.038601011494824,0.034101011494824,0.0195161485741709,0.0240161485741709,0.014584862920653,3.0604279349215497,2.848381657113821,4.06042793492155,-0.025670661074322254,0.0321,0.0286,0.0406,-0.0059,0.0066,0.0045,1.0991676819905187,-0.1820409466698404,-0.298269979555306,-0.0091806326717568,-0.1411278469456936,0.933993119325043,0.004760193905364,1.1250867229015464,-0.2235849857988036,-0.2848276453580872,-0.0504311790661894,-0.1428828405487512,0.9481979422401998,36.0
2023-08-31,QQQ,Invesco QQQ Trust,Growth / Tech,Nasdaq 100,Growth Tilt,-0.0148299371200965,-0.0193299371200965,-0.0103458517756972,-0.0058458517756972,-0.0089840853443992,3.00021204396598,2.825884588370021,4.00021204396598,-0.040119903904855314,-0.0236,-0.0365,-0.0115,0.0335,-0.0241,0.0045,1.0991676819905187,-0.1820409466698404,-0.298269979555306,-0.0091806326717568,-0.1411278469456936,0.933993119325043,0.0042944170874928,1.1244818157677623,-0.2172504038610271,-0.2847710355004439,-0.0676616396647001,-0.129404158081259,0.944935574695592,36.0
2023-09-30,QQQ,Invesco QQQ Trust,Growth / Tech,Nasdaq 100,Growth Tilt,-0.050798823448128,-0.055098823448128,-0.0553490807381786,-0.0510490807381786,0.0002502572900506,2.7970059785894765,2.630576697123367,3.7970059785894765,-0.08888068343776478,-0.0523,-0.0178,0.0149,0.0187,-0.0077,0.0043,1.0991676819905187,-0.1820409466698404,-0.298269979555306,-0.0091806326717568,-0.1411278469456936,0.933993119325043,0.0057078121568571,1.1083435441644949,-0.2237463402560945,-0.2921270091808253,-0.0912011157616685,-0.1422364833935533,0.952526807331968,36.0
2023-10-31,QQQ,Invesco QQQ Trust,Growth / Tech,Nasdaq 100,Growth Tilt,-0.0206547131185627,-0.0253547131185627,-0.024705266610425,-0.0200052666104251,-0.0006494465081376,2.718579909392244,2.557946042347817,3.7185799093922434,-0.10769959153813868,-0.0315,-0.0403,0.002,0.0241,-0.0069,0.0046999999999999,1.0991676819905187,-0.1820409466698404,-0.298269979555306,-0.0091806326717568,-0.1411278469456936,0.933993119325043,0.0053712126774868,1.1143175691074858,-0.2327001706577899,-0.3004683545740541,-0.093840433320773,-0.1282513325051394,0.9528575845737404,36.0
2023-11-30,QQQ,Invesco QQQ Trust,Growth / Tech,Nasdaq 100,Growth Tilt,0.1081881170945364,0.1037881170945364,0.0972819580252505,0.1016819580252505,0.0065061590692858,3.120886068054962,2.9197249624819346,4.120886068054962,-0.011163290463964137,0.0888,-0.002,0.0167,-0.0373,-0.0108,0.0044,1.0991676819905187,-0.1820409466698404,-0.298269979555306,-0.0091806326717568,-0.1411278469456936,0.933993119325043,0.0055722431946585,1.1251800874293856,-0.2093674173208361,-0.3064619975283027,-0.0919467309700635,-0.1166363844757211,0.9531285242922158,36.0
2023-12-31,QQQ,Invesco QQQ Trust,Growth / Tech,Nasdaq 100,Growth Tilt,0.0558696543596224,0.0515696543596224,0.0264781623703954,0.0307781623703954,0.0250914919892269,3.3511185483325763,3.040366893824496,4.351118548332576,0.0,0.0486,0.0727,0.0489,-0.0297,0.0129,0.0043,1.0991676819905187,-0.1820409466698404,-0.298269979555306,-0.0091806326717568,-0.1411278469456936,0.933993119325043,0.0063473869207808,1.1335158670864045,-0.1573360403517218,-0.3113097569030513,-0.0953482760331208,-0.1067898942658702,0.951417021981308,36.0
2024-01-31,QQQ,Invesco QQQ Trust,Growth / Tech,Nasdaq 100,Growth Tilt,0.0181921971344269,0.0134921971344269,0.0292691979019907,0.0339691979019906,-0.0157770007675638,3.4302749547191045,3.177614916437472,4.4302749547191045,0.0,0.0073,-0.0572,-0.0237999999999999,0.0067,-0.0097,0.0046999999999999,1.0991676819905187,-0.1820409466698404,-0.298269979555306,-0.0091806326717568,-0.1411278469456936,0.933993119325043,0.0047729645516316,1.1303905368891671,-0.1732078171913144,-0.280111322319361,-0.0595295703224872,-0.1638173492810521,0.9527046831895964,36.0
2024-02-29,QQQ,Invesco QQQ Trust,Growth / Tech,Nasdaq 100,Growth Tilt,0.0528334405546833,0.0486334405546833,0.0731290691341751,0.0773290691341751,-0.0244956285794918,3.6643416231801584,3.5006659891266256,4.664341623180158,0.0,0.0507,-0.0081999999999999,-0.0343,-0.0206,-0.0217,0.0042,1.0991676819905187,-0.1820409466698404,-0.298269979555306,-0.0091806326717568,-0.1411278469456936,0.933993119325043,0.0041009165088542,1.1147297581361937,-0.1396596904182813,-0.2357136957097543,-0.015635091689423,-0.2178831245477787,0.949520345224114,36.0
2024-03-31,QQQ,Invesco QQQ Trust,Growth / Tech,Nasdaq 100,Growth Tilt,0.0127497397272671,0.0084497397272671,0.0217063428880761,0.0260063428880761,-0.013256603160809,3.723810764874764,3.617711852064555,4.723810764874764,0.0,0.0283999999999999,-0.0121,0.0416,0.0133,0.0113999999999999,0.0043,1.0991676819905187,-0.1820409466698404,-0.298269979555306,-0.0091806326717568,-0.1411278469456936,0.933993119325043,0.0037874549810371,1.1085216632507728,-0.127735503745447,-0.257863050702844,-0.0185277393215576,-0.2008233231829317,0.9478937850726756,36.0
2024-04-30,QQQ,Invesco QQQ Trust,Growth / Tech,Nasdaq 100,Growth Tilt,-0.0437376995732621,-0.0484376995732621,-0.0422951083886813,-0.0375951083886814,-0.0061425911845807,3.51720214879973,3.4441084744784893,4.51720214879973,-0.04373769957326212,-0.0465,-0.0259,-0.0045,0.0113999999999999,-0.0031,0.0046999999999999,1.0991676819905187,-0.1820409466698404,-0.298269979555306,-0.0091806326717568,-0.1411278469456936,0.933993119325043,0.0038011532714262,1.117404144238909,-0.1403582423232634,-0.2456126166765267,-0.014389733960284,-0.2200035709549306,0.948898178757634,36.0
2024-05-31,QQQ,Invesco QQQ Trust,Growth / Tech,Nasdaq 100,Growth Tilt,0.0615181355267628,0.0571181355267628,0.0564747328751268,0.0608747328751268,0.0006434026516359,3.795092002791376,3.714642390730455,4.795092002791376,0.0,0.0432,0.0059,-0.0131,0.0317,-0.0285,0.0044,1.0991676819905187,-0.1820409466698404,-0.298269979555306,-0.0091806326717568,-0.1411278469456936,0.933993119325043,0.0035796427594602,1.116922302085301,-0.1478128620527024,-0.2550004163253818,-0.0248692438126651,-0.2110948576427123,0.9499141859308664,36.0
2024-06-30,QQQ,Invesco QQQ Trust,Growth / Tech,Nasdaq 100,Growth Tilt,0.0647011348926613,0.0606011348926613,0.0535779012910468,0.0576779012910467,0.0070232336016144,4.105339897286704,3.9865730691655914,5.1053398972867035,0.0,0.0279999999999999,-0.0432,-0.0336,0.0056,-0.018,0.0040999999999999,1.0991676819905187,-0.1820409466698404,-0.298269979555306,-0.0091806326717568,-0.1411278469456936,0.933993119325043,0.0034160041551083,1.1178734348356634,-0.1651735325343005,-0.2343421756924565,-0.0231398423932892,-0.2351798546601617,0.949783836938543,36.0
2024-07-31,QQQ,Invesco QQQ Trust,Growth / Tech,Nasdaq 100,Growth Tilt,-0.0167809895219194,-0.0212809895219194,-0.0165278934153267,-0.0120278934153267,-0.0047530961065926,4.019667241964498,3.926595099781928,5.019667241964498,-0.01678098952191942,0.0121999999999999,0.0834,0.0562,0.0026,0.0028,0.0045,1.0991676819905187,-0.1820409466698404,-0.298269979555306,-0.0091806326717568,-0.1411278469456936,0.933993119325043,0.0031294874555993,1.1206316373899985,-0.1944860059732296,-0.2404564573493718,-0.0322921098099312,-0.2274807144707563,0.9494088560474412,36.0
2024-08-31,QQQ,Invesco QQQ Trust,Growth / Tech,Nasdaq 100,Growth Tilt,0.0110386672462059,0.0062386672462059,0.0286392781927314,0.0334392781927314,-0.0224006109465255,4.075077678335225,4.091336883866484,5.075077678335225,-0.005927562035108025,0.0161,-0.0355,-0.011,0.0076,0.0081999999999999,0.0048,1.0991676819905187,-0.1820409466698404,-0.298269979555306,-0.0091806326717568,-0.1411278469456936,0.933993119325043,0.002495915517415,1.1146111218669557,-0.1751811764949996,-0.22918592375982,-0.0192435636653967,-0.2458920411142412,0.945866460195884,36.0
2024-09-30,QQQ,Invesco QQQ Trust,Growth / Tech,Nasdaq 100,Growth Tilt,0.0262159024622388,0.0222159024622388,0.0317398148183803,0.0357398148183803,-0.0095239123561415,4.208125419738747,4.273300321273862,5.208125419738747,0.0,0.0173,-0.0092,-0.0276,0.002,-0.0029,0.004,1.0991676819905187,-0.1820409466698404,-0.298269979555306,-0.0091806326717568,-0.1411278469456936,0.933993119325043,0.0019091050614873,1.1179184119823902,-0.1757518204754313,-0.227887780250392,-0.0059297618769138,-0.2508718712284182,0.9444761679826166,36.0
2024-10-31,QQQ,Invesco QQQ Trust,Growth / Tech,Nasdaq 100,Growth Tilt,-0.0086463820698778,-0.0125463820698778,-0.0107575374711886,-0.0068575374711886,-0.0017888445986891,4.163093977491843,4.237138466723895,5.163093977491843,-0.008646382069877778,-0.01,-0.0089,0.0086,-0.0148,0.0098,0.0039,1.0991676819905187,-0.1820409466698404,-0.298269979555306,-0.0091806326717568,-0.1411278469456936,0.933993119325043,0.0020014964444481,1.1236380739751322,-0.1850554998332731,-0.2202261715632897,-0.0043072527333599,-0.261109723308727,0.9430118706492138,36.0
2024-11-30,QQQ,Invesco QQQ Trust,Growth / Tech,Nasdaq 100,Growth Tilt,0.0535084193698465,0.0495084193698465,0.0680345409029112,0.0720345409029112,-0.0185261215330647,4.439362975285405,4.614393331819327,5.439362975285405,0.0,0.0649,0.0458999999999999,0.0016,-0.0231,-0.0204999999999999,0.004,1.0991676819905187,-0.1820409466698404,-0.298269979555306,-0.0091806326717568,-0.1411278469456936,0.933993119325043,0.0006192139471573,1.124927443487316,-0.2588733431876674,-0.1671046934525778,-0.1277130028207134,-0.3022241576253681,0.9523335820678684,36.0
2024-12-31,QQQ,Invesco QQQ Trust,Growth / Tech,Nasdaq 100,Growth Tilt,0.0045402796389355,0.0008402796389355,-0.0147431050639841,-0.0110431050639841,0.0155833847029196,4.464059204250874,4.552392996385514,5.464059204250874,0.0,-0.0315,-0.0383,-0.03,0.0189,-0.0121,0.0037,1.0991676819905187,-0.1820409466698404,-0.298269979555306,-0.0091806326717568,-0.1411278469456936,0.933993119325043,0.0011970844645692,1.1196498407273383,-0.2651438733212864,-0.1771490840244358,-0.1106813926499573,-0.2990102796035183,0.9499700317257738,36.0
2025-01-31,QQQ,Invesco QQQ Trust,Growth / Tech,Nasdaq 100,Growth Tilt,0.0216339037527728,0.0179339037527728,0.0353685614659051,0.0390685614659051,-0.0174346577131323,4.58226813517509,4.769317003447663,5.58226813517509,0.0,0.0279999999999999,-0.0123,0.0163,-0.0235,-0.0324,0.0037,1.0991676819905187,-0.1820409466698404,-0.298269979555306,-0.0091806326717568,-0.1411278469456936,0.933993119325043,0.0003774854080876,1.1251380088386749,-0.1369678471617845,-0.3431041181471021,-0.019772081443057,-0.1745917888979707,0.947400018562918,36.0
2025-02-28,QQQ,Invesco QQQ Trust,Growth / Tech,Nasdaq 100,Growth Tilt,-0.0270346345699361,-0.0303346345699361,-0.0344080068523827,-0.0311080068523827,0.0040733722824466,4.431353556069232,4.589845050570844,5.431353556069232,-0.027034634569936156,-0.0243,-0.0491,0.0491,0.0108,0.0306,0.0033,1.0991676819905187,-0.1820409466698404,-0.298269979555306,-0.0091806326717568,-0.1411278469456936,0.933993119325043,0.0005893847826479,1.1237828635722933,-0.1647542736378345,-0.3168872605071751,-0.0319881704466541,-0.1869279851253767,0.9459326627915784,36.0
2025-03-31,QQQ,Invesco QQQ Trust,Growth / Tech,Nasdaq 100,Growth Tilt,-0.0758617438692921,-0.0792617438692921,-0.0732783683655902,-0.0698783683655902,-0.0059833755037018,4.019321603735139,4.199235799020483,5.019321603735139,-0.10084548391588388,-0.0639,-0.0149,0.0289999999999999,0.0210999999999999,-0.0046999999999999,0.0034,1.0991676819905187,-0.1820409466698404,-0.298269979555306,-0.0091806326717568,-0.1411278469456936,0.933993119325043,0.0001159221821827,1.1206056645714506,-0.1647930597448748,-0.2970988029867722,-0.0176504697668025,-0.2191890911645155,0.9488329822947432,36.0
2025-04-30,QQQ,Invesco QQQ Trust,Growth / Tech,Nasdaq 100,Growth Tilt,0.013968168310428,0.010468168310428,0.0107799972108261,0.014279997210826,-0.0003118289003981,4.089432332700278,4.273480871728923,5.089432332700278,-0.08828594229813957,-0.0084,-0.0186,-0.0341,-0.0285,-0.0266999999999999,0.0034999999999999,1.0991676819905187,-0.1820409466698404,-0.298269979555306,-0.0091806326717568,-0.1411278469456936,0.933993119325043,8.482011419403551e-05,1.121519076520699,-0.1658422318098218,-0.2968611576484627,-0.0190539532617434,-0.2208237825945181,0.9397552739549144,36.0
2025-05-31,QQQ,Invesco QQQ Trust,Growth / Tech,Nasdaq 100,Growth Tilt,0.0917828651630501,0.0879828651630501,0.0752759689200948,0.0790759689200948,0.0127068962429552,4.556555014248976,4.690486481242474,5.556555014248976,-0.004606213872832443,0.0605999999999999,-0.0072,-0.0288,0.0129,0.0250999999999999,0.0038,1.0991676819905187,-0.1820409466698404,-0.298269979555306,-0.0091806326717568,-0.1411278469456936,0.933993119325043,0.000114393873575,1.1333106284537195,-0.1337406839548712,-0.394621108366016,-0.019309399470842,-0.1480319808641779,0.9455402179852804,36.0
2025-06-30,QQQ,Invesco QQQ Trust,Growth / Tech,Nasdaq 100,Growth Tilt,0.0638584388137797,0.0604584388137797,0.0589459197384482,0.0623459197384482,0.0015125190753314,4.911387942641795,5.0452650946747415,5.911387942641795,0.0,0.0486,-0.0002,-0.0161,-0.032,0.0144,0.0034,1.0991676819905187,-0.1820409466698404,-0.298269979555306,-0.0091806326717568,-0.1411278469456936,0.933993119325043,0.0015628464396766,1.0842364809020726,-0.0508050810065098,-0.4616663866523288,0.0437045654607936,-0.148722281849879,0.9482548731595418,36.0
2025-07-31,QQQ,Invesco QQQ Trust,Growth / Tech,Nasdaq 100,Growth Tilt,0.0242368540464832,0.0208368540464832,0.0311797346564155,0.0345797346564155,-0.0103428806099323,5.054661389419746,5.254308757576285,6.054661389419746,0.0,0.0197999999999999,-0.0014,-0.0127,-0.0028,-0.0207,0.0034,1.0991676819905187,-0.1820409466698404,-0.298269979555306,-0.0091806326717568,-0.1411278469456936,0.933993119325043,0.0013290169452815,1.0938116116998704,-0.0464878623669174,-0.4585403910207029,0.0603316994861099,-0.1741010942449536,0.9420759724666732,36.0
2025-08-31,QQQ,Invesco QQQ Trust,Growth / Tech,Nasdaq 100,Growth Tilt,0.0095397553778766,0.0057397553778766,-0.0021783657439869,0.001621634256013,0.0079181211218635,5.112421377970684,5.264450958905252,6.112421377970684,0.0,0.0185,0.0487999999999999,0.0441999999999999,-0.0069,0.0208,0.0038,1.0991676819905187,-0.1820409466698404,-0.298269979555306,-0.0091806326717568,-0.1411278469456936,0.933993119325043,0.0022592150107945,1.0818187666575598,-0.0266179972799465,-0.4695403517789378,0.0325997827270286,-0.141657536330802,0.939040034269539,36.0
2025-09-30,QQQ,Invesco QQQ Trust,Growth / Tech,Nasdaq 100,Growth Tilt,0.0537621543526261,0.0504621543526261,0.0501096292982336,0.0534096292982336,0.0003525250543924,5.441038319561436,5.599032962377345,6.441038319561436,0.0,0.0339,-0.0218,-0.0105,-0.0204999999999999,-0.0222,0.0033,1.0991676819905187,-0.1820409466698404,-0.298269979555306,-0.0091806326717568,-0.1411278469456936,0.933993119325043,0.0030131851789008,1.0615676483138092,-0.0257451478824183,-0.4698839158829745,0.0095095967548717,-0.1390558382526299,0.9293287078200496,36.0
2025-10-31,QQQ,Invesco QQQ Trust,Growth / Tech,Nasdaq 100,Growth Tilt,0.0478038174643991,0.0441038174643991,0.0417695860025715,0.0454695860025715,0.0023342314618275,5.74894453967095,5.899088259193967,6.74894453967095,0.0,0.0196,-0.0131,-0.031,-0.0524,-0.0403,0.0037,1.0991676819905187,-0.1820409466698404,-0.298269979555306,-0.0091806326717568,-0.1411278469456936,0.933993119325043,0.0030516173326848,1.066042923932614,-0.0273254506881523,-0.4661234557762888,0.0118976650247554,-0.1345573708568813,0.9296368039073027,36.0
2025-11-30,QQQ,Invesco QQQ Trust,Growth / Tech,Nasdaq 100,Growth Tilt,-0.0156102967396978,-0.0186102967396978,-0.0139854653195614,-0.0109854653195614,-0.0046248314201363,5.643591512726924,5.823298564385999,6.643591512726924,-0.015610296739697826,-0.0013,0.0147,0.0375999999999999,0.0144,0.0068,0.003,1.0991676819905187,-0.1820409466698404,-0.298269979555306,-0.0091806326717568,-0.1411278469456936,0.933993119325043,0.0029171254456649,1.0449693457425904,-0.0225424408024789,-0.4708284726014901,-0.0350932375997271,-0.1461261402260138,0.931477002061738,36.0
2025-12-31,QQQ,Invesco QQQ Trust,Growth / Tech,Nasdaq 100,Growth Tilt,-0.0066993235261305,-0.0100993235261305,-0.0089072663580603,-0.0055072663580603,-0.0011920571680702,5.599083943807711,5.785720841751354,6.599083943807711,-0.02220504183763017,-0.0036,-0.0022,0.0242,0.004,0.0037,0.0034,1.0991676819905187,-0.1820409466698404,-0.298269979555306,-0.0091806326717568,-0.1411278469456936,0.933993119325043,0.0052305616301948,0.9880960222659172,0.017535865620204,-0.5304371555928427,-0.0783271561498722,-0.0339502994243144,0.9263079313934288,36.0
2026-01-31,QQQ,Invesco QQQ Trust,Growth / Tech,Nasdaq 100,Growth Tilt,0.0123064847625091,0.0093064847625091,-0.0060322018060675,-0.0030322018060675,0.0153386865685766,5.6802954698087,5.765145166759526,6.6802954698087,-0.010171823084146658,0.0103,0.0326,0.0372,0.0182,0.0183,0.003,1.0991676819905187,-0.1820409466698404,-0.298269979555306,-0.0091806326717568,-0.1411278469456936,0.933993119325043,0.0057082760803134,0.9829822644562732,0.020482402445008,-0.5229374655816931,-0.0608841944112105,-0.0052423314960697,0.91636542000049,36.0
2026-02-28,QQQ,Invesco QQQ Trust,Growth / Tech,Nasdaq 100,Growth Tilt,-0.0234454254454673,-0.0262454254454673,-0.0273257920700968,-0.0245257920700968,0.0010803666246295,5.523673100417606,5.5992246230755605,6.523673100417606,-0.03337876580985022,-0.0116999999999999,0.0063,0.0283,0.0162,0.0507,0.0028,1.0991676819905187,-0.1820409466698404,-0.298269979555306,-0.0091806326717568,-0.1411278469456936,0.933993119325043,0.0049152782673853,1.0003806199281304,0.0013089102823096,-0.505016960060698,-0.0626873320630468,-0.0219271739019245,0.9192149611864934,36.0
2015-02-28,QUAL,iShares MSCI USA Quality Factor ETF,Quality,Quality Factor,Quality / Profitability Tilt,0.0601601684980803,0.0601601684980803,0.0569761044538589,0.0569761044538589,0.0031840640442213,0.0601601684980803,0.0569761044538588,1.0601601684980804,0.0,0.0613999999999999,0.0036,-0.0179,-0.011,-0.0175,0.0,0.9755959559382608,-0.078069091072043,-0.0281782670645898,0.2099619669935565,0.0012490299583558,0.9682917460324668,,,,,,,,
2015-03-31,QUAL,iShares MSCI USA Quality Factor ETF,Quality,Quality Factor,Quality / Profitability Tilt,-0.0156985084677161,-0.0156985084677161,-0.0136096069508934,-0.0136096069508934,-0.0020889015168226,0.0435172351157779,0.0425910751157552,1.043517235115778,-0.015698508467716032,-0.0109,0.0308,-0.0038,0.0007,-0.0062,0.0,0.9755959559382608,-0.078069091072043,-0.0281782670645898,0.2099619669935565,0.0012490299583558,0.9682917460324668,,,,,,,,
2015-04-30,QUAL,iShares MSCI USA Quality Factor ETF,Quality,Quality Factor,Quality / Profitability Tilt,0.0017292920825868,0.0017292920825868,0.0069760937353437,0.0069760937353437,-0.0052468016527569,0.0453217812085067,0.0498642881833955,1.0453217812085067,-0.013996363691530789,0.006,-0.0301,0.018,0.0005,-0.0062,0.0,0.9755959559382608,-0.078069091072043,-0.0281782670645898,0.2099619669935565,0.0012490299583558,0.9682917460324668,,,,,,,,
2015-05-31,QUAL,iShares MSCI USA Quality Factor ETF,Quality,Quality Factor,Quality / Profitability Tilt,0.0152228230194284,0.0152228230194284,0.0086127490096865,0.0086127490096865,0.0066100740097418,0.0612345296821974,0.0589065057917523,1.0612345296821974,0.0,0.0138,0.0081999999999999,-0.0111,-0.0176,-0.0083,0.0,0.9755959559382608,-0.078069091072043,-0.0281782670645898,0.2099619669935565,0.0012490299583558,0.9682917460324668,,,,,,,,
2015-06-30,QUAL,iShares MSCI USA Quality Factor ETF,Quality,Quality Factor,Quality / Profitability Tilt,-0.0184633984238129,-0.0184633984238129,-0.0171588775816367,-0.0171588775816367,-0.0013045208421761,0.0416405337395673,0.0407368586884731,1.0416405337395673,-0.01846339842381295,-0.0154,0.0289999999999999,-0.0081999999999999,0.0034999999999999,-0.0154,0.0,0.9755959559382608,-0.078069091072043,-0.0281782670645898,0.2099619669935565,0.0012490299583558,0.9682917460324668,,,,,,,,
2015-07-31,QUAL,iShares MSCI USA Quality Factor ETF,Quality,Quality Factor,Quality / Profitability Tilt,0.0287974622801669,0.0287974622801669,0.0198676527237666,0.0198676527237666,0.0089298095564002,0.0716371377194255,0.0614138571737195,1.0716371377194256,0.0,0.0157,-0.0458,-0.0416,0.0031,-0.0243999999999999,0.0,0.9755959559382608,-0.078069091072043,-0.0281782670645898,0.2099619669935565,0.0012490299583558,0.9682917460324668,,,,,,,,
2015-08-31,QUAL,iShares MSCI USA Quality Factor ETF,Quality,Quality Factor,Quality / Profitability Tilt,-0.0541369898323437,-0.0541369898323437,-0.0591477076193948,-0.0591477076193948,0.0050107177870511,0.013621928890747,-0.0013663393135657,1.013621928890747,-0.05413698983234372,-0.0602,0.0029,0.0275,0.0066,0.0129,0.0,0.9755959559382608,-0.078069091072043,-0.0281782670645898,0.2099619669935565,0.0012490299583558,0.9682917460324668,,,,,,,,
2015-09-30,QUAL,iShares MSCI USA Quality Factor ETF,Quality,Quality Factor,Quality / Profitability Tilt,-0.012963203159767,-0.012963203159767,-0.0248677258735657,-0.0248677258735657,0.0119045227137987,0.0004821418993414,-0.0262000874356315,1.0004821418993415,-0.06639840419445575,-0.0306,-0.0279999999999999,0.0055,0.018,-0.0059,0.0,0.9755959559382608,-0.078069091072043,-0.0281782670645898,0.2099619669935565,0.0012490299583558,0.9682917460324668,,,,,,,,
2015-10-31,QUAL,iShares MSCI USA Quality Factor ETF,Quality,Quality Factor,Quality / Profitability Tilt,0.0865178447382557,0.0865178447382557,0.0785342156535409,0.0785342156535409,0.0079836290847147,0.0870417005155863,0.0502765249010979,1.0870417005155864,0.0,0.0775,-0.0206,-0.0046999999999999,0.0095,0.0060999999999999,0.0,0.9755959559382608,-0.078069091072043,-0.0281782670645898,0.2099619669935565,0.0012490299583558,0.9682917460324668,,,,,,,,
2015-11-30,QUAL,iShares MSCI USA Quality Factor ETF,Quality,Quality Factor,Quality / Profitability Tilt,0.0044148609126737,0.0044148609126737,-0.0032888381831861,-0.0032888381831861,0.0077036990958598,0.0918408384296389,0.0468223353630992,1.091840838429639,0.0,0.0056999999999999,0.033,-0.0043,-0.0265,-0.0106,0.0,0.9755959559382608,-0.078069091072043,-0.0281782670645898,0.2099619669935565,0.0012490299583558,0.9682917460324668,,,,,,,,
2015-12-31,QUAL,iShares MSCI USA Quality Factor ETF,Quality,Quality Factor,Quality / Profitability Tilt,-0.0171709140146095,-0.0172709140146095,-0.0180501137109059,-0.0179501137109059,0.0007791996962964,0.0730929332753245,0.0280317554082154,1.0730929332753245,-0.017170914014609462,-0.0215,-0.0295,-0.0256999999999999,0.0034,0.0012,0.0001,0.9755959559382608,-0.078069091072043,-0.0281782670645898,0.2099619669935565,0.0012490299583558,0.9682917460324668,,,,,,,,
2016-01-31,QUAL,iShares MSCI USA Quality Factor ETF,Quality,Quality Factor,Quality / Profitability Tilt,-0.0461515138389569,-0.0462515138389569,-0.0488420908289172,-0.0487420908289172,0.0025905769899603,0.0235680699147815,-0.0220766617889029,1.0235680699147816,-0.06252996417779355,-0.0574,-0.0344,0.0208,0.0278,0.0305,0.0001,0.9755959559382608,-0.078069091072043,-0.0281782670645898,0.2099619669935565,0.0012490299583558,0.9682917460324668,,,,,,,,
2016-02-29,QUAL,iShares MSCI USA Quality Factor ETF,Quality,Quality Factor,Quality / Profitability Tilt,0.0060073326608303,0.0058073326608303,0.0049663516241426,0.0051663516241426,0.0008409810366876,0.0297169838117636,-0.0170243659622491,1.0297169838117637,-0.05689826981304902,-0.0007,0.0087,-0.0060999999999999,0.0331,0.0194,0.0002,0.9755959559382608,-0.078069091072043,-0.0281782670645898,0.2099619669935565,0.0012490299583558,0.9682917460324668,,,,,,,,
2016-03-31,QUAL,iShares MSCI USA Quality Factor ETF,Quality,Quality Factor,Quality / Profitability Tilt,0.0590705463854119,0.0588705463854119,0.067289929615206,0.067489929615206,-0.0084193832297941,0.0905429286678629,0.0493165903924213,1.090542928667863,-0.0011887353138785306,0.0695,0.01,0.0121999999999999,0.0068,0.0001,0.0002,0.9755959559382608,-0.078069091072043,-0.0281782670645898,0.2099619669935565,0.0012490299583558,0.9682917460324668,,,,,,,,
2016-04-30,QUAL,iShares MSCI USA Quality Factor ETF,Quality,Quality Factor,Quality / Profitability Tilt,-0.0039621606419828,-0.0040621606419828,0.0002311351181721,0.0003311351181721,-0.0042932957601549,0.0862220223975025,0.0496640559655807,1.0862220223975025,-0.005146185995586916,0.0091,0.0123,0.0322,-0.0285,0.0177,0.0001,0.9755959559382608,-0.078069091072043,-0.0281782670645898,0.2099619669935565,0.0012490299583558,0.9682917460324668,,,,,,,,
2016-05-31,QUAL,iShares MSCI USA Quality Factor ETF,Quality,Quality Factor,Quality / Profitability Tilt,0.0107098783020551,0.0106098783020551,0.015147427476776,0.015247427476776,-0.0045375491747209,0.097855328066392,0.0656687325338944,1.097855328066392,0.0,0.0178,-0.0062,-0.0162,-0.011,-0.0254,0.0001,0.9755959559382608,-0.078069091072043,-0.0281782670645898,0.2099619669935565,0.0012490299583558,0.9682917460324668,,,,,,,,
2016-06-30,QUAL,iShares MSCI USA Quality Factor ETF,Quality,Quality Factor,Quality / Profitability Tilt,0.0048400444019067,0.0046400444019067,0.0020500774684469,0.0022500774684469,0.0025899669334597,0.1031689966011033,0.0680665697377975,1.1031689966011033,0.0,-0.0003,0.0042,-0.0149,0.0144999999999999,0.019,0.0002,0.9755959559382608,-0.078069091072043,-0.0281782670645898,0.2099619669935565,0.0012490299583558,0.9682917460324668,,,,,,,,
2016-07-31,QUAL,iShares MSCI USA Quality Factor ETF,Quality,Quality Factor,Quality / Profitability Tilt,0.0304543786228141,0.0302543786228141,0.0387782078140409,0.0389782078140409,-0.0085238291912268,0.1367653229085432,0.1096978904522671,1.1367653229085433,0.0,0.0394,0.0247,-0.0124,0.0131,-0.0116,0.0002,0.9755959559382608,-0.078069091072043,-0.0281782670645898,0.2099619669935565,0.0012490299583558,0.9682917460324668,,,,,,,,
2016-08-31,QUAL,iShares MSCI USA Quality Factor ETF,Quality,Quality Factor,Quality / Profitability Tilt,-0.002205696427635,-0.002405696427635,-0.0021149605230234,-0.0019149605230234,-0.0002907359046115,0.1342579636967444,0.1075728627995686,1.1342579636967445,-0.0022056964276350177,0.0049,0.0166,0.0317,-0.0185,-0.0036,0.0002,0.9755959559382608,-0.078069091072043,-0.0281782670645898,0.2099619669935565,0.0012490299583558,0.9682917460324668,,,,,,,,
2016-09-30,QUAL,iShares MSCI USA Quality Factor ETF,Quality,Quality Factor,Quality / Profitability Tilt,-0.0010218002039437,-0.0012218002039437,-0.0038378060929207,-0.0036378060929207,0.002616005888977,0.1330989786781142,0.1035437274909227,1.1330989786781143,-0.003225242850519283,0.0027,0.0181,-0.0118999999999999,-0.0218,0.0003,0.0002,0.9755959559382608,-0.078069091072043,-0.0281782670645898,0.2099619669935565,0.0012490299583558,0.9682917460324668,,,,,,,,
2016-10-31,QUAL,iShares MSCI USA Quality Factor ETF,Quality,Quality Factor,Quality / Profitability Tilt,-0.0204472052536577,-0.0206472052536577,-0.016364871813632,-0.016164871813632,-0.0042823334400256,0.1099302712883729,0.0857050845952942,1.109930271288373,-0.02360650090161953,-0.0200999999999999,-0.0401999999999999,0.0411,0.0098999999999999,0.0025,0.0002,0.9755959559382608,-0.078069091072043,-0.0281782670645898,0.2099619669935565,0.0012490299583558,0.9682917460324668,,,,,,,,
2016-11-30,QUAL,iShares MSCI USA Quality Factor ETF,Quality,Quality Factor,Quality / Profitability Tilt,0.0301015540503666,0.0300015540503666,0.0382718572432606,0.0383718572432606,-0.008270303192894,0.143340897341698,0.1273656051096672,1.143340897341698,0.0,0.0484999999999999,0.0696,0.0828999999999999,-0.0024,0.0371,0.0001,0.9755959559382608,-0.078069091072043,-0.0281782670645898,0.2099619669935565,0.0012490299583558,0.9682917460324668,,,,,,,,
2016-12-31,QUAL,iShares MSCI USA Quality Factor ETF,Quality,Quality Factor,Quality / Profitability Tilt,0.0199512704364301,0.0196512704364301,0.0181191385973309,0.0184191385973309,0.0015321318390991,0.166152000785593,0.148130708440046,1.166152000785593,0.0,0.0181,0.0044,0.0347,0.0124,-0.0032,0.0003,0.9755959559382608,-0.078069091072043,-0.0281782670645898,0.2099619669935565,0.0012490299583558,0.9682917460324668,,,,,,,,
2017-01-31,QUAL,iShares MSCI USA Quality Factor ETF,Quality,Quality Factor,Quality / Profitability Tilt,0.0115770818710851,0.0111770818710851,0.0189270410462499,0.0193270410462499,-0.0077499591751648,0.1796526379728176,0.1703206777685268,1.1796526379728176,0.0,0.0194,-0.0144,-0.0276,-0.0051,-0.0106,0.0004,0.9755959559382608,-0.078069091072043,-0.0281782670645898,0.2099619669935565,0.0012490299583558,0.9682917460324668,,,,,,,,
2017-02-28,QUAL,iShares MSCI USA Quality Factor ETF,Quality,Quality Factor,Quality / Profitability Tilt,0.0469241886879281,0.0465241886879281,0.036956876016508,0.037356876016508,0.00956731267142,0.2350068809432663,0.2140402022274812,1.2350068809432664,0.0,0.0355,-0.023,-0.015,0.0045,-0.018,0.0004,0.9755959559382608,-0.078069091072043,-0.0281782670645898,0.2099619669935565,0.0012490299583558,0.9682917460324668,,,,,,,,
2017-03-31,QUAL,iShares MSCI USA Quality Factor ETF,Quality,Quality Factor,Quality / Profitability Tilt,-0.0004500756538104,-0.0007500756538104,0.0025048360106139,0.0028048360106139,-0.0032549116644243,0.2344510344138655,0.2174453859050218,1.2344510344138655,-0.00045007565381038894,0.0017,0.0075,-0.0333,0.0063,-0.0095,0.0003,0.9755959559382608,-0.078069091072043,-0.0281782670645898,0.2099619669935565,0.0012490299583558,0.9682917460324668,,,,,,,,
2017-04-30,QUAL,iShares MSCI USA Quality Factor ETF,Quality,Quality Factor,Quality / Profitability Tilt,0.0061808976089587,0.0056808976089587,0.0137149524232662,0.0142149524232662,-0.0080340548143075,0.2420810498608507,0.2347513141435866,1.2420810498608508,0.0,0.0108,0.0040999999999999,-0.0204999999999999,0.0179,-0.016,0.0005,0.9755959559382608,-0.078069091072043,-0.0281782670645898,0.2099619669935565,0.0012490299583558,0.9682917460324668,,,,,,,,
2017-05-31,QUAL,iShares MSCI USA Quality Factor ETF,Quality,Quality Factor,Quality / Profitability Tilt,0.0148808823749537,0.0142808823749537,0.0150900520972416,0.0156900520972416,-0.0008091697222879,0.2605643118639891,0.2541246265896371,1.260564311863989,0.0,0.0107,-0.0299,-0.0382,0.0098999999999999,-0.0166,0.0006,0.9755959559382608,-0.078069091072043,-0.0281782670645898,0.2099619669935565,0.0012490299583558,0.9682917460324668,,,,,,,,
2017-06-30,QUAL,iShares MSCI USA Quality Factor ETF,Quality,Quality Factor,Quality / Profitability Tilt,0.0056484279123689,0.0050484279123689,-0.0003423973188835,0.0002576026811164,0.0053908252312524,0.2676845185084577,0.2544476924559009,1.2676845185084578,0.0,0.0078,0.0252,0.015,-0.0226,0.0004,0.0006,0.9755959559382608,-0.078069091072043,-0.0281782670645898,0.2099619669935565,0.0012490299583558,0.9682917460324668,,,,,,,,
2017-07-31,QUAL,iShares MSCI USA Quality Factor ETF,Quality,Quality Factor,Quality / Profitability Tilt,0.0102189901668714,0.0095189901668714,0.0172923689499333,0.0179923689499333,-0.0077733787830619,0.2806389741377908,0.2770181781669603,1.2806389741377908,0.0,0.0187999999999999,-0.0163999999999999,-0.0023,-0.0075,-0.0015,0.0007,0.9755959559382608,-0.078069091072043,-0.0281782670645898,0.2099619669935565,0.0012490299583558,0.9682917460324668,,,,,,,,
2017-08-31,QUAL,iShares MSCI USA Quality Factor ETF,Quality,Quality Factor,Quality / Profitability Tilt,0.0046586253759812,0.0037586253759812,0.0033577413646146,0.0042577413646146,0.0004008840113665,0.2866049913601798,0.2824553912875065,1.2866049913601798,0.0,0.0018,-0.0183,-0.0213,0.002,-0.0237999999999999,0.0009,0.9755959559382608,-0.078069091072043,-0.0281782670645898,0.2099619669935565,0.0012490299583558,0.9682917460324668,,,,,,,,
2017-09-30,QUAL,iShares MSCI USA Quality Factor ETF,Quality,Quality Factor,Quality / Profitability Tilt,0.0265170017112441,0.0256170017112441,0.0156581902197726,0.0165581902197726,0.0099588114914714,0.3207218981177731,0.3036905316048179,1.320721898117773,0.0,0.0249,0.0475999999999999,0.0315,-0.0154,0.0163,0.0009,0.9755959559382608,-0.078069091072043,-0.0281782670645898,0.2099619669935565,0.0012490299583558,0.9682917460324668,,,,,,,,
2017-10-31,QUAL,iShares MSCI USA Quality Factor ETF,Quality,Quality Factor,Quality / Profitability Tilt,0.0291679919969602,0.0282679919969602,0.0244804376244046,0.0253804376244046,0.0037875543725555,0.3592447038722826,0.336778767823741,1.3592447038722826,0.0,0.0225,-0.0191,0.0013,0.0092,-0.0314,0.0009,0.9755959559382608,-0.078069091072043,-0.0281782670645898,0.2099619669935565,0.0012490299583558,0.9682917460324668,,,,,,,,
2017-11-30,QUAL,iShares MSCI USA Quality Factor ETF,Quality,Quality Factor,Quality / Profitability Tilt,0.0360246296274182,0.0352246296274182,0.036639764696695,0.037439764696695,-0.0014151350692768,0.4082109909023113,0.3868274503425999,1.4082109909023113,0.0,0.0312,-0.0038,-0.0009,0.0319,-0.001,0.0008,0.9755959559382608,-0.078069091072043,-0.0281782670645898,0.2099619669935565,0.0012490299583558,0.9682917460324668,,,,,,,,
2017-12-31,QUAL,iShares MSCI USA Quality Factor ETF,Quality,Quality Factor,Quality / Profitability Tilt,0.0124806190422253,0.0115806190422253,0.0118846436188306,0.0127846436188306,-0.0003040245766053,0.4257863358108376,0.4045575450560414,1.4257863358108376,0.0,0.0106,-0.0105,0.0005,0.0073,0.0179,0.0009,0.9755959559382608,-0.078069091072043,-0.0281782670645898,0.2099619669935565,0.0012490299583558,0.9682917460324668,,,,,,,,
2018-01-31,QUAL,iShares MSCI USA Quality Factor ETF,Quality,Quality Factor,Quality / Profitability Tilt,0.0457177996954452,0.0446177996954452,0.054911005890859,0.056011005890859,-0.0102932061954138,0.4909701499199401,0.4832282259862257,1.4909701499199401,0.0,0.0558,-0.0321,-0.0132,-0.0075,-0.0105,0.0011,0.9755959559382608,-0.078069091072043,-0.0281782670645898,0.2099619669935565,0.0012490299583558,0.9682917460324668,-2.8476641954857046e-05,0.9273078500658068,-0.089002888301069,-0.0539376962552555,0.1604011518900023,0.0113979046473802,0.9565497628517624,36.0
2018-02-28,QUAL,iShares MSCI USA Quality Factor ETF,Quality,Quality Factor,Quality / Profitability Tilt,-0.0290692749085049,-0.0301692749085049,-0.0352012352821851,-0.0341012352821851,0.0050319603736802,0.4476287287515428,0.4326483112746915,1.4476287287515428,-0.02906927490850475,-0.0364,0.0034,-0.011,0.0053,-0.0236,0.0011,0.9755959559382608,-0.078069091072043,-0.0281782670645898,0.2099619669935565,0.0012490299583558,0.9682917460324668,-8.9635929361692e-06,0.9155653140229344,-0.0860724905019451,-0.0495280539282156,0.1688707807139695,0.003902874071783,0.955761389487283,36.0
2018-03-31,QUAL,iShares MSCI USA Quality Factor ETF,Quality,Quality Factor,Quality / Profitability Tilt,-0.0129683518518084,-0.0141683518518084,-0.0273628594642677,-0.0261628594642677,0.0131945076124593,0.4288553700463067,0.3951661348450912,1.4288553700463067,-0.041660646175222804,-0.0235,0.0361,-0.0021,-0.0040999999999999,0.0008,0.0012,0.9755959559382608,-0.078069091072043,-0.0281782670645898,0.2099619669935565,0.0012490299583558,0.9682917460324668,0.000553907858094,0.8989855583681894,-0.0555714439821937,-0.0630059192557335,0.1726634194641736,7.922170873533863e-05,0.9525442925809248,36.0
2018-04-30,QUAL,iShares MSCI USA Quality Factor ETF,Quality,Quality Factor,Quality / Profitability Tilt,-0.013057466753757,-0.014457466753757,-0.0038979129156696,-0.0024979129156696,-0.0105595538380873,0.4101981385559998,0.3916811313373567,1.4101981385559998,-0.05417413042660679,0.0029,0.0089,0.0053,-0.0242,0.0124,0.0014,0.9755959559382608,-0.078069091072043,-0.0281782670645898,0.2099619669935565,0.0012490299583558,0.9682917460324668,0.0001700427600523,0.9015469138419012,-0.058283723067259,-0.0389662639269724,0.2142508386608824,-0.045344072351497,0.9493151057797464,36.0
2018-05-31,QUAL,iShares MSCI USA Quality Factor ETF,Quality,Quality Factor,Quality / Profitability Tilt,0.0269507618721553,0.0255507618721553,0.0178726697125125,0.0192726697125125,0.0076780921596427,0.4482040527807793,0.4185025421267574,1.4482040527807793,-0.02868340264321001,0.0263,0.0471,-0.0314,-0.0197999999999999,-0.0149,0.0014,0.9755959559382608,-0.078069091072043,-0.0281782670645898,0.2099619669935565,0.0012490299583558,0.9682917460324668,0.0001457565034788,0.9023568527325546,-0.0419941768947335,-0.0503547409030038,0.2210139343440225,-0.0469785706842243,0.9496605182568186,36.0
2018-06-30,QUAL,iShares MSCI USA Quality Factor ETF,Quality,Quality Factor,Quality / Profitability Tilt,-3.138197240182272e-05,-0.0014313819724018,0.0057636343592642,0.0071636343592642,-0.007195016331666,0.4481586052811628,0.4286641756762404,1.4481586052811628,-0.028713884473861695,0.0049,0.0077,-0.0233,0.0083,0.002,0.0014,0.9755959559382608,-0.078069091072043,-0.0281782670645898,0.2099619669935565,0.0012490299583558,0.9682917460324668,6.124880508631865e-05,0.8968034529338006,-0.0365368181152507,-0.0332944711204875,0.2232706032578654,-0.0800213968190512,0.9470544764828464,36.0
2018-07-31,QUAL,iShares MSCI USA Quality Factor ETF,Quality,Quality Factor,Quality / Profitability Tilt,0.037147435910499,0.035547435910499,0.0349866307948239,0.0365866307948239,0.000560805115675,0.5019539842590826,0.4809341844014985,1.5019539842590826,0.0,0.032,-0.0192999999999999,0.0049,0.0153,0.0031,0.0016,0.9755959559382608,-0.078069091072043,-0.0281782670645898,0.2099619669935565,0.0012490299583558,0.9682917460324668,-0.0001413117054933,0.8968477385764735,-0.0213977864557549,-0.0224770232562962,0.2381588892556771,-0.0725773227662778,0.9507567534781852,36.0
2018-08-31,QUAL,iShares MSCI USA Quality Factor ETF,Quality,Quality Factor,Quality / Profitability Tilt,0.0373194608647093,0.0357194608647093,0.0328915616193632,0.0344915616193632,0.002827899245346,0.5580060971952336,0.5320139170770042,1.5580060971952336,0.0,0.0346,0.0065,-0.0391,-0.0029,-0.0256999999999999,0.0016,0.9755959559382608,-0.078069091072043,-0.0281782670645898,0.2099619669935565,0.0012490299583558,0.9682917460324668,-0.0001042000559838,0.8987564916623552,-0.0192619865138869,-0.0262411681745784,0.2384488138736883,-0.0770308654608318,0.9429907510834667,36.0
2018-09-30,QUAL,iShares MSCI USA Quality Factor ETF,Quality,Quality Factor,Quality / Profitability Tilt,0.0106766126012269,0.0091766126012269,0.0035501156284482,0.0050501156284482,0.0056264969727786,0.5746403247253367,0.5397507645026351,1.5746403247253367,0.0,0.0006,-0.0249,-0.0162,0.0065,0.0136,0.0015,0.9755959559382608,-0.078069091072043,-0.0281782670645898,0.2099619669935565,0.0012490299583558,0.9682917460324668,-0.0003474700676252,0.9156852456409864,-0.0218489664613261,-0.0536160849324846,0.215412365443973,-0.0285592927678862,0.943940121340368,36.0
2018-10-31,QUAL,iShares MSCI USA Quality Factor ETF,Quality,Quality Factor,Quality / Profitability Tilt,-0.0756890111219531,-0.0775890111219531,-0.0706783467651229,-0.0687783467651229,-0.0069106643568301,0.4554573556741248,0.4338492524898096,1.4554573556741248,-0.07568901112195314,-0.0764,-0.0438,0.0338,0.0103,0.036,0.0019,0.9755959559382608,-0.078069091072043,-0.0281782670645898,0.2099619669935565,0.0012490299583558,0.9682917460324668,-0.0007033549233931,0.881260641322669,0.0219374778002093,-0.0479269731269886,0.2265033326439206,-0.09459021319915,0.9558173081098188,36.0
2018-11-30,QUAL,iShares MSCI USA Quality Factor ETF,Quality,Quality Factor,Quality / Profitability Tilt,0.009218439961929,0.007418439961929,0.0151204470118213,0.0169204470118213,-0.0077020070498923,0.4688744019245547,0.4581106227895031,1.4688744019245548,-0.06716830576482957,0.0171,-0.0081,0.0036,-0.0060999999999999,0.004,0.0018,0.9755959559382608,-0.078069091072043,-0.0281782670645898,0.2099619669935565,0.0012490299583558,0.9682917460324668,-0.0009960251835689,0.8826254271331546,0.0211880672237365,-0.0471565206398987,0.2451793774829228,-0.0939357300130614,0.955761357281031,36.0
2018-12-31,QUAL,iShares MSCI USA Quality Factor ETF,Quality,Quality Factor,Quality / Profitability Tilt,-0.0847109829028404,-0.0866109829028404,-0.091312030355684,-0.089412030355684,0.0047010474528436,0.3444446075767038,0.3277379915227028,1.3444446075767038,-0.14618939546641274,-0.0955,-0.0281,-0.0192,-0.0003,0.0024,0.0019,0.9755959559382608,-0.078069091072043,-0.0281782670645898,0.2099619669935565,0.0012490299583558,0.9682917460324668,-0.0011051999369609,0.8868125634508552,0.0224865553759733,-0.044084213380289,0.2478053803441176,-0.0954547422631295,0.966816935800735,36.0
2019-01-31,QUAL,iShares MSCI USA Quality Factor ETF,Quality,Quality Factor,Quality / Profitability Tilt,0.0824647756006808,0.0803647756006808,0.0770271854222815,0.0791271854222815,0.0033375901783992,0.4553139304480622,0.4327981617701273,1.4553139304480622,-0.07578009555806875,0.0836,0.0291,-0.0039,-0.0073,-0.0165,0.0021,0.9755959559382608,-0.078069091072043,-0.0281782670645898,0.2099619669935565,0.0012490299583558,0.9682917460324668,-0.0012051798801517,0.9012892842106114,0.0281760088305763,-0.0454001986756489,0.2340425830542656,-0.1095582842513293,0.9686011050672344,36.0
2019-02-28,QUAL,iShares MSCI USA Quality Factor ETF,Quality,Quality Factor,Quality / Profitability Tilt,0.0435672211037585,0.0417672211037585,0.0322714494842518,0.0340714494842518,0.0094957716195066,0.5187179142312728,0.4816156719600071,1.5187179142312728,-0.03551440263275263,0.0342,0.0172,-0.0266,0.0016,-0.0154,0.0018,0.9755959559382608,-0.078069091072043,-0.0281782670645898,0.2099619669935565,0.0012490299583558,0.9682917460324668,-0.0010874110066142,0.9036218061131244,0.0339517131794519,-0.0520905288041875,0.2308762178069235,-0.1176200563432817,0.967716625318413,36.0
2019-03-31,QUAL,iShares MSCI USA Quality Factor ETF,Quality,Quality Factor,Quality / Profitability Tilt,0.0253263855719951,0.0234263855719951,0.0156652019853022,0.0175652019853022,0.0077611835866928,0.5571815497021904,0.5076405505025741,1.5571815497021904,-0.011087468515193488,0.011,-0.0352,-0.0414,0.0088,-0.009,0.0019,0.9755959559382608,-0.078069091072043,-0.0281782670645898,0.2099619669935565,0.0012490299583558,0.9682917460324668,-0.0008178670881235,0.9181953020496172,0.0177073165849917,-0.0692727883570824,0.2360913860470633,-0.0931105410965636,0.9634422127490764,36.0
2019-04-30,QUAL,iShares MSCI USA Quality Factor ETF,Quality,Quality Factor,Quality / Profitability Tilt,0.0379444026768254,0.0358444026768254,0.0415645258929591,0.0436645258929591,-0.0057201232161337,0.6162678734650133,0.5734709603572687,1.6162678734650133,0.0,0.0397,-0.0115,0.0213,0.0161,-0.0218,0.0021,0.9755959559382608,-0.078069091072043,-0.0281782670645898,0.2099619669935565,0.0012490299583558,0.9682917460324668,-0.0008337049067982,0.9173508554949584,0.0180375905087592,-0.0782319955256919,0.2201683566218755,-0.0757718185173685,0.9636449325820712,36.0
2019-05-31,QUAL,iShares MSCI USA Quality Factor ETF,Quality,Quality Factor,Quality / Profitability Tilt,-0.0658252696459743,-0.0679252696459743,-0.0674062191335699,-0.0653062191335699,-0.0005190505124043,0.5098766048740535,0.4707135210198683,1.5098766048740535,-0.06582526964597424,-0.0692,-0.0156,-0.0245,-0.0048,0.0176,0.0021,0.9755959559382608,-0.078069091072043,-0.0281782670645898,0.2099619669935565,0.0012490299583558,0.9682917460324668,-0.0008078476525413,0.9203843986611412,0.0136823303971397,-0.0702257932800383,0.2059941188863865,-0.1000980964038561,0.9697491303805774,36.0
2019-06-30,QUAL,iShares MSCI USA Quality Factor ETF,Quality,Quality Factor,Quality / Profitability Tilt,0.0707298600245687,0.0689298600245687,0.0683467363108143,0.0701467363108143,0.0005831237137543,0.6166699657911663,0.5738792745675982,1.6166699657911663,0.0,0.0699,0.0019,-0.0064,0.0045,-0.0055,0.0018,0.9755959559382608,-0.078069091072043,-0.0281782670645898,0.2099619669935565,0.0012490299583558,0.9682917460324668,-0.0008732771680658,0.9251921358861568,0.0071962175680206,-0.0637600363954951,0.1922898693067811,-0.1123643944041734,0.9722619063520912,36.0
2019-07-31,QUAL,iShares MSCI USA Quality Factor ETF,Quality,Quality Factor,Quality / Profitability Tilt,0.0137748723240624,0.0118748723240624,0.0120965178062425,0.0139965178062425,-0.0002216454821801,0.638939388160086,0.5959081038589595,1.638939388160086,0.0,0.0121999999999999,-0.0182,0.005,-0.0013,0.0037,0.0019,0.9755959559382608,-0.078069091072043,-0.0281782670645898,0.2099619669935565,0.0012490299583558,0.9682917460324668,-0.0005522473135145,0.9277151950458392,0.0264761185345525,-0.0719687370782981,0.2329028592146437,-0.1100690181631706,0.9745445202756524,36.0
2019-08-31,QUAL,iShares MSCI USA Quality Factor ETF,Quality,Quality Factor,Quality / Profitability Tilt,-0.0177933632989486,-0.0193933632989486,-0.0207086834704259,-0.0191086834704259,0.0013153201714773,0.6097771442015969,0.565412401054431,1.609777144201597,-0.01779336329894865,-0.0255,-0.0325,-0.0476999999999999,0.0053,-0.0062,0.0016,0.9755959559382608,-0.078069091072043,-0.0281782670645898,0.2099619669935565,0.0012490299583558,0.9682917460324668,-0.0005169596245634,0.9271256348569036,0.0260298131390099,-0.070691580607392,0.229871857610229,-0.1121144739897249,0.9749516709646604,36.0
2019-09-30,QUAL,iShares MSCI USA Quality Factor ETF,Quality,Quality Factor,Quality / Profitability Tilt,0.0185156277427254,0.0167156277427254,0.0147683465363765,0.0165683465363765,0.0019472812063488,0.6395831785523813,0.5913486961874419,1.6395831785523813,0.0,0.0141999999999999,0.0029,0.0676,0.0182,0.0338,0.0018,0.9755959559382608,-0.078069091072043,-0.0281782670645898,0.2099619669935565,0.0012490299583558,0.9682917460324668,-0.0003148884799,0.9301515258005392,0.0264698119384605,-0.0599233924686253,0.2595544741559048,-0.0918105252423818,0.9737577334519684,36.0
2019-10-31,QUAL,iShares MSCI USA Quality Factor ETF,Quality,Quality Factor,Quality / Profitability Tilt,0.0220780417616355,0.0205780417616355,0.0206132679052365,0.0221132679052365,-3.5226143601092136e-05,0.6757819644401359,0.6265386162368836,1.675781964440136,0.0,0.0207,0.0025,-0.0192,0.0043,-0.0103,0.0015,0.9755959559382608,-0.078069091072043,-0.0281782670645898,0.2099619669935565,0.0012490299583558,0.9682917460324668,-0.0003292710014949,0.9294677967867122,0.0240035287787506,-0.0565791722869152,0.2567871724243202,-0.093938121667513,0.973189505864672,36.0
2019-11-30,QUAL,iShares MSCI USA Quality Factor ETF,Quality,Quality Factor,Quality / Profitability Tilt,0.0445782588301924,0.0433782588301924,0.0337396543485552,0.0349396543485552,0.0096386044816371,0.7504854065939166,0.6833693132727778,1.7504854065939166,0.0,0.0387,0.0039,-0.02,-0.0163999999999999,-0.0113999999999999,0.0012,0.9755959559382608,-0.078069091072043,-0.0281782670645898,0.2099619669935565,0.0012490299583558,0.9682917460324668,0.0003785950674084,0.9414022490686288,0.0475486679906167,-0.0423802527320789,0.2339725415187684,-0.0653964707521315,0.9739415526402628,36.0
2019-12-31,QUAL,iShares MSCI USA Quality Factor ETF,Quality,Quality Factor,Quality / Profitability Tilt,0.0283594680930696,0.0269594680930696,0.0249685349699199,0.0263685349699199,0.0019909331231496,0.800128241629601,0.727757295877101,1.800128241629601,0.0,0.0276,0.0098999999999999,0.0173,0.0005,0.0118999999999999,0.0014,0.9755959559382608,-0.078069091072043,-0.0281782670645898,0.2099619669935565,0.0012490299583558,0.9682917460324668,0.0004096901833067,0.942498018791456,0.0482029563089599,-0.0430997474212302,0.2337202514062271,-0.0611578381380301,0.9739991393871908,36.0
2020-01-31,QUAL,iShares MSCI USA Quality Factor ETF,Quality,Quality Factor,Quality / Profitability Tilt,-0.0068314758892943,-0.0081314758892943,0.0009429801354633,0.0022429801354633,-0.0090744560247576,0.7878307089492704,0.7316326211706552,1.7878307089492704,-0.006831475889294336,-0.0009,-0.0437,-0.0622,-0.0118999999999999,-0.0219,0.0013,0.9755959559382608,-0.078069091072043,-0.0281782670645898,0.2099619669935565,0.0012490299583558,0.9682917460324668,0.0005082803661323,0.943975835849112,0.0589874766989474,-0.0380742038311566,0.2484147871624168,-0.0570886360905244,0.9745212168167218,36.0
2020-02-29,QUAL,iShares MSCI USA Quality Factor ETF,Quality,Quality Factor,Quality / Profitability Tilt,-0.0833419237470038,-0.0845419237470039,-0.0823485622980594,-0.0811485622980594,-0.0021933614489444,0.6388294583314686,0.5911131235342364,1.6388294583314686,-0.08960405129365312,-0.0815,0.0008,-0.0382,-0.0143,-0.0253,0.0012,0.9755959559382608,-0.078069091072043,-0.0281782670645898,0.2099619669935565,0.0012490299583558,0.9682917460324668,3.5530658407771643e-06,0.954830453509558,0.071800620297089,-0.0549684330979949,0.268666616397065,-0.0018110502142215,0.980022180678058,36.0
2020-03-31,QUAL,iShares MSCI USA Quality Factor ETF,Quality,Quality Factor,Quality / Profitability Tilt,-0.1138999660556993,-0.1150999660556993,-0.1241418681772703,-0.1229418681772703,0.009041902121571,0.4521668386564343,0.3954987036455655,1.4521668386564344,-0.1932981189485521,-0.1335,-0.0818,-0.1383,-0.0161,0.0118999999999999,0.0012,0.9755959559382608,-0.078069091072043,-0.0281782670645898,0.2099619669935565,0.0012490299583558,0.9682917460324668,3.20180908685852e-05,0.9512804134420452,0.0764316875116984,-0.1196567741808747,0.2790352265506975,0.0630077580941876,0.9839865096609932,36.0
2020-04-30,QUAL,iShares MSCI USA Quality Factor ETF,Quality,Quality Factor,Quality / Profitability Tilt,0.1227787731186431,0.1227787731186431,0.13582196430583,0.13582196430583,-0.0130431911871869,0.6304621014702501,0.5850380787609455,1.63046210147025,-0.09425225172055374,0.1358,0.0256999999999999,-0.0134,0.0276,-0.0102,0.0,0.9755959559382608,-0.078069091072043,-0.0281782670645898,0.2099619669935565,0.0012490299583558,0.9682917460324668,0.0002897829828156,0.9191862686793562,0.0642239851925776,-0.0845482754692751,0.2458388761868531,0.0055649188828843,0.9857411424060372,36.0
2020-05-31,QUAL,iShares MSCI USA Quality Factor ETF,Quality,Quality Factor,Quality / Profitability Tilt,0.056160316764473,0.056060316764473,0.0556045764459024,0.0557045764459024,0.0004557403185705,0.7220293695612878,0.673331953588951,1.7220293695612878,-0.043385171268471745,0.0559,0.0192,-0.05,0.0096,-0.0316,0.0001,0.9755959559382608,-0.078069091072043,-0.0281782670645898,0.2099619669935565,0.0012490299583558,0.9682917460324668,0.0002514936780558,0.9189624566492168,0.0588060855829766,-0.0789273961193824,0.2352528786449529,0.0094595273094308,0.986037077753229,36.0
2020-06-30,QUAL,iShares MSCI USA Quality Factor ETF,Quality,Quality Factor,Quality / Profitability Tilt,0.001874419465514,0.001774419465514,0.0223770890307055,0.0224770890307055,-0.0206026695651915,0.7252571749317804,0.7109435848876944,1.7252571749317804,-0.041592073812497965,0.0243999999999999,0.0195,-0.0217,0.0014,0.0055,0.0001,0.9755959559382608,-0.078069091072043,-0.0281782670645898,0.2099619669935565,0.0012490299583558,0.9682917460324668,-0.0004146161584772,0.9153350012820964,0.0143443290969762,-0.0465055737677569,0.2196187129472824,-0.0500561693429532,0.979875440486991,36.0
2020-07-31,QUAL,iShares MSCI USA Quality Factor ETF,Quality,Quality Factor,Quality / Profitability Tilt,0.0495204690666519,0.0494204690666519,0.0597659965151537,0.0598659965151537,-0.0103455274485018,0.8106927194950091,0.8133709275782057,1.810692719495009,0.0,0.0583,-0.0319,-0.0144,0.0038,0.0097,0.0001,0.9755959559382608,-0.078069091072043,-0.0281782670645898,0.2099619669935565,0.0012490299583558,0.9682917460324668,-0.0002604044724592,0.9120941336745256,0.0140396229001658,-0.0391179500785322,0.2073873542663835,-0.062006408114727,0.9804644437340424,36.0
2020-08-31,QUAL,iShares MSCI USA Quality Factor ETF,Quality,Quality Factor,Quality / Profitability Tilt,0.0686399879522352,0.0685399879522352,0.0840153362244942,0.0841153362244942,-0.015475348272259,0.9349786459463464,0.9659032328511694,1.9349786459463465,0.0,0.0762,-0.0089,-0.0302,0.0426999999999999,-0.0151,0.0001,0.9755959559382608,-0.078069091072043,-0.0281782670645898,0.2099619669935565,0.0012490299583558,0.9682917460324668,-0.000191793696205,0.9102161644868834,0.0062491398711967,-0.0225756220523526,0.134192695191144,-0.0659593045574317,0.9801551261202084,36.0
2020-09-30,QUAL,iShares MSCI USA Quality Factor ETF,Quality,Quality Factor,Quality / Profitability Tilt,-0.0315104006207977,-0.0316104006207978,-0.0384764082777426,-0.0383764082777426,0.0068660076569448,0.8740066936198885,0.8904589277527386,1.8740066936198885,-0.031510400620797685,-0.0364,-0.0001,-0.0272,-0.0138,-0.0192999999999999,0.0001,0.9755959559382608,-0.078069091072043,-0.0281782670645898,0.2099619669935565,0.0012490299583558,0.9682917460324668,-0.0005885080489019,0.9085732108815416,-0.010915852924216,-0.0242454794147561,0.152139130676748,-0.0903230770451489,0.9811210173830616,36.0
2020-10-31,QUAL,iShares MSCI USA Quality Factor ETF,Quality,Quality Factor,Quality / Profitability Tilt,-0.0259300652475961,-0.0260300652475961,-0.0275770152355849,-0.0274770152355849,0.0015469499879888,0.825413577779893,0.838514758992629,1.825413577779893,-0.056623399124318574,-0.0208,0.0467,0.0425,-0.0077,-0.0056999999999999,0.0001,0.9755959559382608,-0.078069091072043,-0.0281782670645898,0.2099619669935565,0.0012490299583558,0.9682917460324668,-0.001018584586245,0.9144376561007358,-0.0063967796834326,-0.0427806323317166,0.1532810290280887,-0.0545949757057798,0.9814008611453692,36.0
2020-11-30,QUAL,iShares MSCI USA Quality Factor ETF,Quality,Quality Factor,Quality / Profitability Tilt,0.1129143184177086,0.1128143184177086,0.1096911453467055,0.1097911453467055,0.003123173071003,1.0315289077453405,1.0403674001192518,2.0315289077453405,0.0,0.1244,0.0712,0.0209,-0.0225,0.0128,0.0001,0.9755959559382608,-0.078069091072043,-0.0281782670645898,0.2099619669935565,0.0012490299583558,0.9682917460324668,-0.0009898610322125,0.9219613893488204,0.0012779667883124,-0.0469423303880671,0.1169687653844259,-0.0331061032918869,0.983199177528505,36.0
2020-12-31,QUAL,iShares MSCI USA Quality Factor ETF,Quality,Quality Factor,Quality / Profitability Tilt,0.0370585687998654,0.0369585687998654,0.0368402914568801,0.0369402914568801,0.0001182773429852,1.1068144615419366,1.115739166558774,2.1068144615419366,0.0,0.0463,0.0493,-0.0168,-0.0197,-0.0006,0.0001,0.9755959559382608,-0.078069091072043,-0.0281782670645898,0.2099619669935565,0.0012490299583558,0.9682917460324668,-0.0011246851944624,0.9210616718397135,-0.0051836258276041,-0.0424729020991796,0.1193108632387592,-0.0467359018598245,0.9832988515118612,36.0
2021-01-31,QUAL,iShares MSCI USA Quality Factor ETF,Quality,Quality Factor,Quality / Profitability Tilt,-0.028310501451605,-0.028310501451605,-0.0153256873091238,-0.0153256873091238,-0.0129848141424811,1.0471694876701911,1.0833140096644276,2.047169487670191,-0.028310501451605075,-0.0007,0.0681,0.0322,-0.0365,0.0496999999999999,0.0,0.9755959559382608,-0.078069091072043,-0.0281782670645898,0.2099619669935565,0.0012490299583558,0.9682917460324668,-0.0012800854851675,0.9333729016362348,-0.0691607659816589,-0.0159441248552497,0.1078484127908122,-0.1464080212026857,0.9821103889395992,36.0
2021-02-28,QUAL,iShares MSCI USA Quality Factor ETF,Quality,Quality Factor,Quality / Profitability Tilt,0.0319693902977062,0.0319693902977062,0.0217229309977335,0.0217229309977335,0.0102464592999726,1.112616248027075,1.12856969614298,2.112616248027075,0.0,0.0281,0.045,0.072,0.0033,-0.0199,0.0,0.9755959559382608,-0.078069091072043,-0.0281782670645898,0.2099619669935565,0.0012490299583558,0.9682917460324668,-0.0008515235850339,0.9292125889959588,-0.0698253292168306,0.0045213725359113,0.104140628405462,-0.1755349700417844,0.9814531831519197,36.0
2021-03-31,QUAL,iShares MSCI USA Quality Factor ETF,Quality,Quality Factor,Quality / Profitability Tilt,0.0497965853494655,0.0497965853494655,0.0419726708698851,0.0419726708698851,0.0078239144795803,1.2178173233326226,1.2179114514228004,2.2178173233326226,0.0,0.0316,-0.0084,0.0735,0.0635,0.0352,0.0,0.9755959559382608,-0.078069091072043,-0.0281782670645898,0.2099619669935565,0.0012490299583558,0.9682917460324668,-0.0006184723746786,0.931750683428755,-0.0752426278440752,0.0121097130101299,0.199058554843829,-0.1307994839504956,0.9807227242331028,36.0
2021-04-30,QUAL,iShares MSCI USA Quality Factor ETF,Quality,Quality Factor,Quality / Profitability Tilt,0.0480375588978501,0.0480375588978501,0.0554922329629963,0.0554922329629963,-0.0074546740651462,1.3243558536268858,1.340988310376452,2.324355853626886,0.0,0.0496999999999999,-0.0316,-0.0102,0.0243,-0.0272,0.0,0.9755959559382608,-0.078069091072043,-0.0281782670645898,0.2099619669935565,0.0012490299583558,0.9682917460324668,-0.0004641235366051,0.9329389693268876,-0.0748631644715464,0.013995280886326,0.1611525922762605,-0.1051032472781535,0.9812644009420178,36.0
2021-05-31,QUAL,iShares MSCI USA Quality Factor ETF,Quality,Quality Factor,Quality / Profitability Tilt,0.0101071102292069,0.0101071102292069,0.0039873168115079,0.0039873168115079,0.0061197934176989,1.3478483744513952,1.3503225724219594,2.347848374451395,0.0,0.0029,0.0127,0.0704,0.0233999999999999,0.0301,0.0,0.9755959559382608,-0.078069091072043,-0.0281782670645898,0.2099619669935565,0.0012490299583558,0.9682917460324668,-0.0003932846695562,0.932771520061958,-0.0885246858055358,0.0274031084165379,0.1704055294949628,-0.0948140259925156,0.9814124610220136,36.0
2021-06-30,QUAL,iShares MSCI USA Quality Factor ETF,Quality,Quality Factor,Quality / Profitability Tilt,0.0336473894614626,0.0336473894614626,0.0237605967571859,0.0237605967571859,0.0098867927042766,1.4268473431030233,1.4061676393145892,2.4268473431030233,0.0,0.0273,-0.003,-0.0786,-0.0214,-0.0093,0.0,0.9755959559382608,-0.078069091072043,-0.0281782670645898,0.2099619669935565,0.0012490299583558,0.9682917460324668,-0.0001103231375597,0.9364074339364654,-0.0764213165855478,0.0031176617074208,0.1694776566471441,-0.0760018153053633,0.9803315928658896,36.0
2021-07-31,QUAL,iShares MSCI USA Quality Factor ETF,Quality,Quality Factor,Quality / Profitability Tilt,0.0337923934084223,0.0337923934084223,0.0278526695095514,0.0278526695095514,0.0059397238988708,1.5088563232633452,1.4731858313569963,2.508856323263345,0.0,0.0134,-0.0455,-0.0179,0.055,-0.0059,0.0,0.9755959559382608,-0.078069091072043,-0.0281782670645898,0.2099619669935565,0.0012490299583558,0.9682917460324668,-7.81030657617688e-05,0.9320986988775722,-0.0678567952488584,-0.0058946117184526,0.2081959293236034,-0.075120571801497,0.979837267123656,36.0
2021-08-31,QUAL,iShares MSCI USA Quality Factor ETF,Quality,Quality Factor,Quality / Profitability Tilt,0.0283194745100263,0.0283194745100263,0.0279753724538891,0.0279753724538891,0.0003441020561371,1.5799058159593198,1.54237412613689,2.57990581595932,0.0,0.0295,-0.0066,-0.0023,-0.0026,-0.0172,0.0,0.9755959559382608,-0.078069091072043,-0.0281782670645898,0.2099619669935565,0.0012490299583558,0.9682917460324668,-0.000148686752298,0.9321237083737228,-0.0688308377682924,-0.0052953666591052,0.2083626237896855,-0.0708632486330003,0.9798491216465388,36.0
2021-09-30,QUAL,iShares MSCI USA Quality Factor ETF,Quality,Quality Factor,Quality / Profitability Tilt,-0.064548340691616,-0.064548340691616,-0.0500670021542531,-0.0500670021542531,-0.0144813385373628,1.413377176398496,1.4150850752866768,2.413377176398496,-0.06454834069161608,-0.044,0.0112,0.0512,-0.0192,0.02,0.0,0.9755959559382608,-0.078069091072043,-0.0281782670645898,0.2099619669935565,0.0012490299583558,0.9682917460324668,-0.0011167456019273,0.9338097907713389,-0.0433135497154193,-0.0325598947695876,0.2562403864494385,-0.0759843464277038,0.9792780900313712,36.0
2021-10-31,QUAL,iShares MSCI USA Quality Factor ETF,Quality,Quality Factor,Quality / Profitability Tilt,0.0771276272151539,0.0771276272151539,0.0696929468951786,0.0696929468951786,0.0074346803199752,1.59951523158932,1.5833994711859694,2.59951523158932,0.0,0.0663,-0.027,-0.0053,0.0171,-0.0154,0.0,0.9755959559382608,-0.078069091072043,-0.0281782670645898,0.2099619669935565,0.0012490299583558,0.9682917460324668,-0.0006209712591598,0.940965283264026,-0.0800675996012643,-0.0149117685701408,0.2350912719359925,-0.0723214448754078,0.9780533005177818,36.0
2021-11-30,QUAL,iShares MSCI USA Quality Factor ETF,Quality,Quality Factor,Quality / Profitability Tilt,-0.0060611750687373,-0.0060611750687373,0.0003171271365213,0.0003171271365213,-0.0063783022052586,1.5837591146768082,1.584218737262757,2.583759114676808,-0.006061175068737157,-0.0158,-0.017,-0.0037,0.0719,0.017,0.0,0.9755959559382608,-0.078069091072043,-0.0281782670645898,0.2099619669935565,0.0012490299583558,0.9682917460324668,-0.0004262344272182,0.9518646164916114,-0.1116617865530643,0.0027603991730146,0.1800238843651502,-0.0792912455851247,0.9783761800848524,36.0
2021-12-31,QUAL,iShares MSCI USA Quality Factor ETF,Quality,Quality Factor,Quality / Profitability Tilt,0.0350413865785934,0.0349413865785934,0.0407847917455147,0.0408847917455147,-0.0058434051669213,1.6742976166401626,1.689873982160602,2.6742976166401626,0.0,0.0324,-0.0078,0.0325,0.0487999999999999,0.0429,0.0001,0.9755959559382608,-0.078069091072043,-0.0281782670645898,0.2099619669935565,0.0012490299583558,0.9682917460324668,-0.0005496792660956,0.9538849700070056,-0.1116756308871991,0.0028419622091557,0.1767279539712014,-0.0834362761965464,0.9758745327596432,36.0
2022-01-31,QUAL,iShares MSCI USA Quality Factor ETF,Quality,Quality Factor,Quality / Profitability Tilt,-0.0695247422595088,-0.0695247422595088,-0.0595964385532357,-0.0595964385532357,-0.009928303706273,1.4883677641180366,1.5295670726668202,2.4883677641180366,-0.06952474225950878,-0.0615,-0.0401,0.1286,0.0077,0.0773,0.0,0.9755959559382608,-0.078069091072043,-0.0281782670645898,0.2099619669935565,0.0012490299583558,0.9682917460324668,-0.0010287169256889,0.9488428925334154,-0.0827553310555679,-0.0172581201814636,0.2046715952520853,-0.0993183615724857,0.9764612136152973,36.0
2022-02-28,QUAL,iShares MSCI USA Quality Factor ETF,Quality,Quality Factor,Quality / Profitability Tilt,-0.0410513790668932,-0.0410513790668932,-0.0303803909266067,-0.0303803909266067,-0.0106709881402864,1.38621683577539,1.4527178361241295,2.38621683577539,-0.10772203477737874,-0.0227999999999999,0.0286,0.0306,-0.0203,0.0302999999999999,0.0,0.9755959559382608,-0.078069091072043,-0.0281782670645898,0.2099619669935565,0.0012490299583558,0.9682917460324668,-0.001594302803332,0.9527526921475492,-0.0985265683803661,-0.0129412047233799,0.206134591281609,-0.1030324076310543,0.9773980508391128,36.0
2022-03-31,QUAL,iShares MSCI USA Quality Factor ETF,Quality,Quality Factor,Quality / Profitability Tilt,0.0395841774102507,0.0395841774102507,0.0283042748633589,0.0283042748633589,0.0112799025468917,1.48067326634205,1.5221402359200504,2.48067326634205,-0.07240194550274903,0.0308,-0.0210999999999999,-0.019,-0.015,0.0321,0.0,0.9755959559382608,-0.078069091072043,-0.0281782670645898,0.2099619669935565,0.0012490299583558,0.9682917460324668,-0.0016476020932334,0.9682424114992646,-0.1145264925298906,-0.0194731054510703,0.1774925073404713,-0.0600247074966319,0.9759882552228326,36.0
2022-04-30,QUAL,iShares MSCI USA Quality Factor ETF,Quality,Quality Factor,Quality / Profitability Tilt,-0.0828196022186522,-0.0828196022186522,-0.0868554987237615,-0.0868554987237615,0.0040358965051093,1.2752248931891563,1.3030784878779489,2.2752248931891565,-0.1492252473950071,-0.0941,-0.0034999999999999,0.0617999999999999,0.0341,0.0592,0.0,0.9755959559382608,-0.078069091072043,-0.0281782670645898,0.2099619669935565,0.0012490299583558,0.9682917460324668,-0.0012148639077211,0.9593976120777266,-0.110898291999737,-0.0135379094347989,0.1917643760790783,-0.0642416991780014,0.9777629603022636,36.0
2022-05-31,QUAL,iShares MSCI USA Quality Factor ETF,Quality,Quality Factor,Quality / Profitability Tilt,-0.0017007241697004,-0.0020007241697004,-0.0030879343279174,-0.0027879343279174,0.001087210158217,1.2713553632218058,1.2966576563017056,2.2713553632218058,-0.1506721805797333,-0.0033,-0.0003,0.0843999999999999,0.0155,0.0395,0.0003,0.9755959559382608,-0.078069091072043,-0.0281782670645898,0.2099619669935565,0.0012490299583558,0.9682917460324668,-0.0011281815567331,0.959340906191984,-0.1130387089112114,-0.0106398841920429,0.190386156637956,-0.0635680442676375,0.9763318265976172,36.0
2022-06-30,QUAL,iShares MSCI USA Quality Factor ETF,Quality,Quality Factor,Quality / Profitability Tilt,-0.090493266783992,-0.091093266783992,-0.0784769479713494,-0.0778769479713494,-0.0126163188126425,1.0658129963765242,1.1178009674938965,2.065812996376524,-0.22753062952959757,-0.084,0.0133,-0.06,0.0176,-0.0458,0.0006,0.9755959559382608,-0.078069091072043,-0.0281782670645898,0.2099619669935565,0.0012490299583558,0.9682917460324668,-0.0017951947089708,0.9807537209690892,-0.1416814144493894,-0.0048111439073527,0.1610959719215292,-0.0304866136466784,0.9765413951088804,36.0
2022-07-31,QUAL,iShares MSCI USA Quality Factor ETF,Quality,Quality Factor,Quality / Profitability Tilt,0.0920968600338325,0.0912968600338325,0.093858060006946,0.094658060006946,-0.0025611999731135,1.2560678867598851,1.318267898557702,2.2560678867598853,-0.15638862603696202,0.0957,0.0178,-0.0415,0.0077,-0.0684999999999999,0.0008,0.9755959559382608,-0.078069091072043,-0.0281782670645898,0.2099619669935565,0.0012490299583558,0.9682917460324668,-0.0018400469132106,0.9802504912128376,-0.1419203453678644,-0.0056743747151113,0.1607865543139762,-0.0258451518358001,0.9779094078823896,36.0
2022-08-31,QUAL,iShares MSCI USA Quality Factor ETF,Quality,Quality Factor,Quality / Profitability Tilt,-0.0513850498309753,-0.0532850498309753,-0.0488310025355504,-0.0469310025355504,-0.0044540472954248,1.1401397259766657,1.2094692619324054,2.1401397259766655,-0.19973763852603033,-0.0377,0.0149,0.0018,-0.0478,0.0132,0.0019,0.9755959559382608,-0.078069091072043,-0.0281782670645898,0.2099619669935565,0.0012490299583558,0.9682917460324668,-0.0020793986516694,0.9814227826757584,-0.1393818140212885,-0.0065512554571533,0.1704285752453987,-0.0253317735081779,0.9783852575389738,36.0
2022-09-30,QUAL,iShares MSCI USA Quality Factor ETF,Quality,Quality Factor,Quality / Profitability Tilt,-0.0975722627842912,-0.0994722627842912,-0.0940753318919918,-0.0921753318919918,-0.0053969308922993,0.9313214502385694,1.0058106994086318,1.9313214502385694,-0.27782104795614593,-0.0934,-0.0097,0.0003,-0.0137,-0.0077,0.0019,0.9755959559382608,-0.078069091072043,-0.0281782670645898,0.2099619669935565,0.0012490299583558,0.9682917460324668,-0.0023853800058201,0.9852102339783312,-0.1360877293910914,-0.0125249196113846,0.1735900372305061,-0.0183804818660993,0.980237002805622,36.0
2022-10-31,QUAL,iShares MSCI USA Quality Factor ETF,Quality,Quality Factor,Quality / Profitability Tilt,0.0829323056144084,0.0806323056144084,0.0791516628181604,0.0814516628181604,0.0014806427962479,1.0914903909894171,1.1691873161739226,2.091490390989417,-0.21792908239695163,0.0786,0.0181,0.0797,0.0327,0.0643,0.0023,0.9755959559382608,-0.078069091072043,-0.0281782670645898,0.2099619669935565,0.0012490299583558,0.9682917460324668,-0.0024066287411113,0.9878083746269956,-0.1344163795095847,-0.0133898766413776,0.1765755502698468,-0.0084800839537989,0.980911165566918,36.0
2022-11-30,QUAL,iShares MSCI USA Quality Factor ETF,Quality,Quality Factor,Quality / Profitability Tilt,0.077114400482682,0.074214400482682,0.0599348705175653,0.0628348705175653,0.0142795299651167,1.2527744186058565,1.305487920314056,2.2527744186058563,-0.15762015245105165,0.0469,-0.0275,0.0148,0.063,0.0315,0.0029,0.9755959559382608,-0.078069091072043,-0.0281782670645898,0.2099619669935565,0.0012490299583558,0.9682917460324668,-0.0026938292608362,0.9867164331167384,-0.1283542564008945,-0.0241478617259897,0.2176392865717458,0.014189627377044,0.9807015508464616,36.0
2022-12-31,QUAL,iShares MSCI USA Quality Factor ETF,Quality,Quality Factor,Quality / Profitability Tilt,-0.0562290342556044,-0.0595290342556044,-0.0625643325500392,-0.0592643325500392,0.0030352982944348,1.1261030886519183,1.1688547175144652,2.1261030886519183,-0.2049863577551122,-0.0638,-0.0019,0.0134,0.0032,0.0428,0.0033,0.9755959559382608,-0.078069091072043,-0.0281782670645898,0.2099619669935565,0.0012490299583558,0.9682917460324668,-0.002710315385121,0.9834385713520848,-0.1244896482542844,-0.0277798975399835,0.2214304208105273,0.0206975896685544,0.9812088095539546,36.0
2023-01-31,QUAL,iShares MSCI USA Quality Factor ETF,Quality,Quality Factor,Quality / Profitability Tilt,0.0715163358158135,0.0680163358158135,0.0560209626600676,0.0595209626600675,0.0119953731557458,1.278154191118987,1.2979470381707547,2.278154191118987,-0.14812989513817387,0.0659,0.0438999999999999,-0.0394,-0.0242,-0.0443,0.0034999999999999,0.9755959559382608,-0.078069091072043,-0.0281782670645898,0.2099619669935565,0.0012490299583558,0.9682917460324668,-0.0016690121217283,0.9910987157377008,-0.1357250605860623,-0.0271090214433627,0.1944902980493907,-0.0024646841978288,0.9807242614132335,36.0
2023-02-28,QUAL,iShares MSCI USA Quality Factor ETF,Quality,Quality Factor,Quality / Profitability Tilt,-0.0275163179150997,-0.0309163179150997,-0.0240998097639946,-0.0206998097639946,-0.006816508151105,1.2154677761365402,1.250379971632885,2.2154677761365402,-0.17157022376592124,-0.0256999999999999,0.0058,-0.008,0.0097,-0.0151,0.0034,0.9755959559382608,-0.078069091072043,-0.0281782670645898,0.2099619669935565,0.0012490299583558,0.9682917460324668,-0.0018291361409668,0.9935246075210244,-0.1377279381349498,-0.0278211666139653,0.1917361732579351,0.0023205231204778,0.97954357696363,36.0
2023-03-31,QUAL,iShares MSCI USA Quality Factor ETF,Quality,Quality Factor,Quality / Profitability Tilt,0.0480057161365166,0.0444057161365166,0.0361439500365534,0.0397439500365534,0.0082617660999631,1.3218228933073508,1.339818960788723,2.321822893307351,-0.13180085908898997,0.0249,-0.0689,-0.0905,0.0227,-0.021,0.0036,0.9755959559382608,-0.078069091072043,-0.0281782670645898,0.2099619669935565,0.0012490299583558,0.9682917460324668,-0.0020908446551256,1.0033904949973076,-0.1372240083189928,-0.0076287236841625,0.1969919181632296,-0.0198687224465273,0.9774738479573178,36.0
2023-04-30,QUAL,iShares MSCI USA Quality Factor ETF,Quality,Quality Factor,Quality / Profitability Tilt,0.0170872007194611,0.0135872007194611,0.0124857312063506,0.0159857312063505,0.0011014695131104,1.3614963471203336,1.377222677767414,2.3614963471203336,-0.11696576610377973,0.0063,-0.0256999999999999,-0.0012,0.0242,0.0285,0.0034999999999999,0.9755959559382608,-0.078069091072043,-0.0281782670645898,0.2099619669935565,0.0012490299583558,0.9682917460324668,-0.0020109315800706,1.0182961135436563,-0.1239946684232087,-0.0130794496688576,0.2110443482341236,-0.0138630335472047,0.977005587855768,36.0
2023-05-31,QUAL,iShares MSCI USA Quality Factor ETF,Quality,Quality Factor,Quality / Profitability Tilt,0.0072111437279975,0.0036111437279975,0.001107106584854,0.004707106584854,0.0025040371431434,1.3785254366925597,1.3884125182875977,2.3785254366925597,-0.11059807932641186,0.0033,-0.0043,-0.0779,-0.0178,-0.0708,0.0036,0.9755959559382608,-0.078069091072043,-0.0281782670645898,0.2099619669935565,0.0012490299583558,0.9682917460324668,-0.001847926101668,1.0174124455047848,-0.1267120527397729,-0.0123401566649198,0.2079855919615365,-0.0203147907039319,0.9764806883597766,36.0
2023-06-30,QUAL,iShares MSCI USA Quality Factor ETF,Quality,Quality Factor,Quality / Profitability Tilt,0.0642910924590369,0.0602910924590369,0.0660953388758186,0.0700953388758186,-0.0058042464167817,1.5314434354591322,1.5558291031322136,2.531443435459132,-0.05341745821114119,0.0646,0.0128,-0.0013,0.0232,-0.0154,0.004,0.9755959559382608,-0.078069091072043,-0.0281782670645898,0.2099619669935565,0.0012490299583558,0.9682917460324668,-0.0015320002641325,1.0148603700595134,-0.1085728600931072,-0.035408507366713,0.2107859982297514,0.0063387610742771,0.9800692137041848,36.0
2023-07-31,QUAL,iShares MSCI USA Quality Factor ETF,Quality,Quality Factor,Quality / Profitability Tilt,0.03781409349185,0.03331409349185,0.0258918946984518,0.0303918946984518,0.0074221987933981,1.627167674196914,1.6335055921018462,2.627167674196914,-0.017623297478184252,0.0321,0.0286,0.0406,-0.0059,0.0066,0.0045,0.9755959559382608,-0.078069091072043,-0.0281782670645898,0.2099619669935565,0.0012490299583558,0.9682917460324668,-0.0008225055037433,1.029090943411711,-0.1365545059959148,-0.0292210053381772,0.1834169751122573,0.009631700072097,0.9811861811516764,36.0
2023-08-31,QUAL,iShares MSCI USA Quality Factor ETF,Quality,Quality Factor,Quality / Profitability Tilt,-0.0043578997787518,-0.0088578997787518,-0.0136642582246294,-0.0091642582246294,0.0048063584458776,1.6157187407707871,1.6093714668198191,2.615718740770787,-0.021904396692755013,-0.0236,-0.0365,-0.0115,0.0335,-0.0241,0.0045,0.9755959559382608,-0.078069091072043,-0.0281782670645898,0.2099619669935565,0.0012490299583558,0.9682917460324668,-0.000383442166169,1.0374413609427997,-0.1321385468480422,-0.0400509640204714,0.2139776058761957,0.0065975114128148,0.9842680018049452,36.0
2023-09-30,QUAL,iShares MSCI USA Quality Factor ETF,Quality,Quality Factor,Quality / Profitability Tilt,-0.050680385661125,-0.054980385661125,-0.0469546134337975,-0.0426546134337975,-0.0080257722273274,1.4831531062074914,1.4980697355974386,2.4831531062074914,-0.07147465908181694,-0.0523,-0.0178,0.0149,0.0187,-0.0077,0.0043,0.9755959559382608,-0.078069091072043,-0.0281782670645898,0.2099619669935565,0.0012490299583558,0.9682917460324668,-0.0009491823034236,1.0454803997832425,-0.1276301333063442,-0.0417703393875323,0.219294532763803,0.0168783856540188,0.9850893451072472,36.0
2023-10-31,QUAL,iShares MSCI USA Quality Factor ETF,Quality,Quality Factor,Quality / Profitability Tilt,-0.014796308680524,-0.019496308680524,-0.0234073695102956,-0.0187073695102957,0.0039110608297716,1.4464116063470436,1.4513374219911306,2.4464116063470436,-0.08521340664373112,-0.0315,-0.0403,0.002,0.0241,-0.0069,0.0046999999999999,0.9755959559382608,-0.078069091072043,-0.0281782670645898,0.2099619669935565,0.0012490299583558,0.9682917460324668,-0.000985437005731,1.048554647756203,-0.1435356532526854,-0.0445796277710203,0.2149729147660573,0.0219142677921969,0.985295453925285,36.0
2023-11-30,QUAL,iShares MSCI USA Quality Factor ETF,Quality,Quality Factor,Quality / Profitability Tilt,0.0864910818841753,0.0820910818841753,0.0776560212849264,0.0820560212849264,0.0044350605992488,1.6580043929140027,1.6524844176665714,2.6580043929140027,-0.006092524491208229,0.0888,-0.002,0.0167,-0.0373,-0.0108,0.0044,0.9755959559382608,-0.078069091072043,-0.0281782670645898,0.2099619669935565,0.0012490299583558,0.9682917460324668,-0.0010118248952131,1.0481821743196464,-0.1386562397240728,-0.0466057570367971,0.2186065414341586,0.0239079554301719,0.9845063773176496,36.0
2023-12-31,QUAL,iShares MSCI USA Quality Factor ETF,Quality,Quality Factor,Quality / Profitability Tilt,0.0468902368954717,0.0425902368954717,0.0333232755128109,0.0376232755128109,0.0092669613826607,1.782638848566945,1.7522795697058786,2.782638848566945,0.0,0.0486,0.0727,0.0489,-0.0297,0.0129,0.0043,0.9755959559382608,-0.078069091072043,-0.0281782670645898,0.2099619669935565,0.0012490299583558,0.9682917460324668,-0.000682333800086,1.051908792739872,-0.115664103513775,-0.0456773137984764,0.2162650352521544,0.0259392916268313,0.9836033524120096,36.0
2024-01-31,QUAL,iShares MSCI USA Quality Factor ETF,Quality,Quality Factor,Quality / Profitability Tilt,0.0228355118155163,0.0181355118155163,0.0128352849999215,0.0175352849999214,0.0053002268155947,1.8461818308717104,1.8005415763601325,2.84618183087171,0.0,0.0073,-0.0572,-0.0237999999999999,0.0067,-0.0097,0.0046999999999999,0.9755959559382608,-0.078069091072043,-0.0281782670645898,0.2099619669935565,0.0012490299583558,0.9682917460324668,-5.062983762901992e-06,1.051916497523357,-0.0870976156073872,-0.0663334521928676,0.2061800979246542,0.0617311388249408,0.9849469244814756,36.0
2024-02-29,QUAL,iShares MSCI USA Quality Factor ETF,Quality,Quality Factor,Quality / Profitability Tilt,0.0649831678808305,0.0607831678808305,0.0458996857708657,0.0500996857708657,0.0148834821099647,2.031135742606616,1.9408478293240203,3.031135742606616,0.0,0.0507,-0.0081999999999999,-0.0343,-0.0206,-0.0217,0.0042,0.9755959559382608,-0.078069091072043,-0.0281782670645898,0.2099619669935565,0.0012490299583558,0.9682917460324668,4.1771024159273015e-05,1.0577984585268243,-0.10621450292734,-0.1014893328595794,0.1872216677410466,0.1073873159200896,0.9861594002677716,36.0
2024-03-31,QUAL,iShares MSCI USA Quality Factor ETF,Quality,Quality Factor,Quality / Profitability Tilt,0.027729897926995,0.023429897926995,0.0294686885111241,0.0337686885111242,-0.0060387905841291,2.115188827351964,2.040156403631079,3.115188827351964,0.0,0.0283999999999999,-0.0121,0.0416,0.0133,0.0113999999999999,0.0043,0.9755959559382608,-0.078069091072043,-0.0281782670645898,0.2099619669935565,0.0012490299583558,0.9682917460324668,-0.0001269584655229,1.052935325523246,-0.1035099304254109,-0.1182971090455389,0.1727352565344556,0.1194636675581146,0.9861607268177764,36.0
2024-04-30,QUAL,iShares MSCI USA Quality Factor ETF,Quality,Quality Factor,Quality / Profitability Tilt,-0.0449650129178991,-0.0496650129178991,-0.0416441156918635,-0.0369441156918636,-0.0080208972260355,1.975114321488388,1.927840513733972,2.975114321488388,-0.044965012917899116,-0.0465,-0.0259,-0.0045,0.0113999999999999,-0.0031,0.0046999999999999,0.9755959559382608,-0.078069091072043,-0.0281782670645898,0.2099619669935565,0.0012490299583558,0.9682917460324668,-0.0001361031035298,1.0607674902263489,-0.1135817032293626,-0.1081856406093833,0.1763059115095962,0.1038250724861516,0.9870820336732896,36.0
2024-05-31,QUAL,iShares MSCI USA Quality Factor ETF,Quality,Quality Factor,Quality / Profitability Tilt,0.0559378053316801,0.0515378053316801,0.0478570801254898,0.0522570801254898,0.0036807252061902,2.141535687243299,2.0808409100548237,3.141535687243299,0.0,0.0432,0.0059,-0.0131,0.0317,-0.0285,0.0044,0.9755959559382608,-0.078069091072043,-0.0281782670645898,0.2099619669935565,0.0012490299583558,0.9682917460324668,-0.0002853936229737,1.0613568741827073,-0.1174858874982664,-0.1176780206297727,0.1726587994721876,0.1067205292050939,0.988089797465196,36.0
2024-06-30,QUAL,iShares MSCI USA Quality Factor ETF,Quality,Quality Factor,Quality / Profitability Tilt,0.0323980643621291,0.0282980643621291,0.0319719759177205,0.0360719759177204,-0.0036739115555914,2.243315362634533,2.1919729291686485,3.243315362634533,0.0,0.0279999999999999,-0.0432,-0.0336,0.0056,-0.018,0.0040999999999999,0.9755959559382608,-0.078069091072043,-0.0281782670645898,0.2099619669935565,0.0012490299583558,0.9682917460324668,-0.0004964978644582,1.0580974536271497,-0.1023288618970298,-0.1158133149309476,0.1807606641337461,0.1070190302037256,0.9873491193143792,36.0
2024-07-31,QUAL,iShares MSCI USA Quality Factor ETF,Quality,Quality Factor,Quality / Profitability Tilt,0.0059732179708638,0.0014732179708638,0.0035396984239283,0.0080396984239283,-0.0020664804530645,2.2626883922438004,2.217635428896508,3.2626883922438004,0.0,0.0121999999999999,0.0834,0.0562,0.0026,0.0028,0.0045,0.9755959559382608,-0.078069091072043,-0.0281782670645898,0.2099619669935565,0.0012490299583558,0.9682917460324668,-0.0004458696544596,1.0568177506374332,-0.0906721448611043,-0.1141588597792575,0.1774242075326236,0.1065405584778494,0.987377641921097,36.0
2024-08-31,QUAL,iShares MSCI USA Quality Factor ETF,Quality,Quality Factor,Quality / Profitability Tilt,0.034928492102989,0.030128492102989,0.0195770717240369,0.0243770717240369,0.010551420378952,2.376649177986802,2.29607195852852,3.376649177986802,0.0,0.0161,-0.0355,-0.011,0.0076,0.0081999999999999,0.0048,0.9755959559382608,-0.078069091072043,-0.0281782670645898,0.2099619669935565,0.0012490299583558,0.9682917460324668,-0.0002272172485545,1.058879788951384,-0.0971415182464232,-0.1169391225293303,0.1729803837003199,0.1111512238900703,0.9869871507270744,36.0
2024-09-30,QUAL,iShares MSCI USA Quality Factor ETF,Quality,Quality Factor,Quality / Profitability Tilt,0.0116170787252178,0.0076170787252178,0.0179726777615386,0.0219726777615386,-0.0103555990363208,2.415875977314917,2.36849548555211,3.415875977314917,0.0,0.0173,-0.0092,-0.0276,0.002,-0.0029,0.004,0.9755959559382608,-0.078069091072043,-0.0281782670645898,0.2099619669935565,0.0012490299583558,0.9682917460324668,-0.0003588816238343,1.0516843072306108,-0.1043422932097683,-0.0868421813438756,0.1646794301178315,0.0841709056719991,0.9853626336226144,36.0
2024-10-31,QUAL,iShares MSCI USA Quality Factor ETF,Quality,Quality Factor,Quality / Profitability Tilt,-0.0160625919347768,-0.0199625919347768,-0.0132160641956562,-0.0093160641956562,-0.0067465277391205,2.361008155391501,2.337114365365928,3.361008155391501,-0.01606259193477677,-0.01,-0.0089,0.0086,-0.0148,0.0098,0.0039,0.9755959559382608,-0.078069091072043,-0.0281782670645898,0.2099619669935565,0.0012490299583558,0.9682917460324668,-0.0006752518346659,1.0500987723733932,-0.0972807214967923,-0.0897603934968039,0.173737853753436,0.0855262298609706,0.984262060569358,36.0
2024-11-30,QUAL,iShares MSCI USA Quality Factor ETF,Quality,Quality Factor,Quality / Profitability Tilt,0.0502778109242003,0.0462778109242003,0.0539946046490389,0.0579946046490389,-0.0077167937248386,2.5299922879429704,2.530648993653953,3.5299922879429704,0.0,0.0649,0.0458999999999999,0.0016,-0.0231,-0.0204999999999999,0.004,0.9755959559382608,-0.078069091072043,-0.0281782670645898,0.2099619669935565,0.0012490299583558,0.9682917460324668,-0.000933074044677,1.0439672615262143,-0.0993500689686574,-0.0978070404305105,0.200099880622813,0.094786321430789,0.9837926734918048,36.0
2024-12-31,QUAL,iShares MSCI USA Quality Factor ETF,Quality,Quality Factor,Quality / Profitability Tilt,-0.0360395563487692,-0.0397395563487692,-0.0237601003305228,-0.0200601003305228,-0.0159794560182464,2.402772931970929,2.459823820609396,3.402772931970929,-0.03603955634876921,-0.0315,-0.0383,-0.03,0.0189,-0.0121,0.0037,0.9755959559382608,-0.078069091072043,-0.0281782670645898,0.2099619669935565,0.0012490299583558,0.9682917460324668,-0.0011474200748767,1.0542616464691834,-0.0815374210127057,-0.1048114034862234,0.2183642803730172,0.1201546863412988,0.982838466157872,36.0
2025-01-31,QUAL,iShares MSCI USA Quality Factor ETF,Quality,Quality Factor,Quality / Profitability Tilt,0.0296494947001755,0.0259494947001755,0.0220256662061585,0.0257256662061585,0.0039238284940169,2.503663429983302,2.548830093350509,3.503663429983302,-0.007458616283553154,0.0279999999999999,-0.0123,0.0163,-0.0235,-0.0324,0.0037,0.9755959559382608,-0.078069091072043,-0.0281782670645898,0.2099619669935565,0.0012490299583558,0.9682917460324668,-0.0009292777734828,1.052825369053062,-0.1156205488854874,-0.0606761018208295,0.1941491915041263,0.0869479601761643,0.981925943966296,36.0
2025-02-28,QUAL,iShares MSCI USA Quality Factor ETF,Quality,Quality Factor,Quality / Profitability Tilt,-0.0097621748594959,-0.0130621748594959,-0.0197689225424243,-0.0164689225424243,0.0067067476829284,2.4694600549309835,2.4903846854268945,3.4694600549309835,-0.017147978826679178,-0.0243,-0.0491,0.0491,0.0108,0.0306,0.0033,0.9755959559382608,-0.078069091072043,-0.0281782670645898,0.2099619669935565,0.0012490299583558,0.9682917460324668,-0.0003588685276436,1.048078280772183,-0.1183880774498455,-0.0559025290284551,0.1753883350860238,0.0995375707363524,0.9824012938920852,36.0
2025-03-31,QUAL,iShares MSCI USA Quality Factor ETF,Quality,Quality Factor,Quality / Profitability Tilt,-0.0566896043356303,-0.0600896043356303,-0.0583875846417414,-0.0549875846417414,-0.0017020196938888,2.272777737158672,2.298456862104745,3.272777737158672,-0.07286547102746921,-0.0639,-0.0149,0.0289999999999999,0.0210999999999999,-0.0046999999999999,0.0034,0.9755959559382608,-0.078069091072043,-0.0281782670645898,0.2099619669935565,0.0012490299583558,0.9682917460324668,-0.0005307745502201,1.0428007399676256,-0.1208765319239831,-0.0374787917039032,0.1857298197531706,0.0728228400474442,0.9831170458247778,36.0
2025-04-30,QUAL,iShares MSCI USA Quality Factor ETF,Quality,Quality Factor,Quality / Profitability Tilt,-0.0088945877731879,-0.0123945877731879,-0.0126166970203899,-0.00911669702039,0.000222109247202,2.243667728313379,2.2683858302581097,3.243667728313379,-0.08111195047296871,-0.0084,-0.0186,-0.0341,-0.0285,-0.0266999999999999,0.0034999999999999,0.9755959559382608,-0.078069091072043,-0.0281782670645898,0.2099619669935565,0.0012490299583558,0.9682917460324668,-0.0008758087436514,1.0517619052010407,-0.1299041769790113,-0.0348193323308389,0.1751745417618452,0.0572081749468873,0.9824010914267328,36.0
2025-05-31,QUAL,iShares MSCI USA Quality Factor ETF,Quality,Quality Factor,Quality / Profitability Tilt,0.0454035710224041,0.0416035710224041,0.0624172166710623,0.0662172166710623,-0.0208136456486582,2.390941826388936,2.4848092429449413,3.3909418263889357,-0.0393911516546297,0.0605999999999999,-0.0072,-0.0288,0.0129,0.0250999999999999,0.0038,0.9755959559382608,-0.078069091072043,-0.0281782670645898,0.2099619669935565,0.0012490299583558,0.9682917460324668,-0.0019745024123181,1.03498290838998,-0.1571463851623673,0.0419317415786998,0.1691742367066724,-0.0434594429095117,0.9764799555452642,36.0
2025-06-30,QUAL,iShares MSCI USA Quality Factor ETF,Quality,Quality Factor,Quality / Profitability Tilt,0.0347834502378181,0.0313834502378181,0.0403650606320136,0.0437650606320136,-0.0089816103941955,2.5088904826664717,2.6373221307534283,3.5088904826664713,-0.0059778615802007495,0.0486,-0.0002,-0.0161,-0.032,0.0144,0.0034,0.9755959559382608,-0.078069091072043,-0.0281782670645898,0.2099619669935565,0.0012490299583558,0.9682917460324668,-0.0021539103714422,1.0239326137569504,-0.1459593560633985,0.0472982994704377,0.1987220736707574,-0.0675408965968492,0.9726150436562664,36.0
2025-07-31,QUAL,iShares MSCI USA Quality Factor ETF,Quality,Quality Factor,Quality / Profitability Tilt,0.0071107868787492,0.0037107868787492,0.018352822386932,0.021752822386932,-0.0146420355081828,2.533841455069584,2.716444153027765,3.533841455069584,0.0,0.0197999999999999,-0.0014,-0.0127,-0.0028,-0.0207,0.0034,0.9755959559382608,-0.078069091072043,-0.0281782670645898,0.2099619669935565,0.0012490299583558,0.9682917460324668,-0.0024910325170366,1.0293287875358523,-0.1437294856466352,0.0484301640050506,0.2090676013634982,-0.0774793034595107,0.9677546697361106,36.0
2025-08-31,QUAL,iShares MSCI USA Quality Factor ETF,Quality,Quality Factor,Quality / Profitability Tilt,0.0262328875058028,0.0224328875058028,0.0107531265550188,0.0145531265550188,0.0116797609507839,2.626544320423767,2.7705300351214386,3.626544320423767,0.0,0.0185,0.0487999999999999,0.0441999999999999,-0.0069,0.0208,0.0038,0.9755959559382608,-0.078069091072043,-0.0281782670645898,0.2099619669935565,0.0012490299583558,0.9682917460324668,-0.0019499393774109,1.0260741999358476,-0.1239862467828854,0.0478336032119731,0.210569763888625,-0.0654470070765455,0.9634240979548736,36.0
2025-09-30,QUAL,iShares MSCI USA Quality Factor ETF,Quality,Quality Factor,Quality / Profitability Tilt,0.031900852795961,0.0286008527959609,0.0299211422752657,0.0332211422752657,-0.0013202894793048,2.742234176947634,2.8957913498713705,3.742234176947634,0.0,0.0339,-0.0218,-0.0105,-0.0204999999999999,-0.0222,0.0033,0.9755959559382608,-0.078069091072043,-0.0281782670645898,0.2099619669935565,0.0012490299583558,0.9682917460324668,-0.0019533089973749,1.02290829433995,-0.1182530304055557,0.0437448053415576,0.2154548339300407,-0.0610796700023143,0.9549788973994064,36.0
2025-10-31,QUAL,iShares MSCI USA Quality Factor ETF,Quality,Quality Factor,Quality / Profitability Tilt,0.009254490402901,0.005554490402901,0.0091481792985051,0.0128481792985052,-0.0035936888956041,2.7768666472236045,2.945845175644083,3.7768666472236045,0.0,0.0196,-0.0131,-0.031,-0.0524,-0.0403,0.0037,0.9755959559382608,-0.078069091072043,-0.0281782670645898,0.2099619669935565,0.0012490299583558,0.9682917460324668,-0.002007450698219,1.0286746269275104,-0.1159336174706341,0.0466533629867807,0.2304804004104129,-0.052786190710186,0.9511760706066642,36.0
2025-11-30,QUAL,iShares MSCI USA Quality Factor ETF,Quality,Quality Factor,Quality / Profitability Tilt,0.0090677392919273,0.0060677392919273,-0.0012608373268299,0.00173916267317,0.0073285766187572,2.811114289321004,2.9527076422876712,3.811114289321004,0.0,-0.0013,0.0147,0.0375999999999999,0.0144,0.0068,0.003,0.9755959559382608,-0.078069091072043,-0.0281782670645898,0.2099619669935565,0.0012490299583558,0.9682917460324668,-0.0019152084469327,1.0024974771521076,-0.1073121435988365,0.0492233149790507,0.181926967854196,-0.0708330093059083,0.9502003648830566,36.0
2025-12-31,QUAL,iShares MSCI USA Quality Factor ETF,Quality,Quality Factor,Quality / Profitability Tilt,0.0058036757929751,0.0024036757929751,-0.0039952280573088,-0.0005952280573088,0.0063989038502839,2.833232761066198,2.9503548797966426,3.833232761066198,0.0,-0.0036,-0.0022,0.0242,0.004,0.0037,0.0034,0.9755959559382608,-0.078069091072043,-0.0281782670645898,0.2099619669935565,0.0012490299583558,0.9682917460324668,-0.0027450221283387,1.0268704451243416,-0.1269026038997221,0.0817990793161122,0.2012971095730747,-0.1224453110921276,0.9456313120877056,36.0
2026-01-31,QUAL,iShares MSCI USA Quality Factor ETF,Quality,Quality Factor,Quality / Profitability Tilt,0.0191320259610319,0.0161320259610319,0.0094821296577867,0.0124821296577867,0.0066498963032451,2.906570269765594,2.9996637216005357,3.906570269765594,0.0,0.0103,0.0326,0.0372,0.0182,0.0183,0.003,0.9755959559382608,-0.078069091072043,-0.0281782670645898,0.2099619669935565,0.0012490299583558,0.9682917460324668,-0.0026759537931536,1.0210946874945104,-0.1420315673569245,0.0972699520754572,0.2080887014633902,-0.0958982194925321,0.944024037962448,36.0
2026-02-28,QUAL,iShares MSCI USA Quality Factor ETF,Quality,Quality Factor,Quality / Profitability Tilt,0.0120541533786711,0.0092541533786711,-0.0100564330641217,-0.0072564330641217,0.0193105864427928,2.953660666981905,2.970640429525745,3.9536606669819054,0.0,-0.0116999999999999,0.0063,0.0283,0.0162,0.0507,0.0028,0.9755959559382608,-0.078069091072043,-0.0281782670645898,0.2099619669935565,0.0012490299583558,0.9682917460324668,-0.0008852030694792,0.9926326501323042,-0.1113301783286476,0.0527817908355418,0.1998956219647673,0.001722574324614,0.9308084116558348,36.0
2015-02-28,SPY,SPDR S&P 500 ETF,Broad Market,US Market,Broad Market,0.0562046745063491,0.0562046745063491,0.0582356058973404,0.0582356058973404,-0.0020309313909913,0.0562046745063491,0.0582356058973403,1.0562046745063491,0.0,0.0613999999999999,0.0036,-0.0179,-0.011,-0.0175,0.0,0.9819402357943984,-0.1063010673349055,0.0166964010560204,0.0699955715178478,0.0238120002425093,0.9964671424678176,,,,,,,,
2015-03-31,SPY,SPDR S&P 500 ETF,Broad Market,US Market,Broad Market,-0.0157056316888769,-0.0157056316888769,-0.0143266191377148,-0.0143266191377148,-0.001379012551162,0.0396163129004822,0.0430746674136801,1.0396163129004823,-0.015705631688876953,-0.0109,0.0308,-0.0038,0.0007,-0.0062,0.0,0.9819402357943984,-0.1063010673349055,0.0166964010560204,0.0699955715178478,0.0238120002425093,0.9964671424678176,,,,,,,,
2015-04-30,SPY,SPDR S&P 500 ETF,Broad Market,US Market,Broad Market,0.0098342796235335,0.0098342796235335,0.0090918882766239,0.0090918882766239,0.0007423913469095,0.0498401904227325,0.052558185753982,1.0498401904227326,-0.006025805639035986,0.006,-0.0301,0.018,0.0005,-0.0062,0.0,0.9819402357943984,-0.1063010673349055,0.0166964010560204,0.0699955715178478,0.0238120002425093,0.9964671424678176,,,,,,,,
2015-05-31,SPY,SPDR S&P 500 ETF,Broad Market,US Market,Broad Market,0.0128554717040239,0.0128554717040239,0.0108769009211808,0.0108769009211808,0.001978570782843,0.0633363812844591,0.0640067568542059,1.0633363812844592,0.0,0.0138,0.0081999999999999,-0.0111,-0.0176,-0.0083,0.0,0.9819402357943984,-0.1063010673349055,0.0166964010560204,0.0699955715178478,0.0238120002425093,0.9964671424678176,,,,,,,,
2015-06-30,SPY,SPDR S&P 500 ETF,Broad Market,US Market,Broad Market,-0.0203116166924072,-0.0203116166924072,-0.0186505552442143,-0.0186505552442143,-0.0016610614481928,0.0417383002927178,0.0441624400552791,1.0417383002927179,-0.02031161669240722,-0.0154,0.0289999999999999,-0.0081999999999999,0.0034999999999999,-0.0154,0.0,0.9819402357943984,-0.1063010673349055,0.0166964010560204,0.0699955715178478,0.0238120002425093,0.9964671424678176,,,,,,,,
2015-07-31,SPY,SPDR S&P 500 ETF,Broad Market,US Market,Broad Market,0.0225893257388221,0.0225893257388221,0.0190391398995815,0.0190391398995815,0.0035501858392405,0.0652704660926368,0.06404239482938,1.0652704660926369,0.0,0.0157,-0.0458,-0.0416,0.0031,-0.0243999999999999,0.0,0.9819402357943984,-0.1063010673349055,0.0166964010560204,0.0699955715178478,0.0238120002425093,0.9964671424678176,,,,,,,,
2015-08-31,SPY,SPDR S&P 500 ETF,Broad Market,US Market,Broad Market,-0.0609502228500788,-0.0609502228500788,-0.0583800925540941,-0.0583800925540941,-0.0025701302959846,0.0003419937886832,0.0019235013377607,1.0003419937886833,-0.060950222850078895,-0.0602,0.0029,0.0275,0.0066,0.0129,0.0,0.9819402357943984,-0.1063010673349055,0.0166964010560204,0.0699955715178478,0.0238120002425093,0.9964671424678176,,,,,,,,
2015-09-30,SPY,SPDR S&P 500 ETF,Broad Market,US Market,Broad Market,-0.025516093701228,-0.025516093701228,-0.0260469955064195,-0.0260469955064195,0.0005309018051915,-0.0251828262581019,-0.02417359559936,0.974817173741898,-0.08491110495395349,-0.0306,-0.0279999999999999,0.0055,0.018,-0.0059,0.0,0.9819402357943984,-0.1063010673349055,0.0166964010560204,0.0699955715178478,0.0238120002425093,0.9964671424678176,,,,,,,,
2015-10-31,SPY,SPDR S&P 500 ETF,Broad Market,US Market,Broad Market,0.0850598360904308,0.0850598360904308,0.0788345944389136,0.0788345944389136,0.0062252416515171,0.0577349627585208,0.0527552832343478,1.0577349627585209,-0.007073793533163397,0.0775,-0.0206,-0.0046999999999999,0.0095,0.0060999999999999,0.0,0.9819402357943984,-0.1063010673349055,0.0166964010560204,0.0699955715178478,0.0238120002425093,0.9964671424678176,,,,,,,,
2015-11-30,SPY,SPDR S&P 500 ETF,Broad Market,US Market,Broad Market,0.0036544982521413,0.0036544982521413,-0.0002772741185452,-0.0002772741185452,0.0039317723706865,0.0616004533311507,0.0524633814411452,1.0616004533311507,-0.0034451464471249027,0.0056999999999999,0.033,-0.0043,-0.0265,-0.0106,0.0,0.9819402357943984,-0.1063010673349055,0.0166964010560204,0.0699955715178478,0.0238120002425093,0.9964671424678176,,,,,,,,
2015-12-31,SPY,SPDR S&P 500 ETF,Broad Market,US Market,Broad Market,-0.0172820628133602,-0.0173820628133602,-0.0183256856150747,-0.0182256856150747,0.0009436228017145,0.0432538076139901,0.0332815147296203,1.0432538076139901,-0.020667670023184703,-0.0215,-0.0295,-0.0256999999999999,0.0034,0.0012,0.0001,0.9819402357943984,-0.1063010673349055,0.0166964010560204,0.0699955715178478,0.0238120002425093,0.9964671424678176,,,,,,,,
2016-01-31,SPY,SPDR S&P 500 ETF,Broad Market,US Market,Broad Market,-0.0497866371733919,-0.0498866371733919,-0.0498744986489066,-0.0497744986489066,-1.2138524485262592e-05,-0.0086862911854472,-0.0181495546292292,0.9913137088145527,-0.0694253334079129,-0.0574,-0.0344,0.0208,0.0278,0.0305,0.0001,0.9819402357943984,-0.1063010673349055,0.0166964010560204,0.0699955715178478,0.0238120002425093,0.9964671424678176,,,,,,,,
2016-02-29,SPY,SPDR S&P 500 ETF,Broad Market,US Market,Broad Market,-0.0008255728337612,-0.0010255728337612,0.0008774668564471,0.0010774668564471,-0.0019030396902083,-0.0095046928531795,-0.0170916433163544,0.9904953071468204,-0.07019359057243768,-0.0007,0.0087,-0.0060999999999999,0.0331,0.0194,0.0002,0.9819402357943984,-0.1063010673349055,0.0166964010560204,0.0699955715178478,0.0238120002425093,0.9964671424678176,,,,,,,,
2016-03-31,SPY,SPDR S&P 500 ETF,Broad Market,US Market,Broad Market,0.0672655857111519,0.0670655857111519,0.0676765690254038,0.0678765690254038,-0.0006109833142519,0.0571215541261986,0.0496248036017292,1.0571215541261987,-0.007649617844309509,0.0695,0.01,0.0121999999999999,0.0068,0.0001,0.0002,0.9819402357943984,-0.1063010673349055,0.0166964010560204,0.0699955715178478,0.0238120002425093,0.9964671424678176,,,,,,,,
2016-04-30,SPY,SPDR S&P 500 ETF,Broad Market,US Market,Broad Market,0.0039413322543702,0.0038413322543702,0.0064050618793604,0.0065050618793604,-0.0025637296249902,0.0612880214042661,0.0564526778992702,1.0612880214042661,-0.0037384352754827876,0.0091,0.0123,0.0322,-0.0285,0.0177,0.0001,0.9819402357943984,-0.1063010673349055,0.0166964010560204,0.0699955715178478,0.0238120002425093,0.9964671424678176,,,,,,,,
2016-05-31,SPY,SPDR S&P 500 ETF,Broad Market,US Market,Broad Market,0.0170115630091642,0.0169115630091642,0.0163050311564662,0.0164050311564662,0.0006065318526979,0.079342189451256,0.07378381699554,1.079342189451256,0.0,0.0178,-0.0062,-0.0162,-0.011,-0.0254,0.0001,0.9819402357943984,-0.1063010673349055,0.0166964010560204,0.0699955715178478,0.0238120002425093,0.9964671424678176,,,,,,,,
2016-06-30,SPY,SPDR S&P 500 ETF,Broad Market,US Market,Broad Market,0.0034756357148959,0.0032756357148959,0.0002902269941499,0.0004902269941499,0.0029854087207459,0.0830935897135067,0.0743102148085126,1.0830935897135068,0.0,-0.0003,0.0042,-0.0149,0.0144999999999999,0.019,0.0002,0.9819402357943984,-0.1063010673349055,0.0166964010560204,0.0699955715178478,0.0238120002425093,0.9964671424678176,,,,,,,,
2016-07-31,SPY,SPDR S&P 500 ETF,Broad Market,US Market,Broad Market,0.0364714907406253,0.0362714907406253,0.0363091824699163,0.0365091824699163,-3.7691729291015885e-05,0.1225956275419737,0.1135324024702517,1.1225956275419737,0.0,0.0394,0.0247,-0.0124,0.0131,-0.0116,0.0002,0.9819402357943984,-0.1063010673349055,0.0166964010560204,0.0699955715178478,0.0238120002425093,0.9964671424678176,,,,,,,,
2016-08-31,SPY,SPDR S&P 500 ETF,Broad Market,US Market,Broad Market,0.0011975977931217,0.0009975977931217,0.0020082302089688,0.0022082302089688,-0.0010106324158471,0.1239400455880861,0.1159913383600523,1.1239400455880861,0.0,0.0049,0.0166,0.0317,-0.0185,-0.0036,0.0002,0.9819402357943984,-0.1063010673349055,0.0166964010560204,0.0699955715178478,0.0238120002425093,0.9964671424678176,,,,,,,,
2016-09-30,SPY,SPDR S&P 500 ETF,Broad Market,US Market,Broad Market,5.7782188110255817e-05,-0.0001422178118897,-0.0011775715818867,-0.0009775715818867,0.001035353769997,0.1240049893032249,0.1149003769420398,1.124004989303225,0.0,0.0027,0.0181,-0.0118999999999999,-0.0218,0.0003,0.0002,0.9819402357943984,-0.1063010673349055,0.0166964010560204,0.0699955715178478,0.0238120002425093,0.9964671424678176,,,,,,,,
2016-10-31,SPY,SPDR S&P 500 ETF,Broad Market,US Market,Broad Market,-0.0173368602266345,-0.0175368602266344,-0.0142123014587555,-0.0140123014587555,-0.0033245587678788,0.1045182719096351,0.0992780567638478,1.1045182719096351,-0.0173368602266345,-0.0200999999999999,-0.0401999999999999,0.0411,0.0098999999999999,0.0025,0.0002,0.9819402357943984,-0.1063010673349055,0.0166964010560204,0.0699955715178478,0.0238120002425093,0.9964671424678176,,,,,,,,
2016-11-30,SPY,SPDR S&P 500 ETF,Broad Market,US Market,Broad Market,0.036838217809874,0.036738217809874,0.0421378007662303,0.0422378007662303,-0.0053995829563563,0.1452067565852279,0.1457091443121281,1.145206756585228,0.0,0.0484999999999999,0.0696,0.0828999999999999,-0.0024,0.0371,0.0001,0.9819402357943984,-0.1063010673349055,0.0166964010560204,0.0699955715178478,0.0238120002425093,0.9964671424678176,,,,,,,,
2016-12-31,SPY,SPDR S&P 500 ETF,Broad Market,US Market,Broad Market,0.0202721942960748,0.0199721942960748,0.0184891915061073,0.0187891915061073,0.0014830027899674,0.1684226104639015,0.167236092834907,1.1684226104639015,0.0,0.0181,0.0044,0.0347,0.0124,-0.0032,0.0003,0.9819402357943984,-0.1063010673349055,0.0166964010560204,0.0699955715178478,0.0238120002425093,0.9964671424678176,,,,,,,,
2017-01-31,SPY,SPDR S&P 500 ETF,Broad Market,US Market,Broad Market,0.0178944443864637,0.0174944443864637,0.0193228567893893,0.0197228567893893,-0.0018284124029256,0.1893308838867344,0.1902573231332962,1.1893308838867345,0.0,0.0194,-0.0144,-0.0276,-0.0051,-0.0106,0.0004,0.9819402357943984,-0.1063010673349055,0.0166964010560204,0.0699955715178478,0.0238120002425093,0.9964671424678176,,,,,,,,
2017-02-28,SPY,SPDR S&P 500 ETF,Broad Market,US Market,Broad Market,0.0392913931322747,0.0388913931322747,0.0367524071028419,0.0371524071028419,0.0021389860294327,0.2360613512098839,0.2344782477594833,1.236061351209884,0.0,0.0355,-0.023,-0.015,0.0045,-0.018,0.0004,0.9819402357943984,-0.1063010673349055,0.0166964010560204,0.0699955715178478,0.0238120002425093,0.9964671424678176,,,,,,,,
2017-03-31,SPY,SPDR S&P 500 ETF,Broad Market,US Market,Broad Market,0.0012501434036382,0.0009501434036382,0.0003434944707449,0.0006434944707449,0.0006066489328932,0.2376066051545911,0.2352726276861714,1.237606605154591,0.0,0.0017,0.0075,-0.0333,0.0063,-0.0095,0.0003,0.9819402357943984,-0.1063010673349055,0.0166964010560204,0.0699955715178478,0.0238120002425093,0.9964671424678176,,,,,,,,
2017-04-30,SPY,SPDR S&P 500 ETF,Broad Market,US Market,Broad Market,0.0099261823278289,0.0094261823278289,0.0105114588069604,0.0110114588069604,-0.0010852764791315,0.249891313967481,0.2488747813413034,1.249891313967481,0.0,0.0108,0.0040999999999999,-0.0204999999999999,0.0179,-0.016,0.0005,0.9819402357943984,-0.1063010673349055,0.0166964010560204,0.0699955715178478,0.0238120002425093,0.9964671424678176,,,,,,,,
2017-05-31,SPY,SPDR S&P 500 ETF,Broad Market,US Market,Broad Market,0.0141130252684986,0.0135130252684986,0.0131577230017879,0.0137577230017879,0.0003553022667106,0.2675310616643811,0.2660564546469157,1.2675310616643811,0.0,0.0107,-0.0299,-0.0382,0.0098999999999999,-0.0166,0.0006,0.9819402357943984,-0.1063010673349055,0.0166964010560204,0.0699955715178478,0.0238120002425093,0.9964671424678176,,,,,,,,
2017-06-30,SPY,SPDR S&P 500 ETF,Broad Market,US Market,Broad Market,0.0063748126282321,0.0057748126282321,0.0034711039738037,0.0040711039738037,0.0023037086544283,0.2756113346829556,0.2712107021104886,1.2756113346829556,0.0,0.0078,0.0252,0.015,-0.0226,0.0004,0.0006,0.9819402357943984,-0.1063010673349055,0.0166964010560204,0.0699955715178478,0.0238120002425093,0.9964671424678176,,,,,,,,
2017-07-31,SPY,SPDR S&P 500 ETF,Broad Market,US Market,Broad Market,0.020554187284874,0.019854187284874,0.0194174135598637,0.0201174135598637,0.0004367737250102,0.3018304889587371,0.2967841735265699,1.301830488958737,0.0,0.0187999999999999,-0.0163999999999999,-0.0023,-0.0075,-0.0015,0.0007,0.9819402357943984,-0.1063010673349055,0.0166964010560204,0.0699955715178478,0.0238120002425093,0.9964671424678176,,,,,,,,
2017-08-31,SPY,SPDR S&P 500 ETF,Broad Market,US Market,Broad Market,0.0029176128299743,0.0020176128299743,0.0027431202832425,0.0036431202832425,-0.0007255074532682,0.3056287262957748,0.3015085142521325,1.3056287262957749,0.0,0.0018,-0.0183,-0.0213,0.002,-0.0237999999999999,0.0009,0.9819402357943984,-0.1063010673349055,0.0166964010560204,0.0699955715178478,0.0238120002425093,0.9964671424678176,,,,,,,,
2017-09-30,SPY,SPDR S&P 500 ETF,Broad Market,US Market,Broad Market,0.0201494150440295,0.0192494150440295,0.0190392076337948,0.0199392076337948,0.0002102074102346,0.331936381395316,0.3274595627549574,1.331936381395316,0.0,0.0249,0.0475999999999999,0.0315,-0.0154,0.0163,0.0009,0.9819402357943984,-0.1063010673349055,0.0166964010560204,0.0699955715178478,0.0238120002425093,0.9964671424678176,,,,,,,,
2017-10-31,SPY,SPDR S&P 500 ETF,Broad Market,US Market,Broad Market,0.0235639211815266,0.0226639211815266,0.023854659595006,0.024754659595006,-0.0011907384134794,0.3633220253053231,0.360320372357092,1.363322025305323,0.0,0.0225,-0.0191,0.0013,0.0092,-0.0314,0.0009,0.9819402357943984,-0.1063010673349055,0.0166964010560204,0.0699955715178478,0.0238120002425093,0.9964671424678176,,,,,,,,
2017-11-30,SPY,SPDR S&P 500 ETF,Broad Market,US Market,Broad Market,0.0305662202829166,0.0297662202829166,0.0330471855146974,0.0338471855146974,-0.0032809652317808,0.4049936266473577,0.4063633883596846,1.4049936266473577,0.0,0.0312,-0.0038,-0.0009,0.0319,-0.001,0.0008,0.9819402357943984,-0.1063010673349055,0.0166964010560204,0.0699955715178478,0.0238120002425093,0.9964671424678176,,,,,,,,
2017-12-31,SPY,SPDR S&P 500 ETF,Broad Market,US Market,Broad Market,0.0121277167645184,0.0112277167645184,0.0122829645151994,0.0131829645151994,-0.001055247750681,0.4220329914072904,0.424903427003906,1.4220329914072904,0.0,0.0106,-0.0105,0.0005,0.0073,0.0179,0.0009,0.9819402357943984,-0.1063010673349055,0.0166964010560204,0.0699955715178478,0.0238120002425093,0.9964671424678176,,,,,,,,
2018-01-31,SPY,SPDR S&P 500 ETF,Broad Market,US Market,Broad Market,0.0563594369786117,0.0552594369786117,0.0570218302677213,0.0581218302677213,-0.0017623932891096,0.5021779701680165,0.5077214221361215,1.5021779701680165,0.0,0.0558,-0.0321,-0.0132,-0.0075,-0.0105,0.0011,0.9819402357943984,-0.1063010673349055,0.0166964010560204,0.0699955715178478,0.0238120002425093,0.9964671424678176,-0.0002444287010976,0.9893717168844504,-0.123038676149865,-0.0266499172960448,0.029587380641611,0.0521815824117649,0.9953889097904493,36.0
2018-02-28,SPY,SPDR S&P 500 ETF,Broad Market,US Market,Broad Market,-0.0363608287041288,-0.0374608287041288,-0.0366660091683364,-0.0355660091683364,-0.0007948195357923,0.4475575343116214,0.4540977882131307,1.4475575343116214,-0.03636082870412871,-0.0364,0.0034,-0.011,0.0053,-0.0236,0.0011,0.9819402357943984,-0.1063010673349055,0.0166964010560204,0.0699955715178478,0.0238120002425093,0.9964671424678176,-0.0001998037296875,0.994152721234444,-0.1227209816698976,-0.0285952728984028,0.0260257137254173,0.0500681822564376,0.9957765074661086,36.0
2018-03-31,SPY,SPDR S&P 500 ETF,Broad Market,US Market,Broad Market,-0.0274101341080037,-0.0286101341080037,-0.0274033726253921,-0.0262033726253921,-0.0012067614826115,0.4078797881670886,0.4159955220348237,1.4078797881670886,-0.06277430762107417,-0.0235,0.0361,-0.0021,-0.0040999999999999,0.0008,0.0012,0.9819402357943984,-0.1063010673349055,0.0166964010560204,0.0699955715178478,0.0238120002425093,0.9964671424678176,-0.0002020646427515,0.9943176366607156,-0.1225405131555706,-0.0283321288416249,0.0266652742081791,0.049174987150492,0.9958897456459034,36.0
2018-04-30,SPY,SPDR S&P 500 ETF,Broad Market,US Market,Broad Market,0.0051681900960618,0.0037681900960618,0.0004041002142083,0.0018041002142083,0.0033640898818534,0.4151559785447394,0.4185501198594448,1.4151559785447394,-0.057930547079946715,0.0029,0.0089,0.0053,-0.0242,0.0124,0.0014,0.9819402357943984,-0.1063010673349055,0.0166964010560204,0.0699955715178478,0.0238120002425093,0.9964671424678176,-0.0001371702844878,0.9938307637185068,-0.1214224058917926,-0.0334936984035107,0.0191095941989754,0.0581160612100117,0.9957876484142736,36.0
2018-05-31,SPY,SPDR S&P 500 ETF,Broad Market,US Market,Broad Market,0.0243088832285671,0.0229088832285671,0.0183659559489059,0.0197659559489059,0.0045429272796611,0.4495568399773921,0.4465891190399016,1.4495568399773922,-0.035029890755712945,0.0263,0.0471,-0.0314,-0.0197999999999999,-0.0149,0.0014,0.9819402357943984,-0.1063010673349055,0.0166964010560204,0.0699955715178478,0.0238120002425093,0.9964671424678176,-9.22351502780326e-05,0.994153229919208,-0.1147752007231311,-0.0393552163030504,0.0178723598535905,0.057708351157651,0.9956222866154082,36.0
2018-06-30,SPY,SPDR S&P 500 ETF,Broad Market,US Market,Broad Market,0.0057509663757204,0.0043509663757204,0.0040452361682047,0.0054452361682047,0.0003057302075156,0.4578931926237977,0.454466138431429,1.4578931926237977,-0.029480380103873882,0.0049,0.0077,-0.0233,0.0083,0.002,0.0014,0.9819402357943984,-0.1063010673349055,0.0166964010560204,0.0699955715178478,0.0238120002425093,0.9964671424678176,-8.066592109862852e-05,0.992904143996836,-0.112793063908413,-0.0378407097601818,0.0192325107306276,0.0528607137969844,0.9955281354977809,36.0
2018-07-31,SPY,SPDR S&P 500 ETF,Broad Market,US Market,Broad Market,0.0370466616240026,0.0354466616240026,0.0345129460869469,0.0361129460869469,0.0009337155370556,0.5119032684148683,0.5069911956738931,1.5119032684148683,0.0,0.032,-0.0192999999999999,0.0049,0.0153,0.0031,0.0016,0.9819402357943984,-0.1063010673349055,0.0166964010560204,0.0699955715178478,0.0238120002425093,0.9964671424678176,-0.0001018936060808,0.9936336964448615,-0.1109164273912747,-0.0356713602911585,0.0225825480881705,0.0547121869856296,0.9956388861628916,36.0
2018-08-31,SPY,SPDR S&P 500 ETF,Broad Market,US Market,Broad Market,0.0319197980543428,0.0303197980543428,0.0316290765076977,0.0332290765076977,-0.0013092784533549,0.5601629154203718,0.5570671214113676,1.5601629154203718,0.0,0.0346,0.0065,-0.0391,-0.0029,-0.0256999999999999,0.0016,0.9819402357943984,-0.1063010673349055,0.0166964010560204,0.0699955715178478,0.0238120002425093,0.9964671424678176,-0.0001083484698869,0.990074721661912,-0.1129924146819483,-0.0308370505798064,0.0226027254950524,0.0593142287697837,0.9945255597528158,36.0
2018-09-30,SPY,SPDR S&P 500 ETF,Broad Market,US Market,Broad Market,0.0059453875580532,0.0044453875580532,0.0035570795709855,0.0050570795709855,0.0008883079870676,0.5694386886062481,0.5649413337417102,1.5694386886062481,0.0,0.0006,-0.0249,-0.0162,0.0065,0.0136,0.0015,0.9819402357943984,-0.1063010673349055,0.0166964010560204,0.0699955715178478,0.0238120002425093,0.9964671424678176,-0.0002126158149081,0.9933509545483818,-0.1111365298595168,-0.0333383791457522,0.019848574254617,0.0623546404816716,0.994376310634377,36.0
2018-10-31,SPY,SPDR S&P 500 ETF,Broad Market,US Market,Broad Market,-0.0691043755077611,-0.0710043755077611,-0.0684090363825523,-0.0665090363825523,-0.0025953391252087,0.4609836081323937,0.4608585936393228,1.4609836081323937,-0.06910437550776116,-0.0764,-0.0438,0.0338,0.0103,0.036,0.0019,0.9819402357943984,-0.1063010673349055,0.0166964010560204,0.0699955715178478,0.0238120002425093,0.9964671424678176,-0.0002537527539728,0.9756316227055573,-0.0967770464007595,-0.0294474728185969,0.0227736613121892,0.0397000214438284,0.9960461894656572,36.0
2018-11-30,SPY,SPDR S&P 500 ETF,Broad Market,US Market,Broad Market,0.0185494670370034,0.0167494670370034,0.0171932848678229,0.0189932848678229,-0.0004438178308195,0.488084075413048,0.4886050970599216,1.488084075413048,-0.05183675780635155,0.0171,-0.0081,0.0036,-0.0060999999999999,0.004,0.0018,0.9819402357943984,-0.1063010673349055,0.0166964010560204,0.0699955715178478,0.0238120002425093,0.9964671424678176,-0.0003663712305793,0.9780582006538268,-0.099687236278846,-0.029179114768722,0.0299747660768432,0.0428679511182453,0.9963174294826423,36.0
2018-12-31,SPY,SPDR S&P 500 ETF,Broad Market,US Market,Broad Market,-0.0880484723571608,-0.0899484723571608,-0.0912599671655899,-0.0893599671655899,0.0013114948084291,0.3570605458339109,0.3555833944641171,1.357060545833911,-0.13532108282671507,-0.0955,-0.0281,-0.0192,-0.0003,0.0024,0.0019,0.9819402357943984,-0.1063010673349055,0.0166964010560204,0.0699955715178478,0.0238120002425093,0.9964671424678176,-0.0003530799450387,0.977044750750006,-0.0994367143490377,-0.0291580724523759,0.0297927969717004,0.042320858282334,0.997264600868082,36.0
2019-01-31,SPY,SPDR S&P 500 ETF,Broad Market,US Market,Broad Market,0.0800659530130052,0.0779659530130052,0.0778405471445789,0.0799405471445789,0.0001254058684262,0.465714891732452,0.463949472717684,1.465714891732452,-0.06608974127298262,0.0836,0.0291,-0.0039,-0.0073,-0.0165,0.0021,0.9819402357943984,-0.1063010673349055,0.0166964010560204,0.0699955715178478,0.0238120002425093,0.9964671424678176,-0.0004225667877019,0.9793813990414568,-0.09799380156216,-0.0298833459503188,0.0248010760103598,0.0381374418276631,0.9974615693634404,36.0
2019-02-28,SPY,SPDR S&P 500 ETF,Broad Market,US Market,Broad Market,0.0324154612543079,0.0306154612543079,0.0308678276804249,0.0326678276804249,-0.000252366426117,0.5132267160152675,0.5117735218252741,1.5132267160152675,-0.03581660946621634,0.0342,0.0172,-0.0266,0.0016,-0.0154,0.0018,0.9819402357943984,-0.1063010673349055,0.0166964010560204,0.0699955715178478,0.0238120002425093,0.9964671424678176,-0.0004139773543055,0.978949443545847,-0.0975379970348249,-0.0301997041058938,0.0291558181922297,0.0416307949489343,0.9974736869210828,36.0
2019-03-31,SPY,SPDR S&P 500 ETF,Broad Market,US Market,Broad Market,0.0181005698731153,0.0162005698731153,0.0140662483191954,0.0159662483191954,0.0021343215539198,0.5406169819223667,0.535910873277121,1.5406169819223667,-0.018364340635362297,0.011,-0.0352,-0.0414,0.0088,-0.009,0.0019,0.9819402357943984,-0.1063010673349055,0.0166964010560204,0.0699955715178478,0.0238120002425093,0.9964671424678176,-0.000394661279689,0.9786558901668586,-0.0990617362345179,-0.0328743538501814,0.0283304120006225,0.0435618037612099,0.9972024270356518,36.0
2019-04-30,SPY,SPDR S&P 500 ETF,Broad Market,US Market,Broad Market,0.0408521871634173,0.0387521871634173,0.040981636205846,0.043081636205846,-0.0022294490424287,0.6035545552149983,0.6020804267642494,1.6035545552149983,0.0,0.0397,-0.0115,0.0213,0.0161,-0.0218,0.0021,0.9819402357943984,-0.1063010673349055,0.0166964010560204,0.0699955715178478,0.0238120002425093,0.9964671424678176,-0.0002987627996396,0.9798336299966156,-0.1022860298240191,-0.0295974005748811,0.0155954462639018,0.0462432581180372,0.9974647187538688,36.0
2019-05-31,SPY,SPDR S&P 500 ETF,Broad Market,US Market,Broad Market,-0.0637709563667431,-0.0658709563667431,-0.0668052308996246,-0.0647052308996246,0.0009342745328815,0.5012943476426905,0.4984174428306995,1.5012943476426905,-0.06377095636674313,-0.0692,-0.0156,-0.0245,-0.0048,0.0176,0.0021,0.9819402357943984,-0.1063010673349055,0.0166964010560204,0.0699955715178478,0.0238120002425093,0.9964671424678176,-0.0003334015319514,0.9809787448692124,-0.1023935431484962,-0.0283161300495267,0.0163105595016636,0.0443108928339227,0.997815245605058,36.0
2019-06-30,SPY,SPDR S&P 500 ETF,Broad Market,US Market,Broad Market,0.0695862224625607,0.0677862224625607,0.0683254936896432,0.0701254936896432,-0.0005392712270825,0.6057637500995399,0.603494705762375,1.6057637500995399,0.0,0.0699,0.0019,-0.0064,0.0045,-0.0055,0.0018,0.9819402357943984,-0.1063010673349055,0.0166964010560204,0.0699955715178478,0.0238120002425093,0.9964671424678176,-0.0004233854580273,0.979721408615946,-0.1057516070360213,-0.0211985818099212,0.0044016324485669,0.028882839445728,0.9982161573072896,36.0
2019-07-31,SPY,SPDR S&P 500 ETF,Broad Market,US Market,Broad Market,0.0151196605408674,0.0132196605408674,0.0138076285972041,0.0157076285972041,-0.0005879680563367,0.6300423529098753,0.6286818050580736,1.6300423529098753,0.0,0.0121999999999999,-0.0182,0.005,-0.0013,0.0037,0.0019,0.9819402357943984,-0.1063010673349055,0.0166964010560204,0.0699955715178478,0.0238120002425093,0.9964671424678176,-0.0004473881079772,0.9795189495771444,-0.1070604364291202,-0.0206297361547872,0.001576545903269,0.0286766613194679,0.9982006924332292,36.0
2019-08-31,SPY,SPDR S&P 500 ETF,Broad Market,US Market,Broad Market,-0.016743616566318,-0.018343616566318,-0.0223450813953907,-0.0207450813953907,0.0040014648290727,0.6027495487658936,0.5948946684449519,1.6027495487658936,-0.016743616566317954,-0.0255,-0.0325,-0.0476999999999999,0.0053,-0.0062,0.0016,0.9819402357943984,-0.1063010673349055,0.0166964010560204,0.0699955715178478,0.0238120002425093,0.9964671424678176,-0.0003513948416067,0.9781566779209888,-0.108648055768115,-0.0237982286160381,-0.0007058904285233,0.0297138635774932,0.9980845820659447,36.0
2019-09-30,SPY,SPDR S&P 500 ETF,Broad Market,US Market,Broad Market,0.019457875603134,0.017657875603134,0.0166554061060309,0.0184554061060309,0.001002469497103,0.6339356501087596,0.6243290972474469,1.6339356501087596,0.0,0.0141999999999999,0.0029,0.0676,0.0182,0.0338,0.0018,0.9819402357943984,-0.1063010673349055,0.0166964010560204,0.0699955715178478,0.0238120002425093,0.9964671424678176,-0.0001853941433807,0.9797565099970716,-0.1081917781001425,-0.0175486848063645,0.0120879585774855,0.042150696511457,0.9976489571532252,36.0
2019-10-31,SPY,SPDR S&P 500 ETF,Broad Market,US Market,Broad Market,0.022104762164302,0.020604762164302,0.0196082427991732,0.0211082427991732,0.0009965193651287,0.670053409046188,0.6586158302179081,1.670053409046188,0.0,0.0207,0.0025,-0.0192,0.0043,-0.0103,0.0015,0.9819402357943984,-0.1063010673349055,0.0166964010560204,0.0699955715178478,0.0238120002425093,0.9964671424678176,-9.652031653333698e-05,0.9783492680327236,-0.1121234813778614,-0.0114380477148047,0.0101897554198386,0.0355908053780906,0.9976668154687852,36.0
2019-11-30,SPY,SPDR S&P 500 ETF,Broad Market,US Market,Broad Market,0.036198404197296,0.034998404197296,0.0356458868976725,0.0368458868976725,-0.0006474827003765,0.7305066773779141,0.7197290015048063,1.730506677377914,0.0,0.0387,0.0039,-0.02,-0.0163999999999999,-0.0113999999999999,0.0012,0.9819402357943984,-0.1063010673349055,0.0166964010560204,0.0699955715178478,0.0238120002425093,0.9964671424678176,6.704020340385711e-05,0.9791826928251856,-0.0978083717956336,-0.0041056308078315,0.0244024969558681,0.0479992138849372,0.9979849547931288,36.0
2019-12-31,SPY,SPDR S&P 500 ETF,Broad Market,US Market,Broad Market,0.0290554568906482,0.0276554568906482,0.0264690644000369,0.0278690644000369,0.0011863924906112,0.7807873395414471,0.7676562397983551,1.780787339541447,0.0,0.0276,0.0098999999999999,0.0173,0.0005,0.0118999999999999,0.0014,0.9819402357943984,-0.1063010673349055,0.0166964010560204,0.0699955715178478,0.0238120002425093,0.9964671424678176,-2.984671011768171e-05,0.9813275812788944,-0.0985991300274706,-0.0126413858241396,0.019498142273718,0.0590115031070727,0.9981563157994736,36.0
2020-01-31,SPY,SPDR S&P 500 ETF,Broad Market,US Market,Broad Market,-0.0004039095707374,-0.0017039095707374,0.0011813503100757,0.0024813503100757,-0.0028852598808131,0.7800680624915581,0.7720424141570861,1.7800680624915581,-0.0004039095707374374,-0.0009,-0.0437,-0.0622,-0.0118999999999999,-0.0219,0.0013,0.9819402357943984,-0.1063010673349055,0.0166964010560204,0.0699955715178478,0.0238120002425093,0.9964671424678176,-2.045669269873894e-06,0.9813247405321838,-0.0898515106595581,-0.0078910814697503,0.0324376225842575,0.0609517299854387,0.9979353560562536,36.0
2020-02-29,SPY,SPDR S&P 500 ETF,Broad Market,US Market,Broad Market,-0.0791658808542677,-0.0803658808542678,-0.0825416667384789,-0.0813416667384789,0.0021757858842111,0.6391474063438642,0.6279015306582707,1.6391474063438642,-0.07953781456805231,-0.0815,0.0008,-0.0382,-0.0143,-0.0253,0.0012,0.9819402357943984,-0.1063010673349055,0.0166964010560204,0.0699955715178478,0.0238120002425093,0.9964671424678176,3.508720625307847e-06,0.976639518981428,-0.0842026244238242,-0.0090258298675718,0.0315497224710188,0.0607127359815206,0.9983794628178398,36.0
2020-03-31,SPY,SPDR S&P 500 ETF,Broad Market,US Market,Broad Market,-0.1248711209040626,-0.1260711209040626,-0.1257335862033429,-0.1245335862033429,-0.0003375347007197,0.4344652323867188,0.4251731150594851,1.4344652323867189,-0.1944769594127428,-0.1335,-0.0818,-0.1383,-0.0161,0.0118999999999999,0.0012,0.9819402357943984,-0.1063010673349055,0.0166964010560204,0.0699955715178478,0.0238120002425093,0.9964671424678176,3.537076660074367e-05,0.9773359988718876,-0.0817563330167257,0.0054157050299131,0.0345600472622122,0.0445170692804254,0.9987048527118252,36.0
2020-04-30,SPY,SPDR S&P 500 ETF,Broad Market,US Market,Broad Market,0.1269833940408193,0.1269833940408193,0.1318934963194537,0.1318934963194537,-0.0049101022786344,0.6166184962287371,0.6131441800651678,1.616618496228737,-0.09218890974089222,0.1358,0.0256999999999999,-0.0134,0.0276,-0.0102,0.0,0.9819402357943984,-0.1063010673349055,0.0166964010560204,0.0699955715178478,0.0238120002425093,0.9964671424678176,3.673022953552211e-05,0.9711611341594656,-0.0884659334535763,0.0154123240766815,0.0164667613050109,0.033457606241019,0.9988116878779396,36.0
2020-05-31,SPY,SPDR S&P 500 ETF,Broad Market,US Market,Broad Market,0.0476451218274529,0.0475451218274529,0.0517468430459968,0.0518468430459968,-0.0042017212185439,0.693642481430069,0.6967806131795697,1.693642481430069,-0.04893613974918409,0.0559,0.0192,-0.05,0.0096,-0.0316,0.0001,0.9819402357943984,-0.1063010673349055,0.0166964010560204,0.0699955715178478,0.0238120002425093,0.9964671424678176,-1.5543551504348073e-05,0.970801677523301,-0.0932175730982613,0.0215342491302935,0.0041361781291361,0.0386268484180672,0.9987554477399998,36.0
2020-06-30,SPY,SPDR S&P 500 ETF,Broad Market,US Market,Broad Market,0.0177347521745985,0.0176347521745985,0.0215658049707088,0.0216658049707088,-0.0039310527961103,0.7236788111106034,0.733542731022798,1.7236788111106034,-0.03206925788541892,0.0243999999999999,0.0195,-0.0217,0.0014,0.0055,0.0001,0.9819402357943984,-0.1063010673349055,0.0166964010560204,0.0699955715178478,0.0238120002425093,0.9964671424678176,-0.0001191350322784,0.9701955836683352,-0.1004831899944567,0.0270215070879135,0.0009775711550301,0.0287851105001235,0.9985901457115832,36.0
2020-07-31,SPY,SPDR S&P 500 ETF,Broad Market,US Market,Broad Market,0.0588923834115304,0.0587923834115304,0.0607073373255235,0.0608073373255235,-0.0019149539139931,0.82519036453286,0.8389548486363105,1.82519036453286,0.0,0.0583,-0.0319,-0.0144,0.0038,0.0097,0.0001,0.9819402357943984,-0.1063010673349055,0.0166964010560204,0.0699955715178478,0.0238120002425093,0.9964671424678176,-0.0001308956706189,0.9690046319891484,-0.0986006230782636,0.027055010957189,0.0028777460956229,0.0272302000457395,0.9986246772929954,36.0
2020-08-31,SPY,SPDR S&P 500 ETF,Broad Market,US Market,Broad Market,0.0697964756622937,0.0696964756622937,0.0777076299868853,0.0778076299868853,-0.0080111543245916,0.9525822193900308,0.9820395670615932,1.9525822193900308,0.0,0.0762,-0.0089,-0.0302,0.0426999999999999,-0.0151,0.0001,0.9819402357943984,-0.1063010673349055,0.0166964010560204,0.0699955715178478,0.0238120002425093,0.9964671424678176,-0.0001034271651188,0.9683384881376724,-0.101330415073771,0.0326431913742398,-0.0211682342582376,0.0253923358531158,0.9985674028008285,36.0
2020-09-30,SPY,SPDR S&P 500 ETF,Broad Market,US Market,Broad Market,-0.0374435743744272,-0.0375435743744272,-0.0377989609447199,-0.0376989609447199,0.0002553865702927,0.879470561836116,0.9073187348320486,1.879470561836116,-0.037443574374427246,-0.0364,-0.0001,-0.0272,-0.0138,-0.0192999999999999,0.0001,0.9819402357943984,-0.1063010673349055,0.0166964010560204,0.0699955715178478,0.0238120002425093,0.9964671424678176,-3.118275359602525e-05,0.9692481670741578,-0.097135492365689,0.0325957200503446,-0.0246835888154047,0.0333138134652181,0.998629999766524,36.0
2020-10-31,SPY,SPDR S&P 500 ETF,Broad Market,US Market,Broad Market,-0.024933626820083,-0.025033626820083,-0.0255410278744392,-0.0254410278744392,0.0005074010543562,0.8326085442279625,0.8587945857337462,1.8326085442279625,-0.06144359708424829,-0.0208,0.0467,0.0425,-0.0077,-0.0056999999999999,0.0001,0.9819402357943984,-0.1063010673349055,0.0166964010560204,0.0699955715178478,0.0238120002425093,0.9964671424678176,-0.0001515745478725,0.9711032750841296,-0.0992752859485171,0.0290110392103666,-0.0239500141403563,0.0380517294487027,0.9986227670530712,36.0
2020-11-30,SPY,SPDR S&P 500 ETF,Broad Market,US Market,Broad Market,0.1087768727822355,0.1086768727822355,0.1134762634964143,0.1135762634964143,-0.0047993907141788,1.0319539707030856,1.0699095293887506,2.0319539707030856,0.0,0.1244,0.0712,0.0209,-0.0225,0.0128,0.0001,0.9819402357943984,-0.1063010673349055,0.0166964010560204,0.0699955715178478,0.0238120002425093,0.9964671424678176,-0.0002753639863651,0.9634751256087404,-0.1114177239716012,0.0350618316536484,0.000613390910555,0.0115032985070673,0.998503660449508,36.0
2020-12-31,SPY,SPDR S&P 500 ETF,Broad Market,US Market,Broad Market,0.0370483659999971,0.0369483659999971,0.0383621769326946,0.0384621769326946,-0.0014138109326975,1.1072345451048409,1.1495227559427716,2.107234545104841,0.0,0.0463,0.0493,-0.0168,-0.0197,-0.0006,0.0001,0.9819402357943984,-0.1063010673349055,0.0166964010560204,0.0699955715178478,0.0238120002425093,0.9964671424678176,-0.0002929763966234,0.9632391461363916,-0.1138014029292272,0.0364668417730005,0.0027779869466389,0.0091919914189451,0.9985002532351188,36.0
2021-01-31,SPY,SPDR S&P 500 ETF,Broad Market,US Market,Broad Market,-0.0101907453754233,-0.0101907453754233,-0.0089475325530948,-0.0089475325530948,-0.0012432128223284,1.0857602544093816,1.1302898311103555,2.0857602544093816,-0.010190745375423194,-0.0007,0.0681,0.0322,-0.0365,0.0496999999999999,0.0,0.9819402357943984,-0.1063010673349055,0.0166964010560204,0.0699955715178478,0.0238120002425093,0.9964671424678176,-0.0003096157475622,0.965682127724562,-0.1254963356238281,0.0413488504729371,-0.0007020545558771,-0.0079054869749397,0.9984514800790756,36.0
2021-02-28,SPY,SPDR S&P 500 ETF,Broad Market,US Market,Broad Market,0.0278057476686222,0.0278057476686222,0.0235809261847814,0.0235809261847814,0.0042248214838407,1.14375637774073,1.1805240383699591,2.14375637774073,0.0,0.0281,0.045,0.072,0.0033,-0.0199,0.0,0.9819402357943984,-0.1063010673349055,0.0166964010560204,0.0699955715178478,0.0238120002425093,0.9964671424678176,-4.6136425314911335e-05,0.9617379919033588,-0.1239749660010485,0.0511005998314314,0.0011544375706942,-0.0255774567536601,0.998369113805121,36.0
2021-03-31,SPY,SPDR S&P 500 ETF,Broad Market,US Market,Broad Market,0.0453993002736747,0.0453993002736747,0.0382450132260665,0.0382450132260665,0.0071542870476081,1.2410814172473867,1.2639182090571746,2.2410814172473867,0.0,0.0316,-0.0084,0.0735,0.0635,0.0352,0.0,0.9819402357943984,-0.1063010673349055,0.0166964010560204,0.0699955715178478,0.0238120002425093,0.9964671424678176,0.0003262780149001,0.9529235173076808,-0.1034935030060104,0.0488911320026312,0.0741577474326326,0.0006900533422498,0.9977429280723792,36.0
2021-04-30,SPY,SPDR S&P 500 ETF,Broad Market,US Market,Broad Market,0.0529104795202339,0.0529104795202339,0.0528571322690937,0.0528571322690937,5.334725114020111e-05,1.3596581096778315,1.3835824332797193,2.3596581096778317,0.0,0.0496999999999999,-0.0316,-0.0102,0.0243,-0.0272,0.0,0.9819402357943984,-0.1063010673349055,0.0166964010560204,0.0699955715178478,0.0238120002425093,0.9964671424678176,0.0002181743173339,0.9515795722920374,-0.0998648182227708,0.0462385515546658,0.0868938376316555,-0.0026685287018132,0.997883338260238,36.0
2021-05-31,SPY,SPDR S&P 500 ETF,Broad Market,US Market,Broad Market,0.0065661741377036,0.0065661741377036,0.0048403534756246,0.0048403534756246,0.0017258206620789,1.3751520357314209,1.3951198147950823,2.375152035731421,0.0,0.0029,0.0127,0.0704,0.0233999999999999,0.0301,0.0,0.9819402357943984,-0.1063010673349055,0.0166964010560204,0.0699955715178478,0.0238120002425093,0.9964671424678176,6.412073536646735e-05,0.9543448166351634,-0.1137575632581402,0.0521717989060174,0.0838900034450798,-0.0008622346444577,0.9982340216364444,36.0
2021-06-30,SPY,SPDR S&P 500 ETF,Broad Market,US Market,Broad Market,0.0224274600292815,0.0224274600292815,0.0239068638152644,0.0239068638152644,-0.0014794037859829,1.428420663076254,1.4523796180286297,2.428420663076254,0.0,0.0273,-0.003,-0.0786,-0.0214,-0.0093,0.0,0.9819402357943984,-0.1063010673349055,0.0166964010560204,0.0699955715178478,0.0238120002425093,0.9964671424678176,6.855199017106149e-05,0.9559422139680251,-0.1158013766017666,0.05127951034682,0.0785369189901706,0.0001187954177063,0.9982135145102148,36.0
2021-07-31,SPY,SPDR S&P 500 ETF,Broad Market,US Market,Broad Market,0.0244125380900248,0.0244125380900248,0.0212177839083443,0.0212177839083443,0.0031947541816804,1.4877045750122062,1.504413678825189,2.487704575012206,0.0,0.0134,-0.0455,-0.0179,0.055,-0.0059,0.0,0.9819402357943984,-0.1063010673349055,0.0166964010560204,0.0699955715178478,0.0238120002425093,0.9964671424678176,6.781771578615254e-05,0.9541803108242898,-0.1121031629627882,0.0478141501497355,0.0924666953624551,0.0003764529258045,0.9981544985755856,36.0
2021-08-31,SPY,SPDR S&P 500 ETF,Broad Market,US Market,Broad Market,0.0297595882475267,0.0297595882475267,0.0288515535196118,0.0288515535196118,0.0009080347279148,1.5617376388460582,1.5766699041150618,2.561737638846058,0.0,0.0295,-0.0066,-0.0023,-0.0026,-0.0172,0.0,0.9819402357943984,-0.1063010673349055,0.0166964010560204,0.0699955715178478,0.0238120002425093,0.9964671424678176,0.0001064857493182,0.9546531308005384,-0.1140876991790337,0.0493157370736944,0.0898942859259531,-0.0016526580794368,0.9981419082406716,36.0
2021-09-30,SPY,SPDR S&P 500 ETF,Broad Market,US Market,Broad Market,-0.0466053784701799,-0.0466053784701799,-0.0445960754315155,-0.0445960754315155,-0.0020093030386643,1.442346886646333,1.4617605387090309,2.442346886646333,-0.04660537847017976,-0.044,0.0112,0.0512,-0.0192,0.02,0.0,0.9819402357943984,-0.1063010673349055,0.0166964010560204,0.0699955715178478,0.0238120002425093,0.9964671424678176,-0.0001224952235574,0.9552448962720452,-0.1082412542664827,0.04248769376618,0.1015595652063253,-0.0021977767030632,0.9980817303554248,36.0
2021-10-31,SPY,SPDR S&P 500 ETF,Broad Market,US Market,Broad Market,0.0701635165449003,0.0701635165449003,0.0685271811266478,0.0685271811266478,0.0016363354182524,1.613710532835929,1.630458049035579,2.613710532835929,0.0,0.0663,-0.027,-0.0053,0.0171,-0.0154,0.0,0.9819402357943984,-0.1063010673349055,0.0166964010560204,0.0699955715178478,0.0238120002425093,0.9964671424678176,0.0001854705827656,0.9561639725687544,-0.1266765669300316,0.0521532424469686,0.0917535168302856,0.0059263044194601,0.9982864587544076,36.0
2021-11-30,SPY,SPDR S&P 500 ETF,Broad Market,US Market,Broad Market,-0.0080349109511457,-0.0080349109511457,-0.0085191425366963,-0.0085191425366963,0.0004842315855506,1.5927096014525204,1.6080488019790449,2.5927096014525204,-0.008034910951145835,-0.0158,-0.017,-0.0037,0.0719,0.017,0.0,0.9819402357943984,-0.1063010673349055,0.0166964010560204,0.0699955715178478,0.0238120002425093,0.9964671424678176,0.0001896318467296,0.9582024530068858,-0.1322109406356383,0.0553644457500718,0.0810430701708082,0.0038081550106859,0.9982815322295922,36.0
2021-12-31,SPY,SPDR S&P 500 ETF,Broad Market,US Market,Broad Market,0.0462477464287589,0.0461477464287589,0.0374366498315591,0.0375366498315591,0.0087110965971997,1.7126165776639053,1.7059462166025496,2.7126165776639053,0.0,0.0324,-0.0078,0.0325,0.0487999999999999,0.0429,0.0001,0.9819402357943984,-0.1063010673349055,0.0166964010560204,0.0699955715178478,0.0238120002425093,0.9964671424678176,0.0003438730691055,0.9586000188699106,-0.1316494547328811,0.0522233178570089,0.0944249162528804,0.0275670558995382,0.9975291109487524,36.0
2022-01-31,SPY,SPDR S&P 500 ETF,Broad Market,US Market,Broad Market,-0.0527412033571841,-0.0527412033571841,-0.051787174874175,-0.051787174874175,-0.000954028483009,1.5695499151112644,1.5658129066832411,2.5695499151112644,-0.05274120335718413,-0.0615,-0.0401,0.1286,0.0077,0.0773,0.0,0.9819402357943984,-0.1063010673349055,0.0166964010560204,0.0699955715178478,0.0238120002425093,0.9964671424678176,-5.301588395128804e-05,0.9549217813981216,-0.1057749298791885,0.0344839397829824,0.118202255239894,0.0126676020972719,0.9971888575565666,36.0
2022-02-28,SPY,SPDR S&P 500 ETF,Broad Market,US Market,Broad Market,-0.0295169226003636,-0.0295169226003636,-0.0258042583922273,-0.0258042583922273,-0.0037126642081362,1.4937047091491542,1.4996040074530748,2.493704709149154,-0.08070136794020377,-0.0227999999999999,0.0286,0.0306,-0.0203,0.0302999999999999,0.0,0.9819402357943984,-0.1063010673349055,0.0166964010560204,0.0699955715178478,0.0238120002425093,0.9964671424678176,-0.0002027128888776,0.9562334443310664,-0.1094314465152073,0.0349979064365974,0.1205230002292377,0.0089393898875889,0.9971184158733536,36.0
2022-03-31,SPY,SPDR S&P 500 ETF,Broad Market,US Market,Broad Market,0.0375901829127112,0.0375901829127112,0.0316965979299995,0.0316965979299995,0.0058935849827116,1.58744352529636,1.5788329506615302,2.58744352529636,-0.04614476420967084,0.0308,-0.0210999999999999,-0.019,-0.015,0.0321,0.0,0.9819402357943984,-0.1063010673349055,0.0166964010560204,0.0699955715178478,0.0238120002425093,0.9964671424678176,-0.0001895118776644,0.9645844636599092,-0.1193714199878319,0.0314531768169219,0.1051762150395875,0.0306998083886778,0.9965930751723436,36.0
2022-04-30,SPY,SPDR S&P 500 ETF,Broad Market,US Market,Broad Market,-0.0877689411588288,-0.0877689411588288,-0.0873874793323903,-0.0873874793323903,-0.0003814618264384,1.3603463467728312,1.353475239483909,2.360346346772831,-0.12986362827379305,-0.0941,-0.0034999999999999,0.0617999999999999,0.0341,0.0592,0.0,0.9819402357943984,-0.1063010673349055,0.0166964010560204,0.0699955715178478,0.0238120002425093,0.9964671424678176,-0.0001681251133448,0.9701228044441852,-0.1288066643844431,0.0365279568898204,0.0945385985947468,0.0172831418575202,0.9968393993720572,36.0
2022-05-31,SPY,SPDR S&P 500 ETF,Broad Market,US Market,Broad Market,0.0022572836870256,0.0019572836870256,3.885529112598613e-05,0.0003388552911259,0.0019184283958996,1.365674318077132,1.3542727270213422,2.365674318077132,-0.1278994836364078,-0.0033,-0.0003,0.0843999999999999,0.0155,0.0395,0.0003,0.9819402357943984,-0.1063010673349055,0.0166964010560204,0.0699955715178478,0.0238120002425093,0.9964671424678176,-0.0001831527571891,0.9704973350983188,-0.1290677635215999,0.0368822698033477,0.0944406773681079,0.0169961981713621,0.9966417667233832,36.0
2022-06-30,SPY,SPDR S&P 500 ETF,Broad Market,US Market,Broad Market,-0.0824604109708225,-0.0830604109708225,-0.0849445494862246,-0.0843445494862246,0.0018841385154021,1.1705998415853711,1.1557026544930218,2.1705998415853713,-0.1998132506236162,-0.084,0.0133,-0.06,0.0176,-0.0458,0.0006,0.9819402357943984,-0.1063010673349055,0.0166964010560204,0.0699955715178478,0.0238120002425093,0.9964671424678176,-0.0001204694491846,0.9677242077419904,-0.1255280758514594,0.0361507448835514,0.0980450300408152,0.0133522170692401,0.9968161692698398,36.0
2022-07-31,SPY,SPDR S&P 500 ETF,Broad Market,US Market,Broad Market,0.0920874159407272,0.0912874159407272,0.0901071509390264,0.0909071509390264,0.0011802650017007,1.3704847720383202,1.351671441084679,2.37048477203832,-0.12612612060353467,0.0957,0.0178,-0.0415,0.0077,-0.0684999999999999,0.0008,0.9819402357943984,-0.1063010673349055,0.0166964010560204,0.0699955715178478,0.0238120002425093,0.9964671424678176,8.319474255627513e-06,0.9688716796917332,-0.1273505183311117,0.038479470997934,0.0965794992958896,0.0053955361576456,0.9969655583170074,36.0
2022-08-31,SPY,SPDR S&P 500 ETF,Broad Market,US Market,Broad Market,-0.0408019135208662,-0.0427019135208662,-0.0417917630543769,-0.0398917630543769,-0.0009101504664892,1.2737644573670823,1.257859121175184,2.2737644573670823,-0.16178184705881316,-0.0377,0.0149,0.0018,-0.0478,0.0132,0.0019,0.9819402357943984,-0.1063010673349055,0.0166964010560204,0.0699955715178478,0.0238120002425093,0.9964671424678176,-0.0001028544534845,0.969471237182396,-0.1247557118136087,0.0397403020015086,0.0965493499203236,0.0056718955564788,0.99714622220639,36.0
2022-09-30,SPY,SPDR S&P 500 ETF,Broad Market,US Market,Broad Market,-0.0924459684840703,-0.0943459684840703,-0.0920066943495801,-0.0901066943495801,-0.0023392741344901,1.063564100001126,1.05441089945904,2.063564100001126,-0.23927173600838958,-0.0934,-0.0097,0.0003,-0.0137,-0.0077,0.0019,0.9819402357943984,-0.1063010673349055,0.0166964010560204,0.0699955715178478,0.0238120002425093,0.9964671424678176,-0.0002511804235499,0.972600952107297,-0.1234817521242045,0.0373576707540705,0.0988469410785562,0.0113531017532105,0.9973106421962056,36.0
2022-10-31,SPY,SPDR S&P 500 ETF,Broad Market,US Market,Broad Market,0.0812756725414594,0.0789756725414594,0.0802198093148828,0.0825198093148828,-0.0012441367734234,1.231281660061129,1.2239404951368171,2.231281660061129,-0.17744303473117462,0.0786,0.0181,0.0797,0.0327,0.0643,0.0023,0.9819402357943984,-0.1063010673349055,0.0166964010560204,0.0699955715178478,0.0238120002425093,0.9964671424678176,-0.0003055792606816,0.9713908723554706,-0.1242746391747622,0.037998482766271,0.0975186321715075,0.0078045005737321,0.9974074270108768,36.0
2022-11-30,SPY,SPDR S&P 500 ETF,Broad Market,US Market,Broad Market,0.0555914101901025,0.0526914101901025,0.0541958682911728,0.0570958682911728,-0.0015044581010703,1.35532175407524,1.3509183087345544,2.35532175407524,-0.13171593307018947,0.0469,-0.0275,0.0148,0.063,0.0315,0.0029,0.9819402357943984,-0.1063010673349055,0.0166964010560204,0.0699955715178478,0.0238120002425093,0.9964671424678176,-0.000348939192399,0.97048376150629,-0.123612335526577,0.0395237963453667,0.0932871966347411,0.0047333082885617,0.997377949645056,36.0
2022-12-31,SPY,SPDR S&P 500 ETF,Broad Market,US Market,Broad Market,-0.0576281854869518,-0.0609281854869518,-0.0611662576705459,-0.0578662576705459,0.0002380721835941,1.219588835149939,1.2148794641189165,2.2195888351499393,-0.18175356833458545,-0.0638,-0.0019,0.0134,0.0032,0.0428,0.0033,0.9819402357943984,-0.1063010673349055,0.0166964010560204,0.0699955715178478,0.0238120002425093,0.9964671424678176,-0.0003957335611934,0.9700805157176476,-0.1233368138252172,0.0391848906504043,0.0941390260736168,0.0047300844734427,0.9974892500805016,36.0
2023-01-31,SPY,SPDR S&P 500 ETF,Broad Market,US Market,Broad Market,0.0628872805174549,0.0593872805174549,0.0564493281715793,0.0599493281715792,0.0029379523458755,1.3591727408594243,1.3476599999738732,2.3591727408594245,-0.130296275454036,0.0659,0.0438999999999999,-0.0394,-0.0242,-0.0443,0.0034999999999999,0.9819402357943984,-0.1063010673349055,0.0166964010560204,0.0699955715178478,0.0238120002425093,0.9964671424678176,-9.306031433117445e-05,0.9722884933778188,-0.1255021908493346,0.0392913252981026,0.086580148487098,-0.0022119610449814,0.9974047001345404,36.0
2023-02-28,SPY,SPDR S&P 500 ETF,Broad Market,US Market,Broad Market,-0.0251425806640077,-0.0285425806640077,-0.0258538994870321,-0.0224538994870321,-0.0026886811769755,1.2998570499220383,1.294945878304734,2.2998570499220383,-0.15216287150222085,-0.0256999999999999,0.0058,-0.008,0.0097,-0.0151,0.0034,0.9819402357943984,-0.1063010673349055,0.0166964010560204,0.0699955715178478,0.0238120002425093,0.9964671424678176,-0.0002858091830379,0.9756141029939234,-0.1273914397662331,0.0388099505603356,0.0849375943697809,0.0033491862741508,0.9972249851830642,36.0
2023-03-31,SPY,SPDR S&P 500 ETF,Broad Market,US Market,Broad Market,0.0370776186890138,0.0334776186890138,0.0311649647152612,0.0347649647152612,0.0023126539737525,1.3851302726582877,1.3747295907874322,2.3851302726582877,-0.1207270897413919,0.0249,-0.0689,-0.0905,0.0227,-0.021,0.0036,0.9819402357943984,-0.1063010673349055,0.0166964010560204,0.0699955715178478,0.0238120002425093,0.9964671424678176,-0.0002294108992715,0.9769698950398144,-0.1314047642878758,0.0387710523258467,0.0842012179644478,0.0021266494459001,0.9967017359877705,36.0
2023-04-30,SPY,SPDR S&P 500 ETF,Broad Market,US Market,Broad Market,0.0159752375606629,0.0124752375606629,0.0110833462042011,0.014583346204201,0.0013918913564617,1.4232332953771327,1.409361094551246,2.4232332953771327,-0.10668049611935515,0.0063,-0.0256999999999999,-0.0012,0.0242,0.0285,0.0034999999999999,0.9819402357943984,-0.1063010673349055,0.0166964010560204,0.0699955715178478,0.0238120002425093,0.9964671424678176,-0.0001912335151883,0.9812398661139768,-0.1279909605617556,0.0368005486649619,0.0882693762286176,0.0046136239480421,0.9964336538709736,36.0
2023-05-31,SPY,SPDR S&P 500 ETF,Broad Market,US Market,Broad Market,0.0046160038495037,0.0010160038495037,-0.0007222769329765,0.0028777230670234,0.0017382807824802,1.4344189495968394,1.4162945685498247,2.4344189495968394,-0.10255692985060527,0.0033,-0.0043,-0.0779,-0.0178,-0.0708,0.0036,0.9819402357943984,-0.1063010673349055,0.0166964010560204,0.0699955715178478,0.0238120002425093,0.9964671424678176,-6.701756130931321e-06,0.9813560083494116,-0.1253549235360785,0.0342067930150197,0.0897360773034537,0.0003085859552171,0.9965031680736428,36.0
2023-06-30,SPY,SPDR S&P 500 ETF,Broad Market,US Market,Broad Market,0.0647997973284453,0.0607997973284453,0.063120858836351,0.067120858836351,-0.0023210615079057,1.5921688041432414,1.5784783351924991,2.5921688041432414,-0.0444028007911067,0.0646,0.0128,-0.0013,0.0232,-0.0154,0.004,0.9819402357943984,-0.1063010673349055,0.0166964010560204,0.0699955715178478,0.0238120002425093,0.9964671424678176,1.4005733750408291e-05,0.9802514416774863,-0.1232503672230749,0.0300105973493196,0.0888328988502853,0.0059332246613522,0.9966150396892782,36.0
2023-07-31,SPY,SPDR S&P 500 ETF,Broad Market,US Market,Broad Market,0.0327334673338179,0.0282334673338179,0.0287148163875547,0.0332148163875547,-0.0004813490537368,1.677019477017406,1.6641220196552058,2.677019477017406,-0.013122791086514485,0.0321,0.0286,0.0406,-0.0059,0.0066,0.0045,0.9819402357943984,-0.1063010673349055,0.0166964010560204,0.0699955715178478,0.0238120002425093,0.9964671424678176,8.905130035078481e-05,0.982222636276232,-0.128309904851176,0.029665763316688,0.0850786117541758,0.0076071025585849,0.9966051462897976,36.0
2023-08-31,SPY,SPDR S&P 500 ETF,Broad Market,US Market,Broad Market,-0.0162520729455994,-0.0207520729455994,-0.0179021406473514,-0.0134021406473514,-0.0028499322982479,1.633512361200129,1.6284170816460808,2.633512361200129,-0.029161591474125892,-0.0236,-0.0365,-0.0115,0.0335,-0.0241,0.0045,0.9819402357943984,-0.1063010673349055,0.0166964010560204,0.0699955715178478,0.0238120002425093,0.9964671424678176,7.238739760268963e-05,0.9887459705987088,-0.1193451727573281,0.0206021441694602,0.0965072812610975,0.0162252876795953,0.9972637819628756,36.0
2023-09-30,SPY,SPDR S&P 500 ETF,Broad Market,US Market,Broad Market,-0.0474345825153801,-0.0517345825153801,-0.0482762880404214,-0.0439762880404214,-0.0034582944749586,1.508592801797508,1.512829054973249,2.508592801797508,-0.07521290607244668,-0.0523,-0.0178,0.0149,0.0187,-0.0077,0.0043,0.9819402357943984,-0.1063010673349055,0.0166964010560204,0.0699955715178478,0.0238120002425093,0.9964671424678176,-8.831534140142606e-05,0.9916826943330532,-0.1172753210219129,0.0181849676871973,0.0963198073456435,0.0212732328296596,0.9971426302159618,36.0
2023-10-31,SPY,SPDR S&P 500 ETF,Broad Market,US Market,Broad Market,-0.0217086339081956,-0.0264086339081956,-0.0252785150080948,-0.0205785150080949,-0.0011301189001007,1.4541346790385514,1.461118764552705,2.4541346790385514,-0.09528877053754403,-0.0315,-0.0403,0.002,0.0241,-0.0069,0.0046999999999999,0.9819402357943984,-0.1063010673349055,0.0166964010560204,0.0699955715178478,0.0238120002425093,0.9964671424678176,-0.0001890155771116,0.9929254181206872,-0.1166070785655834,0.0161175425351025,0.0964346077394769,0.0246665055005785,0.9971253402497596,36.0
2023-11-30,SPY,SPDR S&P 500 ETF,Broad Market,US Market,Broad Market,0.0913438804303972,0.0869438804303972,0.0846324066824262,0.0890324066824262,0.0023114737479709,1.67830486372074,1.6802380912921118,2.67830486372074,-0.012648936169487812,0.0888,-0.002,0.0167,-0.0373,-0.0108,0.0044,0.9819402357943984,-0.1063010673349055,0.0166964010560204,0.0699955715178478,0.0238120002425093,0.9964671424678176,1.7083638634998385e-05,1.001706756471342,-0.1104425266805902,0.0162616095882285,0.0896964984772394,0.028708328059999,0.9973362385563688,36.0
2023-12-31,SPY,SPDR S&P 500 ETF,Broad Market,US Market,Broad Market,0.0456553500513694,0.0413553500513694,0.0388516543368609,0.0431516543368609,0.0025036957145084,1.8005838098181957,1.7958947989480367,2.8005838098181957,0.0,0.0486,0.0727,0.0489,-0.0297,0.0129,0.0043,0.9819402357943984,-0.1063010673349055,0.0166964010560204,0.0699955715178478,0.0238120002425093,0.9964671424678176,0.000147853652588,1.0030247818538998,-0.1020859165446488,0.0140047401539308,0.0895538151459907,0.0314065285983888,0.9973653566713204,36.0
2024-01-31,SPY,SPDR S&P 500 ETF,Broad Market,US Market,Broad Market,0.0159264976146638,0.0112264976146638,0.0129018904863528,0.0176018904863527,-0.001675392871689,1.8451873011849316,1.8451078330104829,2.8451873011849313,0.0,0.0073,-0.0572,-0.0237999999999999,0.0067,-0.0097,0.0046999999999999,0.9819402357943984,-0.1063010673349055,0.0166964010560204,0.0699955715178478,0.0238120002425093,0.9964671424678176,0.0001758932418708,1.0025034227151424,-0.0924192635535057,0.0103257915078208,0.0912137705492201,0.0372828598830023,0.9973561556550616,36.0
2024-02-29,SPY,SPDR S&P 500 ETF,Broad Market,US Market,Broad Market,0.0521866934662715,0.0479866934662715,0.0479374091039837,0.0521374091039837,4.928436228776589e-05,1.9936682187259975,1.993444384045099,2.9936682187259978,0.0,0.0507,-0.0081999999999999,-0.0343,-0.0206,-0.0217,0.0042,0.9819402357943984,-0.1063010673349055,0.0166964010560204,0.0699955715178478,0.0238120002425093,0.9964671424678176,6.603739458320608e-05,1.0023649964811612,-0.0954168000663517,0.0013765349060327,0.0903520530760275,0.0496188515982093,0.9975485230044934,36.0
2024-03-31,SPY,SPDR S&P 500 ETF,Broad Market,US Market,Broad Market,0.0327019903329453,0.0284019903329453,0.0308829999310087,0.0351829999310087,-0.0024810095980634,2.091567127874821,2.0987627376024363,3.091567127874821,0.0,0.0283999999999999,-0.0121,0.0416,0.0133,0.0113999999999999,0.0043,0.9819402357943984,-0.1063010673349055,0.0166964010560204,0.0699955715178478,0.0238120002425093,0.9964671424678176,-1.4861295516747051e-05,0.9995591833125111,-0.0952774899668609,-0.0082045312421779,0.0793771179600528,0.056310664535373,0.9978246965051591,36.0
2024-04-30,SPY,SPDR S&P 500 ETF,Broad Market,US Market,Broad Market,-0.0403195939360294,-0.0450195939360294,-0.0424453386788527,-0.0377453386788528,-0.0025742552571766,1.966916396652932,1.9817988885862228,2.9669163966529317,-0.04031959393602935,-0.0465,-0.0259,-0.0045,0.0113999999999999,-0.0031,0.0046999999999999,0.9819402357943984,-0.1063010673349055,0.0166964010560204,0.0699955715178478,0.0238120002425093,0.9964671424678176,-6.051087642193736e-05,1.0006369613192891,-0.0944497105525148,-0.0082571737102065,0.0797052236232763,0.0568227044727643,0.997806569529447,36.0
2024-05-31,SPY,SPDR S&P 500 ETF,Broad Market,US Market,Broad Market,0.0505796584846154,0.0461796584846154,0.0429268227772256,0.0473268227772256,0.0032528357073898,2.116982014748043,2.1229179561436715,3.116982014748043,0.0,0.0432,0.0059,-0.0131,0.0317,-0.0285,0.0044,0.9819402357943984,-0.1063010673349055,0.0166964010560204,0.0699955715178478,0.0238120002425093,0.9964671424678176,-5.063544799088857e-05,1.0011380751276893,-0.0935297302086898,-0.0094994509723586,0.0819646091448431,0.0547944317758579,0.997821304036176,36.0
2024-06-30,SPY,SPDR S&P 500 ETF,Broad Market,US Market,Broad Market,0.0352802512915013,0.0311802512915013,0.0313015789635766,0.0354015789635765,-0.0001213276720753,2.226949923499444,2.2334741827648625,3.226949923499444,0.0,0.0279999999999999,-0.0432,-0.0336,0.0056,-0.018,0.0040999999999999,0.9819402357943984,-0.1063010673349055,0.0166964010560204,0.0699955715178478,0.0238120002425093,0.9964671424678176,0.0001462594949584,1.001930769531903,-0.088855399820007,-0.0236542511582794,0.0773488744571597,0.0702296391994498,0.998015904326806,36.0
2024-07-31,SPY,SPDR S&P 500 ETF,Broad Market,US Market,Broad Market,0.0121090315545937,0.0076090315545937,0.0041138478187473,0.0086138478187473,0.0034951837358463,2.2660251619481926,2.261326837301048,3.2660251619481926,0.0,0.0121999999999999,0.0834,0.0562,0.0026,0.0028,0.0045,0.9819402357943984,-0.1063010673349055,0.0166964010560204,0.0699955715178478,0.0238120002425093,0.9964671424678176,0.0002206853709644,1.000771554412481,-0.0776218049253356,-0.0217452275260359,0.0769582069297224,0.0687225472348787,0.9979959213474108,36.0
2024-08-31,SPY,SPDR S&P 500 ETF,Broad Market,US Market,Broad Market,0.0233655481376158,0.0185655481376158,0.0199391761524,0.0247391761524,-0.0013736280147842,2.3423376300883576,2.342009376419588,3.3423376300883576,0.0,0.0161,-0.0355,-0.011,0.0076,0.0081999999999999,0.0048,0.9819402357943984,-0.1063010673349055,0.0166964010560204,0.0699955715178478,0.0238120002425093,0.9964671424678176,0.0001450424749516,1.0000666784111878,-0.0754879781722218,-0.0213828546496437,0.078463468062724,0.0680695294857753,0.9979590903830734,36.0
2024-09-30,SPY,SPDR S&P 500 ETF,Broad Market,US Market,Broad Market,0.0210046457716579,0.0170046457716579,0.0173883377037236,0.0213883377037236,-0.0003836919320657,2.412542248057646,2.4134894015714607,3.412542248057646,0.0,0.0173,-0.0092,-0.0276,0.002,-0.0029,0.004,0.9819402357943984,-0.1063010673349055,0.0166964010560204,0.0699955715178478,0.0238120002425093,0.9964671424678176,0.0001128916580573,0.9994793630718782,-0.0762040305256722,-0.0184259250572846,0.0780999871164193,0.0652926178800847,0.9978712701958358,36.0
2024-10-31,SPY,SPDR S&P 500 ETF,Broad Market,US Market,Broad Market,-0.008923565233342,-0.012823565233342,-0.0097196245338559,-0.0058196245338559,-0.003103940699486,2.382090204695568,2.393624174904018,3.382090204695568,-0.008923565233342146,-0.01,-0.0089,0.0086,-0.0148,0.0098,0.0039,0.9819402357943984,-0.1063010673349055,0.0166964010560204,0.0699955715178478,0.0238120002425093,0.9964671424678176,-1.130837691534336e-05,0.9987414986616984,-0.0732728136316052,-0.0197210628430032,0.0815624177147406,0.0660407871424025,0.9977072193527036,36.0
2024-11-30,SPY,SPDR S&P 500 ETF,Broad Market,US Market,Broad Market,0.0596336966080701,0.0556336966080701,0.0565830589788533,0.0605830589788533,-0.0009493623707832,2.583776745863509,2.599220308444291,3.5837767458635095,0.0,0.0649,0.0458999999999999,0.0016,-0.0231,-0.0204999999999999,0.004,0.9819402357943984,-0.1063010673349055,0.0166964010560204,0.0699955715178478,0.0238120002425093,0.9964671424678176,-8.224825661928663e-05,0.9974693756586076,-0.074604076762229,-0.0207658272641927,0.0856001892804792,0.0674862540893298,0.9977068506483884,36.0
2024-12-31,SPY,SPDR S&P 500 ETF,Broad Market,US Market,Broad Market,-0.0240603094599622,-0.0277603094599622,-0.0265132013497111,-0.0228132013497111,-0.001247108110251,2.497549968322617,2.517110570845781,3.497549968322617,-0.02406030945996218,-0.0315,-0.0383,-0.03,0.0189,-0.0121,0.0037,0.9819402357943984,-0.1063010673349055,0.0166964010560204,0.0699955715178478,0.0238120002425093,0.9964671424678176,-0.0002376017577064,0.9940328184864408,-0.081937858815404,-0.0118162875834579,0.0667049076757,0.0511533380585086,0.9983699822479944,36.0
2025-01-31,SPY,SPDR S&P 500 ETF,Broad Market,US Market,Broad Market,0.026856536052225,0.023156536052225,0.0264702624609619,0.0301702624609619,-0.0033137264087369,2.591482045141332,2.6232227198724223,3.591482045141332,0.0,0.0279999999999999,-0.0123,0.0163,-0.0235,-0.0324,0.0037,0.9819402357943984,-0.1063010673349055,0.0166964010560204,0.0699955715178478,0.0238120002425093,0.9964671424678176,-0.0003235759215778,0.9950326001097918,-0.067939576232252,-0.0298293276096403,0.0759129743333089,0.0626110108027268,0.998413454426217,36.0
2025-02-28,SPY,SPDR S&P 500 ETF,Broad Market,US Market,Broad Market,-0.0126949344037609,-0.0159949344037609,-0.0165246865201827,-0.0132246865201827,0.0005297521164218,2.545888416165978,2.5753067352093058,3.545888416165978,-0.012694934403760905,-0.0243,-0.0491,0.0491,0.0108,0.0306,0.0033,0.9819402357943984,-0.1063010673349055,0.0166964010560204,0.0699955715178478,0.0238120002425093,0.9964671424678176,-6.338079802079358e-05,0.992914432997824,-0.0722977699309875,-0.0248238729087386,0.0667481043583455,0.0663855210556022,0.9984759027537218,36.0
2025-03-31,SPY,SPDR S&P 500 ETF,Broad Market,US Market,Broad Market,-0.0557192143350362,-0.0591192143350362,-0.0595002232436474,-0.0561002232436474,0.0003810089086112,2.3483142994975035,2.3747312291995475,3.3483142994975035,-0.06770679696778481,-0.0639,-0.0149,0.0289999999999999,0.0210999999999999,-0.0046999999999999,0.0034,0.9819402357943984,-0.1063010673349055,0.0166964010560204,0.0699955715178478,0.0238120002425093,0.9964671424678176,-0.0002704914648924,0.9881628485993028,-0.0743317890335471,-0.0070059500486102,0.0772064836361444,0.0400445665751365,0.9987243305463585,36.0
2025-04-30,SPY,SPDR S&P 500 ETF,Broad Market,US Market,Broad Market,-0.008670179898342,-0.012170179898342,-0.0096584134671745,-0.0061584134671746,-0.0025117664311674,2.3192838121646693,2.3539482389495503,3.3192838121646693,-0.07578994675607553,-0.0084,-0.0186,-0.0341,-0.0285,-0.0266999999999999,0.0034999999999999,0.9819402357943984,-0.1063010673349055,0.0166964010560204,0.0699955715178478,0.0238120002425093,0.9964671424678176,-0.0003663834108728,0.989245101532223,-0.0737025642798743,-0.0062390557153597,0.0802987827810449,0.038733174136613,0.9985476902953184,36.0
2025-05-31,SPY,SPDR S&P 500 ETF,Broad Market,US Market,Broad Market,0.0628448677116264,0.0590448677116264,0.0611033998340187,0.0649033998340187,-0.0020585321223923,2.527883764237501,2.571630882524696,3.527883764237501,-0.01770808822220593,0.0605999999999999,-0.0072,-0.0288,0.0129,0.0250999999999999,0.0038,0.9819402357943984,-0.1063010673349055,0.0166964010560204,0.0699955715178478,0.0238120002425093,0.9964671424678176,-0.0005940364416686,0.9874904569310308,-0.074583818590005,-0.0048675766979876,0.078992182313178,0.028516813010257,0.998647572309783,36.0
2025-06-30,SPY,SPDR S&P 500 ETF,Broad Market,US Market,Broad Market,0.0513862711715635,0.0479862711715635,0.0453904642628069,0.0487904642628069,0.0025958069087565,2.7091685560083656,2.745892411458455,3.7091685560083656,0.0,0.0486,-0.0002,-0.0161,-0.032,0.0144,0.0034,0.9819402357943984,-0.1063010673349055,0.0166964010560204,0.0699955715178478,0.0238120002425093,0.9964671424678176,-0.0005766004148831,0.991273921171456,-0.0790656563210746,-0.004924415430043,0.0702118252810441,0.0346800833428499,0.99846672503166,36.0
2025-07-31,SPY,SPDR S&P 500 ETF,Broad Market,US Market,Broad Market,0.0230315411488652,0.0196315411488652,0.0185029839961296,0.0219029839961296,0.0011285571527355,2.794596424234149,2.8279386329978524,3.7945964242341494,0.0,0.0197999999999999,-0.0014,-0.0127,-0.0028,-0.0207,0.0034,0.9819402357943984,-0.1063010673349055,0.0166964010560204,0.0699955715178478,0.0238120002425093,0.9964671424678176,-0.0005447170071566,0.9913810884802594,-0.0789832056556352,-0.0047836099347165,0.0702340885965989,0.0336628123501,0.9982955588178328,36.0
2025-08-31,SPY,SPDR S&P 500 ETF,Broad Market,US Market,Broad Market,0.0205194384557563,0.0167194384557563,0.0135413894963132,0.0173413894963132,0.003178048959443,2.872459412025655,2.894320407800653,3.872459412025655,0.0,0.0185,0.0487999999999999,0.0441999999999999,-0.0069,0.0208,0.0038,0.9819402357943984,-0.1063010673349055,0.0166964010560204,0.0699955715178478,0.0238120002425093,0.9964671424678176,-0.0003745040036533,0.9895840094429318,-0.0744732045004494,-0.0061768263399026,0.0670426960029249,0.0388690579820775,0.998129479466246,36.0
2025-09-30,SPY,SPDR S&P 500 ETF,Broad Market,US Market,Broad Market,0.035620412937162,0.032320412937162,0.0332789755605563,0.0365789755605563,-0.0009585626233943,3.0103980153644088,3.0367706588225687,4.010398015364409,0.0,0.0339,-0.0218,-0.0105,-0.0204999999999999,-0.0222,0.0033,0.9819402357943984,-0.1063010673349055,0.0166964010560204,0.0699955715178478,0.0238120002425093,0.9964671424678176,-0.0002976231475307,0.9869104071712348,-0.0733119129200399,-0.0069763576085349,0.0655819857879639,0.03995279299011,0.9977503779350956,36.0
2025-10-31,SPY,SPDR S&P 500 ETF,Broad Market,US Market,Broad Market,0.0238374141024282,0.0201374141024282,0.0153062787454256,0.0190062787454256,0.0048311353570025,3.105995533572207,3.1134946471955063,4.105995533572207,0.0,0.0196,-0.0131,-0.031,-0.0524,-0.0403,0.0037,0.9819402357943984,-0.1063010673349055,0.0166964010560204,0.0699955715178478,0.0238120002425093,0.9964671424678176,-0.0001700194579121,0.987877905491294,-0.0786660786032112,-0.0039345493579835,0.0523476031345281,0.0380514039370558,0.9971616061869464,36.0
2025-11-30,SPY,SPDR S&P 500 ETF,Broad Market,US Market,Broad Market,0.0019499438514807,-0.0010500561485192,-0.0012288193533302,0.0017711806466697,0.000178763204811,3.114001994317104,3.120780389304799,4.114001994317103,0.0,-0.0013,0.0147,0.0375999999999999,0.0144,0.0068,0.003,0.9819402357943984,-0.1063010673349055,0.0166964010560204,0.0699955715178478,0.0238120002425093,0.9964671424678176,-0.0001479316594068,0.9880247473446117,-0.0784807984516634,-0.0032154283716709,0.053475832199216,0.0378321491147828,0.9970695743185106,36.0
2025-12-31,SPY,SPDR S&P 500 ETF,Broad Market,US Market,Broad Market,0.0007975195784812,-0.0026024804215187,-0.0027162967763855,0.0006837032236144,0.0001138163548668,3.1172829914534823,3.123597780140773,4.117282991453482,0.0,-0.0036,-0.0022,0.0242,0.004,0.0037,0.0034,0.9819402357943984,-0.1063010673349055,0.0166964010560204,0.0699955715178478,0.0238120002425093,0.9964671424678176,-0.0001727457181285,0.9890210122411024,-0.079417639699857,-0.001487748436004,0.0543150607545049,0.0355230283992243,0.9966949633361208,36.0
2026-01-31,SPY,SPDR S&P 500 ETF,Broad Market,US Market,Broad Market,0.0147377327962257,0.0117377327962257,0.0087920408907242,0.0117920408907242,0.0029456919055014,3.1779624080279687,3.1722234137810927,4.177962408027969,0.0,0.0103,0.0326,0.0372,0.0182,0.0183,0.003,0.9819402357943984,-0.1063010673349055,0.0166964010560204,0.0699955715178478,0.0238120002425093,0.9964671424678176,-7.00777993743807e-05,0.9883720530278404,-0.0773943620538861,-0.0011615652297156,0.0576822653692341,0.0396914037989063,0.9963649468378838,36.0
2026-02-28,SPY,SPDR S&P 500 ETF,Broad Market,US Market,Broad Market,-0.0086419517230924,-0.0114419517230924,-0.0095320065304213,-0.0067320065304213,-0.001909945192671,3.141856658596896,3.144135978513141,4.141856658596896,-0.008641951723092456,-0.0116999999999999,0.0063,0.0283,0.0162,0.0507,0.0028,0.9819402357943984,-0.1063010673349055,0.0166964010560204,0.0699955715178478,0.0238120002425093,0.9964671424678176,-7.503305098229755e-05,0.9866821394815092,-0.0754216216196055,-0.000381761890582,0.0597085063298233,0.0296291273586462,0.9963429093491312,36.0
2015-02-28,USMV,iShares MSCI USA Min Vol Factor ETF,Minimum Volatility,Minimum Volatility,Quality / Profitability Tilt,0.0364942941024197,0.0364942941024197,0.0367572861878756,0.0367572861878756,-0.0002629920854559,0.0364942941024197,0.0367572861878755,1.0364942941024198,0.0,0.0613999999999999,0.0036,-0.0179,-0.011,-0.0175,0.0,0.7107648205475668,-0.1215011201095718,-0.0222916241213541,0.269795822567459,0.1742324873658151,0.7947925153186984,,,,,,,,
2015-03-31,USMV,iShares MSCI USA Min Vol Factor ETF,Minimum Volatility,Minimum Volatility,Quality / Profitability Tilt,-0.007481006521929,-0.007481006521929,-0.0131247144735318,-0.0131247144735318,0.0056437079516028,0.0287402735282973,0.023150142828306,1.0287402735282973,-0.007481006521929068,-0.0109,0.0308,-0.0038,0.0007,-0.0062,0.0,0.7107648205475668,-0.1215011201095718,-0.0222916241213541,0.269795822567459,0.1742324873658151,0.7947925153186984,,,,,,,,
2015-04-30,USMV,iShares MSCI USA Min Vol Factor ETF,Minimum Volatility,Minimum Volatility,Quality / Profitability Tilt,-0.0058172120819909,-0.0058172120819909,0.0057467126380359,0.0057467126380359,-0.0115639247200268,0.0227558731798978,0.0290298926847056,1.0227558731798978,-0.013254700002395259,0.006,-0.0301,0.018,0.0005,-0.0062,0.0,0.7107648205475668,-0.1215011201095718,-0.0222916241213541,0.269795822567459,0.1742324873658151,0.7947925153186984,,,,,,,,
2015-05-31,USMV,iShares MSCI USA Min Vol Factor ETF,Minimum Volatility,Minimum Volatility,Quality / Profitability Tilt,0.0102392602296876,0.0102392602296876,0.0020366789881025,0.0020366789881025,0.008202581241585,0.0332281367168283,0.0311256962452659,1.0332281367168283,-0.003151158095298423,0.0138,0.0081999999999999,-0.0111,-0.0176,-0.0083,0.0,0.7107648205475668,-0.1215011201095718,-0.0222916241213541,0.269795822567459,0.1742324873658151,0.7947925153186984,,,,,,,,
2015-06-30,USMV,iShares MSCI USA Min Vol Factor ETF,Minimum Volatility,Minimum Volatility,Quality / Profitability Tilt,-0.022314526348752,-0.022314526348752,-0.0168538815842413,-0.0168538815842413,-0.0054606447645106,0.0101721402357888,0.0137472258622799,1.0101721402357888,-0.025395367843703665,-0.0154,0.0289999999999999,-0.0081999999999999,0.0034999999999999,-0.0154,0.0,0.7107648205475668,-0.1215011201095718,-0.0222916241213541,0.269795822567459,0.1742324873658151,0.7947925153186984,,,,,,,,
2015-07-31,USMV,iShares MSCI USA Min Vol Factor ETF,Minimum Volatility,Minimum Volatility,Quality / Profitability Tilt,0.0401785745190825,0.0401785745190825,0.0134077176493179,0.0134077176493179,0.0267708568697645,0.0507594168493537,0.0273392624344206,1.0507594168493537,0.0,0.0157,-0.0458,-0.0416,0.0031,-0.0243999999999999,0.0,0.7107648205475668,-0.1215011201095718,-0.0222916241213541,0.269795822567459,0.1742324873658151,0.7947925153186984,,,,,,,,
2015-08-31,USMV,iShares MSCI USA Min Vol Factor ETF,Minimum Volatility,Minimum Volatility,Quality / Profitability Tilt,-0.045302143142451,-0.045302143142451,-0.0405536308486331,-0.0405536308486331,-0.0047485122938178,0.0031577633389658,-0.0143230747706519,1.003157763338966,-0.04530214314245107,-0.0602,0.0029,0.0275,0.0066,0.0129,0.0,0.7107648205475668,-0.1215011201095718,-0.0222916241213541,0.269795822567459,0.1742324873658151,0.7947925153186984,,,,,,,,
2015-09-30,USMV,iShares MSCI USA Min Vol Factor ETF,Minimum Volatility,Minimum Volatility,Quality / Profitability Tilt,-0.0062218685008539,-0.0062218685008539,-0.0154700902035778,-0.0154700902035778,0.0092482217027239,-0.0030837523501399,-0.0295715857155353,0.9969162476498601,-0.05124214766586577,-0.0306,-0.0279999999999999,0.0055,0.018,-0.0059,0.0,0.7107648205475668,-0.1215011201095718,-0.0222916241213541,0.269795822567459,0.1742324873658151,0.7947925153186984,,,,,,,,
2015-10-31,USMV,iShares MSCI USA Min Vol Factor ETF,Minimum Volatility,Minimum Volatility,Quality / Profitability Tilt,0.0598634523155783,0.0598634523155783,0.0604893785314074,0.0604893785314074,-0.0006259262158291,0.0565950959036727,0.0291290259737511,1.0565950959036727,0.0,0.0775,-0.0206,-0.0046999999999999,0.0095,0.0060999999999999,0.0,0.7107648205475668,-0.1215011201095718,-0.0222916241213541,0.269795822567459,0.1742324873658151,0.7947925153186984,,,,,,,,
2015-11-30,USMV,iShares MSCI USA Min Vol Factor ETF,Minimum Volatility,Minimum Volatility,Quality / Profitability Tilt,-0.0021445318024105,-0.0021445318024105,-0.0096872444228671,-0.0096872444228671,0.0075427126204566,0.0543291941182364,0.0191596015564761,1.0543291941182364,-0.0021445318024103655,0.0056999999999999,0.033,-0.0043,-0.0265,-0.0106,0.0,0.7107648205475668,-0.1215011201095718,-0.0222916241213541,0.269795822567459,0.1742324873658151,0.7947925153186984,,,,,,,,
2015-12-31,USMV,iShares MSCI USA Min Vol Factor ETF,Minimum Volatility,Minimum Volatility,Quality / Profitability Tilt,0.0050441407919861,0.0049441407919861,-0.010826348333032,-0.010726348333032,0.0157704891250181,0.05964737901447,0.0082277406632271,1.05964737901447,0.0,-0.0215,-0.0295,-0.0256999999999999,0.0034,0.0012,0.0001,0.7107648205475668,-0.1215011201095718,-0.0222916241213541,0.269795822567459,0.1742324873658151,0.7947925153186984,,,,,,,,
2016-01-31,USMV,iShares MSCI USA Min Vol Factor ETF,Minimum Volatility,Minimum Volatility,Quality / Profitability Tilt,-0.0138690017235747,-0.0139690017235747,-0.0250959804733313,-0.0249959804733313,0.0111269787497566,0.0449511276885368,-0.0169739002550618,1.0449511276885368,-0.013869001723574859,-0.0574,-0.0344,0.0208,0.0278,0.0305,0.0001,0.7107648205475668,-0.1215011201095718,-0.0222916241213541,0.269795822567459,0.1742324873658151,0.7947925153186984,,,,,,,,
2016-02-29,USMV,iShares MSCI USA Min Vol Factor ETF,Minimum Volatility,Minimum Volatility,Quality / Profitability Tilt,0.0104269944751418,0.0102269944751418,0.0100632685137045,0.0102632685137045,0.0001637259614372,0.0558468273237384,-0.0068848394373998,1.0558468273237385,-0.0035866192527803653,-0.0007,0.0087,-0.0060999999999999,0.0331,0.0194,0.0002,0.7107648205475668,-0.1215011201095718,-0.0222916241213541,0.269795822567459,0.1742324873658151,0.7947925153186984,,,,,,,,
2016-03-31,USMV,iShares MSCI USA Min Vol Factor ETF,Minimum Volatility,Minimum Volatility,Quality / Profitability Tilt,0.0593168400529773,0.0591168400529773,0.0489347535988961,0.0491347535988961,0.0101820864540811,0.1184763247005442,0.0419116292721717,1.1184763247005443,0.0,0.0695,0.01,0.0121999999999999,0.0068,0.0001,0.0002,0.7107648205475668,-0.1215011201095718,-0.0222916241213541,0.269795822567459,0.1742324873658151,0.7947925153186984,,,,,,,,
2016-04-30,USMV,iShares MSCI USA Min Vol Factor ETF,Minimum Volatility,Minimum Volatility,Quality / Profitability Tilt,-0.003642128730509,-0.003742128730509,-0.0011780273798489,-0.0010780273798489,-0.00256410135066,0.1144026899439583,0.0407884200084331,1.1144026899439583,-0.0036421287305089534,0.0091,0.0123,0.0322,-0.0285,0.0177,0.0001,0.7107648205475668,-0.1215011201095718,-0.0222916241213541,0.269795822567459,0.1742324873658151,0.7947925153186984,,,,,,,,
2016-05-31,USMV,iShares MSCI USA Min Vol Factor ETF,Minimum Volatility,Minimum Volatility,Quality / Profitability Tilt,0.0157643891663947,0.0156643891663947,0.0055443185778793,0.0056443185778793,0.0101200705885153,0.1319705676363121,0.0466629614231284,1.131970567636312,0.0,0.0178,-0.0062,-0.0162,-0.011,-0.0254,0.0001,0.7107648205475668,-0.1215011201095718,-0.0222916241213541,0.269795822567459,0.1742324873658151,0.7947925153186984,,,,,,,,
2016-06-30,USMV,iShares MSCI USA Min Vol Factor ETF,Minimum Volatility,Minimum Volatility,Quality / Profitability Tilt,0.0448849881832837,0.0446849881832837,0.0060026004799834,0.0062026004799834,0.0386823877033002,0.1827790531884929,0.0531549936100326,1.182779053188493,0.0,-0.0003,0.0042,-0.0149,0.0144999999999999,0.019,0.0002,0.7107648205475668,-0.1215011201095718,-0.0222916241213541,0.269795822567459,0.1742324873658151,0.7947925153186984,,,,,,,,
2016-07-31,USMV,iShares MSCI USA Min Vol Factor ETF,Minimum Volatility,Minimum Volatility,Quality / Profitability Tilt,0.0147152901611506,0.0145152901611506,0.0259642335681839,0.0261642335681839,-0.0114489434070333,0.2001839901526927,0.0807099868463447,1.2001839901526927,0.0,0.0394,0.0247,-0.0124,0.0131,-0.0116,0.0002,0.7107648205475668,-0.1215011201095718,-0.0222916241213541,0.269795822567459,0.1742324873658151,0.7947925153186984,,,,,,,,
2016-08-31,USMV,iShares MSCI USA Min Vol Factor ETF,Minimum Volatility,Minimum Volatility,Quality / Profitability Tilt,-0.0196205877106016,-0.0198205877106016,-0.0056877423857765,-0.0054877423857765,-0.014132845324825,0.1766356749050419,0.0747793288447959,1.176635674905042,-0.0196205877106016,0.0049,0.0166,0.0317,-0.0185,-0.0036,0.0002,0.7107648205475668,-0.1215011201095718,-0.0222916241213541,0.269795822567459,0.1742324873658151,0.7947925153186984,,,,,,,,
2016-09-30,USMV,iShares MSCI USA Min Vol Factor ETF,Minimum Volatility,Minimum Volatility,Quality / Profitability Tilt,-0.0064730077054615,-0.0066730077054615,-0.0066725813732004,-0.0064725813732004,-4.263322610845166e-07,0.1690193031148605,0.0678227321806144,1.1690193031148606,-0.025966591200626832,0.0027,0.0181,-0.0118999999999999,-0.0218,0.0003,0.0002,0.7107648205475668,-0.1215011201095718,-0.0222916241213541,0.269795822567459,0.1742324873658151,0.7947925153186984,,,,,,,,
2016-10-31,USMV,iShares MSCI USA Min Vol Factor ETF,Minimum Volatility,Minimum Volatility,Quality / Profitability Tilt,-0.0275147657617776,-0.0277147657617776,-0.0080401210101353,-0.0078401210101353,-0.0196746447516422,0.1368540108186586,0.059450872742945,1.1368540108186587,-0.052766892287887446,-0.0200999999999999,-0.0401999999999999,0.0411,0.0098999999999999,0.0025,0.0002,0.7107648205475668,-0.1215011201095718,-0.0222916241213541,0.269795822567459,0.1742324873658151,0.7947925153186984,,,,,,,,
2016-11-30,USMV,iShares MSCI USA Min Vol Factor ETF,Minimum Volatility,Minimum Volatility,Quality / Profitability Tilt,0.0061113464564441,0.0060113464564441,0.0291556882484014,0.0292556882484014,-0.0231443417919573,0.1438017195491696,0.0904458371904093,1.1438017195491696,-0.04697802259164441,0.0484999999999999,0.0696,0.0828999999999999,-0.0024,0.0371,0.0001,0.7107648205475668,-0.1215011201095718,-0.0222916241213541,0.269795822567459,0.1742324873658151,0.7947925153186984,,,,,,,,
2016-12-31,USMV,iShares MSCI USA Min Vol Factor ETF,Minimum Volatility,Minimum Volatility,Quality / Profitability Tilt,0.0243283859803509,0.0240283859803509,0.0135161759507048,0.0138161759507048,0.010512210029646,0.1716285692673509,0.1055116287417456,1.171628569267351,-0.02379253607749665,0.0181,0.0044,0.0347,0.0124,-0.0032,0.0003,0.7107648205475668,-0.1215011201095718,-0.0222916241213541,0.269795822567459,0.1742324873658151,0.7947925153186984,,,,,,,,
2017-01-31,USMV,iShares MSCI USA Min Vol Factor ETF,Minimum Volatility,Minimum Volatility,Quality / Profitability Tilt,0.0126051159992786,0.0122051159992786,0.0121024121567994,0.0125024121567994,0.0001027038424791,0.1863970832910346,0.1193331907684096,1.1863970832910347,-0.011487327755391963,0.0194,-0.0144,-0.0276,-0.0051,-0.0106,0.0004,0.7107648205475668,-0.1215011201095718,-0.0222916241213541,0.269795822567459,0.1742324873658151,0.7947925153186984,,,,,,,,
2017-02-28,USMV,iShares MSCI USA Min Vol Factor ETF,Minimum Volatility,Minimum Volatility,Quality / Profitability Tilt,0.0454246355605794,0.0450246355605794,0.0256104804267691,0.0260104804267691,0.0194141551338102,0.2402887384296643,0.1484475848179243,1.2402887384296644,0.0,0.0355,-0.023,-0.015,0.0045,-0.018,0.0004,0.7107648205475668,-0.1215011201095718,-0.0222916241213541,0.269795822567459,0.1742324873658151,0.7947925153186984,,,,,,,,
2017-03-31,USMV,iShares MSCI USA Min Vol Factor ETF,Minimum Volatility,Minimum Volatility,Quality / Profitability Tilt,0.0012295330762628,0.0009295330762628,0.000255390673571,0.000555390673571,0.0006741424026917,0.2418137144576799,0.1490854218956174,1.24181371445768,0.0,0.0017,0.0075,-0.0333,0.0063,-0.0095,0.0003,0.7107648205475668,-0.1215011201095718,-0.0222916241213541,0.269795822567459,0.1742324873658151,0.7947925153186984,,,,,,,,
2017-04-30,USMV,iShares MSCI USA Min Vol Factor ETF,Minimum Volatility,Minimum Volatility,Quality / Profitability Tilt,0.0140404233995667,0.0135404233995667,0.0088482419340778,0.0093482419340778,0.0046921814654888,0.2592493047920545,0.1598273504224194,1.2592493047920545,0.0,0.0108,0.0040999999999999,-0.0204999999999999,0.0179,-0.016,0.0005,0.7107648205475668,-0.1215011201095718,-0.0222916241213541,0.269795822567459,0.1742324873658151,0.7947925153186984,,,,,,,,
2017-05-31,USMV,iShares MSCI USA Min Vol Factor ETF,Minimum Volatility,Minimum Volatility,Quality / Profitability Tilt,0.0200455085820996,0.0194455085820996,0.0110398592097373,0.0116398592097373,0.0084056493723622,0.2844915975382667,0.1733275774889391,1.2844915975382667,0.0,0.0107,-0.0299,-0.0382,0.0098999999999999,-0.0166,0.0006,0.7107648205475668,-0.1215011201095718,-0.0222916241213541,0.269795822567459,0.1742324873658151,0.7947925153186984,,,,,,,,
2017-06-30,USMV,iShares MSCI USA Min Vol Factor ETF,Minimum Volatility,Minimum Volatility,Quality / Profitability Tilt,-0.0035451500768101,-0.0041451500768101,-0.0047083968393675,-0.0041083968393675,0.0005632467625574,0.2799378820525919,0.1685070821780407,1.279937882052592,-0.0035451500768101107,0.0078,0.0252,0.015,-0.0226,0.0004,0.0006,0.7107648205475668,-0.1215011201095718,-0.0222916241213541,0.269795822567459,0.1742324873658151,0.7947925153186984,,,,,,,,
2017-07-31,USMV,iShares MSCI USA Min Vol Factor ETF,Minimum Volatility,Minimum Volatility,Quality / Profitability Tilt,0.0202328982427,0.0195328982427,0.0122929830752867,0.0129929830752867,0.0072399151674132,0.3058347349771391,0.183689474920133,1.305834734977139,0.0,0.0187999999999999,-0.0163999999999999,-0.0023,-0.0075,-0.0015,0.0007,0.7107648205475668,-0.1215011201095718,-0.0222916241213541,0.269795822567459,0.1742324873658151,0.7947925153186984,,,,,,,,
2017-08-31,USMV,iShares MSCI USA Min Vol Factor ETF,Minimum Volatility,Minimum Volatility,Quality / Profitability Tilt,0.0076123211657463,0.0067123211657463,-0.0004579500413746,0.0004420499586253,0.0071702712071209,0.3157751683691723,0.1842127248035465,1.3157751683691723,0.0,0.0018,-0.0183,-0.0213,0.002,-0.0237999999999999,0.0009,0.7107648205475668,-0.1215011201095718,-0.0222916241213541,0.269795822567459,0.1742324873658151,0.7947925153186984,,,,,,,,
2017-09-30,USMV,iShares MSCI USA Min Vol Factor ETF,Minimum Volatility,Minimum Volatility,Quality / Profitability Tilt,0.005166135077057,0.004266135077057,0.0090690711751412,0.0099690711751412,-0.0048029360980842,0.3225726406200049,0.1960182257436211,1.322572640620005,0.0,0.0249,0.0475999999999999,0.0315,-0.0154,0.0163,0.0009,0.7107648205475668,-0.1215011201095718,-0.0222916241213541,0.269795822567459,0.1742324873658151,0.7947925153186984,,,,,,,,
2017-10-31,USMV,iShares MSCI USA Min Vol Factor ETF,Minimum Volatility,Minimum Volatility,Quality / Profitability Tilt,0.0194675123450991,0.0185675123450991,0.0144666549534104,0.0153666549534104,0.0041008573916886,0.3483198398285652,0.2143970251366134,1.3483198398285652,0.0,0.0225,-0.0191,0.0013,0.0092,-0.0314,0.0009,0.7107648205475668,-0.1215011201095718,-0.0222916241213541,0.269795822567459,0.1742324873658151,0.7947925153186984,,,,,,,,
2017-11-30,USMV,iShares MSCI USA Min Vol Factor ETF,Minimum Volatility,Minimum Volatility,Quality / Profitability Tilt,0.0307875194366962,0.0299875194366962,0.0302614161157669,0.0310614161157669,-0.0002738966790707,0.3898312631041702,0.2521179164641312,1.3898312631041703,0.0,0.0312,-0.0038,-0.0009,0.0319,-0.001,0.0008,0.7107648205475668,-0.1215011201095718,-0.0222916241213541,0.269795822567459,0.1742324873658151,0.7947925153186984,,,,,,,,
2017-12-31,USMV,iShares MSCI USA Min Vol Factor ETF,Minimum Volatility,Minimum Volatility,Quality / Profitability Tilt,0.0023892019143134,0.0014892019143134,0.0130585268195057,0.0139585268195057,-0.0115693249051923,0.3931518506185514,0.2695956379822792,1.3931518506185514,0.0,0.0106,-0.0105,0.0005,0.0073,0.0179,0.0009,0.7107648205475668,-0.1215011201095718,-0.0222916241213541,0.269795822567459,0.1742324873658151,0.7947925153186984,,,,,,,,
2018-01-31,USMV,iShares MSCI USA Min Vol Factor ETF,Minimum Volatility,Minimum Volatility,Quality / Profitability Tilt,0.0348619515109795,0.0337619515109796,0.0391737353378975,0.0402737353378975,-0.0054117838269179,0.4417198428822468,0.3207269966925266,1.4417198428822469,0.0,0.0558,-0.0321,-0.0132,-0.0075,-0.0105,0.0011,0.7107648205475668,-0.1215011201095718,-0.0222916241213541,0.269795822567459,0.1742324873658151,0.7947925153186984,0.002410287367872,0.6736456827268321,-0.1660848943632755,-0.3144955257335555,0.2858512763898138,0.2979751317923884,0.8258797668262231,36.0
2018-02-28,USMV,iShares MSCI USA Min Vol Factor ETF,Minimum Volatility,Minimum Volatility,Quality / Profitability Tilt,-0.0424752366229743,-0.0435752366229743,-0.0295501715091736,-0.0284501715091736,-0.0140250651138006,0.3804824514117861,0.2831520871198283,1.3804824514117862,-0.042475236622974255,-0.0364,0.0034,-0.011,0.0053,-0.0236,0.0011,0.7107648205475668,-0.1215011201095718,-0.0222916241213541,0.269795822567459,0.1742324873658151,0.7947925153186984,0.0018790498961828,0.7119633965735921,-0.1890846403129636,-0.3275511211405925,0.259220697763525,0.3683710569664863,0.8298665273137728,36.0
2018-03-31,USMV,iShares MSCI USA Min Vol Factor ETF,Minimum Volatility,Minimum Volatility,Quality / Profitability Tilt,-0.0026236308467392,-0.0038236308467392,-0.0228375954467812,-0.0216375954467812,0.019013964600042,0.37686057506888,0.2553877613620365,1.37686057506888,-0.044987428128686835,-0.0235,0.0361,-0.0021,-0.0040999999999999,0.0008,0.0012,0.7107648205475668,-0.1215011201095718,-0.0222916241213541,0.269795822567459,0.1742324873658151,0.7947925153186984,0.0024524068935667,0.693915506131656,-0.1615878788761892,-0.3437444610673556,0.2553633056962963,0.3751889323668684,0.816452651614004,36.0
2018-04-30,USMV,iShares MSCI USA Min Vol Factor ETF,Minimum Volatility,Minimum Volatility,Quality / Profitability Tilt,0.0021180547384374,0.0007180547384374,-0.0043353309160056,-0.0029353309160056,0.005053385654443,0.3797768411340723,0.2517027828545355,1.3797768411340723,-0.04296465922556758,0.0029,0.0089,0.0053,-0.0242,0.0124,0.0014,0.7107648205475668,-0.1215011201095718,-0.0222916241213541,0.269795822567459,0.1742324873658151,0.7947925153186984,0.0027209689504554,0.6939396432023379,-0.1819299308019893,-0.3235565701571314,0.2439733186908745,0.3644153299318816,0.8195226787353938,36.0
2018-05-31,USMV,iShares MSCI USA Min Vol Factor ETF,Minimum Volatility,Minimum Volatility,Quality / Profitability Tilt,0.0099922969831864,0.0085922969831864,0.0049038804160855,0.0063038804160855,0.0036884165671008,0.3935639811012068,0.259593367514132,1.3935639811012068,-0.03340167787714443,0.0263,0.0471,-0.0314,-0.0197999999999999,-0.0149,0.0014,0.7107648205475668,-0.1215011201095718,-0.0222916241213541,0.269795822567459,0.1742324873658151,0.7947925153186984,0.0025364818452993,0.6935506914809253,-0.1903335676641563,-0.3133194465130562,0.2548424038734894,0.364327193883213,0.8195922915134571,36.0
2018-06-30,USMV,iShares MSCI USA Min Vol Factor ETF,Minimum Volatility,Minimum Volatility,Quality / Profitability Tilt,0.0169573730126935,0.0155573730126935,0.0048258868839296,0.0062258868839296,0.0107314861287638,0.4171951653457941,0.2674354533400229,1.4171951653457942,-0.017010709575463467,0.0049,0.0077,-0.0233,0.0083,0.002,0.0014,0.7107648205475668,-0.1215011201095718,-0.0222916241213541,0.269795822567459,0.1742324873658151,0.7947925153186984,0.0027593968726858,0.6852491284983079,-0.1735561121862113,-0.3143464379437581,0.2679537131268047,0.3444516626872723,0.8138528380827459,36.0
2018-07-31,USMV,iShares MSCI USA Min Vol Factor ETF,Minimum Volatility,Minimum Volatility,Quality / Profitability Tilt,0.0329195170660454,0.0313195170660454,0.0288197464575795,0.0304197464575795,0.0024997706084658,0.463848545777312,0.3059905184819738,1.463848545777312,0.0,0.032,-0.0192999999999999,0.0049,0.0153,0.0031,0.0016,0.7107648205475668,-0.1215011201095718,-0.0222916241213541,0.269795822567459,0.1742324873658151,0.7947925153186984,0.0023689821813743,0.6807007540677159,-0.1462316293193309,-0.3001173466969775,0.2852087669209129,0.3519510898067611,0.8198970481240994,36.0
2018-08-31,USMV,iShares MSCI USA Min Vol Factor ETF,Minimum Volatility,Minimum Volatility,Quality / Profitability Tilt,0.0305954725404709,0.0289954725404709,0.0185856579466526,0.0201856579466526,0.0104098145938182,0.5086356837630501,0.3323527963696224,1.5086356837630501,0.0,0.0346,0.0065,-0.0391,-0.0029,-0.0256999999999999,0.0016,0.7107648205475668,-0.1215011201095718,-0.0222916241213541,0.269795822567459,0.1742324873658151,0.7947925153186984,0.0026751774719362,0.6698217930739765,-0.1426745964863905,-0.2966860039749572,0.2881834242207038,0.3467884793839479,0.7923851504171208,36.0
2018-09-30,USMV,iShares MSCI USA Min Vol Factor ETF,Minimum Volatility,Minimum Volatility,Quality / Profitability Tilt,0.0124370712378734,0.0109370712378734,0.0071077285127075,0.0086077285127075,0.0038293427251658,0.5273986932340091,0.3438213275239188,1.5273986932340091,0.0,0.0006,-0.0249,-0.0162,0.0065,0.0136,0.0015,0.7107648205475668,-0.1215011201095718,-0.0222916241213541,0.269795822567459,0.1742324873658151,0.7947925153186984,0.0021279938620742,0.6806979764082006,-0.1282289932273551,-0.2951582481813755,0.2850313048276373,0.3345919961107005,0.7887144201172881,36.0
2018-10-31,USMV,iShares MSCI USA Min Vol Factor ETF,Minimum Volatility,Minimum Volatility,Quality / Profitability Tilt,-0.0404977998114581,-0.0423977998114581,-0.0415113408627013,-0.0396113408627013,-0.0008864589487567,0.4655424067231355,0.2905907628608011,1.4655424067231355,-0.04049779981145807,-0.0764,-0.0438,0.0338,0.0103,0.036,0.0019,0.7107648205475668,-0.1215011201095718,-0.0222916241213541,0.269795822567459,0.1742324873658151,0.7947925153186984,0.0019542572915163,0.7018150840511266,-0.1325160252265226,-0.3013047609888972,0.2859108615113642,0.3438174715943987,0.7931298152347273,36.0
2018-11-30,USMV,iShares MSCI USA Min Vol Factor ETF,Minimum Volatility,Minimum Volatility,Quality / Profitability Tilt,0.0323404408961902,0.0305404408961902,0.0112806958332369,0.0130806958332369,0.0192597450629532,0.5129386943086256,0.3074725880749684,1.5129386943086256,-0.009467075616495957,0.0171,-0.0081,0.0036,-0.0060999999999999,0.004,0.0018,0.7107648205475668,-0.1215011201095718,-0.0222916241213541,0.269795822567459,0.1742324873658151,0.7947925153186984,0.0020969583372395,0.7198696217269468,-0.1579632241165828,-0.3019571653305301,0.2769487667312226,0.3722081075509032,0.7836965391735422,36.0
2018-12-31,USMV,iShares MSCI USA Min Vol Factor ETF,Minimum Volatility,Minimum Volatility,Quality / Profitability Tilt,-0.0668806403834856,-0.0687806403834856,-0.0645271077371548,-0.0626271077371548,-0.0042535326463307,0.4117523855723102,0.2255893614382207,1.4117523855723102,-0.07571455192019139,-0.0955,-0.0281,-0.0192,-0.0003,0.0024,0.0019,0.7107648205475668,-0.1215011201095718,-0.0222916241213541,0.269795822567459,0.1742324873658151,0.7947925153186984,0.0012996468115838,0.7588825763653202,-0.155322029692217,-0.286135099423932,0.2938204994439169,0.3733718003276231,0.8358334431306808,36.0
2019-01-31,USMV,iShares MSCI USA Min Vol Factor ETF,Minimum Volatility,Minimum Volatility,Quality / Profitability Tilt,0.0564882923622358,0.0543882923622358,0.050298380934404,0.052398380934404,0.0040899114278317,0.4914998670716028,0.2898082596680136,1.4914998670716029,-0.023503245302898934,0.0836,0.0291,-0.0039,-0.0073,-0.0165,0.0021,0.7107648205475668,-0.1215011201095718,-0.0222916241213541,0.269795822567459,0.1742324873658151,0.7947925153186984,0.0008930893296072,0.7714934733969134,-0.1472245185957643,-0.2903525755430143,0.2652425366159042,0.3496665900493959,0.8510665604044032,36.0
2019-02-28,USMV,iShares MSCI USA Min Vol Factor ETF,Minimum Volatility,Minimum Volatility,Quality / Profitability Tilt,0.0382950212244781,0.0364950212244781,0.0197313205531657,0.0215313205531657,0.0167637006713123,0.5486168861374163,0.3175795347590464,1.5486168861374163,0.0,0.0342,0.0172,-0.0266,0.0016,-0.0154,0.0018,0.7107648205475668,-0.1215011201095718,-0.0222916241213541,0.269795822567459,0.1742324873658151,0.7947925153186984,0.0013037202222206,0.7721382549512666,-0.1266562954493805,-0.3115458934336004,0.3112351483178328,0.3723175092581361,0.8545746193839792,36.0
2019-03-31,USMV,iShares MSCI USA Min Vol Factor ETF,Minimum Volatility,Minimum Volatility,Quality / Profitability Tilt,0.0271370892418765,0.0252370892418765,0.0129957692888266,0.0148957692888266,0.0122413199530498,0.5906418407780043,0.3372058955284969,1.5906418407780043,0.0,0.011,-0.0352,-0.0414,0.0088,-0.009,0.0019,0.7107648205475668,-0.1215011201095718,-0.0222916241213541,0.269795822567459,0.1742324873658151,0.7947925153186984,0.0011887227476679,0.7578287416777854,-0.1219009332607976,-0.3129447719032112,0.3017576318570718,0.3629168788125947,0.84330795022058,36.0
2019-04-30,USMV,iShares MSCI USA Min Vol Factor ETF,Minimum Volatility,Minimum Volatility,Quality / Profitability Tilt,0.0217688350894675,0.0196688350894675,0.0288567919259961,0.0309567919259961,-0.0091879568365286,0.6252682606963078,0.3786015001985878,1.6252682606963078,0.0,0.0397,-0.0115,0.0213,0.0161,-0.0218,0.0021,0.7107648205475668,-0.1215011201095718,-0.0222916241213541,0.269795822567459,0.1742324873658151,0.7947925153186984,0.0010629102946683,0.7558099190149139,-0.1178182639204974,-0.3233793448284724,0.3053267302213167,0.3723589994909703,0.8426177416602593,36.0
2019-05-31,USMV,iShares MSCI USA Min Vol Factor ETF,Minimum Volatility,Minimum Volatility,Quality / Profitability Tilt,-0.0161452324387958,-0.0182452324387958,-0.0458003587438734,-0.0437003587438734,0.0275551263050776,0.5990279268519685,0.3183561200750675,1.5990279268519685,-0.016145232438795842,-0.0692,-0.0156,-0.0245,-0.0048,0.0176,0.0021,0.7107648205475668,-0.1215011201095718,-0.0222916241213541,0.269795822567459,0.1742324873658151,0.7947925153186984,0.0016119486484256,0.7320303070680194,-0.1096929544849364,-0.3566630036375479,0.3137387512152979,0.4402925300051145,0.8397792514048144,36.0
2019-06-30,USMV,iShares MSCI USA Min Vol Factor ETF,Minimum Volatility,Minimum Volatility,Quality / Profitability Tilt,0.0498352290862738,0.0480352290862738,0.0490216104875061,0.0508216104875061,-0.0009863814012323,0.6787158499019859,0.3853571012933425,1.6787158499019859,0.0,0.0699,0.0019,-0.0064,0.0045,-0.0055,0.0018,0.7107648205475668,-0.1215011201095718,-0.0222916241213541,0.269795822567459,0.1742324873658151,0.7947925153186984,0.0007590974743455,0.7149663538951796,-0.1378819832444088,-0.2903649638202863,0.2054062827375556,0.295011147889841,0.8740348884225149,36.0
2019-07-31,USMV,iShares MSCI USA Min Vol Factor ETF,Minimum Volatility,Minimum Volatility,Quality / Profitability Tilt,0.0166856927188656,0.0147856927188656,0.0102366514540046,0.0121366514540046,0.0045490412648609,0.7067263867357398,0.4021706975710701,1.7067263867357398,0.0,0.0121999999999999,-0.0182,0.005,-0.0013,0.0037,0.0019,0.7107648205475668,-0.1215011201095718,-0.0222916241213541,0.269795822567459,0.1742324873658151,0.7947925153186984,0.0011967065698843,0.7183718172117188,-0.1112759223692632,-0.301664504806067,0.2612851964881972,0.2980554667196031,0.8826681446698587,36.0
2019-08-31,USMV,iShares MSCI USA Min Vol Factor ETF,Minimum Volatility,Minimum Volatility,Quality / Profitability Tilt,0.0159338863157509,0.0143338863157509,-0.0135911968678526,-0.0119911968678526,0.0279250831836035,0.7339211709540796,0.3853569926941611,1.7339211709540796,0.0,-0.0255,-0.0325,-0.0476999999999999,0.0053,-0.0062,0.0016,0.7107648205475668,-0.1215011201095718,-0.0222916241213541,0.269795822567459,0.1742324873658151,0.7947925153186984,0.0018183155936184,0.7090243563490735,-0.1207430852191212,-0.3077145305688699,0.2335183490364886,0.2903941306354633,0.8734786571698314,36.0
2019-09-30,USMV,iShares MSCI USA Min Vol Factor ETF,Minimum Volatility,Minimum Volatility,Quality / Profitability Tilt,0.0098368530297929,0.0080368530297929,0.0182044682005675,0.0200044682005675,-0.0101676151707746,0.7509774986780013,0.4130703226009453,1.7509774986780013,0.0,0.0141999999999999,0.0029,0.0676,0.0182,0.0338,0.0018,0.7107648205475668,-0.1215011201095718,-0.0222916241213541,0.269795822567459,0.1742324873658151,0.7947925153186984,0.0021833437992904,0.7087302036710124,-0.1193317420412435,-0.3051446453324957,0.2117787099011025,0.2994856008069344,0.8738512668834874,36.0
2019-10-31,USMV,iShares MSCI USA Min Vol Factor ETF,Minimum Volatility,Minimum Volatility,Quality / Profitability Tilt,-0.0023400709137006,-0.0038400709137006,0.013374138329384,0.014874138329384,-0.0172142092430846,0.7468800871628007,0.434088526048459,1.7468800871628007,-0.002340070913700587,0.0207,0.0025,-0.0192,0.0043,-0.0103,0.0015,0.7107648205475668,-0.1215011201095718,-0.0222916241213541,0.269795822567459,0.1742324873658151,0.7947925153186984,0.0021672698369335,0.6945023626169892,-0.1679174807189624,-0.2374005538872675,0.1632711047037777,0.2499986500668503,0.8490779533749412,36.0
2019-11-30,USMV,iShares MSCI USA Min Vol Factor ETF,Minimum Volatility,Minimum Volatility,Quality / Profitability Tilt,0.0139170986931185,0.0127170986931185,0.0202392075671351,0.0214392075671351,-0.0075221088740166,0.771191589740889,0.4648342476280589,1.771191589740889,0.0,0.0387,0.0039,-0.02,-0.0163999999999999,-0.0113999999999999,0.0012,0.7107648205475668,-0.1215011201095718,-0.0222916241213541,0.269795822567459,0.1742324873658151,0.7947925153186984,0.0023255679965298,0.6893892183636294,-0.1267595524097092,-0.2178391977087891,0.2369706598135021,0.2798933447351566,0.8442722800120545,36.0
2019-12-31,USMV,iShares MSCI USA Min Vol Factor ETF,Minimum Volatility,Minimum Volatility,Quality / Profitability Tilt,0.0177329200271483,0.0163329200271483,0.0194084001156867,0.0208084001156867,-0.0030754800885384,0.8025999885545219,0.4953151047558646,1.8025999885545219,0.0,0.0276,0.0098999999999999,0.0173,0.0005,0.0118999999999999,0.0014,0.7107648205475668,-0.1215011201095718,-0.0222916241213541,0.269795822567459,0.1742324873658151,0.7947925153186984,0.0014448349250471,0.6966239719431623,-0.1367005433579281,-0.2716574627348725,0.2049411827560897,0.3265730970575448,0.8559501937828594,36.0
2020-01-31,USMV,iShares MSCI USA Min Vol Factor ETF,Minimum Volatility,Minimum Volatility,Quality / Profitability Tilt,0.0234751673998898,0.0221751673998898,-0.0017982793871992,-0.0004982793871992,0.023973446787089,0.8449163250408789,0.494570020061797,1.8449163250408789,0.0,-0.0009,-0.0437,-0.0622,-0.0118999999999999,-0.0219,0.0013,0.7107648205475668,-0.1215011201095718,-0.0222916241213541,0.269795822567459,0.1742324873658151,0.7947925153186984,0.0015911469792797,0.7019516873456638,-0.1633294792517367,-0.2891015210530927,0.1610347296140086,0.3266891752317554,0.8580270125951546,36.0
2020-02-29,USMV,iShares MSCI USA Min Vol Factor ETF,Minimum Volatility,Minimum Volatility,Quality / Profitability Tilt,-0.0874288790731659,-0.088628879073166,-0.0662676231783272,-0.0650676231783272,-0.0223612558948387,0.6836173587587704,0.3973219011827911,1.6836173587587704,-0.08742887907316588,-0.0815,0.0008,-0.0382,-0.0143,-0.0253,0.0012,0.7107648205475668,-0.1215011201095718,-0.0222916241213541,0.269795822567459,0.1742324873658151,0.7947925153186984,-4.038192788491813e-05,0.7687393383871809,-0.1621102719695533,-0.3345426685062355,0.2311160166699823,0.5028095452126364,0.8811842521363242,36.0
2020-03-31,USMV,iShares MSCI USA Min Vol Factor ETF,Minimum Volatility,Minimum Volatility,Quality / Profitability Tilt,-0.113010754087611,-0.114210754087611,-0.0849641937018156,-0.0837641937018156,-0.0292465603857953,0.4933504914504498,0.2802763587883266,1.4933504914504498,-0.1905592296076838,-0.1335,-0.0818,-0.1383,-0.0161,0.0118999999999999,0.0012,0.7107648205475668,-0.1215011201095718,-0.0222916241213541,0.269795822567459,0.1742324873658151,0.7947925153186984,0.0006926261086101,0.7803433270584648,-0.1032414551029042,-0.0844840683116893,0.3085039595857251,0.2141939217121394,0.8733296819640278,36.0
2020-04-30,USMV,iShares MSCI USA Min Vol Factor ETF,Minimum Volatility,Minimum Volatility,Quality / Profitability Tilt,0.0936864081062329,0.0936864081062329,0.0985387176825214,0.0985387176825214,-0.0048523095762885,0.6332571350381202,0.4064331494625759,1.6332571350381202,-0.11472563125488566,0.1358,0.0256999999999999,-0.0134,0.0276,-0.0102,0.0,0.7107648205475668,-0.1215011201095718,-0.0222916241213541,0.269795822567459,0.1742324873658151,0.7947925153186984,0.0005915381033179,0.7562736741995311,-0.1390140015054991,-0.0383669530772621,0.2121562019782596,0.1710674324643734,0.8884367358613943,36.0
2020-05-31,USMV,iShares MSCI USA Min Vol Factor ETF,Minimum Volatility,Minimum Volatility,Quality / Profitability Tilt,0.0431690331663434,0.0430690331663434,0.0347693392084819,0.0348693392084819,0.0082996939578614,0.703763266469748,0.4554745440252401,1.703763266469748,-0.07650919266921408,0.0559,0.0192,-0.05,0.0096,-0.0316,0.0001,0.7107648205475668,-0.1215011201095718,-0.0222916241213541,0.269795822567459,0.1742324873658151,0.7947925153186984,0.0005530053557995,0.7556526850893632,-0.1250458680584638,-0.0441045382625518,0.2170812706331433,0.1739016143979183,0.8911910063555424,36.0
2020-06-30,USMV,iShares MSCI USA Min Vol Factor ETF,Minimum Volatility,Minimum Volatility,Quality / Profitability Tilt,-0.0111101685871353,-0.0112101685871353,0.0159646435987848,0.0160646435987848,-0.0271748121859201,0.6848341693467006,0.4788562238421094,1.6848341693467006,-0.08676933122732888,0.0243999999999999,0.0195,-0.0217,0.0014,0.0055,0.0001,0.7107648205475668,-0.1215011201095718,-0.0222916241213541,0.269795822567459,0.1742324873658151,0.7947925153186984,2.516334225604808e-06,0.7507081220976259,-0.1780763719601968,0.0033394215689147,0.1704228900065039,0.0975290439896566,0.8767370263419392,36.0
2020-07-31,USMV,iShares MSCI USA Min Vol Factor ETF,Minimum Volatility,Minimum Volatility,Quality / Profitability Tilt,0.0456868751881629,0.0455868751881629,0.0475212861539918,0.0476212861539918,-0.0019344109658289,0.7618089777543955,0.5492812592583065,1.7618089777543955,-0.045046675645109224,0.0583,-0.0319,-0.0144,0.0038,0.0097,0.0001,0.7107648205475668,-0.1215011201095718,-0.0222916241213541,0.269795822567459,0.1742324873658151,0.7947925153186984,-0.0001642323766189,0.7409007098929256,-0.1605361550624851,0.0008764162721425,0.1926030647737724,0.0876219576651998,0.8795996255199,36.0
2020-08-31,USMV,iShares MSCI USA Min Vol Factor ETF,Minimum Volatility,Minimum Volatility,Quality / Profitability Tilt,0.0272869488258817,0.0271869488258817,0.0639757501515925,0.0640757501515925,-0.0367888013257108,0.8098833691713587,0.6485526181410863,1.8098833691713587,-0.018988913152331643,0.0762,-0.0089,-0.0302,0.0426999999999999,-0.0151,0.0001,0.7107648205475668,-0.1215011201095718,-0.0222916241213541,0.269795822567459,0.1742324873658151,0.7947925153186984,-9.346645152978096e-05,0.736364875516317,-0.1803715437504105,0.0493101870458729,-0.0423204570484266,0.0912867429806284,0.8634084301837329,36.0
2020-09-30,USMV,iShares MSCI USA Min Vol Factor ETF,Minimum Volatility,Minimum Volatility,Quality / Profitability Tilt,-0.0166514365567715,-0.0167514365567715,-0.0331676937933896,-0.0330676937933896,0.0164162572366181,0.779746211074446,0.5940387849621063,1.779746211074446,-0.035324157026465075,-0.0364,-0.0001,-0.0272,-0.0138,-0.0192999999999999,0.0001,0.7107648205475668,-0.1215011201095718,-0.0222916241213541,0.269795822567459,0.1742324873658151,0.7947925153186984,0.0010635181964251,0.7279547395385999,-0.1534295299911742,0.0617827095517434,-0.0893144056786659,0.0869862075980109,0.8644457524413004,36.0
2020-10-31,USMV,iShares MSCI USA Min Vol Factor ETF,Minimum Volatility,Minimum Volatility,Quality / Profitability Tilt,-0.0324807419888526,-0.0325807419888526,-0.0253044248693973,-0.0252044248693973,-0.0072763171194552,0.7219387335868988,0.5538619541676235,1.7219387335868988,-0.06665754418496739,-0.0208,0.0467,0.0425,-0.0077,-0.0056999999999999,0.0001,0.7107648205475668,-0.1215011201095718,-0.0222916241213541,0.269795822567459,0.1742324873658151,0.7947925153186984,7.514947862923525e-05,0.7433058727484383,-0.1729332772839864,0.0332663046597002,-0.0830565827967831,0.1228883826880794,0.8653566005520434,36.0
2020-11-30,USMV,iShares MSCI USA Min Vol Factor ETF,Minimum Volatility,Minimum Volatility,Quality / Profitability Tilt,0.0809277738541922,0.0808277738541922,0.0746336715547152,0.0747336715547152,0.0061941022994769,0.8612914020093936,0.6699877630917548,1.8612914020093936,0.0,0.1244,0.0712,0.0209,-0.0225,0.0128,0.0001,0.7107648205475668,-0.1215011201095718,-0.0222916241213541,0.269795822567459,0.1742324873658151,0.7947925153186984,-0.000236898395891,0.7424440320654968,-0.1880364201093236,0.0397159391610305,-0.1188596110146585,0.104897742748521,0.8772790023545327,36.0
2020-12-31,USMV,iShares MSCI USA Min Vol Factor ETF,Minimum Volatility,Minimum Volatility,Quality / Profitability Tilt,0.0230784630296676,0.0229784630296676,0.0210449208022119,0.0211449208022119,0.0019335422274556,0.9042471468181056,0.705299522082993,1.9042471468181057,0.0,0.0463,0.0493,-0.0168,-0.0197,-0.0006,0.0001,0.7107648205475668,-0.1215011201095718,-0.0222916241213541,0.269795822567459,0.1742324873658151,0.7947925153186984,-6.883122048094784e-06,0.7427089012730017,-0.1935213381411633,0.0408960209820883,-0.1029254964128564,0.1224589133193043,0.8788983488780489,36.0
2021-01-31,USMV,iShares MSCI USA Min Vol Factor ETF,Minimum Volatility,Minimum Volatility,Quality / Profitability Tilt,-0.0272540709054244,-0.0272540709054244,-0.0115062121081628,-0.0115062121081628,-0.0157478587972615,0.8523486600572729,0.6856779840739573,1.852348660057273,-0.02725407090542442,-0.0007,0.0681,0.0322,-0.0365,0.0496999999999999,0.0,0.7107648205475668,-0.1215011201095718,-0.0222916241213541,0.269795822567459,0.1742324873658151,0.7947925153186984,-5.5389055260595885e-05,0.7667477761771261,-0.3004802122093424,0.0858327035944024,-0.1469525485060449,-0.0240214401192209,0.8785893080357372,36.0
2021-02-28,USMV,iShares MSCI USA Min Vol Factor ETF,Minimum Volatility,Minimum Volatility,Quality / Profitability Tilt,-0.003785992569966,-0.003785992569966,0.0094945765756324,0.0094945765756324,-0.0132805691455984,0.8453356817933095,0.7016827827756051,1.8453356817933095,-0.03093687976544124,0.0281,0.045,0.072,0.0033,-0.0199,0.0,0.7107648205475668,-0.1215011201095718,-0.0222916241213541,0.269795822567459,0.1742324873658151,0.7947925153186984,-0.0005467658802911,0.7630505902405944,-0.2879311751446283,0.0450808822602996,-0.1174406021915604,0.0108114212164062,0.8722636267528819,36.0
2021-03-31,USMV,iShares MSCI USA Min Vol Factor ETF,Minimum Volatility,Minimum Volatility,Quality / Profitability Tilt,0.0560838178181961,0.0560838178181961,0.0442788943976354,0.0442788943976354,0.0118049234205606,0.9488291519844224,0.7770314150124007,1.9488291519844223,0.0,0.0316,-0.0084,0.0735,0.0635,0.0352,0.0,0.7107648205475668,-0.1215011201095718,-0.0222916241213541,0.269795822567459,0.1742324873658151,0.7947925153186984,-0.0003035851769703,0.7737958040339017,-0.3119149918197467,0.0620176505218005,0.031097779216608,0.0859391881747997,0.8761355923439818,36.0
2021-04-30,USMV,iShares MSCI USA Min Vol Factor ETF,Minimum Volatility,Minimum Volatility,Quality / Profitability Tilt,0.0398898889739338,0.0398898889739338,0.0403802691187745,0.0403802691187745,-0.0004903801448407,1.0265677304862466,0.8487884217831181,2.0265677304862466,0.0,0.0496999999999999,-0.0316,-0.0102,0.0243,-0.0272,0.0,0.7107648205475668,-0.1215011201095718,-0.0222916241213541,0.269795822567459,0.1742324873658151,0.7947925153186984,-0.0005044688259361,0.7705873941870401,-0.2997603708555099,0.0552376478529293,0.0355708995304893,0.1000395927377945,0.8772632828159533,36.0
2021-05-31,USMV,iShares MSCI USA Min Vol Factor ETF,Minimum Volatility,Minimum Volatility,Quality / Profitability Tilt,0.0087560301732962,0.0087560301732962,0.0096779762778637,0.0096779762778637,-0.0009219461045675,1.0443124186826127,0.8666809522719243,2.0443124186826127,0.0,0.0029,0.0127,0.0704,0.0233999999999999,0.0301,0.0,0.7107648205475668,-0.1215011201095718,-0.0222916241213541,0.269795822567459,0.1742324873658151,0.7947925153186984,-0.0005731339166664,0.7723291422399851,-0.3151997853157711,0.0653243028881583,0.0378624865669535,0.1059732203844567,0.8780196350153673,36.0
2021-06-30,USMV,iShares MSCI USA Min Vol Factor ETF,Minimum Volatility,Minimum Volatility,Quality / Profitability Tilt,0.0171622194681058,0.0171622194681058,0.0132980446257911,0.0132980446257911,0.0038641748423146,1.079397357073418,0.8915041588773507,2.079397357073418,0.0,0.0273,-0.003,-0.0786,-0.0214,-0.0093,0.0,0.7107648205475668,-0.1215011201095718,-0.0222916241213541,0.269795822567459,0.1742324873658151,0.7947925153186984,-0.0008508106230537,0.7833488926572244,-0.3482264272014513,0.084307927222335,-0.0117817582368066,0.0940126445283353,0.8821918913985114,36.0
2021-07-31,USMV,iShares MSCI USA Min Vol Factor ETF,Minimum Volatility,Minimum Volatility,Quality / Profitability Tilt,0.0354573229448766,0.0354573229448766,0.0284339009418682,0.0284339009418682,0.0070234220030083,1.1531272206938934,0.9452870007620008,2.1531272206938934,0.0,0.0134,-0.0455,-0.0179,0.055,-0.0059,0.0,0.7107648205475668,-0.1215011201095718,-0.0222916241213541,0.269795822567459,0.1742324873658151,0.7947925153186984,-0.0007207254726854,0.7783199306961306,-0.3395338265879898,0.072327259566747,0.0460586745152251,0.0957239773682057,0.8806247884604764,36.0
2021-08-31,USMV,iShares MSCI USA Min Vol Factor ETF,Minimum Volatility,Minimum Volatility,Quality / Profitability Tilt,0.0187614461775775,0.0187614461775775,0.0172940051570092,0.0172940051570092,0.0014674410205682,1.193523001158419,0.978928804185042,2.193523001158419,0.0,0.0295,-0.0066,-0.0023,-0.0026,-0.0172,0.0,0.7107648205475668,-0.1215011201095718,-0.0222916241213541,0.269795822567459,0.1742324873658151,0.7947925153186984,-0.0011107205058723,0.7774428525071284,-0.3396608655105662,0.0718197157452913,0.0521571982484778,0.1186142155943948,0.8818114398549158,36.0
2021-09-30,USMV,iShares MSCI USA Min Vol Factor ETF,Minimum Volatility,Minimum Volatility,Quality / Profitability Tilt,-0.0498703400913198,-0.0498703400913198,-0.0362996931062912,-0.0362996931062912,-0.0135706469850285,1.084131263092516,0.907094295913925,2.084131263092516,-0.049870340091319965,-0.044,0.0112,0.0512,-0.0192,0.02,0.0,0.7107648205475668,-0.1215011201095718,-0.0222916241213541,0.269795822567459,0.1742324873658151,0.7947925153186984,-0.0019250137168194,0.7804303224154826,-0.3197364174068959,0.045803545402723,0.0951989704144561,0.1197247163946701,0.8850992647171464,36.0
2021-10-31,USMV,iShares MSCI USA Min Vol Factor ETF,Minimum Volatility,Minimum Volatility,Quality / Profitability Tilt,0.0551020376206754,0.0551020376206754,0.0516242444575964,0.0516242444575964,0.0034777931630789,1.1989711423578655,1.0055465980498737,2.1989711423578657,0.0,0.0663,-0.027,-0.0053,0.0171,-0.0154,0.0,0.7107648205475668,-0.1215011201095718,-0.0222916241213541,0.269795822567459,0.1742324873658151,0.7947925153186984,-0.0019011051734081,0.7772839453320469,-0.3171560536056726,0.0453701124905995,0.0974780088337251,0.1256931575120491,0.8837726988358452,36.0
2021-11-30,USMV,iShares MSCI USA Min Vol Factor ETF,Minimum Volatility,Minimum Volatility,Quality / Profitability Tilt,-0.02050284447537,-0.02050284447537,0.0124497185583004,0.0124497185583004,-0.0329525630336704,1.1538859790202758,1.0305150887511516,2.153885979020276,-0.020502844475369986,-0.0158,-0.017,-0.0037,0.0719,0.017,0.0,0.7107648205475668,-0.1215011201095718,-0.0222916241213541,0.269795822567459,0.1742324873658151,0.7947925153186984,-0.0026412576150004,0.7918072777959733,-0.3476467708355168,0.0660058633250272,0.0113558116232265,0.0911638859868989,0.8846706717466367,36.0
2021-12-31,USMV,iShares MSCI USA Min Vol Factor ETF,Minimum Volatility,Minimum Volatility,Quality / Profitability Tilt,0.0684286289890987,0.0683286289890987,0.0430641537319584,0.0431641537319584,0.0252644752571402,1.301273443563476,1.1181605541970678,2.301273443563476,0.0,0.0324,-0.0078,0.0325,0.0487999999999999,0.0429,0.0001,0.7107648205475668,-0.1215011201095718,-0.0222916241213541,0.269795822567459,0.1742324873658151,0.7947925153186984,-0.0023044004745262,0.802222524931366,-0.3446424628275403,0.0492156170956267,0.0708487599645877,0.2037588386624213,0.8626482360368769,36.0
2022-01-31,USMV,iShares MSCI USA Min Vol Factor ETF,Minimum Volatility,Minimum Volatility,Quality / Profitability Tilt,-0.0598271456298524,-0.0598271456298524,-0.0269894125581195,-0.0269894125581195,-0.0328377330717328,1.1635948221212915,1.0609926451355078,2.1635948221212917,-0.059827145629852474,-0.0615,-0.0401,0.1286,0.0077,0.0773,0.0,0.7107648205475668,-0.1215011201095718,-0.0222916241213541,0.269795822567459,0.1742324873658151,0.7947925153186984,-0.0040363621569725,0.7903739956168998,-0.2156186021609273,-0.0373410772408473,0.1798769282706652,0.1240827989552471,0.8550892434243291,36.0
2022-02-28,USMV,iShares MSCI USA Min Vol Factor ETF,Minimum Volatility,Minimum Volatility,Quality / Profitability Tilt,-0.030633684037462,-0.030633684037462,-0.0213885717286457,-0.0213885717286457,-0.0092451123088162,1.097315941955339,1.0169109561128158,2.097315941955339,-0.08862810379122643,-0.0227999999999999,0.0286,0.0306,-0.0203,0.0302999999999999,0.0,0.7107648205475668,-0.1215011201095718,-0.0222916241213541,0.269795822567459,0.1742324873658151,0.7947925153186984,-0.0046103173949637,0.7930365972441047,-0.2340640165572616,-0.0299968344346385,0.1722464891066094,0.1332552698493904,0.8620217563462368,36.0
2022-03-31,USMV,iShares MSCI USA Min Vol Factor ETF,Minimum Volatility,Minimum Volatility,Quality / Profitability Tilt,0.0558111821090878,0.0558111821090878,0.0255962292154346,0.0255962292154346,0.0302149528936531,1.2143696239321016,1.0685362712526008,2.2143696239321016,-0.03776336092281385,0.0308,-0.0210999999999999,-0.019,-0.015,0.0321,0.0,0.7107648205475668,-0.1215011201095718,-0.0222916241213541,0.269795822567459,0.1742324873658151,0.7947925153186984,-0.0046324787235335,0.8217100584149026,-0.2660787885349942,-0.0421304830404469,0.1193998121408609,0.2102658428579239,0.8577103047972567,36.0
2022-04-30,USMV,iShares MSCI USA Min Vol Factor ETF,Minimum Volatility,Minimum Volatility,Quality / Profitability Tilt,-0.0533711910354218,-0.0533711910354218,-0.0491492045182144,-0.0491492045182144,-0.0042219865172073,1.0961860797101863,0.9668693590034618,2.0961860797101863,-0.08911907640828454,-0.0941,-0.0034999999999999,0.0617999999999999,0.0341,0.0592,0.0,0.7107648205475668,-0.1215011201095718,-0.0222916241213541,0.269795822567459,0.1742324873658151,0.7947925153186984,-0.0040114338763086,0.8067303755041799,-0.2571934960393772,-0.035441834366258,0.1442216220149442,0.2092669496895593,0.8638399122842503,36.0
2022-05-31,USMV,iShares MSCI USA Min Vol Factor ETF,Minimum Volatility,Minimum Volatility,Quality / Profitability Tilt,0.0004086768034823,0.0001086768034823,0.00604506459715,0.00634506459715,-0.0059363877936677,1.0970427423367464,0.979349272140494,2.0970427423367464,-0.08874682050407812,-0.0033,-0.0003,0.0843999999999999,0.0155,0.0395,0.0003,0.7107648205475668,-0.1215011201095718,-0.0222916241213541,0.269795822567459,0.1742324873658151,0.7947925153186984,-0.005223223616561,0.8335652736230805,-0.2724127450086583,-0.0147787805605198,0.1394347720745712,0.1876991448732891,0.8800042012501887,36.0
2022-06-30,USMV,iShares MSCI USA Min Vol Factor ETF,Minimum Volatility,Minimum Volatility,Quality / Profitability Tilt,-0.0413182985403359,-0.0419182985403359,-0.0640426210763175,-0.0634426210763175,0.0221243225359816,1.0103965042570322,0.8537741662903995,2.010396504257032,-0.1263982514203208,-0.084,0.0133,-0.06,0.0176,-0.0458,0.0006,0.7107648205475668,-0.1215011201095718,-0.0222916241213541,0.269795822567459,0.1742324873658151,0.7947925153186984,-0.0033551345506833,0.7715364297466054,-0.1898995922874104,-0.0316003766730045,0.2237716335636871,0.0936009462270511,0.8656556587320521,36.0
2022-07-31,USMV,iShares MSCI USA Min Vol Factor ETF,Minimum Volatility,Minimum Volatility,Quality / Profitability Tilt,0.0512743658781409,0.0504743658781409,0.0560966109827202,0.0568966109827202,-0.0056222451045793,1.113478310176443,0.959247633879641,2.113478310176443,-0.08160487573186259,0.0957,0.0178,-0.0415,0.0077,-0.0684999999999999,0.0008,0.7107648205475668,-0.1215011201095718,-0.0222916241213541,0.269795822567459,0.1742324873658151,0.7947925153186984,-0.0040322544995604,0.7656150025894253,-0.1793776532389743,-0.0437876641430622,0.2323591576138627,0.1334207731842984,0.8677078218775341,36.0
2022-08-31,USMV,iShares MSCI USA Min Vol Factor ETF,Minimum Volatility,Minimum Volatility,Quality / Profitability Tilt,-0.0315672282652693,-0.0334672282652693,-0.0400711640891689,-0.0381711640891689,0.0066039358238996,1.0467616579254075,0.8844608709555051,2.0467616579254075,-0.11059606425734525,-0.0377,0.0149,0.0018,-0.0478,0.0132,0.0019,0.7107648205475668,-0.1215011201095718,-0.0222916241213541,0.269795822567459,0.1742324873658151,0.7947925153186984,-0.004521752538214,0.7685217960750974,-0.1610880307063298,-0.0301475910922966,0.2103641204738987,0.1348213848548374,0.8807672991480967,36.0
2022-09-30,USMV,iShares MSCI USA Min Vol Factor ETF,Minimum Volatility,Minimum Volatility,Quality / Profitability Tilt,-0.0707462407791891,-0.0726462407791891,-0.0710798210391861,-0.0691798210391861,-0.0015664197400029,0.9019609648562044,0.7540942051474546,1.9019609648562044,-0.17351804924535352,-0.0934,-0.0097,0.0003,-0.0137,-0.0077,0.0019,0.7107648205475668,-0.1215011201095718,-0.0222916241213541,0.269795822567459,0.1742324873658151,0.7947925153186984,-0.0041482230347861,0.7639052773913992,-0.165111072875193,-0.0228523916458479,0.2065089043183652,0.126348123289048,0.8891205595496108,36.0
2022-10-31,USMV,iShares MSCI USA Min Vol Factor ETF,Minimum Volatility,Minimum Volatility,Quality / Profitability Tilt,0.0770044571613322,0.0747044571613322,0.0710873072581825,0.0733873072581825,0.0036171499031496,1.048420436497,0.8828224555404083,2.048420436497,-0.10987525527385311,0.0786,0.0181,0.0797,0.0327,0.0643,0.0023,0.7107648205475668,-0.1215011201095718,-0.0222916241213541,0.269795822567459,0.1742324873658151,0.7947925153186984,-0.003651235224222,0.7698388354120667,-0.1611714186531403,-0.0268467270396734,0.2127994896991321,0.1399436307023774,0.8973535027519189,36.0
2022-11-30,USMV,iShares MSCI USA Min Vol Factor ETF,Minimum Volatility,Minimum Volatility,Quality / Profitability Tilt,0.0571709261514561,0.0542709261514561,0.0580032277674923,0.0609032277674923,-0.0037323016160362,1.1655305299991037,0.997492420395935,2.1655305299991037,-0.05898599922753078,0.0469,-0.0275,0.0148,0.063,0.0315,0.0029,0.7107648205475668,-0.1215011201095718,-0.0222916241213541,0.269795822567459,0.1742324873658151,0.7947925153186984,-0.0033458579452421,0.7733522193790037,-0.1668156577678461,-0.0253891568977465,0.2021944925012921,0.1364189271279991,0.9007898142160105,36.0
2022-12-31,USMV,iShares MSCI USA Min Vol Factor ETF,Minimum Volatility,Minimum Volatility,Quality / Profitability Tilt,-0.0375222943326619,-0.0408222943326619,-0.0379226213504588,-0.0346226213504588,-0.002899672982203,1.084274856066112,0.9283339966741552,2.084274856066112,-0.0942950035356711,-0.0638,-0.0019,0.0134,0.0032,0.0428,0.0033,0.7107648205475668,-0.1215011201095718,-0.0222916241213541,0.269795822567459,0.1742324873658151,0.7947925153186984,-0.0032031959856992,0.7709609408507434,-0.1633055610662525,-0.0284116983509111,0.2036283326333828,0.1439442964893972,0.9027263495038508,36.0
2023-01-31,USMV,iShares MSCI USA Min Vol Factor ETF,Minimum Volatility,Minimum Volatility,Quality / Profitability Tilt,0.0152566651657726,0.0117566651657726,0.0273077671392388,0.0308077671392387,-0.0155511019734662,1.1160739396585515,0.9877416614103702,2.1160739396585515,-0.08047696566564755,0.0659,0.0438999999999999,-0.0394,-0.0242,-0.0443,0.0034999999999999,0.7107648205475668,-0.1215011201095718,-0.0222916241213541,0.269795822567459,0.1742324873658151,0.7947925153186984,-0.0050416261793084,0.7570259655065411,-0.1191313657785738,-0.0315550247056612,0.2572017118239211,0.1802034364025853,0.9063281011781084,36.0
2023-02-28,USMV,iShares MSCI USA Min Vol Factor ETF,Minimum Volatility,Minimum Volatility,Quality / Profitability Tilt,-0.0349724210385543,-0.0383724210385543,-0.0196353877280353,-0.0162353877280353,-0.0187370333105189,1.0420697108921004,0.9554699048342036,2.0420697108921004,-0.11263491237703749,-0.0256999999999999,0.0058,-0.008,0.0097,-0.0151,0.0034,0.7107648205475668,-0.1215011201095718,-0.0222916241213541,0.269795822567459,0.1742324873658151,0.7947925153186984,-0.0048089867610647,0.750594465138135,-0.1199620091723416,-0.0332152771395344,0.2492100223420387,0.174678185261062,0.8993367733901818,36.0
2023-03-31,USMV,iShares MSCI USA Min Vol Factor ETF,Minimum Volatility,Minimum Volatility,Quality / Profitability Tilt,0.0344631599759002,0.0308631599759002,0.0297238788717868,0.0333238788717868,0.0011392811041133,1.1124458860205153,1.0206337470803235,2.1124458860205153,-0.08205350740525852,0.0249,-0.0689,-0.0905,0.0227,-0.021,0.0036,0.7107648205475668,-0.1215011201095718,-0.0222916241213541,0.269795822567459,0.1742324873658151,0.7947925153186984,-0.003169601396418,0.7251688358499699,-0.1639120329174731,-0.114649840221146,0.2204267373831955,0.2509470955158951,0.8922663409272017,36.0
2023-04-30,USMV,iShares MSCI USA Min Vol Factor ETF,Minimum Volatility,Minimum Volatility,Quality / Profitability Tilt,0.0148474060737422,0.0113474060737422,0.0182933646452906,0.0217933646452905,-0.0069459585715484,1.1438102278990685,1.0646701551450248,2.1438102278990683,-0.06842438307573695,0.0063,-0.0256999999999999,-0.0012,0.0242,0.0285,0.0034999999999999,0.7107648205475668,-0.1215011201095718,-0.0222916241213541,0.269795822567459,0.1742324873658151,0.7947925153186984,-0.0033233188113367,0.7274893622427935,-0.1577654131685225,-0.1110517438189302,0.2221513691805368,0.2435491891350752,0.8794153974671539,36.0
2023-05-31,USMV,iShares MSCI USA Min Vol Factor ETF,Minimum Volatility,Minimum Volatility,Quality / Profitability Tilt,-0.0322404495767467,-0.0358404495767467,-0.0133619967598477,-0.0097619967598477,-0.0224784528168989,1.0746928223443746,1.0445148517803449,2.0746928223443746,-0.0984587997801103,0.0033,-0.0043,-0.0779,-0.0178,-0.0708,0.0036,0.7107648205475668,-0.1215011201095718,-0.0222916241213541,0.269795822567459,0.1742324873658151,0.7947925153186984,-0.0046520936078138,0.7312974319925761,-0.1529853354140892,-0.1066454112979375,0.2320949955087898,0.2870228334254373,0.8752940267216756,36.0
2023-06-30,USMV,iShares MSCI USA Min Vol Factor ETF,Minimum Volatility,Minimum Volatility,Quality / Profitability Tilt,0.0445108621887608,0.0405108621887608,0.0471367877034807,0.0511367877034807,-0.0066259255147199,1.1670391886437566,1.1490647737124495,2.1670391886437566,-0.0583304236596327,0.0646,0.0128,-0.0013,0.0232,-0.0154,0.004,0.7107648205475668,-0.1215011201095718,-0.0222916241213541,0.269795822567459,0.1742324873658151,0.7947925153186984,-0.0040801151537129,0.7309628953908891,-0.1243314725907512,-0.136136342648361,0.2421343943054603,0.3175474142919952,0.8878964467048103,36.0
2023-07-31,USMV,iShares MSCI USA Min Vol Factor ETF,Minimum Volatility,Minimum Volatility,Quality / Profitability Tilt,0.0138571008592691,0.0093571008592691,0.0171652505726036,0.0216652505726036,-0.0078081497133345,1.197068069246782,1.1956248005316858,2.197068069246782,-0.04528161336417891,0.0321,0.0286,0.0406,-0.0059,0.0066,0.0045,0.7107648205475668,-0.1215011201095718,-0.0222916241213541,0.269795822567459,0.1742324873658151,0.7947925153186984,-0.0040117743487655,0.7331859298096194,-0.1308674367189941,-0.1373681199495838,0.2379262829678831,0.3202891350714327,0.8852925706562187,36.0
2023-08-31,USMV,iShares MSCI USA Min Vol Factor ETF,Minimum Volatility,Minimum Volatility,Quality / Profitability Tilt,-0.0063695132522245,-0.0108695132522245,-0.0080722153490127,-0.0035722153490127,-0.0027972979032117,1.1830738150636757,1.1877815559185536,2.1830738150636755,-0.05136270477999805,-0.0236,-0.0365,-0.0115,0.0335,-0.0241,0.0045,0.7107648205475668,-0.1215011201095718,-0.0222916241213541,0.269795822567459,0.1742324873658151,0.7947925153186984,-0.0033673152513039,0.75083153109994,-0.1171911346658884,-0.1607286012660372,0.2927006870564946,0.3225343052415452,0.9073529440910256,36.0
2023-09-30,USMV,iShares MSCI USA Min Vol Factor ETF,Minimum Volatility,Minimum Volatility,Quality / Profitability Tilt,-0.0283173535660195,-0.0326173535660195,-0.0324673009027796,-0.0281673009027796,-0.0001500526632398,1.1212549419817983,1.1261576545234444,2.1212549419817983,-0.07822560247465526,-0.0523,-0.0178,0.0149,0.0187,-0.0077,0.0043,0.7107648205475668,-0.1215011201095718,-0.0222916241213541,0.269795822567459,0.1742324873658151,0.7947925153186984,-0.0039924834903852,0.7560375272495652,-0.1166525065627299,-0.1517691978812376,0.308135011292951,0.3219163990004039,0.9143592929423148,36.0
2023-10-31,USMV,iShares MSCI USA Min Vol Factor ETF,Minimum Volatility,Minimum Volatility,Quality / Profitability Tilt,-0.0087040860204182,-0.0134040860204182,-0.0130657720500025,-0.0083657720500026,-0.0003383139704156,1.1027913564955516,1.1083707042433328,2.1027913564955516,-0.08624880612213504,-0.0315,-0.0403,0.002,0.0241,-0.0069,0.0046999999999999,0.7107648205475668,-0.1215011201095718,-0.0222916241213541,0.269795822567459,0.1742324873658151,0.7947925153186984,-0.0039258377100066,0.7570785175712116,-0.1285486720456211,-0.1518657932639299,0.3049639953292712,0.3223764231529046,0.912769867082129,36.0
2023-11-30,USMV,iShares MSCI USA Min Vol Factor ETF,Minimum Volatility,Minimum Volatility,Quality / Profitability Tilt,0.0641113643045185,0.0597113643045185,0.0502130858807206,0.0546130858807206,0.0094982784237978,1.2376041792082306,1.2235153345825691,2.2376041792082306,-0.027666970447742467,0.0888,-0.002,0.0167,-0.0373,-0.0108,0.0044,0.7107648205475668,-0.1215011201095718,-0.0222916241213541,0.269795822567459,0.1742324873658151,0.7947925153186984,-0.0035589262839426,0.7658106473116659,-0.1696056164587593,-0.1331812938367623,0.2675348514950797,0.3065224370940139,0.9069481328789136,36.0
2023-12-31,USMV,iShares MSCI USA Min Vol Factor ETF,Minimum Volatility,Minimum Volatility,Quality / Profitability Tilt,0.0276709101868444,0.0233709101868444,0.0180261743278982,0.0223261743278982,0.0053447358589461,1.2995207234848092,1.2731579255632148,2.299520723484809,-0.0007616305152996494,0.0486,0.0727,0.0489,-0.0297,0.0129,0.0043,0.7107648205475668,-0.1215011201095718,-0.0222916241213541,0.269795822567459,0.1742324873658151,0.7947925153186984,-0.0032899778369075,0.7690943986051755,-0.1496835221843351,-0.1284794733443806,0.2644418694077293,0.3053382494118971,0.904859246080428,36.0
2024-01-31,USMV,iShares MSCI USA Min Vol Factor ETF,Minimum Volatility,Minimum Volatility,Quality / Profitability Tilt,0.0216582890019607,0.0169582890019607,0.0119580975421276,0.0166580975421275,0.005000191459833,1.349324407880041,1.3110244120159074,2.349324407880041,0.0,0.0073,-0.0572,-0.0237999999999999,0.0067,-0.0097,0.0046999999999999,0.7107648205475668,-0.1215011201095718,-0.0222916241213541,0.269795822567459,0.1742324873658151,0.7947925153186984,-0.0023536465785014,0.7693758453683752,-0.1145940665454016,-0.1555709448217799,0.2494209915340134,0.3525395834677152,0.9079911898539694,36.0
2024-02-29,USMV,iShares MSCI USA Min Vol Factor ETF,Minimum Volatility,Minimum Volatility,Quality / Profitability Tilt,0.0209484167834597,0.0167484167834597,0.0276295821173158,0.0318295821173158,-0.0108811653338561,1.398539034735867,1.384583353313289,2.398539034735867,0.0,0.0507,-0.0081999999999999,-0.0343,-0.0206,-0.0217,0.0042,0.7107648205475668,-0.1215011201095718,-0.0222916241213541,0.269795822567459,0.1742324873658151,0.7947925153186984,-0.0028002224757429,0.7625856876228428,-0.1049678390426521,-0.1502723448352492,0.2665862909054312,0.3482345861463861,0.9052994444903006,36.0
2024-03-31,USMV,iShares MSCI USA Min Vol Factor ETF,Minimum Volatility,Minimum Volatility,Quality / Profitability Tilt,0.0313753796223936,0.0270753796223936,0.0254746204335669,0.0297746204335669,0.0016007591888266,1.4737941074898346,1.4555834175503946,2.4737941074898346,0.0,0.0283999999999999,-0.0121,0.0416,0.0133,0.0113999999999999,0.0043,0.7107648205475668,-0.1215011201095718,-0.0222916241213541,0.269795822567459,0.1742324873658151,0.7947925153186984,-0.0027685080901448,0.7590067097683099,-0.1164440085819734,-0.1615399997808362,0.2311269931889574,0.3545094176201804,0.906344665912932,36.0
2024-04-30,USMV,iShares MSCI USA Min Vol Factor ETF,Minimum Volatility,Minimum Volatility,Quality / Profitability Tilt,-0.0374492406856999,-0.0421492406856999,-0.0280962884256217,-0.0233962884256218,-0.0140529522600781,1.3811523965515815,1.3981318796602116,2.3811523965515815,-0.03744924068569999,-0.0465,-0.0259,-0.0045,0.0113999999999999,-0.0031,0.0046999999999999,0.7107648205475668,-0.1215011201095718,-0.0222916241213541,0.269795822567459,0.1742324873658151,0.7947925153186984,-0.0030842884319484,0.7622119782143831,-0.1050047775590517,-0.1675527314905931,0.2314407385184096,0.3668357875000437,0.9066471094828502,36.0
2024-05-31,USMV,iShares MSCI USA Min Vol Factor ETF,Minimum Volatility,Minimum Volatility,Quality / Profitability Tilt,0.0292109165089398,0.0248109165089398,0.033038638344482,0.037438638344482,-0.0082277218355422,1.4507080404023118,1.487914671805183,2.450708040402312,-0.009332250819753307,0.0432,0.0059,-0.0131,0.0317,-0.0285,0.0044,0.7107648205475668,-0.1215011201095718,-0.0222916241213541,0.269795822567459,0.1742324873658151,0.7947925153186984,-0.003297547621375,0.7616588587545726,-0.1122910289961139,-0.1762818732366489,0.2210181924836746,0.375716083224931,0.9079548090778686,36.0
2024-06-30,USMV,iShares MSCI USA Min Vol Factor ETF,Minimum Volatility,Minimum Volatility,Quality / Profitability Tilt,0.0176875940296963,0.0135875940296963,0.023445466512357,0.0275454665123569,-0.0098578724826607,1.4940551693062605,1.5564454420829938,2.4940551693062605,0.0,0.0279999999999999,-0.0432,-0.0336,0.0056,-0.018,0.0040999999999999,0.7107648205475668,-0.1215011201095718,-0.0222916241213541,0.269795822567459,0.1742324873658151,0.7947925153186984,-0.0031489070233209,0.7600126825791846,-0.0899740300743761,-0.1993681499686627,0.2204708834705326,0.4030629628185755,0.9071605876900404,36.0
2024-07-31,USMV,iShares MSCI USA Min Vol Factor ETF,Minimum Volatility,Minimum Volatility,Quality / Profitability Tilt,0.0366842329971355,0.0321842329971355,-0.0023537990347573,0.0021462009652426,0.0345380320318928,1.5855476702448017,1.5619320877583824,2.5855476702448015,0.0,0.0121999999999999,0.0834,0.0562,0.0026,0.0028,0.0045,0.7107648205475668,-0.1215011201095718,-0.0222916241213541,0.269795822567459,0.1742324873658151,0.7947925153186984,-0.0020416909638018,0.7483524790280378,0.0314874784667749,-0.1750145764885757,0.2495780904385094,0.3744251010121733,0.8868319971690132,36.0
2024-08-31,USMV,iShares MSCI USA Min Vol Factor ETF,Minimum Volatility,Minimum Volatility,Quality / Profitability Tilt,0.0491729438546668,0.0443729438546668,0.018652498631974,0.023452498631974,0.0257204452226927,1.712686660667314,1.622015796541746,2.712686660667314,0.0,0.0161,-0.0355,-0.011,0.0076,0.0081999999999999,0.0048,0.7107648205475668,-0.1215011201095718,-0.0222916241213541,0.269795822567459,0.1742324873658151,0.7947925153186984,-0.0013847645870591,0.7546937182875502,0.0102573965999417,-0.1936789028245534,0.2356750905310515,0.4044814735945546,0.8771769044511827,36.0
2024-09-30,USMV,iShares MSCI USA Min Vol Factor ETF,Minimum Volatility,Minimum Volatility,Quality / Profitability Tilt,0.0043703087796993,0.0003703087796993,0.0132351407020255,0.0172351407020255,-0.0128648319223262,1.7245419389970014,1.6672066077180765,2.7245419389970014,0.0,0.0173,-0.0092,-0.0276,0.002,-0.0029,0.004,0.7107648205475668,-0.1215011201095718,-0.0222916241213541,0.269795822567459,0.1742324873658151,0.7947925153186984,-0.0015784285296963,0.747619323523997,0.0027928633906142,-0.1625873639212159,0.2284560727419713,0.3762309908036468,0.8682215009216148,36.0
2024-10-31,USMV,iShares MSCI USA Min Vol Factor ETF,Minimum Volatility,Minimum Volatility,Quality / Profitability Tilt,-0.0144561671769611,-0.0183561671769611,-0.0093319632577363,-0.0054319632577363,-0.0090242039192247,1.685155505246219,1.6527184394241603,2.685155505246219,-0.014456167176961077,-0.01,-0.0089,0.0086,-0.0148,0.0098,0.0039,0.7107648205475668,-0.1215011201095718,-0.0222916241213541,0.269795822567459,0.1742324873658151,0.7947925153186984,-0.0019950761828596,0.7418963053864971,0.0171001068162679,-0.1711391905429525,0.2374344532376019,0.3848216211783564,0.8635247075203796,36.0
2024-11-30,USMV,iShares MSCI USA Min Vol Factor ETF,Minimum Volatility,Minimum Volatility,Quality / Profitability Tilt,0.0506723726888083,0.0466723726888083,0.0298835520936272,0.0338835520936272,0.016788820595181,1.8212187057354607,1.742601962856114,2.8212187057354607,0.0,0.0649,0.0458999999999999,0.0016,-0.0231,-0.0204999999999999,0.004,0.7107648205475668,-0.1215011201095718,-0.0222916241213541,0.269795822567459,0.1742324873658151,0.7947925153186984,-0.0009960545206664,0.7385581472741567,0.0748687059774952,-0.2163122135267389,0.3452713296688642,0.4209292626768133,0.8849702266103628,36.0
2024-12-31,USMV,iShares MSCI USA Min Vol Factor ETF,Minimum Volatility,Minimum Volatility,Quality / Profitability Tilt,-0.0566004966141596,-0.0603004966141596,-0.0149043895299913,-0.0112043895299913,-0.0453961070841682,1.6615363259336773,1.711872782138555,2.6615363259336773,-0.05660049661415956,-0.0315,-0.0383,-0.03,0.0189,-0.0121,0.0037,0.7107648205475668,-0.1215011201095718,-0.0222916241213541,0.269795822567459,0.1742324873658151,0.7947925153186984,-0.0024529402328847,0.743565987328323,0.0752634334000151,-0.1803093007247278,0.2778659778137042,0.3863908344257192,0.8643884388188816,36.0
2025-01-31,USMV,iShares MSCI USA Min Vol Factor ETF,Minimum Volatility,Minimum Volatility,Quality / Profitability Tilt,0.0355895486792738,0.0318895486792738,0.0082187236025349,0.0119187236025349,0.0236708250767388,1.7562592025671495,1.744194844274102,2.7562592025671497,-0.023025334064406322,0.0279999999999999,-0.0123,0.0163,-0.0235,-0.0324,0.0037,0.7107648205475668,-0.1215011201095718,-0.0222916241213541,0.269795822567459,0.1742324873658151,0.7947925153186984,-0.001449766439593,0.7384034675198482,-0.079594430936942,0.0205993553292673,0.1653916412421708,0.2282622153212135,0.853174819039558,36.0
2025-02-28,USMV,iShares MSCI USA Min Vol Factor ETF,Minimum Volatility,Minimum Volatility,Quality / Profitability Tilt,0.0284937034456616,0.0251937034456616,-0.0049835571451407,-0.0016835571451407,0.0301772605908023,1.8347952349044736,1.739574835436366,2.834795234904474,0.0,-0.0243,-0.0491,0.0491,0.0108,0.0306,0.0033,0.7107648205475668,-0.1215011201095718,-0.0222916241213541,0.269795822567459,0.1742324873658151,0.7947925153186984,-0.000242835516294,0.7290968525371864,-0.1337963721473378,0.0748636063557561,0.116215935054974,0.2241619319438095,0.8404618051114939,36.0
2025-03-31,USMV,iShares MSCI USA Min Vol Factor ETF,Minimum Volatility,Minimum Volatility,Quality / Profitability Tilt,-0.0061587050668046,-0.0095587050668046,-0.0402086305333009,-0.0368086305333009,0.0306499254664963,1.817336567127914,1.63873483750046,2.817336567127914,-0.006158705066804604,-0.0639,-0.0149,0.0289999999999999,0.0210999999999999,-0.0046999999999999,0.0034,0.7107648205475668,-0.1215011201095718,-0.0222916241213541,0.269795822567459,0.1742324873658151,0.7947925153186984,-0.001514491277033,0.6871480138940868,-0.153949726703657,0.2190784702839526,0.1963383784163015,0.0159615750130096,0.8392768593644037,36.0
2025-04-30,USMV,iShares MSCI USA Min Vol Factor ETF,Minimum Volatility,Minimum Volatility,Quality / Profitability Tilt,-0.0119580324574457,-0.0154580324574457,-0.016120014887842,-0.0126200148878421,0.0006619824303963,1.7836467650146497,1.6054339645661364,2.7836467650146495,-0.018043091529165722,-0.0084,-0.0186,-0.0341,-0.0285,-0.0266999999999999,0.0034999999999999,0.7107648205475668,-0.1215011201095718,-0.0222916241213541,0.269795822567459,0.1742324873658151,0.7947925153186984,-0.0009779910731686,0.6754737999042137,-0.1449480471149323,0.214898655120596,0.2030818697680765,0.0353819668096383,0.8311212839903228,36.0
2025-05-31,USMV,iShares MSCI USA Min Vol Factor ETF,Minimum Volatility,Minimum Volatility,Quality / Profitability Tilt,0.0104818660451517,0.0066818660451517,0.0516142892526897,0.0554142892526897,-0.044932423207538,1.812824577522553,1.7498122359073864,2.8128245775225533,-0.007750350752462998,0.0605999999999999,-0.0072,-0.0288,0.0129,0.0250999999999999,0.0038,0.7107648205475668,-0.1215011201095718,-0.0222916241213541,0.269795822567459,0.1742324873658151,0.7947925153186984,-0.0017021699394531,0.6540730436550092,-0.1915099559700606,0.3527541406267107,0.1995071439874075,-0.0948811518086577,0.826104728111172,36.0
2025-06-30,USMV,iShares MSCI USA Min Vol Factor ETF,Minimum Volatility,Minimum Volatility,Quality / Profitability Tilt,0.0073699239214946,0.0039699239214946,0.0279733798909176,0.0313733798909176,-0.024003455969423,1.8335548806634048,1.8360831398132027,2.8335548806634048,-0.00043754632637893476,0.0486,-0.0002,-0.0161,-0.032,0.0144,0.0034,0.7107648205475668,-0.1215011201095718,-0.0222916241213541,0.269795822567459,0.1742324873658151,0.7947925153186984,-0.0040359488019705,0.7128729973200654,-0.2997432585539233,0.4573025177040111,0.1421794697180944,-0.1223670937411809,0.8448851276542736,36.0
2025-07-31,USMV,iShares MSCI USA Min Vol Factor ETF,Minimum Volatility,Minimum Volatility,Quality / Profitability Tilt,-0.013422864065901,-0.016822864065901,0.0093358405936962,0.0127358405936962,-0.0261587046595972,1.7955204586769895,1.872203042592333,2.7955204586769895,-0.013854537267418476,0.0197999999999999,-0.0014,-0.0127,-0.0028,-0.0207,0.0034,0.7107648205475668,-0.1215011201095718,-0.0222916241213541,0.269795822567459,0.1742324873658151,0.7947925153186984,-0.0046128204167845,0.7088928311249061,-0.3022046842653889,0.4539356326544005,0.1384688846775988,-0.0974919726174919,0.8268424137972281,36.0
2025-08-31,USMV,iShares MSCI USA Min Vol Factor ETF,Minimum Volatility,Minimum Volatility,Quality / Profitability Tilt,0.0178166160837183,0.0140166160837183,0.0071685820381336,0.0109685820381336,0.0068480340455846,1.8453271734434176,1.9037070372951843,2.8453271734434176,0.0,0.0185,0.0487999999999999,0.0441999999999999,-0.0069,0.0208,0.0038,0.7107648205475668,-0.1215011201095718,-0.0222916241213541,0.269795822567459,0.1742324873658151,0.7947925153186984,-0.0051170567064089,0.7198307260101839,-0.3032175064026643,0.4668156348678204,0.1745244720945533,-0.1232334129585942,0.8234048075354652,36.0
2025-09-30,USMV,iShares MSCI USA Min Vol Factor ETF,Minimum Volatility,Minimum Volatility,Quality / Profitability Tilt,0.0132441937808711,0.0099441937808711,0.0167504710500925,0.0200504710500925,-0.0068062772692214,1.883011237898481,1.9619277311844217,2.8830112378984807,0.0,0.0339,-0.0218,-0.0105,-0.0204999999999999,-0.0222,0.0033,0.7107648205475668,-0.1215011201095718,-0.0222916241213541,0.269795822567459,0.1742324873658151,0.7947925153186984,-0.0050928013966365,0.7097224164494116,-0.2865284674919651,0.4549259901706285,0.1876685351972996,-0.1104329202135913,0.7884633253753237,36.0
2025-10-31,USMV,iShares MSCI USA Min Vol Factor ETF,Minimum Volatility,Minimum Volatility,Quality / Profitability Tilt,-0.020601252926946,-0.024301252926946,-0.0057736420954263,-0.0020736420954263,-0.0185276108315196,1.8236175941953063,1.9557857531574268,2.8236175941953063,-0.020601252926946034,0.0196,-0.0131,-0.031,-0.0524,-0.0403,0.0037,0.7107648205475668,-0.1215011201095718,-0.0222916241213541,0.269795822567459,0.1742324873658151,0.7947925153186984,-0.0053930273546704,0.7270423512173665,-0.2737799729092264,0.4610913021282076,0.248660861131156,-0.0822073889331315,0.7587728992047971,36.0
2025-11-30,USMV,iShares MSCI USA Min Vol Factor ETF,Minimum Volatility,Minimum Volatility,Quality / Profitability Tilt,0.0230736329182905,0.0200736329182905,0.0006931477037946,0.0036931477037946,0.0193804852144958,1.888768710065396,1.9667019065246087,2.8887687100653956,0.0,-0.0013,0.0147,0.0375999999999999,0.0144,0.0068,0.003,0.7107648205475668,-0.1215011201095718,-0.0222916241213541,0.269795822567459,0.1742324873658151,0.7947925153186984,-0.0050654986410695,0.7310795552067594,-0.2715773281136817,0.4717848542611039,0.2690884037051264,-0.0842693785233042,0.7373830665138157,36.0
2025-12-31,USMV,iShares MSCI USA Min Vol Factor ETF,Minimum Volatility,Minimum Volatility,Quality / Profitability Tilt,-0.0081810515181756,-0.0115810515181756,-0.0019355319559224,0.0014644680440775,-0.0096455195622531,1.8651355444242568,1.9710465466630187,2.8651355444242568,-0.008181051518175608,-0.0036,-0.0022,0.0242,0.004,0.0037,0.0034,0.7107648205475668,-0.1215011201095718,-0.0222916241213541,0.269795822567459,0.1742324873658151,0.7947925153186984,-0.0065103528728206,0.7581596179587877,-0.2855300784214532,0.4852314616944062,0.2878846649486176,-0.1301621059342721,0.7130654569104204,36.0
2026-01-31,USMV,iShares MSCI USA Min Vol Factor ETF,Minimum Volatility,Minimum Volatility,Quality / Profitability Tilt,0.0088147126938029,0.0058147126938029,0.0098009639522968,0.0128009639522968,-0.0039862512584939,1.8903908910771592,2.009078806407448,2.890390891077159,0.0,0.0103,0.0326,0.0372,0.0182,0.0183,0.003,0.7107648205475668,-0.1215011201095718,-0.0222916241213541,0.269795822567459,0.1742324873658151,0.7947925153186984,-0.0068506990626948,0.7586019054185996,-0.2975156201938101,0.4890320110207671,0.2781711616132303,-0.1363804635075876,0.7110520546818833,36.0
2026-02-28,USMV,iShares MSCI USA Min Vol Factor ETF,Minimum Volatility,Minimum Volatility,Quality / Profitability Tilt,0.0296873308903311,0.0268873308903311,0.0026635537593297,0.0054635537593297,0.0242237771310013,1.9761988818629657,2.0255190702323147,2.976198881862966,0.0,-0.0116999999999999,0.0063,0.0283,0.0162,0.0507,0.0028,0.7107648205475668,-0.1215011201095718,-0.0222916241213541,0.269795822567459,0.1742324873658151,0.7947925153186984,-0.0040137226743372,0.7100958397439923,-0.2449037661159546,0.4198202724364522,0.269060377989013,-0.0006350377889154,0.6676139138668589,36.0
2015-02-28,VLUE,iShares MSCI USA Value Factor ETF,Value Factor,Value Factor,Value Tilt,0.0592505926498074,0.0592505926498074,0.0510915680370812,0.0510915680370812,0.0081590246127261,0.0592505926498074,0.0510915680370813,1.0592505926498075,0.0,0.0613999999999999,0.0036,-0.0179,-0.011,-0.0175,0.0,0.9858707273920408,0.1433727972967088,0.3834069268125126,0.0339267460685894,0.0835835257169463,0.9165920242286052,,,,,,,,
2015-03-31,VLUE,iShares MSCI USA Value Factor ETF,Value Factor,Value Factor,Value Tilt,-0.0093969143613321,-0.0093969143613321,-0.0095396710292322,-0.0095396710292322,0.0001427566679001,0.049296905543487,0.0410645002564076,1.049296905543487,-0.009396914361331943,-0.0109,0.0308,-0.0038,0.0007,-0.0062,0.0,0.9858707273920408,0.1433727972967088,0.3834069268125126,0.0339267460685894,0.0835835257169463,0.9165920242286052,,,,,,,,
2015-04-30,VLUE,iShares MSCI USA Value Factor ETF,Value Factor,Value Factor,Value Tilt,0.0066569361304054,0.0066569361304054,0.0067416265636226,0.0067416265636226,-8.469043321728074e-05,0.0562820080255221,0.0480829683457808,1.0562820080255222,-0.00280253288965282,0.006,-0.0301,0.018,0.0005,-0.0062,0.0,0.9858707273920408,0.1433727972967088,0.3834069268125126,0.0339267460685894,0.0835835257169463,0.9165920242286052,,,,,,,,
2015-05-31,VLUE,iShares MSCI USA Value Factor ETF,Value Factor,Value Factor,Value Tilt,0.0091673158299636,0.0091673158299636,0.0079758552956533,0.0079758552956533,0.0011914605343102,0.0659652787986002,0.0564423264391455,1.0659652787986003,0.0,0.0138,0.0081999999999999,-0.0111,-0.0176,-0.0083,0.0,0.9858707273920408,0.1433727972967088,0.3834069268125126,0.0339267460685894,0.0835835257169463,0.9165920242286052,,,,,,,,
2015-06-30,VLUE,iShares MSCI USA Value Factor ETF,Value Factor,Value Factor,Value Tilt,-0.0165411541314229,-0.0165411541314229,-0.0165951243632094,-0.0165951243632094,5.3970231786548695e-05,0.0483329828232474,0.0389105346493297,1.0483329828232475,-0.016541154131422875,-0.0154,0.0289999999999999,-0.0081999999999999,0.0034999999999999,-0.0154,0.0,0.9858707273920408,0.1433727972967088,0.3834069268125126,0.0339267460685894,0.0835835257169463,0.9165920242286052,,,,,,,,
2015-07-31,VLUE,iShares MSCI USA Value Factor ETF,Value Factor,Value Factor,Value Tilt,0.0031963398249073,0.0031963398249073,-0.0102304437645286,-0.0102304437645286,0.0134267835894359,0.0516838112860094,0.0282820188482233,1.0516838112860094,-0.013397685456215669,0.0157,-0.0458,-0.0416,0.0031,-0.0243999999999999,0.0,0.9858707273920408,0.1433727972967088,0.3834069268125126,0.0339267460685894,0.0835835257169463,0.9165920242286052,,,,,,,,
2015-08-31,VLUE,iShares MSCI USA Value Factor ETF,Value Factor,Value Factor,Value Tilt,-0.0578060778809874,-0.0578060778809874,-0.048345948982008,-0.048345948982008,-0.0094601288989793,-0.0091099050153632,-0.0214312511741291,0.9908900949846368,-0.07042929568829603,-0.0602,0.0029,0.0275,0.0066,0.0129,0.0,0.9858707273920408,0.1433727972967088,0.3834069268125126,0.0339267460685894,0.0835835257169463,0.9165920242286052,,,,,,,,
2015-09-30,VLUE,iShares MSCI USA Value Factor ETF,Value Factor,Value Factor,Value Tilt,-0.0286627433141521,-0.0286627433141521,-0.0332139526558439,-0.0332139526558439,0.0045512093416918,-0.0375115334604436,-0.05393338726812,0.9624884665395563,-0.09707334217833796,-0.0306,-0.0279999999999999,0.0055,0.018,-0.0059,0.0,0.9858707273920408,0.1433727972967088,0.3834069268125126,0.0339267460685894,0.0835835257169463,0.9165920242286052,,,,,,,,
2015-10-31,VLUE,iShares MSCI USA Value Factor ETF,Value Factor,Value Factor,Value Tilt,0.0730489026004943,0.0730489026004943,0.071223505988764,0.071223505988764,0.0018253966117302,0.0327971927859036,0.0134487937895586,1.0327971927859037,-0.031115540695733412,0.0775,-0.0206,-0.0046999999999999,0.0095,0.0060999999999999,0.0,0.9858707273920408,0.1433727972967088,0.3834069268125126,0.0339267460685894,0.0835835257169463,0.9165920242286052,,,,,,,,
2015-11-30,VLUE,iShares MSCI USA Value Factor ETF,Value Factor,Value Factor,Value Tilt,-0.0068386689424048,-0.0068386689424048,0.0056589247299017,0.0056589247299017,-0.0124975936723065,0.0257342346997957,0.0191838242312234,1.0257342346997957,-0.037741420756356225,0.0056999999999999,0.033,-0.0043,-0.0265,-0.0106,0.0,0.9858707273920408,0.1433727972967088,0.3834069268125126,0.0339267460685894,0.0835835257169463,0.9165920242286052,,,,,,,,
2015-12-31,VLUE,iShares MSCI USA Value Factor ETF,Value Factor,Value Factor,Value Tilt,-0.0187020501340252,-0.0188020501340252,-0.0363217718090828,-0.0362217718090828,0.0175197216750576,0.0065509016182543,-0.0177328196815884,1.0065509016182543,-0.055737628947266527,-0.0215,-0.0295,-0.0256999999999999,0.0034,0.0012,0.0001,0.9858707273920408,0.1433727972967088,0.3834069268125126,0.0339267460685894,0.0835835257169463,0.9165920242286052,,,,,,,,
2016-01-31,VLUE,iShares MSCI USA Value Factor ETF,Value Factor,Value Factor,Value Tilt,-0.0867603700136265,-0.0868603700136265,-0.051311825624849,-0.051211825624849,-0.0355485443887774,-0.0807778270436947,-0.0680365152370671,0.9192221729563053,-0.13766218164974597,-0.0574,-0.0344,0.0208,0.0278,0.0305,0.0001,0.9858707273920408,0.1433727972967088,0.3834069268125126,0.0339267460685894,0.0835835257169463,0.9165920242286052,,,,,,,,
2016-02-29,VLUE,iShares MSCI USA Value Factor ETF,Value Factor,Value Factor,Value Tilt,0.0181208668234638,0.0179208668234638,-0.0002951995307833,-9.51995307833629e-05,0.0182160663542471,-0.0641207244663785,-0.0681252377235238,0.9358792755336215,-0.12203587288658468,-0.0007,0.0087,-0.0060999999999999,0.0331,0.0194,0.0002,0.9858707273920408,0.1433727972967088,0.3834069268125126,0.0339267460685894,0.0835835257169463,0.9165920242286052,,,,,,,,
2016-03-31,VLUE,iShares MSCI USA Value Factor ETF,Value Factor,Value Factor,Value Tilt,0.0601344343653451,0.0599344343653451,0.0736102214613515,0.0738102214613515,-0.0136757870960064,-0.0078421535979151,0.0006566448543472,0.9921578464020848,-0.0692399967095555,0.0695,0.01,0.0121999999999999,0.0068,0.0001,0.0002,0.9858707273920408,0.1433727972967088,0.3834069268125126,0.0339267460685894,0.0835835257169463,0.9165920242286052,,,,,,,,
2016-04-30,VLUE,iShares MSCI USA Value Factor ETF,Value Factor,Value Factor,Value Tilt,0.0074980074089823,0.0073980074089823,0.022334981413302,0.022434981413302,-0.0149369740043197,-0.0004029467147124,0.0231063580827517,0.9995970532852876,-0.06226115130889931,0.0091,0.0123,0.0322,-0.0285,0.0177,0.0001,0.9858707273920408,0.1433727972967088,0.3834069268125126,0.0339267460685894,0.0835835257169463,0.9165920242286052,,,,,,,,
2016-05-31,VLUE,iShares MSCI USA Value Factor ETF,Value Factor,Value Factor,Value Tilt,0.0147226399562809,0.0146226399562809,0.006694032831698,0.006794032831698,0.0079286071245828,0.0143137608021663,0.030057376269885,1.0143137608021664,-0.04845515986660265,0.0178,-0.0062,-0.0162,-0.011,-0.0254,0.0001,0.9858707273920408,0.1433727972967088,0.3834069268125126,0.0339267460685894,0.0835835257169463,0.9165920242286052,,,,,,,,
2016-06-30,VLUE,iShares MSCI USA Value Factor ETF,Value Factor,Value Factor,Value Tilt,-0.0120558018107856,-0.0122558018107856,-0.0045844806707744,-0.0043844806707744,-0.0076713211400111,0.0020853951279828,0.0255411096138411,1.002085395127983,-0.05992679587332661,-0.0003,0.0042,-0.0149,0.0144999999999999,0.019,0.0002,0.9858707273920408,0.1433727972967088,0.3834069268125126,0.0339267460685894,0.0835835257169463,0.9165920242286052,,,,,,,,
2016-07-31,VLUE,iShares MSCI USA Value Factor ETF,Value Factor,Value Factor,Value Tilt,0.0452703114475669,0.0450703114475669,0.0358470935368688,0.0360470935368688,0.009223217910698,0.0474501130624849,0.0625088859179956,1.047450113062485,-0.01736938913899988,0.0394,0.0247,-0.0124,0.0131,-0.0116,0.0002,0.9858707273920408,0.1433727972967088,0.3834069268125126,0.0339267460685894,0.0835835257169463,0.9165920242286052,,,,,,,,
2016-08-31,VLUE,iShares MSCI USA Value Factor ETF,Value Factor,Value Factor,Value Tilt,0.0124186924925571,0.0122186924925571,0.01717806228614,0.01737806228614,-0.0049593697935829,0.0604580739179021,0.0809732315170557,1.0604580739179021,-0.00516640174894345,0.0049,0.0166,0.0317,-0.0185,-0.0036,0.0002,0.9858707273920408,0.1433727972967088,0.3834069268125126,0.0339267460685894,0.0835835257169463,0.9165920242286052,,,,,,,,
2016-09-30,VLUE,iShares MSCI USA Value Factor ETF,Value Factor,Value Factor,Value Tilt,0.0065105161875342,0.0063105161875342,-0.0012783186389331,-0.0010783186389331,0.0075888348264673,0.0673622033743461,0.079807597933323,1.0673622033743462,0.0,0.0027,0.0181,-0.0118999999999999,-0.0218,0.0003,0.0002,0.9858707273920408,0.1433727972967088,0.3834069268125126,0.0339267460685894,0.0835835257169463,0.9165920242286052,,,,,,,,
2016-10-31,VLUE,iShares MSCI USA Value Factor ETF,Value Factor,Value Factor,Value Tilt,-0.0119484945139552,-0.0121484945139553,-0.010534876577855,-0.010334876577855,-0.0016136179361002,0.0546088319429247,0.068647919680852,1.0546088319429248,-0.011948494513955077,-0.0200999999999999,-0.0401999999999999,0.0411,0.0098999999999999,0.0025,0.0002,0.9858707273920408,0.1433727972967088,0.3834069268125126,0.0339267460685894,0.0835835257169463,0.9165920242286052,,,,,,,,
2016-11-30,VLUE,iShares MSCI USA Value Factor ETF,Value Factor,Value Factor,Value Tilt,0.0708527690196865,0.0707527690196865,0.091339289018343,0.091439289018343,-0.0205865199986565,0.1293307879186982,0.1663643256674005,1.1293307879186982,0.0,0.0484999999999999,0.0696,0.0828999999999999,-0.0024,0.0371,0.0001,0.9858707273920408,0.1433727972967088,0.3834069268125126,0.0339267460685894,0.0835835257169463,0.9165920242286052,,,,,,,,
2016-12-31,VLUE,iShares MSCI USA Value Factor ETF,Value Factor,Value Factor,Value Tilt,0.0207898169852007,0.0204898169852007,0.0306743984049388,0.0309743984049388,-0.0101845814197381,0.1528093683152804,0.2024917589759305,1.1528093683152805,0.0,0.0181,0.0044,0.0347,0.0124,-0.0032,0.0003,0.9858707273920408,0.1433727972967088,0.3834069268125126,0.0339267460685894,0.0835835257169463,0.9165920242286052,,,,,,,,
2017-01-31,VLUE,iShares MSCI USA Value Factor ETF,Value Factor,Value Factor,Value Tilt,0.0126799711219691,0.0122799711219691,0.0041621340744451,0.0045621340744451,0.0081178370475239,0.1674269578146536,0.2079776876037939,1.1674269578146537,0.0,0.0194,-0.0144,-0.0276,-0.0051,-0.0106,0.0004,0.9858707273920408,0.1433727972967088,0.3834069268125126,0.0339267460685894,0.0835835257169463,0.9165920242286052,,,,,,,,
2017-02-28,VLUE,iShares MSCI USA Value Factor ETF,Value Factor,Value Factor,Value Tilt,0.0457236050869751,0.0453236050869751,0.0233397526784959,0.0237397526784959,0.0219838524084791,0.2208059270016598,0.2366547791486495,1.2208059270016598,0.0,0.0355,-0.023,-0.015,0.0045,-0.018,0.0004,0.9858707273920408,0.1433727972967088,0.3834069268125126,0.0339267460685894,0.0835835257169463,0.9165920242286052,,,,,,,,
2017-03-31,VLUE,iShares MSCI USA Value Factor ETF,Value Factor,Value Factor,Value Tilt,-0.0110134451703877,-0.0113134451703877,-0.0118546262389568,-0.0115546262389568,0.0005411810685691,0.2073606478609426,0.2223656953889672,1.2073606478609427,-0.011013445170387715,0.0017,0.0075,-0.0333,0.0063,-0.0095,0.0003,0.9858707273920408,0.1433727972967088,0.3834069268125126,0.0339267460685894,0.0835835257169463,0.9165920242286052,,,,,,,,
2017-04-30,VLUE,iShares MSCI USA Value Factor ETF,Value Factor,Value Factor,Value Tilt,0.0021876275076069,0.0016876275076069,0.0013871958699375,0.0018871958699375,0.0003004316376693,0.2100019032258053,0.2246725388808585,1.2100019032258054,-0.008849910978389053,0.0108,0.0040999999999999,-0.0204999999999999,0.0179,-0.016,0.0005,0.9858707273920408,0.1433727972967088,0.3834069268125126,0.0339267460685894,0.0835835257169463,0.9165920242286052,,,,,,,,
2017-05-31,VLUE,iShares MSCI USA Value Factor ETF,Value Factor,Value Factor,Value Tilt,-0.0012276768461758,-0.0018276768461758,-0.01069393299945,-0.01009393299945,0.0088662561532742,0.2085164119053864,0.2123107763271288,1.2085164119053864,-0.010066722993765986,0.0107,-0.0299,-0.0382,0.0098999999999999,-0.0166,0.0006,0.9858707273920408,0.1433727972967088,0.3834069268125126,0.0339267460685894,0.0835835257169463,0.9165920242286052,,,,,,,,
2017-06-30,VLUE,iShares MSCI USA Value Factor ETF,Value Factor,Value Factor,Value Tilt,0.01183547799285,0.01123547799285,0.0150624322185462,0.0156624322185462,-0.0038269542256962,0.2228197813024905,0.2312985116891657,1.2228197813024906,0.0,0.0078,0.0252,0.015,-0.0226,0.0004,0.0006,0.9858707273920408,0.1433727972967088,0.3834069268125126,0.0339267460685894,0.0835835257169463,0.9165920242286052,,,,,,,,
2017-07-31,VLUE,iShares MSCI USA Value Factor ETF,Value Factor,Value Factor,Value Tilt,0.0198445014312431,0.0191445014312431,0.0136632471852325,0.0143632471852325,0.0054812542460105,0.2470860302027002,0.2489839565713663,1.2470860302027003,0.0,0.0187999999999999,-0.0163999999999999,-0.0023,-0.0075,-0.0015,0.0007,0.9858707273920408,0.1433727972967088,0.3834069268125126,0.0339267460685894,0.0835835257169463,0.9165920242286052,,,,,,,,
2017-08-31,VLUE,iShares MSCI USA Value Factor ETF,Value Factor,Value Factor,Value Tilt,0.0021329401737746,0.0012329401737746,-0.0121953036405698,-0.0112953036405698,0.0134282438143444,0.2497459900966727,0.2348763035396923,1.2497459900966728,0.0,0.0018,-0.0183,-0.0213,0.002,-0.0237999999999999,0.0009,0.9858707273920408,0.1433727972967088,0.3834069268125126,0.0339267460685894,0.0835835257169463,0.9165920242286052,,,,,,,,
2017-09-30,VLUE,iShares MSCI USA Value Factor ETF,Value Factor,Value Factor,Value Tilt,0.034763468495107,0.033863468495107,0.0430318372393961,0.0439318372393961,-0.0091683687442891,0.2931914954502848,0.2891266883175853,1.2931914954502848,0.0,0.0249,0.0475999999999999,0.0315,-0.0154,0.0163,0.0009,0.9858707273920408,0.1433727972967088,0.3834069268125126,0.0339267460685894,0.0835835257169463,0.9165920242286052,,,,,,,,
2017-10-31,VLUE,iShares MSCI USA Value Factor ETF,Value Factor,Value Factor,Value Tilt,0.0261248054797473,0.0252248054797473,0.0163715565008158,0.0172715565008158,0.0088532489789314,0.326975871716987,0.3113919127515723,1.326975871716987,0.0,0.0225,-0.0191,0.0013,0.0092,-0.0314,0.0009,0.9858707273920408,0.1433727972967088,0.3834069268125126,0.0339267460685894,0.0835835257169463,0.9165920242286052,,,,,,,,
2017-11-30,VLUE,iShares MSCI USA Value Factor ETF,Value Factor,Value Factor,Value Tilt,0.0415934829628097,0.0407934829628097,0.0296098167063308,0.0304098167063308,0.0111836662564788,0.3821694200293071,0.3512711004485123,1.382169420029307,0.0,0.0312,-0.0038,-0.0009,0.0319,-0.001,0.0008,0.9858707273920408,0.1433727972967088,0.3834069268125126,0.0339267460685894,0.0835835257169463,0.9165920242286052,,,,,,,,
2017-12-31,VLUE,iShares MSCI USA Value Factor ETF,Value Factor,Value Factor,Value Tilt,0.0171584639029973,0.0162584639029973,0.0096221823604674,0.0105221823604674,0.0066362815425298,0.4058853241307067,0.3654894213858608,1.4058853241307068,0.0,0.0106,-0.0105,0.0005,0.0073,0.0179,0.0009,0.9858707273920408,0.1433727972967088,0.3834069268125126,0.0339267460685894,0.0835835257169463,0.9165920242286052,,,,,,,,
2018-01-31,VLUE,iShares MSCI USA Value Factor ETF,Value Factor,Value Factor,Value Tilt,0.043649962912428,0.042549962912428,0.0429581239474709,0.0440581239474709,-0.0004081610350429,0.467252166388139,0.4256503235622393,1.467252166388139,0.0,0.0558,-0.0321,-0.0132,-0.0075,-0.0105,0.0011,0.9858707273920408,0.1433727972967088,0.3834069268125126,0.0339267460685894,0.0835835257169463,0.9165920242286052,-0.0017488646703721,1.037464366812669,0.1170127412889618,0.1895078883649159,0.1322413000744781,-0.1297904514394521,0.9376943146093768,36.0
2018-02-28,VLUE,iShares MSCI USA Value Factor ETF,Value Factor,Value Factor,Value Tilt,-0.0330013006227669,-0.0341013006227669,-0.0426666094122686,-0.0415666094122686,0.0085653087895017,0.4188309365557581,0.3663908734042533,1.418830936555758,-0.03300130062276685,-0.0364,0.0034,-0.011,0.0053,-0.0236,0.0011,0.9858707273920408,0.1433727972967088,0.3834069268125126,0.0339267460685894,0.0835835257169463,0.9165920242286052,-0.0016368548189326,1.0326067784931097,0.1212120630140525,0.1910355568242114,0.1355210878303894,-0.1431029277758374,0.9365331543685264,36.0
2018-03-31,VLUE,iShares MSCI USA Value Factor ETF,Value Factor,Value Factor,Value Tilt,-0.0227136184809783,-0.0239136184809783,-0.0201277382942287,-0.0189277382942287,-0.0037858801867495,0.3866041519738215,0.3405281845448349,1.3866041519738215,-0.05496534015202359,-0.0235,0.0361,-0.0021,-0.0040999999999999,0.0008,0.0012,0.9858707273920408,0.1433727972967088,0.3834069268125126,0.0339267460685894,0.0835835257169463,0.9165920242286052,-0.0016749560593886,1.0338274863268624,0.1194506872891814,0.1921570863181983,0.1359197652404083,-0.1437535013473552,0.9377049013047922,36.0
2018-04-30,VLUE,iShares MSCI USA Value Factor ETF,Value Factor,Value Factor,Value Tilt,0.00390167965574,0.00250167965574,0.0051243613832011,0.0065243613832011,-0.0026226817274611,0.3920142371841424,0.349274274865172,1.3920142371841424,-0.05127811764572554,0.0029,0.0089,0.0053,-0.0242,0.0124,0.0014,0.9858707273920408,0.1433727972967088,0.3834069268125126,0.0339267460685894,0.0835835257169463,0.9165920242286052,-0.0015405864019258,1.0329883272282587,0.1196968633924486,0.1849123401847164,0.1219222122149414,-0.1291989204764428,0.9374071029851816,36.0
2018-05-31,VLUE,iShares MSCI USA Value Factor ETF,Value Factor,Value Factor,Value Tilt,0.0197959524696849,0.0183959524696849,0.0174669904775191,0.0188669904775191,0.0009289619921657,0.4195704848605643,0.3747310197606148,1.4195704848605644,-0.032497264355690336,0.0263,0.0471,-0.0314,-0.0197999999999999,-0.0149,0.0014,0.9858707273920408,0.1433727972967088,0.3834069268125126,0.0339267460685894,0.0835835257169463,0.9165920242286052,-0.0016537701461652,1.0322389898542197,0.1042243234145671,0.1987462207028021,0.1254280630831385,-0.1282905080410041,0.9367195214631008,36.0
2018-06-30,VLUE,iShares MSCI USA Value Factor ETF,Value Factor,Value Factor,Value Tilt,-0.0106553701304127,-0.0120553701304127,-0.0038080320458357,-0.0024080320458357,-0.0082473380845769,0.4044444359181656,0.3714206234106267,1.4044444359181656,-0.04280636410616734,0.0049,0.0077,-0.0233,0.0083,0.002,0.0014,0.9858707273920408,0.1433727972967088,0.3834069268125126,0.0339267460685894,0.0835835257169463,0.9165920242286052,-0.0019269167385915,1.0305100451392777,0.0998313238360071,0.2228082347283675,0.1192481003097122,-0.1594410739861411,0.93282282707666,36.0
2018-07-31,VLUE,iShares MSCI USA Value Factor ETF,Value Factor,Value Factor,Value Tilt,0.0341364488121735,0.0325364488121735,0.030179503576359,0.031779503576359,0.0023569452358144,0.452387181514428,0.4150036900169973,1.452387181514428,-0.010131172551139156,0.032,-0.0192999999999999,0.0049,0.0153,0.0031,0.0016,0.9858707273920408,0.1433727972967088,0.3834069268125126,0.0339267460685894,0.0835835257169463,0.9165920242286052,-0.0018654649240455,1.0319179437020596,0.0958073471821281,0.2215572185416726,0.1182406122910603,-0.1595988085956712,0.9338246537073216,36.0
2018-08-31,VLUE,iShares MSCI USA Value Factor ETF,Value Factor,Value Factor,Value Tilt,0.036052789851499,0.034452789851499,0.0165472085389864,0.0181472085389864,0.0179055813125125,0.5047497913525787,0.4406820570631711,1.5047497913525787,0.0,0.0346,0.0065,-0.0391,-0.0029,-0.0256999999999999,0.0016,0.9858707273920408,0.1433727972967088,0.3834069268125126,0.0339267460685894,0.0835835257169463,0.9165920242286052,-0.0018669641885948,1.0379381168061936,0.0989416734682001,0.213812046069983,0.1180954951482092,-0.1666507056334894,0.9254486003913972,36.0
2018-09-30,VLUE,iShares MSCI USA Value Factor ETF,Value Factor,Value Factor,Value Tilt,-0.0019571918726922,-0.0034571918726922,-0.0090905394297323,-0.0075905394297323,0.0056333475570401,0.5018047072905083,0.4297465031033252,1.5018047072905083,-0.0019571918726920545,0.0006,-0.0249,-0.0162,0.0065,0.0136,0.0015,0.9858707273920408,0.1433727972967088,0.3834069268125126,0.0339267460685894,0.0835835257169463,0.9165920242286052,-0.0018707555470691,1.044082511016434,0.0945204663309955,0.1997437038901866,0.1072161298899636,-0.1396886088507101,0.92193338842775,36.0
2018-10-31,VLUE,iShares MSCI USA Value Factor ETF,Value Factor,Value Factor,Value Tilt,-0.0590781839086749,-0.0609781839086749,-0.0665407923560813,-0.0646407923560813,0.0055626084474064,0.4130808125982859,0.3373265562743897,1.4130808125982859,-0.060919748439967614,-0.0764,-0.0438,0.0338,0.0103,0.036,0.0019,0.9858707273920408,0.1433727972967088,0.3834069268125126,0.0339267460685894,0.0835835257169463,0.9165920242286052,-0.0007422208024562,1.0097539353699951,0.052773458784836,0.2154691191508027,0.0892048901134225,-0.0871785128282065,0.915732444501214,36.0
2018-11-30,VLUE,iShares MSCI USA Value Factor ETF,Value Factor,Value Factor,Value Tilt,-0.0059277796507773,-0.0077277796507773,0.0159465688703619,0.0177465688703619,-0.0236743485211392,0.4047043809124619,0.361059514107477,1.404704380912462,-0.06648640924561189,0.0171,-0.0081,0.0036,-0.0060999999999999,0.004,0.0018,0.9858707273920408,0.1433727972967088,0.3834069268125126,0.0339267460685894,0.0835835257169463,0.9165920242286052,-0.00083272764856,0.981709108531956,0.091794099424719,0.2161282147678603,0.0947613478547262,-0.1306341156827969,0.904193469528916,36.0
2018-12-31,VLUE,iShares MSCI USA Value Factor ETF,Value Factor,Value Factor,Value Tilt,-0.1105232315700247,-0.1124232315700247,-0.1066085674251906,-0.1047085674251906,-0.005814664144834,0.2494519133334458,0.218544922204857,1.2494519133334459,-0.1696613480103244,-0.0955,-0.0281,-0.0192,-0.0003,0.0024,0.0019,0.9858707273920408,0.1433727972967088,0.3834069268125126,0.0339267460685894,0.0835835257169463,0.9165920242286052,-0.0017128963547528,1.0154694348307207,0.1022596428357887,0.2408944134783444,0.1159312531430355,-0.1428752405972833,0.9335185491234408,36.0
2019-01-31,VLUE,iShares MSCI USA Value Factor ETF,Value Factor,Value Factor,Value Tilt,0.0983875892797336,0.0962875892797336,0.0822107139777966,0.0843107139777966,0.0140768753019369,0.3723824750072744,0.3212813146099671,1.3723824750072744,-0.0879663297552764,0.0836,0.0291,-0.0039,-0.0073,-0.0165,0.0021,0.9858707273920408,0.1433727972967088,0.3834069268125126,0.0339267460685894,0.0835835257169463,0.9165920242286052,-0.0004181855452489,0.99994756101943,0.0844824157194438,0.2537213359187963,0.1923523802837554,-0.0853051890554631,0.9492286767611198,36.0
2019-02-28,VLUE,iShares MSCI USA Value Factor ETF,Value Factor,Value Factor,Value Tilt,0.0189434776809558,0.0171434776809558,0.023493116436454,0.025293116436454,-0.0063496387554982,0.3983801717923096,0.3547006367457082,1.3983801717923097,-0.07068924027871526,0.0342,0.0172,-0.0266,0.0016,-0.0154,0.0018,0.9858707273920408,0.1433727972967088,0.3834069268125126,0.0339267460685894,0.0835835257169463,0.9165920242286052,-0.001238079857942,1.000498833186016,0.0433089360146785,0.2955133472962886,0.0865160781292035,-0.1429956176296183,0.953053587089059,36.0
2019-03-31,VLUE,iShares MSCI USA Value Factor ETF,Value Factor,Value Factor,Value Tilt,-0.0095205213610675,-0.0114205213610675,-0.0117870343979317,-0.0098870343979317,0.0003665130368642,0.3850668634958678,0.3413066649513034,1.3850668634958678,-0.07953676321771153,0.011,-0.0352,-0.0414,0.0088,-0.009,0.0019,0.9858707273920408,0.1433727972967088,0.3834069268125126,0.0339267460685894,0.0835835257169463,0.9165920242286052,-0.0012733341940696,1.019177006844147,0.0509666235570864,0.3199667496844298,0.1042830158637385,-0.1488876459770491,0.953377403788874,36.0
2019-04-30,VLUE,iShares MSCI USA Value Factor ETF,Value Factor,Value Factor,Value Tilt,0.0341843120615967,0.0320843120615967,0.0431228012024201,0.0452228012024201,-0.0110384891408234,0.4324144213837877,0.4019643096118772,1.4324144213837877,-0.048071360690318254,0.0397,-0.0115,0.0213,0.0161,-0.0218,0.0021,0.9858707273920408,0.1433727972967088,0.3834069268125126,0.0339267460685894,0.0835835257169463,0.9165920242286052,-0.0013344465545104,1.015408659781466,0.0520823670779241,0.2787917618695391,0.0286986771132996,-0.0680326244974839,0.949201515033776,36.0
2019-05-31,VLUE,iShares MSCI USA Value Factor ETF,Value Factor,Value Factor,Value Tilt,-0.0960163482234086,-0.0981163482234086,-0.0798022648070885,-0.0777022648070885,-0.0183140834163201,0.2948792194999696,0.2930285075763281,1.2948792194999696,-0.13947207240611215,-0.0692,-0.0156,-0.0245,-0.0048,0.0176,0.0021,0.9858707273920408,0.1433727972967088,0.3834069268125126,0.0339267460685894,0.0835835257169463,0.9165920242286052,-0.0021018732924719,1.03988735048092,0.050717360034109,0.3051235766093754,0.0476695795986632,-0.1049362724570124,0.9551385849559711,36.0
2019-06-30,VLUE,iShares MSCI USA Value Factor ETF,Value Factor,Value Factor,Value Tilt,0.0956981187796222,0.0938981187796222,0.0651657819955196,0.0669657819955196,0.0287323367841025,0.4187967248529423,0.3796171727286765,1.4187967248529423,-0.05712116857805016,0.0699,0.0019,-0.0064,0.0045,-0.0055,0.0018,0.9858707273920408,0.1433727972967088,0.3834069268125126,0.0339267460685894,0.0835835257169463,0.9165920242286052,-0.0016713009972632,1.0821723517545647,0.0411504150808952,0.2792454344407899,0.0726761859644636,-0.037757061377026,0.9523710031507396,36.0
2019-07-31,VLUE,iShares MSCI USA Value Factor ETF,Value Factor,Value Factor,Value Tilt,0.0160116031727537,0.0141116031727537,0.0103422800743957,0.0122422800743957,0.0037693230983579,0.4415139349940902,0.396506832552667,1.4415139349940902,-0.04202416688933219,0.0121999999999999,-0.0182,0.005,-0.0013,0.0037,0.0019,0.9858707273920408,0.1433727972967088,0.3834069268125126,0.0339267460685894,0.0835835257169463,0.9165920242286052,-0.0017486695107671,1.0826121453245214,0.026440621164016,0.2846291301702309,0.0468509857248668,-0.0356891992939848,0.9518264449909514,36.0
2019-08-31,VLUE,iShares MSCI USA Value Factor ETF,Value Factor,Value Factor,Value Tilt,-0.0452172439484285,-0.0468172439484285,-0.0496843827731915,-0.0480843827731915,0.002867138824763,0.3763326477404032,0.3293566634708273,1.3763326477404032,-0.08534119383179628,-0.0255,-0.0325,-0.0476999999999999,0.0053,-0.0062,0.0016,0.9858707273920408,0.1433727972967088,0.3834069268125126,0.0339267460685894,0.0835835257169463,0.9165920242286052,-0.0018231982959828,1.0835005541646616,0.0279350171863309,0.2917444267833707,0.044444272732052,-0.0411208401219693,0.953873161655852,36.0
2019-09-30,VLUE,iShares MSCI USA Value Factor ETF,Value Factor,Value Factor,Value Tilt,0.0485490279345546,0.0467490279345546,0.0425178968430212,0.0443178968430212,0.0042311310915333,0.4431522599027915,0.3882709549501102,1.4431522599027915,-0.0409353979005499,0.0141999999999999,0.0029,0.0676,0.0182,0.0338,0.0018,0.9858707273920408,0.1433727972967088,0.3834069268125126,0.0339267460685894,0.0835835257169463,0.9165920242286052,-0.0018219088468053,1.0902564985330196,0.0272168057754926,0.3115569526304554,0.1327671018215936,-0.0087288783773164,0.954431500894553,36.0
2019-10-31,VLUE,iShares MSCI USA Value Factor ETF,Value Factor,Value Factor,Value Tilt,0.0284007310381713,0.0269007310381713,0.011431370950354,0.012931370950354,0.0154693600878172,0.4841388390834198,0.4062232016481724,1.4841388390834198,-0.013697262088092521,0.0207,0.0025,-0.0192,0.0043,-0.0103,0.0015,0.9858707273920408,0.1433727972967088,0.3834069268125126,0.0339267460685894,0.0835835257169463,0.9165920242286052,-0.0015084238071154,1.0904351919880404,0.0308530449923104,0.3086637033795967,0.1434177763280364,-0.0138742646953871,0.9525090204634474,36.0
2019-11-30,VLUE,iShares MSCI USA Value Factor ETF,Value Factor,Value Factor,Value Tilt,0.0369800744112698,0.0357800744112698,0.0282768148962677,0.0294768148962677,0.007503259515002,0.5390224037893803,0.4476741826659927,1.5390224037893803,0.0,0.0387,0.0039,-0.02,-0.0163999999999999,-0.0113999999999999,0.0012,0.9858707273920408,0.1433727972967088,0.3834069268125126,0.0339267460685894,0.0835835257169463,0.9165920242286052,-0.0009456235419189,1.0979437258398672,0.058705903901453,0.3241222447405434,0.1453297932728329,0.014800893182571,0.9515125358445984,36.0
2019-12-31,VLUE,iShares MSCI USA Value Factor ETF,Value Factor,Value Factor,Value Tilt,0.0326635535667652,0.0312635535667652,0.035015823133867,0.036415823133867,-0.0037522695671018,0.5892923445160065,0.5003924296574231,1.5892923445160065,0.0,0.0276,0.0098999999999999,0.0173,0.0005,0.0118999999999999,0.0014,0.9858707273920408,0.1433727972967088,0.3834069268125126,0.0339267460685894,0.0835835257169463,0.9165920242286052,-0.0005092867946118,1.0883394419188257,0.0622795652292552,0.362456254005384,0.167360211402951,-0.0345524841187887,0.9539920927762464,36.0
2020-01-31,VLUE,iShares MSCI USA Value Factor ETF,Value Factor,Value Factor,Value Tilt,-0.0377801961978185,-0.0390801961978185,-0.0344929400339877,-0.0331929400339877,-0.0045872561638307,0.5292485679245009,0.4505899937123552,1.529248567924501,-0.03778019619781847,-0.0009,-0.0437,-0.0622,-0.0118999999999999,-0.0219,0.0013,0.9858707273920408,0.1433727972967088,0.3834069268125126,0.0339267460685894,0.0835835257169463,0.9165920242286052,-0.0005905775974879,1.0842426201162925,0.0925356151884014,0.3811789045664481,0.215585623422903,-0.0324690820069933,0.9543928699627888,36.0
2020-02-29,VLUE,iShares MSCI USA Value Factor ETF,Value Factor,Value Factor,Value Tilt,-0.0963628519328781,-0.0975628519328782,-0.0987378731165845,-0.0975378731165845,0.0011750211837063,0.3818858146050263,0.3091025309614523,1.3818858146050264,-0.13050244067849115,-0.0815,0.0008,-0.0382,-0.0143,-0.0253,0.0012,0.9858707273920408,0.1433727972967088,0.3834069268125126,0.0339267460685894,0.0835835257169463,0.9165920242286052,-0.000507460593845,1.0583489553160823,0.1209948116382654,0.3769882050387501,0.2087393925784978,-0.0396221054954162,0.9620336795098277,36.0
2020-03-31,VLUE,iShares MSCI USA Value Factor ETF,Value Factor,Value Factor,Value Tilt,-0.1832038783284918,-0.1844038783284918,-0.1971765383578644,-0.1959765383578644,0.0127726600293726,0.1287189739622583,0.0525491485881077,1.1287189739622583,-0.2897977657433495,-0.1335,-0.0818,-0.1383,-0.0161,0.0118999999999999,0.0012,0.9858707273920408,0.1433727972967088,0.3834069268125126,0.0339267460685894,0.0835835257169463,0.9165920242286052,-0.0006301235602392,1.0539419029004844,0.1125885902082857,0.2892980853523113,0.2003264903572283,0.0555232500449738,0.972208915827725,36.0
2020-04-30,VLUE,iShares MSCI USA Value Factor ETF,Value Factor,Value Factor,Value Tilt,0.1107937116523685,0.1107937116523685,0.131253952281944,0.131253952281944,-0.0204602406295755,0.2537739384999899,0.190700384311292,1.25377393849999,-0.21111182418625019,0.1358,0.0256999999999999,-0.0134,0.0276,-0.0102,0.0,0.9858707273920408,0.1433727972967088,0.3834069268125126,0.0339267460685894,0.0835835257169463,0.9165920242286052,-0.0005936412407206,0.9995820245100682,0.0557375660890464,0.3756548374109515,0.0469934548709833,-0.0418339239101757,0.9685362240583506,36.0
2020-05-31,VLUE,iShares MSCI USA Value Factor ETF,Value Factor,Value Factor,Value Tilt,0.0345810176857237,0.0344810176857237,0.0351188955799761,0.0352188955799761,-0.0006378778942524,0.2971307172411577,0.2326355368133887,1.2971307172411577,-0.18383126822637652,0.0559,0.0192,-0.05,0.0096,-0.0316,0.0001,0.9858707273920408,0.1433727972967088,0.3834069268125126,0.0339267460685894,0.0835835257169463,0.9165920242286052,-0.0006804594273414,0.9989432099382234,0.0498978689109899,0.3846184230678849,0.0281604110269463,-0.0333633221714235,0.9687426183512318,36.0
2020-06-30,VLUE,iShares MSCI USA Value Factor ETF,Value Factor,Value Factor,Value Tilt,0.003816720274077,0.003716720274077,0.0177801450214461,0.0178801450214461,-0.0140634247473691,0.3020815023477801,0.2546752389702003,1.30208150234778,-0.18071618048074845,0.0243999999999999,0.0195,-0.0217,0.0014,0.0055,0.0001,0.9858707273920408,0.1433727972967088,0.3834069268125126,0.0339267460685894,0.0835835257169463,0.9165920242286052,-0.0008327169067819,0.9967666846830576,0.028462980603521,0.406321329096904,0.001236290277053,-0.0657840268562316,0.9676282570348964,36.0
2020-07-31,VLUE,iShares MSCI USA Value Factor ETF,Value Factor,Value Factor,Value Tilt,0.0105151293647722,0.0104151293647722,0.0470631464632927,0.0471631464632927,-0.0366480170985205,0.3157730577884441,0.3138496710296186,1.3157730577884441,-0.1721013051320387,0.0583,-0.0319,-0.0144,0.0038,0.0097,0.0001,0.9858707273920408,0.1433727972967088,0.3834069268125126,0.0339267460685894,0.0835835257169463,0.9165920242286052,-0.0011927855498787,0.9379541007809488,0.1149965874848285,0.4166237122204549,0.0744469890065981,-0.151718550954225,0.9572388378091152,36.0
2020-08-31,VLUE,iShares MSCI USA Value Factor ETF,Value Factor,Value Factor,Value Tilt,0.0384715365936472,0.0383715365936472,0.0611968563620847,0.0612968563620847,-0.0228253197684375,0.3663928691300873,0.3943845255960936,1.3663928691300873,-0.14025077019659316,0.0762,-0.0089,-0.0302,0.0426999999999999,-0.0151,0.0001,0.9858707273920408,0.1433727972967088,0.3834069268125126,0.0339267460685894,0.0835835257169463,0.9165920242286052,-0.0013187939006492,0.9368179845067096,0.1084855346884904,0.441591165287016,-0.0724040869983464,-0.1308000333550014,0.9551410696569168,36.0
2020-09-30,VLUE,iShares MSCI USA Value Factor ETF,Value Factor,Value Factor,Value Tilt,-0.0209054759326029,-0.0210054759326029,-0.0496681981064969,-0.0495681981064969,0.028662722173894,0.3378277758900079,0.3252673971947126,1.337827775890008,-0.15822423702832222,-0.0364,-0.0001,-0.0272,-0.0138,-0.0192999999999999,0.0001,0.9858707273920408,0.1433727972967088,0.3834069268125126,0.0339267460685894,0.0835835257169463,0.9165920242286052,6.35127857968893e-05,0.9208982790516088,0.1303921898299939,0.4598740725993858,-0.1261726304498208,-0.1694539000728974,0.9516926223186134,36.0
2020-10-31,VLUE,iShares MSCI USA Value Factor ETF,Value Factor,Value Factor,Value Tilt,-0.0107072615779988,-0.0108072615779988,0.0004883840539058,0.0005883840539058,-0.0112956456319046,0.3235033039472412,0.3260471633983832,1.3235033039472412,-0.16723735031247955,-0.0208,0.0467,0.0425,-0.0077,-0.0056999999999999,0.0001,0.9858707273920408,0.1433727972967088,0.3834069268125126,0.0339267460685894,0.0835835257169463,0.9165920242286052,-0.001279641760037,0.941782788551872,0.1035218125059234,0.4212935850884742,-0.1176240541008256,-0.1212293379442797,0.949328942419339,36.0
2020-11-30,VLUE,iShares MSCI USA Value Factor ETF,Value Factor,Value Factor,Value Tilt,0.1642689480129064,0.1641689480129065,0.1399120369697976,0.1400120369697976,0.0242569110431088,0.5409137993782607,0.511709727863813,1.5409137993782607,-0.030440305903869924,0.1244,0.0712,0.0209,-0.0225,0.0128,0.0001,0.9858707273920408,0.1433727972967088,0.3834069268125126,0.0339267460685894,0.0835835257169463,0.9165920242286052,-0.0011762997155987,0.9844060104609134,0.1442649209874966,0.398865600934392,-0.3310249684739306,-0.0024778706171567,0.9569580799882308,36.0
2020-12-31,VLUE,iShares MSCI USA Value Factor ETF,Value Factor,Value Factor,Value Tilt,0.0290020093006539,0.0289020093006539,0.0442962034032345,0.0443962034032345,-0.0153941941025806,0.5856033957193352,0.5788239004287032,1.5856033957193352,-0.002321126638154647,0.0463,0.0493,-0.0168,-0.0197,-0.0006,0.0001,0.9858707273920408,0.1433727972967088,0.3834069268125126,0.0339267460685894,0.0835835257169463,0.9165920242286052,-0.001881310725101,0.9789859113701108,0.1011780392480872,0.4271962150302391,-0.3075524235327517,-0.0769555475399817,0.9551781101447662,36.0
2021-01-31,VLUE,iShares MSCI USA Value Factor ETF,Value Factor,Value Factor,Value Tilt,0.0330226659668098,0.0330226659668098,0.0230769092284099,0.0230769092284099,0.0099457567383998,0.6379642470120142,0.6152582762665406,1.6379642470120142,0.0,-0.0007,0.0681,0.0322,-0.0365,0.0496999999999999,0.0,0.9858707273920408,0.1433727972967088,0.3834069268125126,0.0339267460685894,0.0835835257169463,0.9165920242286052,-0.0015766508132429,0.9845697659982544,0.0985939777110201,0.429128717253964,-0.344604020570262,-0.0513228178354915,0.9548925589067864,36.0
2021-02-28,VLUE,iShares MSCI USA Value Factor ETF,Value Factor,Value Factor,Value Tilt,0.0690577472948767,0.0690577472948767,0.0589505413505151,0.0589505413505151,0.0101072059443615,0.7510783680602129,0.7104786260733531,1.7510783680602129,0.0,0.0281,0.045,0.072,0.0033,-0.0199,0.0,0.9858707273920408,0.1433727972967088,0.3834069268125126,0.0339267460685894,0.0835835257169463,0.9165920242286052,-0.0014714873878201,0.9891516270680129,0.0906314741672939,0.4455891583933655,-0.3622287122752574,-0.059420864127033,0.9557785281520912,36.0
2021-03-31,VLUE,iShares MSCI USA Value Factor ETF,Value Factor,Value Factor,Value Tilt,0.0724944610259636,0.0724944610259636,0.0619679342912946,0.0619679342912946,0.0105265267346689,0.8780218505669621,0.8164734531805307,1.8780218505669621,0.0,0.0316,-0.0084,0.0735,0.0635,0.0352,0.0,0.9858707273920408,0.1433727972967088,0.3834069268125126,0.0339267460685894,0.0835835257169463,0.9165920242286052,-0.0003119775841961,0.9625145185987092,0.1525740152891591,0.439608533726829,-0.1300021518939253,0.0251971561251209,0.9523954585475484,36.0
2021-04-30,VLUE,iShares MSCI USA Value Factor ETF,Value Factor,Value Factor,Value Tilt,0.0177630775294332,0.0177630775294332,0.0378492453349734,0.0378492453349734,-0.0200861678055402,0.9113812983005528,0.885225602554427,1.911381298300553,0.0,0.0496999999999999,-0.0316,-0.0102,0.0243,-0.0272,0.0,0.9858707273920408,0.1433727972967088,0.3834069268125126,0.0339267460685894,0.0835835257169463,0.9165920242286052,-0.0004844419239321,0.9586121619363788,0.1717453721613022,0.4307997873705029,-0.1571472970299116,0.0701411160025443,0.9512758332981176,36.0
2021-05-31,VLUE,iShares MSCI USA Value Factor ETF,Value Factor,Value Factor,Value Tilt,0.0284808967269527,0.0284808967269527,0.033723310466478,0.033723310466478,-0.0052424137395253,0.96581915166328,0.9488016508487228,1.96581915166328,0.0,0.0029,0.0127,0.0704,0.0233999999999999,0.0301,0.0,0.9858707273920408,0.1433727972967088,0.3834069268125126,0.0339267460685894,0.0835835257169463,0.9165920242286052,-0.0005748173405505,0.9595227491350018,0.1765182206168754,0.4238800773847808,-0.1639831358634904,0.0640335672663114,0.951309518071362,36.0
2021-06-30,VLUE,iShares MSCI USA Value Factor ETF,Value Factor,Value Factor,Value Tilt,-0.0159517333830384,-0.0159517333830384,-0.0064131379348994,-0.0064131379348994,-0.0095385954481389,0.9344609286766768,0.9363037170540705,1.9344609286766767,-0.015951733383038347,0.0273,-0.003,-0.0786,-0.0214,-0.0093,0.0,0.9858707273920408,0.1433727972967088,0.3834069268125126,0.0339267460685894,0.0835835257169463,0.9165920242286052,-0.0005871864355212,0.94996644712553,0.1896134433749972,0.4280648852024651,-0.1313754159238922,0.0590237775697741,0.950997848883016,36.0
2021-07-31,VLUE,iShares MSCI USA Value Factor ETF,Value Factor,Value Factor,Value Tilt,-0.0069482109695554,-0.0069482109695554,-6.109708616152559e-05,-6.109708616152559e-05,-0.0068871138833938,0.921019886031869,0.9361854145390348,1.921019886031869,-0.02278910834371828,0.0134,-0.0455,-0.0179,0.055,-0.0059,0.0,0.9858707273920408,0.1433727972967088,0.3834069268125126,0.0339267460685894,0.0835835257169463,0.9165920242286052,-0.0007023614661741,0.9446636235765246,0.2023362832038758,0.4194209372812788,-0.1049032210247813,0.0589652193164287,0.9510441771577716,36.0
2021-08-31,VLUE,iShares MSCI USA Value Factor ETF,Value Factor,Value Factor,Value Tilt,0.0076678313341747,0.0076678313341747,0.0244710970838152,0.0244710970838152,-0.0168032657496405,0.9357499425075568,0.9835659957904868,1.9357499425075568,-0.01529602004857955,0.0295,-0.0066,-0.0023,-0.0026,-0.0172,0.0,0.9858707273920408,0.1433727972967088,0.3834069268125126,0.0339267460685894,0.0835835257169463,0.9165920242286052,-0.0017490581629378,0.9392163504184062,0.2180057514028942,0.4064243961760309,-0.0727607652963517,0.1184720070598983,0.9519019524198008,36.0
2021-09-30,VLUE,iShares MSCI USA Value Factor ETF,Value Factor,Value Factor,Value Tilt,-0.0352155074590921,-0.0352155074590921,-0.022379971831217,-0.022379971831217,-0.012835535627875,0.8675815259682449,0.9391738446793356,1.867581525968245,-0.049972870399556446,-0.044,0.0112,0.0512,-0.0192,0.02,0.0,0.9858707273920408,0.1433727972967088,0.3834069268125126,0.0339267460685894,0.0835835257169463,0.9165920242286052,-0.002871936345533,0.9406933444990117,0.2480736953305389,0.3757398840034802,-0.0180707664209941,0.1108789060259689,0.9510482632974504,36.0
2021-10-31,VLUE,iShares MSCI USA Value Factor ETF,Value Factor,Value Factor,Value Tilt,0.024826231105717,0.024826231105717,0.0574949212503936,0.0574949212503936,-0.0326686901446766,0.9139465365407002,1.0506664921699973,1.9139465365407002,-0.026387277323394853,0.0663,-0.027,-0.0053,0.0171,-0.0154,0.0,0.9858707273920408,0.1433727972967088,0.3834069268125126,0.0339267460685894,0.0835835257169463,0.9165920242286052,-0.0037931028683627,0.9206906397857012,0.3247263836903776,0.3404813197913461,0.0275627695642264,0.1151999304025872,0.9468634469382944,36.0
2021-11-30,VLUE,iShares MSCI USA Value Factor ETF,Value Factor,Value Factor,Value Tilt,-0.0094959430540775,-0.0094959430540775,-0.016830594494838,-0.016830594494838,0.0073346514407605,0.8957718092211608,1.0161525559961322,1.8957718092211608,-0.03563264829465718,-0.0158,-0.017,-0.0037,0.0719,0.017,0.0,0.9858707273920408,0.1433727972967088,0.3834069268125126,0.0339267460685894,0.0835835257169463,0.9165920242286052,-0.0030426998782015,0.9164028856181838,0.3275516153635518,0.3359385903190174,0.0597701743118823,0.1388248203748642,0.9486256594171226,36.0
2021-12-31,VLUE,iShares MSCI USA Value Factor ETF,Value Factor,Value Factor,Value Tilt,0.0783853671675391,0.0782853671675391,0.0472678405330855,0.0473678405330855,0.0310175266344535,1.0443725785528315,1.1116533487589295,2.0443725785528315,0.0,0.0324,-0.0078,0.0325,0.0487999999999999,0.0429,0.0001,0.9858707273920408,0.1433727972967088,0.3834069268125126,0.0339267460685894,0.0835835257169463,0.9165920242286052,-0.0023179134995478,0.9167212533590848,0.3299014233388131,0.3227903028590861,0.1177385820198833,0.2406141618723208,0.938081941705138,36.0
2022-01-31,VLUE,iShares MSCI USA Value Factor ETF,Value Factor,Value Factor,Value Tilt,-0.0197314695293526,-0.0197314695293526,-0.0116100724337844,-0.0116100724337844,-0.0081213970955681,1.0040341033124722,1.0871369004247953,2.0040341033124722,-0.019731469529352674,-0.0615,-0.0401,0.1286,0.0077,0.0773,0.0,0.9858707273920408,0.1433727972967088,0.3834069268125126,0.0339267460685894,0.0835835257169463,0.9165920242286052,-0.0031075028567725,0.9023928982587988,0.3545013905637321,0.3027534912630912,0.1562553517632619,0.2354225204617112,0.937796359805706,36.0
2022-02-28,VLUE,iShares MSCI USA Value Factor ETF,Value Factor,Value Factor,Value Tilt,-0.0215262597090695,-0.0215262597090695,-0.0060594175356716,-0.0060594175356716,-0.0154668421733978,0.9608947447387356,1.074490066491014,1.9608947447387357,-0.04083298450089168,-0.0227999999999999,0.0286,0.0306,-0.0203,0.0302999999999999,0.0,0.9858707273920408,0.1433727972967088,0.3834069268125126,0.0339267460685894,0.0835835257169463,0.9165920242286052,-0.0036811429569689,0.908711221075831,0.342906012642639,0.3017891650201882,0.1741725149032289,0.2083237546766863,0.9354676829948904,36.0
2022-03-31,VLUE,iShares MSCI USA Value Factor ETF,Value Factor,Value Factor,Value Tilt,0.002870518336089,0.002870518336089,0.0209709039574486,0.0209709039574486,-0.0181003856213596,0.9665235290586488,1.117993998436078,1.966523529058649,-0.03807967799552969,0.0308,-0.0210999999999999,-0.019,-0.015,0.0321,0.0,0.9858707273920408,0.1433727972967088,0.3834069268125126,0.0339267460685894,0.0835835257169463,0.9165920242286052,-0.0039947607412594,0.893448080655673,0.3701431364890688,0.3084277778515611,0.2015652618420051,0.1783991996973253,0.934793459899652,36.0
2022-04-30,VLUE,iShares MSCI USA Value Factor ETF,Value Factor,Value Factor,Value Tilt,-0.0574734219455459,-0.0574734219455459,-0.0647307921960472,-0.0647307921960472,0.0072573702505013,0.853500692507217,0.980894569050837,1.853500692507217,-0.09336453054008809,-0.0941,-0.0034999999999999,0.0617999999999999,0.0341,0.0592,0.0,0.9858707273920408,0.1433727972967088,0.3834069268125126,0.0339267460685894,0.0835835257169463,0.9165920242286052,-0.0040356684944636,0.8988702885191188,0.3624211158174596,0.3115364068728136,0.1915105452353904,0.168660690776422,0.9366188991703384,36.0
2022-05-31,VLUE,iShares MSCI USA Value Factor ETF,Value Factor,Value Factor,Value Tilt,0.0390625774918511,0.0387625774918511,0.0316324264149627,0.0319324264149627,0.0071301510768883,0.92590320693948,1.0441493391128525,1.92590320693948,-0.05794901225744942,-0.0033,-0.0003,0.0843999999999999,0.0155,0.0395,0.0003,0.9858707273920408,0.1433727972967088,0.3834069268125126,0.0339267460685894,0.0835835257169463,0.9165920242286052,-0.003061731797997,0.8830843488294093,0.3646310151299889,0.3085112088430699,0.1900175085734001,0.1832975629111537,0.9341667928935088,36.0
2022-06-30,VLUE,iShares MSCI USA Value Factor ETF,Value Factor,Value Factor,Value Tilt,-0.1100558145859029,-0.1106558145859029,-0.108399860050978,-0.107799860050978,-0.0022559545349248,0.7139463606861529,0.8237903264331878,1.713946360686153,-0.16162720109491024,-0.084,0.0133,-0.06,0.0176,-0.0458,0.0006,0.9858707273920408,0.1433727972967088,0.3834069268125126,0.0339267460685894,0.0835835257169463,0.9165920242286052,-0.0046647992683942,0.8820401163297436,0.3543118323766443,0.3098378848460035,0.178405653685656,0.2258743634242676,0.9472658347978524,36.0
2022-07-31,VLUE,iShares MSCI USA Value Factor ETF,Value Factor,Value Factor,Value Tilt,0.0585505583654548,0.0577505583654548,0.0742660945753846,0.0750660945753846,-0.0165155362099298,0.8142988771127664,0.9606951435628932,1.8142988771127664,-0.11254000560060806,0.0957,0.0178,-0.0415,0.0077,-0.0684999999999999,0.0008,0.9858707273920408,0.1433727972967088,0.3834069268125126,0.0339267460685894,0.0835835257169463,0.9165920242286052,-0.0051652811034303,0.8787110380330423,0.3709224965130252,0.3013579324569311,0.193042410603119,0.2363934553198202,0.949429274348846,36.0
2022-08-31,VLUE,iShares MSCI USA Value Factor ETF,Value Factor,Value Factor,Value Tilt,-0.0356918697720549,-0.0375918697720549,-0.0361174819956244,-0.0342174819956244,-0.0014743877764304,0.7495431578632721,0.8936050927891215,1.749543157863272,-0.1442151121486197,-0.0377,0.0149,0.0018,-0.0478,0.0132,0.0019,0.9858707273920408,0.1433727972967088,0.3834069268125126,0.0339267460685894,0.0835835257169463,0.9165920242286052,-0.0053882203591759,0.8799222848657146,0.3763558743384906,0.3041572637755664,0.1922495845868894,0.2369538014760902,0.9495406361070916,36.0
2022-09-30,VLUE,iShares MSCI USA Value Factor ETF,Value Factor,Value Factor,Value Tilt,-0.1060340804640921,-0.1079340804640921,-0.0957225563616241,-0.0938225563616241,-0.0122115241024679,0.5640319578869961,0.7159422222442555,1.5640319578869961,-0.234957475807007,-0.0934,-0.0097,0.0003,-0.0137,-0.0077,0.0019,0.9858707273920408,0.1433727972967088,0.3834069268125126,0.0339267460685894,0.0835835257169463,0.9165920242286052,-0.0060969188036393,0.8897079526227607,0.3837325692115779,0.2907232981156625,0.2001712637270917,0.254864631460452,0.9529011623287064,36.0
2022-10-31,VLUE,iShares MSCI USA Value Factor ETF,Value Factor,Value Factor,Value Tilt,0.1309552977348611,0.1286552977348611,0.1158676973727715,0.1181676973727715,0.0127876003620895,0.7688502285989256,0.9187111634715756,1.7688502285989256,-0.13477110427148387,0.0786,0.0181,0.0797,0.0327,0.0643,0.0023,0.9858707273920408,0.1433727972967088,0.3834069268125126,0.0339267460685894,0.0835835257169463,0.9165920242286052,-0.006632325580855,0.8955961484834898,0.3874107969426609,0.2905663685952625,0.2074086528839037,0.2853539180467965,0.9593488257532528,36.0
2022-11-30,VLUE,iShares MSCI USA Value Factor ETF,Value Factor,Value Factor,Value Tilt,0.057355814446582,0.054455814446582,0.0514811269699442,0.0543811269699442,0.0029746874766377,0.8703040740942398,1.023052838870973,1.8703040740942398,-0.08514519627425798,0.0469,-0.0275,0.0148,0.063,0.0315,0.0029,0.9858707273920408,0.1433727972967088,0.3834069268125126,0.0339267460685894,0.0835835257169463,0.9165920242286052,-0.0073030025177471,0.888340437154488,0.3999637139779853,0.2854113914461852,0.2371706050309673,0.297123425756863,0.9619763644110751,36.0
2022-12-31,VLUE,iShares MSCI USA Value Factor ETF,Value Factor,Value Factor,Value Tilt,-0.0618202183438699,-0.0651202183438699,-0.0556055142133965,-0.0523055142133965,-0.0095147041304733,0.7546814678643046,0.917236019852955,1.7546814678643046,-0.14170171999352155,-0.0638,-0.0019,0.0134,0.0032,0.0428,0.0033,0.9858707273920408,0.1433727972967088,0.3834069268125126,0.0339267460685894,0.0835835257169463,0.9165920242286052,-0.0076897989124103,0.8967809033867824,0.3880955487261853,0.29579857380144,0.2311043220184488,0.2726577342677601,0.9613149805338276,36.0
2023-01-31,VLUE,iShares MSCI USA Value Factor ETF,Value Factor,Value Factor,Value Tilt,0.07175758006456,0.06825758006456,0.0503747895776143,0.0538747895776142,0.0178827904869456,0.8805931637823772,1.0205267069931554,1.8805931637823772,-0.08011231244668249,0.0659,0.0438999999999999,-0.0394,-0.0242,-0.0443,0.0034999999999999,0.9858707273920408,0.1433727972967088,0.3834069268125126,0.0339267460685894,0.0835835257169463,0.9165920242286052,-0.0073335694551432,0.8985043900580824,0.4373818833730266,0.2917518130066173,0.235008756262226,0.2546177420629535,0.9584748603389,36.0
2023-02-28,VLUE,iShares MSCI USA Value Factor ETF,Value Factor,Value Factor,Value Tilt,-0.0404382089610095,-0.0438382089610095,-0.0297637394839281,-0.0263637394839281,-0.0140744694770813,0.8045453444546995,0.9672580672696685,1.8045453444546995,-0.11731092297662327,-0.0256999999999999,0.0058,-0.008,0.0097,-0.0151,0.0034,0.9858707273920408,0.1433727972967088,0.3834069268125126,0.0339267460685894,0.0835835257169463,0.9165920242286052,-0.0079089955432918,0.9081201132290564,0.4313397491154562,0.2900250861969625,0.2288161227047583,0.2713731836331992,0.9555652081600846,36.0
2023-03-31,VLUE,iShares MSCI USA Value Factor ETF,Value Factor,Value Factor,Value Tilt,-0.0033524877484299,-0.00695248774843,-0.0222717952008257,-0.0186717952008257,0.0153193074523957,0.798495628295929,0.9305258275304368,1.798495628295929,-0.120270127293017,0.0249,-0.0689,-0.0905,0.0227,-0.021,0.0036,0.9858707273920408,0.1433727972967088,0.3834069268125126,0.0339267460685894,0.0835835257169463,0.9165920242286052,-0.0077318179087087,0.9399501930246524,0.3878127847504266,0.3240513375198588,0.2296403138535767,0.2199882651894396,0.9367638514511728,36.0
2023-04-30,VLUE,iShares MSCI USA Value Factor ETF,Value Factor,Value Factor,Value Tilt,-0.0109081906986687,-0.0144081906986687,0.0040112273193491,0.007511227319349,-0.0184194180180178,0.7788772950117551,0.9450264458668928,1.778877295011755,-0.12986638850782029,0.0063,-0.0256999999999999,-0.0012,0.0242,0.0285,0.0034999999999999,0.9858707273920408,0.1433727972967088,0.3834069268125126,0.0339267460685894,0.0835835257169463,0.9165920242286052,-0.0080032515531452,0.9597131187663768,0.4146359336491796,0.3269239059001085,0.2472202738684156,0.2090249382557895,0.9338076258663012,36.0
2023-05-31,VLUE,iShares MSCI USA Value Factor ETF,Value Factor,Value Factor,Value Tilt,-0.0366892632894644,-0.0402892632894644,-0.0350102857257706,-0.0314102857257706,-0.0052789775636937,0.7136115975754185,0.8839326094580333,1.7136115975754185,-0.16179094967686947,0.0033,-0.0043,-0.0779,-0.0178,-0.0708,0.0036,0.9858707273920408,0.1433727972967088,0.3834069268125126,0.0339267460685894,0.0835835257169463,0.9165920242286052,-0.0074922582819064,0.95689686269216,0.4058814897140546,0.3293831507925824,0.2374280236737722,0.1886759713415687,0.9340189031578822,36.0
2023-06-30,VLUE,iShares MSCI USA Value Factor ETF,Value Factor,Value Factor,Value Tilt,0.0697789732950049,0.0657789732950049,0.0632657592045046,0.0672657592045046,0.0025132140905002,0.8331856554806443,1.0106567667233517,1.8331856554806443,-0.10330158273874035,0.0646,0.0128,-0.0013,0.0232,-0.0154,0.004,0.9858707273920408,0.1433727972967088,0.3834069268125126,0.0339267460685894,0.0835835257169463,0.9165920242286052,-0.007087662636649,0.9584797581572242,0.424372676585474,0.3137331000219612,0.2466391518667653,0.2027403768257692,0.9375553317411534,36.0
2023-07-31,VLUE,iShares MSCI USA Value Factor ETF,Value Factor,Value Factor,Value Tilt,0.0373174515454803,0.0328174515454803,0.0504065702501724,0.0549065702501724,-0.0175891187046921,0.9015954723529128,1.1210550337344318,1.901595472352913,-0.06983908300168429,0.0321,0.0286,0.0406,-0.0059,0.0066,0.0045,0.9858707273920408,0.1433727972967088,0.3834069268125126,0.0339267460685894,0.0835835257169463,0.9165920242286052,-0.0066034905136812,0.97573400361328,0.3712866061741417,0.3017793319963045,0.2140509070701296,0.2264452017788942,0.941079064928424,36.0
2023-08-31,VLUE,iShares MSCI USA Value Factor ETF,Value Factor,Value Factor,Value Tilt,-0.0290883362329191,-0.0335883362329191,-0.0350447997009196,-0.0305447997009196,0.0014564634680005,0.8462812238741149,1.056267832574386,1.8462812238741149,-0.09689591650605167,-0.0236,-0.0365,-0.0115,0.0335,-0.0241,0.0045,0.9858707273920408,0.1433727972967088,0.3834069268125126,0.0339267460685894,0.0835835257169463,0.9165920242286052,-0.0059047829659526,0.983883348492996,0.3714527524666522,0.2916633963492902,0.2532259256847277,0.2152282898966261,0.9457013676866756,36.0
2023-09-30,VLUE,iShares MSCI USA Value Factor ETF,Value Factor,Value Factor,Value Tilt,-0.0324365245849742,-0.0367365245849742,-0.0496676214198296,-0.0453676214198296,0.0129310968348554,0.7863942775651458,0.9629798520083775,1.7863942775651458,-0.12618947431309369,-0.0523,-0.0178,0.0149,0.0187,-0.0077,0.0043,0.9858707273920408,0.1433727972967088,0.3834069268125126,0.0339267460685894,0.0835835257169463,0.9165920242286052,-0.0068444770668275,0.9894037700255228,0.3694776447122342,0.3119360606985923,0.2824160349899334,0.2067922714425701,0.9544648415049748,36.0
2023-10-31,VLUE,iShares MSCI USA Value Factor ETF,Value Factor,Value Factor,Value Tilt,-0.0360449997355515,-0.0407449997355515,-0.0370832763357886,-0.0323832763357887,-0.0036617233997628,0.7220036963027194,0.8994121330192046,1.7220036963027194,-0.15768597448040034,-0.0315,-0.0403,0.002,0.0241,-0.0069,0.0046999999999999,0.9858707273920408,0.1433727972967088,0.3834069268125126,0.0339267460685894,0.0835835257169463,0.9165920242286052,-0.0063502499593146,0.9812830704993992,0.3786235125921037,0.3236719151865251,0.28521019503869,0.1872031129898849,0.9559876255087252,36.0
2023-11-30,VLUE,iShares MSCI USA Value Factor ETF,Value Factor,Value Factor,Value Tilt,0.082332746131547,0.077932746131547,0.0902351541711742,0.0946351541711742,-0.0123024080396272,0.8637809894679969,1.0791632930620765,1.8637809894679969,-0.08833594765425368,0.0888,-0.002,0.0167,-0.0373,-0.0108,0.0044,0.9858707273920408,0.1433727972967088,0.3834069268125126,0.0339267460685894,0.0835835257169463,0.9165920242286052,-0.0066203498301975,0.9637612444878766,0.3252039044685408,0.3395414730859605,0.2718776898914137,0.1618206006174483,0.9517204942217612,36.0
2023-12-31,VLUE,iShares MSCI USA Value Factor ETF,Value Factor,Value Factor,Value Tilt,0.0757556912837638,0.0714556912837638,0.0758975747610542,0.0801975747610542,-0.0044418834772903,1.0049730067266824,1.2459071466978615,2.0049730067266824,-0.019272207150244247,0.0486,0.0727,0.0489,-0.0297,0.0129,0.0043,0.9858707273920408,0.1433727972967088,0.3834069268125126,0.0339267460685894,0.0835835257169463,0.9165920242286052,-0.0062201203631916,0.967105033712952,0.3474854819253582,0.3213818350548419,0.2748124987963666,0.1781877525370548,0.9553926638099466,36.0
2024-01-31,VLUE,iShares MSCI USA Value Factor ETF,Value Factor,Value Factor,Value Tilt,-0.0085013323025111,-0.0132013323025111,-0.0119707503526555,-0.0072707503526556,-0.0012305819498555,0.987928064938934,1.2295777165189763,1.987928064938934,-0.027609700015568284,0.0073,-0.0572,-0.0237999999999999,0.0067,-0.0097,0.0046999999999999,0.9858707273920408,0.1433727972967088,0.3834069268125126,0.0339267460685894,0.0835835257169463,0.9165920242286052,-0.0062759076423352,0.9704127951676496,0.291328471611961,0.3409911570683818,0.2624681662046625,0.1473702467269113,0.954672812304372,36.0
2024-02-29,VLUE,iShares MSCI USA Value Factor ETF,Value Factor,Value Factor,Value Tilt,0.025224315545363,0.021024315545363,0.0318863310758905,0.0360863310758905,-0.0108620155305275,1.0380721897304368,1.3100349961567082,2.038072189730437,-0.0030818202555106256,0.0507,-0.0081999999999999,-0.0343,-0.0206,-0.0217,0.0042,0.9858707273920408,0.1433727972967088,0.3834069268125126,0.0339267460685894,0.0835835257169463,0.9165920242286052,-0.0065675663089955,0.9716787319470204,0.2776491156499694,0.3062994317442867,0.2547591186146017,0.1944040466599927,0.9549838791081008,36.0
2024-03-31,VLUE,iShares MSCI USA Value Factor ETF,Value Factor,Value Factor,Value Tilt,0.0601579622742682,0.0558579622742682,0.0423595770836165,0.0466595770836165,0.0134983851906516,1.160678459632476,1.417820252125734,2.160678459632476,0.0,0.0283999999999999,-0.0121,0.0416,0.0133,0.0113999999999999,0.0043,0.9858707273920408,0.1433727972967088,0.3834069268125126,0.0339267460685894,0.0835835257169463,0.9165920242286052,-0.0062288124044654,0.9762817865521036,0.259622031699304,0.3234739003847941,0.2399886645081491,0.1799727539114176,0.9505936734848728,36.0
2024-04-30,VLUE,iShares MSCI USA Value Factor ETF,Value Factor,Value Factor,Value Tilt,-0.0679531734516377,-0.0726531734516377,-0.0524121662672246,-0.0477121662672247,-0.020241007184413,1.013853501491853,1.3024608102520476,2.013853501491853,-0.06795317345163765,-0.0465,-0.0259,-0.0045,0.0113999999999999,-0.0031,0.0046999999999999,0.9858707273920408,0.1433727972967088,0.3834069268125126,0.0339267460685894,0.0835835257169463,0.9165920242286052,-0.0064431019014892,0.9915687028218824,0.2497601468833821,0.3368192437920684,0.2462354986233714,0.1612381826159771,0.9530590911701085,36.0
2024-05-31,VLUE,iShares MSCI USA Value Factor ETF,Value Factor,Value Factor,Value Tilt,0.0313026241575868,0.0269026241575868,0.035848084755271,0.040248084755271,-0.0089454605976842,1.076892400757493,1.395130448088762,2.076892400757493,-0.03877766194292265,0.0432,0.0059,-0.0131,0.0317,-0.0285,0.0044,0.9858707273920408,0.1433727972967088,0.3834069268125126,0.0339267460685894,0.0835835257169463,0.9165920242286052,-0.0065238641301031,0.9896820924960774,0.2449460061454264,0.3393208584994732,0.2360216538817396,0.1703047064988379,0.9524768078978044,36.0
2024-06-30,VLUE,iShares MSCI USA Value Factor ETF,Value Factor,Value Factor,Value Tilt,-0.000546211106898,-0.004646211106898,0.0059555422996247,0.0100555422996246,-0.0106017534065227,1.0757579790603673,1.4192147836226376,2.0757579790603673,-0.039302692260167804,0.0279999999999999,-0.0432,-0.0336,0.0056,-0.018,0.0040999999999999,0.9858707273920408,0.1433727972967088,0.3834069268125126,0.0339267460685894,0.0835835257169463,0.9165920242286052,-0.006431046671462,0.9896151711661888,0.2508375383559484,0.3302140552088529,0.2344223279297746,0.1806616937460229,0.9523939022379112,36.0
2024-07-31,VLUE,iShares MSCI USA Value Factor ETF,Value Factor,Value Factor,Value Tilt,0.0399186920613932,0.0354186920613932,0.0445964800690642,0.0490964800690642,-0.009177788007671,1.158619522620458,1.537989714029552,2.158619522620458,-0.0009529122682919722,0.0121999999999999,0.0834,0.0562,0.0026,0.0028,0.0045,0.9858707273920408,0.1433727972967088,0.3834069268125126,0.0339267460685894,0.0835835257169463,0.9165920242286052,-0.006648995520373,0.993189809680658,0.216469656675888,0.3244932617549816,0.2366916844903225,0.184874704141337,0.952884799452264,36.0
2024-08-31,VLUE,iShares MSCI USA Value Factor ETF,Value Factor,Value Factor,Value Tilt,0.0040896777056094,-0.0007103222943905,0.0062503895947282,0.0110503895947282,-0.0069607118891187,1.167447580757012,1.5660354891569916,2.167447580757012,0.0,0.0161,-0.0355,-0.011,0.0076,0.0081999999999999,0.0048,0.9858707273920408,0.1433727972967088,0.3834069268125126,0.0339267460685894,0.0835835257169463,0.9165920242286052,-0.0064723112928344,0.9947158332597524,0.2129645740750526,0.3321511760677034,0.2336308758128366,0.1730355529272598,0.953631451037748,36.0
2024-09-30,VLUE,iShares MSCI USA Value Factor ETF,Value Factor,Value Factor,Value Tilt,0.0172669480899192,0.0132669480899192,0.0037218171379721,0.0077218171379721,0.009545130951947,1.2048727856215642,1.5858499459738091,2.204872785621564,0.0,0.0173,-0.0092,-0.0276,0.002,-0.0029,0.004,0.9858707273920408,0.1433727972967088,0.3834069268125126,0.0339267460685894,0.0835835257169463,0.9165920242286052,-0.0058748150664177,0.9946812905283235,0.2165154489078439,0.3183140047860534,0.2248145451599535,0.1889659186946635,0.9514983725734116,36.0
2024-10-31,VLUE,iShares MSCI USA Value Factor ETF,Value Factor,Value Factor,Value Tilt,-0.0130226155977735,-0.0169226155977735,-0.0087785696873756,-0.0048785696873756,-0.0081440459103978,1.1761595748924225,1.5732346968112791,2.1761595748924223,-0.013022615597773624,-0.01,-0.0089,0.0086,-0.0148,0.0098,0.0039,0.9858707273920408,0.1433727972967088,0.3834069268125126,0.0339267460685894,0.0835835257169463,0.9165920242286052,-0.0054449199465185,1.0175877790700272,0.17833229948716,0.3491613248003564,0.2293543273099332,0.1482700275486494,0.9602399255054096,36.0
2024-11-30,VLUE,iShares MSCI USA Value Factor ETF,Value Factor,Value Factor,Value Tilt,0.064578978033531,0.060578978033531,0.0674219557768675,0.0714219557768675,-0.0068429777433365,1.3166937362768585,1.7570201515304356,2.3166937362768585,0.0,0.0649,0.0458999999999999,0.0016,-0.0231,-0.0204999999999999,0.004,0.9858707273920408,0.1433727972967088,0.3834069268125126,0.0339267460685894,0.0835835257169463,0.9165920242286052,-0.0054089896514181,1.0166086982313811,0.1819871534343954,0.3451161300882513,0.239889689986964,0.1518508509492956,0.9614852529223852,36.0
2024-12-31,VLUE,iShares MSCI USA Value Factor ETF,Value Factor,Value Factor,Value Tilt,-0.0718408381518526,-0.0755408381518526,-0.0496766058124804,-0.0459766058124804,-0.0258642323393721,1.1502605165215818,1.6302617228064555,2.150260516521582,-0.07184083815185272,-0.0315,-0.0383,-0.03,0.0189,-0.0121,0.0037,0.9858707273920408,0.1433727972967088,0.3834069268125126,0.0339267460685894,0.0835835257169463,0.9165920242286052,-0.0064936802313629,1.0129863345705656,0.1686258391579157,0.3813823315477016,0.1680299586086509,0.1027167964788849,0.9628913361632918,36.0
2025-01-31,VLUE,iShares MSCI USA Value Factor ETF,Value Factor,Value Factor,Value Tilt,0.041568019137794,0.037868019137794,0.0273268963031174,0.0310268963031174,0.0105411228346765,1.239642586823594,1.7118705805300305,2.239642586823594,-0.033259100349229964,0.0279999999999999,-0.0123,0.0163,-0.0235,-0.0324,0.0037,0.9858707273920408,0.1433727972967088,0.3834069268125126,0.0339267460685894,0.0835835257169463,0.9165920242286052,-0.006108684637996,1.013629187588737,0.1126160205812997,0.4547447548781405,0.1228345026883025,0.0321701138542731,0.9610528291875776,36.0
2025-02-28,VLUE,iShares MSCI USA Value Factor ETF,Value Factor,Value Factor,Value Tilt,0.0105455330385206,0.0072455330385206,-0.0105050649702343,-0.0072050649702343,0.0177505980087549,1.2632608117174202,1.692331376806444,2.26326081171742,-0.023064302252273516,-0.0243,-0.0491,0.0491,0.0108,0.0306,0.0033,0.9858707273920408,0.1433727972967088,0.3834069268125126,0.0339267460685894,0.0835835257169463,0.9165920242286052,-0.0054098569267187,1.0082805172771825,0.078612976807244,0.4885572747596139,0.0938475548035387,0.0281305354885363,0.9589111210503092,36.0
2025-03-31,VLUE,iShares MSCI USA Value Factor ETF,Value Factor,Value Factor,Value Tilt,-0.034522302621727,-0.037922302621727,-0.054949728309645,-0.051549728309645,0.017027425687918,1.185127837063416,1.5535424258125397,2.185127837063416,-0.05679037205188853,-0.0639,-0.0149,0.0289999999999999,0.0210999999999999,-0.0046999999999999,0.0034,0.9858707273920408,0.1433727972967088,0.3834069268125126,0.0339267460685894,0.0835835257169463,0.9165920242286052,-0.0045286005632468,1.0008705206095356,0.070690941293401,0.4880357410897922,0.0837533054424786,0.0397118435218307,0.9583358296418772,36.0
2025-04-30,VLUE,iShares MSCI USA Value Factor ETF,Value Factor,Value Factor,Value Tilt,-0.0383497051032879,-0.0418497051032879,-0.0284789635420289,-0.024978963542029,-0.0133707415612589,1.1013288288990486,1.489757582655144,2.1013288288990486,-0.09296218313428051,-0.0084,-0.0186,-0.0341,-0.0285,-0.0266999999999999,0.0034999999999999,0.9858707273920408,0.1433727972967088,0.3834069268125126,0.0339267460685894,0.0835835257169463,0.9165920242286052,-0.005082142098893,1.0096109916923968,0.0687673999544117,0.4924135049942191,0.0909357967987448,0.0267806386457927,0.9576831023084866,36.0
2025-05-31,VLUE,iShares MSCI USA Value Factor ETF,Value Factor,Value Factor,Value Tilt,0.0431940614270907,0.0393940614270907,0.0489468171686879,0.0527468171686879,-0.0095527557415972,1.1920937554130306,1.6210843706618094,2.1920937554130306,-0.05378353595588836,0.0605999999999999,-0.0072,-0.0288,0.0129,0.0250999999999999,0.0038,0.9858707273920408,0.1433727972967088,0.3834069268125126,0.0339267460685894,0.0835835257169463,0.9165920242286052,-0.0053306599305188,1.007456846862671,0.0671451335652943,0.4959248636293221,0.0895182202811345,0.0141528320445067,0.9576981495743824,36.0
2025-06-30,VLUE,iShares MSCI USA Value Factor ETF,Value Factor,Value Factor,Value Tilt,0.065298013013205,0.061898013013205,0.0405715913679284,0.0439715913679284,0.0213264216452765,1.3352331219801563,1.7363376215494144,2.3352331219801563,0.0,0.0486,-0.0002,-0.0161,-0.032,0.0144,0.0034,0.9858707273920408,0.1433727972967088,0.3834069268125126,0.0339267460685894,0.0835835257169463,0.9165920242286052,-0.0048291484920641,1.0387604697233015,0.0353546173680844,0.4809943558625943,0.0060183578013421,0.0820534550599797,0.9477776247189934,36.0
2025-07-31,VLUE,iShares MSCI USA Value Factor ETF,Value Factor,Value Factor,Value Tilt,-0.0022965947319826,-0.0056965947319826,0.011366929845982,0.014766929845982,-0.0170635245779646,1.3298700378942652,1.776744927241756,2.329870037894265,-0.0022965947319827373,0.0197999999999999,-0.0014,-0.0127,-0.0028,-0.0207,0.0034,0.9858707273920408,0.1433727972967088,0.3834069268125126,0.0339267460685894,0.0835835257169463,0.9165920242286052,-0.0051136103715743,1.05098326077335,0.0408794832532032,0.4850277502168159,0.0271765322358063,0.0493589755170869,0.9462488048432848,36.0
2025-08-31,VLUE,iShares MSCI USA Value Factor ETF,Value Factor,Value Factor,Value Tilt,0.0595838457850055,0.0557838457850055,0.0424280831186712,0.0462280831186712,0.0133557626663342,1.468692654931262,1.9051085225376363,2.468692654931262,0.0,0.0185,0.0487999999999999,0.0441999999999999,-0.0069,0.0208,0.0038,0.9858707273920408,0.1433727972967088,0.3834069268125126,0.0339267460685894,0.0835835257169463,0.9165920242286052,-0.0047791086161368,1.05322931752051,0.062449441489947,0.4912973300456046,0.0482805538572469,0.0489713865135008,0.9442552106451312,36.0
2025-09-30,VLUE,iShares MSCI USA Value Factor ETF,Value Factor,Value Factor,Value Tilt,0.0505662089415221,0.0472662089415222,0.0224605185823551,0.0257605185823551,0.024805690359167,1.5935250835329176,1.979945624616226,2.5935250835329176,0.0,0.0339,-0.0218,-0.0105,-0.0204999999999999,-0.0222,0.0033,0.9858707273920408,0.1433727972967088,0.3834069268125126,0.0339267460685894,0.0835835257169463,0.9165920242286052,-0.00422139262118,1.0586971729340058,0.0270704725789829,0.5167272957348487,0.0011741616215835,0.0233993966283782,0.9297905480800271,36.0
2025-10-31,VLUE,iShares MSCI USA Value Factor ETF,Value Factor,Value Factor,Value Tilt,0.0428628252870826,0.0391628252870826,-0.0008450564975908,0.0028549435024091,0.0400078817846734,1.7046908960660554,1.988453201014757,2.7046908960660554,0.0,0.0196,-0.0131,-0.031,-0.0524,-0.0403,0.0037,0.9858707273920408,0.1433727972967088,0.3834069268125126,0.0339267460685894,0.0835835257169463,0.9165920242286052,-0.0034196792875386,1.034456950871392,-0.0068028381054763,0.5152268938073521,-0.1281654236687224,-0.0252951436178961,0.9011355370241004,36.0
2025-11-30,VLUE,iShares MSCI USA Value Factor ETF,Value Factor,Value Factor,Value Tilt,0.0249980198956158,0.0219980198956158,0.0150408149427522,0.0180408149427522,0.0069572049528635,1.7723028128974057,2.04236733217934,2.7723028128974057,0.0,-0.0013,0.0147,0.0375999999999999,0.0144,0.0068,0.003,0.9858707273920408,0.1433727972967088,0.3834069268125126,0.0339267460685894,0.0835835257169463,0.9165920242286052,-0.0032242064268309,1.0100984336796135,0.0023528719094509,0.5211760752379045,-0.1691945616331661,-0.0436426013239619,0.899270173662587,36.0
2025-12-31,VLUE,iShares MSCI USA Value Factor ETF,Value Factor,Value Factor,Value Tilt,0.0290000290636924,0.0256000290636924,0.0046007120873126,0.0080007120873126,0.0209993169763797,1.8526996750447864,2.0667084372679523,2.8526996750447866,0.0,-0.0036,-0.0022,0.0242,0.004,0.0037,0.0034,0.9858707273920408,0.1433727972967088,0.3834069268125126,0.0339267460685894,0.0835835257169463,0.9165920242286052,-0.0022652521262592,0.9975697585248589,0.0044672180369959,0.5275924857986125,-0.1763766330358071,-0.0287725423497479,0.8848390389462877,36.0
2026-01-31,VLUE,iShares MSCI USA Value Factor ETF,Value Factor,Value Factor,Value Tilt,0.0764278653136159,0.0734278653136158,0.0299800578621915,0.0329800578621915,0.0434478074514242,2.070725421589305,2.16784865897552,3.070725421589305,0.0,0.0103,0.0326,0.0372,0.0182,0.0183,0.003,0.9858707273920408,0.1433727972967088,0.3834069268125126,0.0339267460685894,0.0835835257169463,0.9165920242286052,-0.000585928419802,0.9828302692000148,0.0248229308725057,0.5447096786655867,-0.1178031269267037,0.057750519125911,0.8598635556065074,36.0
2026-02-28,VLUE,iShares MSCI USA Value Factor ETF,Value Factor,Value Factor,Value Tilt,0.0245278142731628,0.0217278142731628,0.0037481283831238,0.0065481283831238,0.0179796858900389,2.1460436044139275,2.188592138692799,3.1460436044139275,0.0,-0.0116999999999999,0.0063,0.0283,0.0162,0.0507,0.0028,0.9858707273920408,0.1433727972967088,0.3834069268125126,0.0339267460685894,0.0835835257169463,0.9165920242286052,0.0012247903389341,0.9487099214694468,0.0620803780395088,0.5017085083524079,-0.1200372930056141,0.1268900518208384,0.8522893548564279,36.0
2015-02-28,VTV,Vanguard Value ETF,Value,Large-Cap Value,Value Tilt,0.053066617781319,0.053066617781319,0.0434893443603212,0.0434893443603212,0.0095772734209977,0.053066617781319,0.0434893443603212,1.053066617781319,0.0,0.0613999999999999,0.0036,-0.0179,-0.011,-0.0175,0.0,0.8735002097251636,-0.0188789990683168,0.2974822859377874,0.1001982051529015,0.1838402723957906,0.9425891454005346,,,,,,,,
2015-03-31,VTV,Vanguard Value ETF,Value,Large-Cap Value,Value Tilt,-0.0132680993978506,-0.0132680993978506,-0.012734015267382,-0.012734015267382,-0.0005340841304685,0.0390944252240381,0.0302015351178863,1.0390944252240382,-0.013268099397850563,-0.0109,0.0308,-0.0038,0.0007,-0.0062,0.0,0.8735002097251636,-0.0188789990683168,0.2974822859377874,0.1001982051529015,0.1838402723957906,0.9425891454005346,,,,,,,,
2015-04-30,VTV,Vanguard Value ETF,Value,Large-Cap Value,Value Tilt,0.0127833420159422,0.0127833420159422,0.0096429435126469,0.0096429435126469,0.0031403985032952,0.0523775246485358,0.0401357103276702,1.0523775246485358,-0.0006543680344126557,0.006,-0.0301,0.018,0.0005,-0.0062,0.0,0.8735002097251636,-0.0188789990683168,0.2974822859377874,0.1001982051529015,0.1838402723957906,0.9425891454005346,,,,,,,,
2015-05-31,VTV,Vanguard Value ETF,Value,Large-Cap Value,Value Tilt,0.0117970423418425,0.0117970423418425,0.0048767928780983,0.0048767928780983,0.0069202494637441,0.0647924668664181,0.0452082367520521,1.0647924668664182,0.0,0.0138,0.0081999999999999,-0.0111,-0.0176,-0.0083,0.0,0.8735002097251636,-0.0188789990683168,0.2974822859377874,0.1001982051529015,0.1838402723957906,0.9425891454005346,,,,,,,,
2015-06-30,VTV,Vanguard Value ETF,Value,Large-Cap Value,Value Tilt,-0.0222884092066512,-0.0222884092066512,-0.0193504816025617,-0.0193504816025617,-0.0029379276040894,0.0410599366447397,0.0249829539959356,1.0410599366447397,-0.022288409206651316,-0.0154,0.0289999999999999,-0.0081999999999999,0.0034999999999999,-0.0154,0.0,0.8735002097251636,-0.0188789990683168,0.2974822859377874,0.1001982051529015,0.1838402723957906,0.9425891454005346,,,,,,,,
2015-07-31,VTV,Vanguard Value ETF,Value,Large-Cap Value,Value Tilt,0.0100763174106415,0.0100763174106415,-0.0024030260337443,-0.0024030260337443,0.0124793434443858,0.0515499870098745,0.0225198932733392,1.0515499870098746,-0.012436676881754205,0.0157,-0.0458,-0.0416,0.0031,-0.0243999999999999,0.0,0.8735002097251636,-0.0188789990683168,0.2974822859377874,0.1001982051529015,0.1838402723957906,0.9425891454005346,,,,,,,,
2015-08-31,VTV,Vanguard Value ETF,Value,Large-Cap Value,Value Tilt,-0.0584323274783018,-0.0584323274783018,-0.0418571373698121,-0.0418571373698121,-0.0165751901084897,-0.0098945261908904,-0.0202798623627685,0.9901054738091095,-0.07014230038375957,-0.0602,0.0029,0.0275,0.0066,0.0129,0.0,0.8735002097251636,-0.0188789990683168,0.2974822859377874,0.1001982051529015,0.1838402723957906,0.9425891454005346,,,,,,,,
2015-09-30,VTV,Vanguard Value ETF,Value,Large-Cap Value,Value Tilt,-0.0253732261293089,-0.0253732261293089,-0.0242767179636653,-0.0242767179636653,-0.0010965081656435,-0.0350166962697156,-0.044064251827511,0.9649833037302844,-0.09373579006420141,-0.0306,-0.0279999999999999,0.0055,0.018,-0.0059,0.0,0.8735002097251636,-0.0188789990683168,0.2974822859377874,0.1001982051529015,0.1838402723957906,0.9425891454005346,,,,,,,,
2015-10-31,VTV,Vanguard Value ETF,Value,Large-Cap Value,Value Tilt,0.0764818954625947,0.0764818954625947,0.0683290293229036,0.0683290293229036,0.008152866139691,0.0387870558893332,0.0212539099401789,1.0387870558893333,-0.024422985498400718,0.0775,-0.0206,-0.0046999999999999,0.0095,0.0060999999999999,0.0,0.8735002097251636,-0.0188789990683168,0.2974822859377874,0.1001982051529015,0.1838402723957906,0.9425891454005346,,,,,,,,
2015-11-30,VTV,Vanguard Value ETF,Value,Large-Cap Value,Value Tilt,0.005446748321197,0.005446748321197,-0.001958475105564,-0.001958475105564,0.007405223426761,0.0444450675420797,0.0192538095811012,1.0444450675420798,-0.01910926303246563,0.0056999999999999,0.033,-0.0043,-0.0265,-0.0106,0.0,0.8735002097251636,-0.0188789990683168,0.2974822859377874,0.1001982051529015,0.1838402723957906,0.9425891454005346,,,,,,,,
2015-12-31,VTV,Vanguard Value ETF,Value,Large-Cap Value,Value Tilt,-0.0114355873984121,-0.0115355873984121,-0.0257386227390451,-0.0256386227390451,0.014203035340633,0.0325012246893618,-0.006878454318083,1.032501224689362,-0.030326324783350733,-0.0215,-0.0295,-0.0256999999999999,0.0034,0.0012,0.0001,0.8735002097251636,-0.0188789990683168,0.2974822859377874,0.1001982051529015,0.1838402723957906,0.9425891454005346,,,,,,,,
2016-01-31,VTV,Vanguard Value ETF,Value,Large-Cap Value,Value Tilt,-0.0475953229745629,-0.0476953229745629,-0.0353404906897091,-0.0352404906897091,-0.0123548322848537,-0.01664100457136,-0.0418765449024362,0.9833589954286399,-0.07647825653521867,-0.0574,-0.0344,0.0208,0.0278,0.0305,0.0001,0.8735002097251636,-0.0188789990683168,0.2974822859377874,0.1001982051529015,0.1838402723957906,0.9425891454005346,,,,,,,,
2016-02-29,VTV,Vanguard Value ETF,Value,Large-Cap Value,Value Tilt,0.0010300644000285,0.0008300644000285,0.0038614363138537,0.0040614363138537,-0.0030313719138252,-0.0156280814777212,-0.0379851875087479,0.9843719185222788,-0.07552696966462324,-0.0007,0.0087,-0.0060999999999999,0.0331,0.0194,0.0002,0.8735002097251636,-0.0188789990683168,0.2974822859377874,0.1001982051529015,0.1838402723957906,0.9425891454005346,,,,,,,,
2016-03-31,VTV,Vanguard Value ETF,Value,Large-Cap Value,Value Tilt,0.0669868296457811,0.0667868296457811,0.0644172041176728,0.0646172041176728,0.0023696255281082,0.0503118725364215,0.0241775199942242,1.0503118725364216,-0.01359945226942827,0.0695,0.01,0.0121999999999999,0.0068,0.0001,0.0002,0.8735002097251636,-0.0188789990683168,0.2974822859377874,0.1001982051529015,0.1838402723957906,0.9425891454005346,,,,,,,,
2016-04-30,VTV,Vanguard Value ETF,Value,Large-Cap Value,Value Tilt,0.0151721729678966,0.0150721729678966,0.0172626076234401,0.0173626076234401,-0.0021904346555435,0.0662473859367795,0.041959912410632,1.0662473859367796,0.0,0.0091,0.0123,0.0322,-0.0285,0.0177,0.0001,0.8735002097251636,-0.0188789990683168,0.2974822859377874,0.1001982051529015,0.1838402723957906,0.9425891454005346,,,,,,,,
2016-05-31,VTV,Vanguard Value ETF,Value,Large-Cap Value,Value Tilt,0.0106406495894866,0.0105406495894866,0.0046431311413411,0.0047431311413411,0.0058975184481454,0.0775929507462389,0.0469020649192162,1.077592950746239,0.0,0.0178,-0.0062,-0.0162,-0.011,-0.0254,0.0001,0.8735002097251636,-0.0188789990683168,0.2974822859377874,0.1001982051529015,0.1838402723957906,0.9425891454005346,,,,,,,,
2016-06-30,VTV,Vanguard Value ETF,Value,Large-Cap Value,Value Tilt,0.01125416907123,0.01105416907123,-0.0002592749475035,-5.9274947503570695e-05,0.0113134440187335,0.0897203640039028,0.0468400098542767,1.0897203640039028,0.0,-0.0003,0.0042,-0.0149,0.0144999999999999,0.019,0.0002,0.8735002097251636,-0.0188789990683168,0.2974822859377874,0.1001982051529015,0.1838402723957906,0.9425891454005346,,,,,,,,
2016-07-31,VTV,Vanguard Value ETF,Value,Large-Cap Value,Value Tilt,0.0281209095613528,0.0279209095613528,0.0290095797900041,0.0292095797900041,-0.0010886702286513,0.1203642918072209,0.0774177666494837,1.120364291807221,0.0,0.0394,0.0247,-0.0124,0.0131,-0.0116,0.0002,0.8735002097251636,-0.0188789990683168,0.2974822859377874,0.1001982051529015,0.1838402723957906,0.9425891454005346,,,,,,,,
2016-08-31,VTV,Vanguard Value ETF,Value,Large-Cap Value,Value Tilt,0.0067519358521404,0.0065519358521404,0.0104501701531304,0.0106501701531304,-0.00389823430099,0.127928919636532,0.0888924491903067,1.127928919636532,0.0,0.0049,0.0166,0.0317,-0.0185,-0.0036,0.0002,0.8735002097251636,-0.0188789990683168,0.2974822859377874,0.1001982051529015,0.1838402723957906,0.9425891454005346,,,,,,,,
2016-09-30,VTV,Vanguard Value ETF,Value,Large-Cap Value,Value Tilt,-0.0046877320144351,-0.0048877320144351,-0.0040837534884158,-0.0038837534884158,-0.0008039785260192,0.1226414911299447,0.0846634593422541,1.1226414911299447,-0.004687732014435064,0.0027,0.0181,-0.0118999999999999,-0.0218,0.0003,0.0002,0.8735002097251636,-0.0188789990683168,0.2974822859377874,0.1001982051529015,0.1838402723957906,0.9425891454005346,,,,,,,,
2016-10-31,VTV,Vanguard Value ETF,Value,Large-Cap Value,Value Tilt,-0.0109194232177147,-0.0111194232177147,-0.0035516197671462,-0.0033516197671462,-0.0075678034505684,0.1103828935665305,0.0810280798512215,1.1103828935665305,-0.015555967902352918,-0.0200999999999999,-0.0401999999999999,0.0411,0.0098999999999999,0.0025,0.0002,0.8735002097251636,-0.0188789990683168,0.2974822859377874,0.1001982051529015,0.1838402723957906,0.9425891454005346,,,,,,,,
2016-11-30,VTV,Vanguard Value ETF,Value,Large-Cap Value,Value Tilt,0.0599650552844159,0.0598650552844159,0.0718607755760117,0.0719607755760117,-0.0119957202915958,0.1769670651661172,0.158819698896762,1.1769670651661173,0.0,0.0484999999999999,0.0696,0.0828999999999999,-0.0024,0.0371,0.0001,0.8735002097251636,-0.0188789990683168,0.2974822859377874,0.1001982051529015,0.1838402723957906,0.9425891454005346,,,,,,,,
2016-12-31,VTV,Vanguard Value ETF,Value,Large-Cap Value,Value Tilt,0.0272841033477451,0.0269841033477451,0.0262728042161324,0.0265728042161324,0.0007112991316126,0.2090795562090017,0.1896127878773432,1.2090795562090018,0.0,0.0181,0.0044,0.0347,0.0124,-0.0032,0.0003,0.8735002097251636,-0.0188789990683168,0.2974822859377874,0.1001982051529015,0.1838402723957906,0.9425891454005346,,,,,,,,
2017-01-31,VTV,Vanguard Value ETF,Value,Large-Cap Value,Value Tilt,0.0049458295419828,0.0045458295419828,0.0061162466514306,0.0065162466514306,-0.0015704171094478,0.2150594575967077,0.197364598222848,1.2150594575967077,0.0,0.0194,-0.0144,-0.0276,-0.0051,-0.0106,0.0004,0.8735002097251636,-0.0188789990683168,0.2974822859377874,0.1001982051529015,0.1838402723957906,0.9425891454005346,,,,,,,,
2017-02-28,VTV,Vanguard Value ETF,Value,Large-Cap Value,Value Tilt,0.0358401655578413,0.0354401655578413,0.0236917209765484,0.0240917209765484,0.0117484445812928,0.2586073897195946,0.22621117203043,1.2586073897195946,0.0,0.0355,-0.023,-0.015,0.0045,-0.018,0.0004,0.8735002097251636,-0.0188789990683168,0.2974822859377874,0.1001982051529015,0.1838402723957906,0.9425891454005346,,,,,,,,
2017-03-31,VTV,Vanguard Value ETF,Value,Large-Cap Value,Value Tilt,-0.009182460006566,-0.009482460006566,-0.0101093223317677,-0.0098093223317677,0.0006268623252017,0.247050277699526,0.2141828713971687,1.247050277699526,-0.009182460006565973,0.0017,0.0075,-0.0333,0.0063,-0.0095,0.0003,0.8735002097251636,-0.0188789990683168,0.2974822859377874,0.1001982051529015,0.1838402723957906,0.9425891454005346,,,,,,,,
2017-04-30,VTV,Vanguard Value ETF,Value,Large-Cap Value,Value Tilt,-0.000314583273525,-0.000814583273525,0.0016788288427682,0.0021788288427682,-0.0024934121162932,0.2466579765409171,0.216828368057764,1.2466579765409171,-0.009494154631763063,0.0108,0.0040999999999999,-0.0204999999999999,0.0179,-0.016,0.0005,0.8735002097251636,-0.0188789990683168,0.2974822859377874,0.1001982051529015,0.1838402723957906,0.9425891454005346,,,,,,,,
2017-05-31,VTV,Vanguard Value ETF,Value,Large-Cap Value,Value Tilt,0.0006292641254583,2.9264125458384224e-05,-0.0039439614756411,-0.0033439614756411,0.0039732256010994,0.2474424536822708,0.2127593408725117,1.2474424536822708,-0.008870864837215997,0.0107,-0.0299,-0.0382,0.0098999999999999,-0.0166,0.0006,0.8735002097251636,-0.0188789990683168,0.2974822859377874,0.1001982051529015,0.1838402723957906,0.9425891454005346,,,,,,,,
2017-06-30,VTV,Vanguard Value ETF,Value,Large-Cap Value,Value Tilt,0.0180111040880057,0.0174111040880057,0.0081775556426411,0.0087775556426411,0.0092335484453646,0.2699102695593394,0.2234044034681528,1.2699102695593394,0.0,0.0078,0.0252,0.015,-0.0226,0.0004,0.0006,0.8735002097251636,-0.0188789990683168,0.2974822859377874,0.1001982051529015,0.1838402723957906,0.9425891454005346,,,,,,,,
2017-07-31,VTV,Vanguard Value ETF,Value,Large-Cap Value,Value Tilt,0.0154311346594173,0.0147311346594173,0.0145886771443928,0.0152886771443928,0.0001424575150244,0.2895064259342865,0.2421086384098061,1.2895064259342865,0.0,0.0187999999999999,-0.0163999999999999,-0.0023,-0.0075,-0.0015,0.0007,0.8735002097251636,-0.0188789990683168,0.2974822859377874,0.1001982051529015,0.1838402723957906,0.9425891454005346,,,,,,,,
2017-08-31,VTV,Vanguard Value ETF,Value,Large-Cap Value,Value Tilt,-0.0046915233598645,-0.0055915233598645,-0.0090248748809965,-0.0081248748809965,0.003433351521132,0.2834566764143205,0.2320166611341214,1.2834566764143205,-0.004691523359864447,0.0018,-0.0183,-0.0213,0.002,-0.0237999999999999,0.0009,0.8735002097251636,-0.0188789990683168,0.2974822859377874,0.1001982051529015,0.1838402723957906,0.9425891454005346,,,,,,,,
2017-09-30,VTV,Vanguard Value ETF,Value,Large-Cap Value,Value Tilt,0.0298172438962636,0.0289172438962636,0.0312444647759785,0.0321444647759785,-0.0023272208797149,0.3217258171652541,0.2716191773013658,1.3217258171652542,0.0,0.0249,0.0475999999999999,0.0315,-0.0154,0.0163,0.0009,0.8735002097251636,-0.0188789990683168,0.2974822859377874,0.1001982051529015,0.1838402723957906,0.9425891454005346,,,,,,,,
2017-10-31,VTV,Vanguard Value ETF,Value,Large-Cap Value,Value Tilt,0.0183327870353788,0.0174327870353788,0.0151190233286558,0.0160190233286558,0.0023137637067229,0.3459567350905068,0.2919892745677226,1.3459567350905068,0.0,0.0225,-0.0191,0.0013,0.0092,-0.0314,0.0009,0.8735002097251636,-0.0188789990683168,0.2974822859377874,0.1001982051529015,0.1838402723957906,0.9425891454005346,,,,,,,,
2017-11-30,VTV,Vanguard Value ETF,Value,Large-Cap Value,Value Tilt,0.035218980172659,0.034418980172659,0.0296384089762593,0.0304384089762593,0.0047805711963996,0.3933599586569163,0.3313153724999556,1.3933599586569163,0.0,0.0312,-0.0038,-0.0009,0.0319,-0.001,0.0008,0.8735002097251636,-0.0188789990683168,0.2974822859377874,0.1001982051529015,0.1838402723957906,0.9425891454005346,,,,,,,,
2017-12-31,VTV,Vanguard Value ETF,Value,Large-Cap Value,Value Tilt,0.0165186759868798,0.0156186759868798,0.0131969744515106,0.0140969744515106,0.0024217015353691,0.4163764203470621,0.3500828912929909,1.4163764203470621,0.0,0.0106,-0.0105,0.0005,0.0073,0.0179,0.0009,0.8735002097251636,-0.0188789990683168,0.2974822859377874,0.1001982051529015,0.1838402723957906,0.9425891454005346,,,,,,,,
2018-01-31,VTV,Vanguard Value ETF,Value,Large-Cap Value,Value Tilt,0.0471217556163043,0.0460217556163043,0.0423074658213126,0.0434074658213126,0.0037142897949916,0.4831185638873523,0.4086865682527303,1.4831185638873523,0.0,0.0558,-0.0321,-0.0132,-0.0075,-0.0105,0.0011,0.8735002097251636,-0.0188789990683168,0.2974822859377874,0.1001982051529015,0.1838402723957906,0.9425891454005346,0.0002236029892299,0.9608717028314074,-0.0720737126527025,0.1463560407798895,-0.0103810467239297,0.2044462546076783,0.974549286200012,36.0
2018-02-28,VTV,Vanguard Value ETF,Value,Large-Cap Value,Value Tilt,-0.0443726046626686,-0.0454726046626686,-0.0393707674956373,-0.0382707674956373,-0.0061018371670312,0.4173087301841141,0.3547750521249029,1.417308730184114,-0.04437260466266857,-0.0364,0.0034,-0.011,0.0053,-0.0236,0.0011,0.8735002097251636,-0.0188789990683168,0.2974822859377874,0.1001982051529015,0.1838402723957906,0.9425891454005346,9.643014778867668e-05,0.9673962523180716,-0.077045194500488,0.1442377344990381,-0.0148364819243049,0.2200403352705963,0.9751151750643844,36.0
2018-03-31,VTV,Vanguard Value ETF,Value,Large-Cap Value,Value Tilt,-0.0246174444956697,-0.0258174444956697,-0.0225285261968503,-0.0213285261968503,-0.0032889182988193,0.3824182111855785,0.3258796969348176,1.3824182111855785,-0.06789770902592673,-0.0235,0.0361,-0.0021,-0.0040999999999999,0.0008,0.0012,0.8735002097251636,-0.0188789990683168,0.2974822859377874,0.1001982051529015,0.1838402723957906,0.9425891454005346,3.493267580743074e-05,0.9690559424448622,-0.0808453058503417,0.1453876705127683,-0.0162615562359934,0.2218604861025208,0.9757639401679314,36.0
2018-04-30,VTV,Vanguard Value ETF,Value,Large-Cap Value,Value Tilt,0.0041674936760942,0.0027674936760942,0.0033653202667096,0.0047653202667096,-0.0005978265906154,0.3881794303384118,0.33219793832584,1.3881794303384118,-0.06401317862281941,0.0029,0.0089,0.0053,-0.0242,0.0124,0.0014,0.8735002097251636,-0.0188789990683168,0.2974822859377874,0.1001982051529015,0.1838402723957906,0.9425891454005346,-0.0001798008070556,0.9696062677655296,-0.0715558736332937,0.1408531456360708,-0.0016011534534296,0.2171280790098051,0.9758825582874064,36.0
2018-05-31,VTV,Vanguard Value ETF,Value,Large-Cap Value,Value Tilt,0.0060803440412493,0.0046803440412493,0.0075884801822196,0.0089884801822196,-0.0029081361409703,0.3966200388658549,0.3441723730932757,1.396620038865855,-0.05832205673077073,0.0263,0.0471,-0.0314,-0.0197999999999999,-0.0149,0.0014,0.8735002097251636,-0.0188789990683168,0.2974822859377874,0.1001982051529015,0.1838402723957906,0.9425891454005346,-0.0004855708354827,0.9685462166152712,-0.0938755650442838,0.1639639045699423,0.0138411360191869,0.2177648598264419,0.9738857140213568,36.0
2018-06-30,VTV,Vanguard Value ETF,Value,Large-Cap Value,Value Tilt,0.0020479933116213,0.0006479933116213,-0.0020285150582256,-0.0006285150582256,0.0026765083698469,0.3994803073643285,0.3433275405159357,1.3994803073643285,-0.056393506601254084,0.0049,0.0077,-0.0233,0.0083,0.002,0.0014,0.8735002097251636,-0.0188789990683168,0.2974822859377874,0.1001982051529015,0.1838402723957906,0.9425891454005346,-0.0004892153419017,0.9691004236712216,-0.0947182790573791,0.1631788499915248,0.0132791583669068,0.2200415329473484,0.9731348854165228,36.0
2018-07-31,VTV,Vanguard Value ETF,Value,Large-Cap Value,Value Tilt,0.0465182239213504,0.0449182239213504,0.0314456857993221,0.0330456857993221,0.0134725381220282,0.4645816456758227,0.3877187203454015,1.4645816456758227,-0.012498608447690907,0.032,-0.0192999999999999,0.0049,0.0153,0.0031,0.0016,0.8735002097251636,-0.0188789990683168,0.2974822859377874,0.1001982051529015,0.1838402723957906,0.9425891454005346,-0.0003762057443502,0.9783760221385556,-0.0994423732707267,0.1704315333781114,0.0279351896262512,0.2296335160527999,0.9710422998395976,36.0
2018-08-31,VTV,Vanguard Value ETF,Value,Large-Cap Value,Value Tilt,0.0189582358990347,0.0173582358990347,0.0130222804086007,0.0146222804086007,0.0043359554904339,0.4923475300079416,0.4080103326025566,1.4923475300079416,0.0,0.0346,0.0065,-0.0391,-0.0029,-0.0256999999999999,0.0016,0.8735002097251636,-0.0188789990683168,0.2974822859377874,0.1001982051529015,0.1838402723957906,0.9425891454005346,3.618050512393793e-06,0.9581830795821568,-0.0985679168834615,0.1833632736601873,0.0317716884251983,0.2311737958570444,0.9679189841914996,36.0
2018-09-30,VTV,Vanguard Value ETF,Value,Large-Cap Value,Value Tilt,0.006237959766338,0.004737959766338,-0.0011047959697424,0.0003952040302575,0.0058427557360804,0.5016567338575251,0.4085667839606453,1.501656733857525,0.0,0.0006,-0.0249,-0.0162,0.0065,0.0136,0.0015,0.8735002097251636,-0.0188789990683168,0.2974822859377874,0.1001982051529015,0.1838402723957906,0.9425891454005346,-1.960777651481907e-06,0.9599055400703932,-0.099621222331264,0.1796403301934237,0.0288564428141095,0.238231404010497,0.9661983528691735,36.0
2018-10-31,VTV,Vanguard Value ETF,Value,Large-Cap Value,Value Tilt,-0.0497830344764118,-0.0516830344764118,-0.0486346094580527,-0.0467346094580527,-0.003048425018359,0.4268997049041598,0.3427379654166591,1.4268997049041598,-0.04978303447641186,-0.0764,-0.0438,0.0338,0.0103,0.036,0.0019,0.8735002097251636,-0.0188789990683168,0.2974822859377874,0.1001982051529015,0.1838402723957906,0.9425891454005346,0.0001171385974713,0.958116684506885,-0.1052680645846974,0.1808683340060792,0.0267363227332772,0.2457781293742669,0.9653363226584644,36.0
2018-11-30,VTV,Vanguard Value ETF,Value,Large-Cap Value,Value Tilt,0.0327088136318816,0.0309088136318816,0.015853575568017,0.017653575568017,0.0150552380638645,0.4735719014232569,0.3664420915571875,1.473571901423257,-0.01870256484124877,0.0171,-0.0081,0.0036,-0.0060999999999999,0.004,0.0018,0.8735002097251636,-0.0188789990683168,0.2974822859377874,0.1001982051529015,0.1838402723957906,0.9425891454005346,9.059307082884988e-05,0.9742899075481296,-0.1274662714624955,0.1807009498838804,0.0285537420521637,0.2704515774512226,0.9628916654278508,36.0
2018-12-31,VTV,Vanguard Value ETF,Value,Large-Cap Value,Value Tilt,-0.0914287981163459,-0.0933287981163459,-0.088620559030998,-0.086720559030998,-0.0047082390853478,0.3388449935381101,0.247943469493862,1.3388449935381102,-0.10842140993246618,-0.0955,-0.0281,-0.0192,-0.0003,0.0024,0.0019,0.8735002097251636,-0.0188789990683168,0.2974822859377874,0.1001982051529015,0.1838402723957906,0.9425891454005346,-0.0002624879245,0.9799747295738014,-0.1168933338050976,0.1967995469991725,0.0391948028825693,0.2541206853709454,0.9765510295123252,36.0
2019-01-31,VTV,Vanguard Value ETF,Value,Large-Cap Value,Value Tilt,0.0695252452571646,0.0674252452571646,0.0671189601745684,0.0692189601745684,0.0003062850825961,0.4319285200751743,0.3343248188088705,1.4319285200751743,-0.04643418979198377,0.0836,0.0291,-0.0039,-0.0073,-0.0165,0.0021,0.8735002097251636,-0.0188789990683168,0.2974822859377874,0.1001982051529015,0.1838402723957906,0.9425891454005346,5.5522658731074585e-05,0.9620679351313912,-0.1258418261429342,0.2002956050087881,0.0663102204576049,0.2785127312599517,0.9788244415126064,36.0
2019-02-28,VTV,Vanguard Value ETF,Value,Large-Cap Value,Value Tilt,0.0286368070029252,0.0268368070029252,0.0185338503377667,0.0203338503377667,0.0083029566651584,0.4729343807465516,0.3614567799764978,1.4729343807465516,-0.019127109720468605,0.0342,0.0172,-0.0266,0.0016,-0.0154,0.0018,0.8735002097251636,-0.0188789990683168,0.2974822859377874,0.1001982051529015,0.1838402723957906,0.9425891454005346,0.0003098321580035,0.9624630535599,-0.1131033943814261,0.1871714826904814,0.0948261116425505,0.2925692618276041,0.9787555598983556,36.0
2019-03-31,VTV,Vanguard Value ETF,Value,Large-Cap Value,Value Tilt,0.005672172497136,0.003772172497136,-0.0032468279881225,-0.0013468279881225,0.0070190004852585,0.4812891186311083,0.3596231318806062,1.4812891186311083,-0.01356342948903877,0.011,-0.0352,-0.0414,0.0088,-0.009,0.0019,0.8735002097251636,-0.0188789990683168,0.2974822859377874,0.1001982051529015,0.1838402723957906,0.9425891454005346,0.0003053699576506,0.9657389879554198,-0.1118890549655232,0.1912502376964576,0.097892126422426,0.2917045019329134,0.9767544333247216,36.0
2019-04-30,VTV,Vanguard Value ETF,Value,Large-Cap Value,Value Tilt,0.0336337080383557,0.0315337080383557,0.0384056264923198,0.0405056264923198,-0.0068719184539641,0.5311103643675403,0.41469551863088,1.5311103643675403,0.0,0.0397,-0.0115,0.0213,0.0161,-0.0218,0.0021,0.8735002097251636,-0.0188789990683168,0.2974822859377874,0.1001982051529015,0.1838402723957906,0.9425891454005346,0.0002290476904474,0.9635615621248326,-0.1097088011716754,0.1725804366059414,0.0736329163323415,0.3234981277137803,0.9757236986922128,36.0
2019-05-31,VTV,Vanguard Value ETF,Value,Large-Cap Value,Value Tilt,-0.0632807905115849,-0.0653807905115849,-0.0651166669018225,-0.0630166669018225,-0.0002641236097623,0.4342204901498816,0.3255461223658169,1.4342204901498816,-0.06328079051158486,-0.0692,-0.0156,-0.0245,-0.0048,0.0176,0.0021,0.8735002097251636,-0.0188789990683168,0.2974822859377874,0.1001982051529015,0.1838402723957906,0.9425891454005346,4.297058558126558e-05,0.9667010281098842,-0.1068504888847399,0.1725206394594313,0.088040682719477,0.3330787333662486,0.9796956814740088,36.0
2019-06-30,VTV,Vanguard Value ETF,Value,Large-Cap Value,Value Tilt,0.0711627102395571,0.0693627102395571,0.0581263921783053,0.0599263921783053,0.0112363180612517,0.5362835073100531,0.4049813191451428,1.5362835073100531,0.0,0.0699,0.0019,-0.0064,0.0045,-0.0055,0.0018,0.8735002097251636,-0.0188789990683168,0.2974822859377874,0.1001982051529015,0.1838402723957906,0.9425891454005346,-0.0001068743474192,0.972356306564581,-0.1179196213460005,0.186120628902407,0.061377235567983,0.3059677924152881,0.9823332608022132,36.0
2019-07-31,VTV,Vanguard Value ETF,Value,Large-Cap Value,Value Tilt,0.0082940594561997,0.0063940594561997,0.0126063769342817,0.0145063769342817,-0.006212317478082,0.5490255340612618,0.4253625077462866,1.5490255340612618,0.0,0.0121999999999999,-0.0182,0.005,-0.0013,0.0037,0.0019,0.8735002097251636,-0.0188789990683168,0.2974822859377874,0.1001982051529015,0.1838402723957906,0.9425891454005346,-0.0002834950723409,0.9679340412726828,-0.0993875609987851,0.1807761799625827,0.0854710768679516,0.2971154551010413,0.980315453766246,36.0
2019-08-31,VTV,Vanguard Value ETF,Value,Large-Cap Value,Value Tilt,-0.0296850194031512,-0.0312850194031512,-0.0368906382973104,-0.0352906382973104,0.0056056188941592,0.5030426810266766,0.3750605550428649,1.5030426810266766,-0.02968501940315116,-0.0255,-0.0325,-0.0476999999999999,0.0053,-0.0062,0.0016,0.8735002097251636,-0.0188789990683168,0.2974822859377874,0.1001982051529015,0.1838402723957906,0.9425891454005346,-0.0003021287444149,0.9683261143440342,-0.0992767896399674,0.1778806029296621,0.089065418164127,0.3004029291276378,0.9810308161524988,36.0
2019-09-30,VTV,Vanguard Value ETF,Value,Large-Cap Value,Value Tilt,0.0345819528012947,0.0327819528012947,0.0400648787726909,0.0418648787726909,-0.0072829259713962,0.5550208320802725,0.4326272984848436,1.5550208320802725,0.0,0.0141999999999999,0.0029,0.0676,0.0182,0.0338,0.0018,0.8735002097251636,-0.0188789990683168,0.2974822859377874,0.1001982051529015,0.1838402723957906,0.9425891454005346,-0.0003553592581206,0.9665745311199248,-0.0992905376152413,0.1722465691525586,0.068758987107972,0.2904832288968649,0.9809999471630224,36.0
2019-10-31,VTV,Vanguard Value ETF,Value,Large-Cap Value,Value Tilt,0.0189929088621634,0.0174929088621634,0.0104286082518522,0.0119286082518522,0.0070643006103111,0.5845552010227386,0.4497165482993785,1.5845552010227386,0.0,0.0207,0.0025,-0.0192,0.0043,-0.0103,0.0015,0.8735002097251636,-0.0188789990683168,0.2974822859377874,0.1001982051529015,0.1838402723957906,0.9425891454005346,-8.759242033083096e-05,0.9633068476266612,-0.107827097242405,0.186035486261475,0.0663192007075873,0.2741206409316309,0.9809161066102864,36.0
2019-11-30,VTV,Vanguard Value ETF,Value,Large-Cap Value,Value Tilt,0.0343767004207089,0.0331767004207089,0.0236108684531589,0.0248108684531589,0.0095658319675499,0.6390269804683735,0.485685274873602,1.6390269804683735,0.0,0.0387,0.0039,-0.02,-0.0163999999999999,-0.0113999999999999,0.0012,0.8735002097251636,-0.0188789990683168,0.2974822859377874,0.1001982051529015,0.1838402723957906,0.9425891454005346,0.0003134709702411,0.9695526599546902,-0.0921068563257687,0.195166873982648,0.0586181456805949,0.291850860921403,0.980477962678063,36.0
2019-12-31,VTV,Vanguard Value ETF,Value,Large-Cap Value,Value Tilt,0.0264251140654878,0.0250251140654878,0.0308746594101851,0.0322746594101851,-0.0058495453446973,0.6823384553836624,0.5336352611108746,1.6823384553836624,0.0,0.0276,0.0098999999999999,0.0173,0.0005,0.0118999999999999,0.0014,0.8735002097251636,-0.0188789990683168,0.2974822859377874,0.1001982051529015,0.1838402723957906,0.9425891454005346,-0.0001001245459538,0.9667771350884604,-0.0981608726315027,0.1818613290536626,0.0498958111781016,0.2868782712093348,0.9793313106025135,36.0
2020-01-31,VTV,Vanguard Value ETF,Value,Large-Cap Value,Value Tilt,-0.0250313267333834,-0.0263313267333834,-0.024114282899848,-0.022814282899848,-0.0022170438335353,0.6402272918308185,0.4986464723987087,1.6402272918308185,-0.025031326733383374,-0.0009,-0.0437,-0.0622,-0.0118999999999999,-0.0219,0.0013,0.8735002097251636,-0.0188789990683168,0.2974822859377874,0.1001982051529015,0.1838402723957906,0.9425891454005346,-1.9312918595869137e-05,0.9669781613968208,-0.0755799199819284,0.1940068124500283,0.0831206231001462,0.2921226492160103,0.9784736362269696,36.0
2020-02-29,VTV,Vanguard Value ETF,Value,Large-Cap Value,Value Tilt,-0.0971329312437864,-0.0983329312437864,-0.0890844730182421,-0.0878844730182421,-0.0092484582255442,0.4809072070692335,0.3669387169313007,1.4809072070692335,-0.11973289183863534,-0.0815,0.0008,-0.0382,-0.0143,-0.0253,0.0012,0.8735002097251636,-0.0188789990683168,0.2974822859377874,0.1001982051529015,0.1838402723957906,0.9425891454005346,-0.0002885455075362,0.9708417387221966,-0.0663020806159531,0.1844378100206471,0.0936427828268782,0.3217647573836571,0.9835218902768272,36.0
2020-03-31,VTV,Vanguard Value ETF,Value,Large-Cap Value,Value Tilt,-0.1482769320575357,-0.1494769320575358,-0.156066554059432,-0.154866554059432,0.0065896220018962,0.2613228297431138,0.1552456282297287,1.2613228297431138,-0.2502561980279614,-0.1335,-0.0818,-0.1383,-0.0161,0.0118999999999999,0.0012,0.8735002097251636,-0.0188789990683168,0.2974822859377874,0.1001982051529015,0.1838402723957906,0.9425891454005346,-0.0002349130245544,0.9708948893379774,-0.0615282748539245,0.1879331897307319,0.1007699410666079,0.3157720746943091,0.9885631826758022,36.0
2020-04-30,VTV,Vanguard Value ETF,Value,Large-Cap Value,Value Tilt,0.1066695804039654,0.1066695804039654,0.1146088890785749,0.1146088890785749,-0.0079393086746095,0.395867606745754,0.2876470462940184,1.395867606745754,-0.17028134126113037,0.1358,0.0256999999999999,-0.0134,0.0276,-0.0102,0.0,0.8735002097251636,-0.0188789990683168,0.2974822859377874,0.1001982051529015,0.1838402723957906,0.9425891454005346,-0.0002108025664005,0.9397273740317422,-0.0938354094628727,0.2372316674775603,0.0136306275031639,0.2599523389532476,0.9870470302975036,36.0
2020-05-31,VTV,Vanguard Value ETF,Value,Large-Cap Value,Value Tilt,0.0288150604075667,0.0287150604075667,0.0283133346281333,0.0284133346281333,0.0004017257794333,0.4360896161550986,0.3242333927032976,1.4360896161550987,-0.1463729479882846,0.0559,0.0192,-0.05,0.0096,-0.0316,0.0001,0.8735002097251636,-0.0188789990683168,0.2974822859377874,0.1001982051529015,0.1838402723957906,0.9425891454005346,-0.0002372005210042,0.9395529027462516,-0.0965810269317192,0.2405262452096714,0.0071261529665399,0.2625821138420595,0.9871156017013216,36.0
2020-06-30,VTV,Vanguard Value ETF,Value,Large-Cap Value,Value Tilt,-0.0100918921783564,-0.0101918921783564,0.0152100118377395,0.0153100118377395,-0.0254019040160959,0.4215967545904042,0.3445074216215151,1.4215967545904042,-0.15498766015771492,0.0243999999999999,0.0195,-0.0217,0.0014,0.0055,0.0001,0.8735002097251636,-0.0188789990683168,0.2974822859377874,0.1001982051529015,0.1838402723957906,0.9425891454005346,-0.0013179077633654,0.9359841745273128,-0.1493368258904029,0.2685559058137873,0.0219071595428821,0.1983742580354154,0.9807641132558864,36.0
2020-07-31,VTV,Vanguard Value ETF,Value,Large-Cap Value,Value Tilt,0.0373530527448058,0.0372530527448058,0.0489762750233092,0.0490762750233092,-0.0117232222785034,0.4746977331464643,0.4104908376158931,1.4746977331464644,-0.12342386965757435,0.0583,-0.0319,-0.0144,0.0038,0.0097,0.0001,0.8735002097251636,-0.0188789990683168,0.2974822859377874,0.1001982051529015,0.1838402723957906,0.9425891454005346,-0.0013545873049253,0.909843739795476,-0.1144708125022897,0.2779686167620911,0.0429188622307308,0.1550654329125416,0.9776446975318565,36.0
2020-08-31,VTV,Vanguard Value ETF,Value,Large-Cap Value,Value Tilt,0.0418156104991704,0.0417156104991704,0.0588159631060336,0.0589159631060336,-0.0171003526068632,0.5363631191597265,0.4935912637662696,1.5363631191597265,-0.08676930361830548,0.0762,-0.0089,-0.0302,0.0426999999999999,-0.0151,0.0001,0.8735002097251636,-0.0188789990683168,0.2974822859377874,0.1001982051529015,0.1838402723957906,0.9425891454005346,-0.0013011825487455,0.9074253172605498,-0.1248784386971795,0.3023928807843809,-0.0727409495165385,0.1548384288070318,0.9753891999681916,36.0
2020-09-30,VTV,Vanguard Value ETF,Value,Large-Cap Value,Value Tilt,-0.0221558613799642,-0.0222558613799642,-0.0452471765782088,-0.0451471765782088,0.0229913151982446,0.5023236708623342,0.4261598352453437,1.5023236708623342,-0.10700271633526637,-0.0364,-0.0001,-0.0272,-0.0138,-0.0192999999999999,0.0001,0.8735002097251636,-0.0188789990683168,0.2974822859377874,0.1001982051529015,0.1838402723957906,0.9425891454005346,-0.0004048026361098,0.8915216474084445,-0.12044465856313,0.3174622792969911,-0.1053486142812919,0.0979203686410781,0.9704921605725498,36.0
2020-10-31,VTV,Vanguard Value ETF,Value,Large-Cap Value,Value Tilt,-0.0181801684160849,-0.0182801684160849,-0.0086581583770143,-0.0085581583770143,-0.0096220100390705,0.4750111735105859,0.4139545335043775,1.475011173510586,-0.12323755734739761,-0.0208,0.0467,0.0425,-0.0077,-0.0056999999999999,0.0001,0.8735002097251636,-0.0188789990683168,0.2974822859377874,0.1001982051529015,0.1838402723957906,0.9425891454005346,-0.0008609568026312,0.8990199063570374,-0.1360393434997983,0.3074071673657774,-0.1016589504916017,0.1042975318915854,0.9701123014769552,36.0
2020-11-30,VTV,Vanguard Value ETF,Value,Large-Cap Value,Value Tilt,0.12757021230769,0.12747021230769,0.1132040308247086,0.1133040308247086,0.0142661814829813,0.6631786620715465,0.5741612815532939,1.6631786620715465,-0.011388786394796235,0.1244,0.0712,0.0209,-0.0225,0.0128,0.0001,0.8735002097251636,-0.0188789990683168,0.2974822859377874,0.1001982051529015,0.1838402723957906,0.9425891454005346,-0.0008474179753862,0.9217216282119438,-0.1162509586509519,0.2962645777385894,-0.220690942147036,0.1654588273384353,0.9742556196744908,36.0
2020-12-31,VTV,Vanguard Value ETF,Value,Large-Cap Value,Value Tilt,0.0351062894604061,0.0350062894604061,0.0319991276692394,0.0320991276692394,0.0030071617911666,0.7215666936066012,0.6246904855018467,1.7215666936066012,0.0,0.0463,0.0493,-0.0168,-0.0197,-0.0006,0.0001,0.8735002097251636,-0.0188789990683168,0.2974822859377874,0.1001982051529015,0.1838402723957906,0.9425891454005346,-0.0009781864026144,0.9212441881255522,-0.1173811748504456,0.2978596721822088,-0.224620868521746,0.1540101540409295,0.9746103795777858,36.0
2021-01-31,VTV,Vanguard Value ETF,Value,Large-Cap Value,Value Tilt,-0.0079018065925678,-0.0079018065925678,0.0127301604955634,0.0127301604955634,-0.0206319670881312,0.7079632065575154,0.6453730561379001,1.7079632065575154,-0.007901806592567784,-0.0007,0.0681,0.0322,-0.0365,0.0496999999999999,0.0,0.8735002097251636,-0.0188789990683168,0.2974822859377874,0.1001982051529015,0.1838402723957906,0.9425891454005346,-0.0013032819286622,0.9319141561775536,-0.1862460599181152,0.3259781856409767,-0.2183876448391955,0.0316693969145855,0.9714843655820056,36.0
2021-02-28,VTV,Vanguard Value ETF,Value,Large-Cap Value,Value Tilt,0.0499915387208143,0.0499915387208143,0.0413554720007887,0.0413554720007887,0.0086360667200255,0.7933469153318615,0.7134182354918632,1.7933469153318615,0.0,0.0281,0.045,0.072,0.0033,-0.0199,0.0,0.8735002097251636,-0.0188789990683168,0.2974822859377874,0.1001982051529015,0.1838402723957906,0.9425891454005346,-0.0004508793654927,0.9192151216526242,-0.1814090017418977,0.3576512626831989,-0.2125633893133641,-0.0255129163704943,0.9707693346680014,36.0
2021-03-31,VTV,Vanguard Value ETF,Value,Large-Cap Value,Value Tilt,0.0666661827190351,0.0666661827190351,0.0620286156731943,0.0620286156731943,0.0046375670458407,0.9129025084679934,0.8196991967086309,1.9129025084679934,0.0,0.0316,-0.0084,0.0735,0.0635,0.0352,0.0,0.8735002097251636,-0.0188789990683168,0.2974822859377874,0.1001982051529015,0.1838402723957906,0.9425891454005346,0.0002004468428284,0.9070646461256155,-0.1529812349684841,0.3574242303316527,-0.0649247250624691,0.0318999976171253,0.9683121271431636,36.0
2021-04-30,VTV,Vanguard Value ETF,Value,Large-Cap Value,Value Tilt,0.0343827789018513,0.0343827789018513,0.0379782922751207,0.0379782922751207,-0.0035955133732694,0.9786734124774452,0.8888082646540338,1.9786734124774452,0.0,0.0496999999999999,-0.0316,-0.0102,0.0243,-0.0272,0.0,0.8735002097251636,-0.0188789990683168,0.2974822859377874,0.1001982051529015,0.1838402723957906,0.9425891454005346,3.666173118157569e-05,0.9039687491412616,-0.1394179583081828,0.35064684814948,-0.0742351757954669,0.0571287265816124,0.9678127517815414,36.0
2021-05-31,VTV,Vanguard Value ETF,Value,Large-Cap Value,Value Tilt,0.0291955892359583,0.0291955892359583,0.0306830842714836,0.0306830842714836,-0.0014874950355253,1.0364419486602483,0.9467627278110882,2.0364419486602485,0.0,0.0029,0.0127,0.0704,0.0233999999999999,0.0301,0.0,0.8735002097251636,-0.0188789990683168,0.2974822859377874,0.1001982051529015,0.1838402723957906,0.9425891454005346,0.0002201288228181,0.901179169731224,-0.13201838600503,0.3509412397718856,-0.0670671624699085,0.0600498464344233,0.9678505637443866,36.0
2021-06-30,VTV,Vanguard Value ETF,Value,Large-Cap Value,Value Tilt,-0.0124320110947149,-0.0124320110947149,-0.0037641572538242,-0.0037641572538242,-0.0086678538408906,1.0111248797607613,0.9394348067677234,2.0111248797607613,-0.012432011094715034,0.0273,-0.003,-0.0786,-0.0214,-0.0093,0.0,0.8735002097251636,-0.0188789990683168,0.2974822859377874,0.1001982051529015,0.1838402723957906,0.9425891454005346,-3.535545887523375e-05,0.8988317034346478,-0.1443025576876788,0.372557551445797,-0.0694710051787684,0.0434812167832234,0.967384667475768,36.0
2021-07-31,VTV,Vanguard Value ETF,Value,Large-Cap Value,Value Tilt,0.0101120382014758,0.0101120382014758,0.0112339218476504,0.0112339218476504,-0.0011218836461746,1.0314614513728406,0.9612222658155652,2.0314614513728406,-0.0024456858643501223,0.0134,-0.0455,-0.0179,0.055,-0.0059,0.0,0.8735002097251636,-0.0188789990683168,0.2974822859377874,0.1001982051529015,0.1838402723957906,0.9425891454005346,-0.0003455344954206,0.8909963928845761,-0.1235302944215996,0.361998647720672,-0.0495068609545983,0.0423610611479902,0.9685374316866354,36.0
2021-08-31,VTV,Vanguard Value ETF,Value,Large-Cap Value,Value Tilt,0.0208856950448581,0.0208856950448581,0.021354794126218,0.021354794126218,-0.0004690990813599,1.0738899357415987,1.0031037635378115,2.0738899357415987,0.0,0.0295,-0.0066,-0.0023,-0.0026,-0.0172,0.0,0.8735002097251636,-0.0188789990683168,0.2974822859377874,0.1001982051529015,0.1838402723957906,0.9425891454005346,-0.0005718941032407,0.8893871665205902,-0.1179098153095904,0.3575662233440276,-0.0403567632479544,0.0549613445709215,0.968477252598139,36.0
2021-09-30,VTV,Vanguard Value ETF,Value,Large-Cap Value,Value Tilt,-0.0394234361692945,-0.0394234361692945,-0.0220926472467406,-0.0220926472467406,-0.0173307889225538,0.9921300682377476,0.958849898691352,1.9921300682377476,-0.039423436169294446,-0.044,0.0112,0.0512,-0.0192,0.02,0.0,0.8735002097251636,-0.0188789990683168,0.2974822859377874,0.1001982051529015,0.1838402723957906,0.9425891454005346,-0.0016328471153974,0.8912640369576617,-0.089972356167432,0.3276284631782794,0.012166469916228,0.0494489373899903,0.967088384915691,36.0
2021-10-31,VTV,Vanguard Value ETF,Value,Large-Cap Value,Value Tilt,0.0544434216272429,0.0544434216272429,0.0552971036991089,0.0552971036991089,-0.000853682071866,1.1005884454791235,1.067168624670277,2.1005884454791235,0.0,0.0663,-0.027,-0.0053,0.0171,-0.0154,0.0,0.8735002097251636,-0.0188789990683168,0.2974822859377874,0.1001982051529015,0.1838402723957906,0.9425891454005346,-0.0017567726734306,0.8886461066207912,-0.0797512638710534,0.3229119665833312,0.0182365724590429,0.0499090607828338,0.9664521731474286,36.0
2021-11-30,VTV,Vanguard Value ETF,Value,Large-Cap Value,Value Tilt,-0.0304051022167918,-0.0304051022167918,-0.004682795384507,-0.004682795384507,-0.0257223068322847,1.036719839078919,1.0574884969756733,2.036719839078919,-0.030405102216791824,-0.0158,-0.017,-0.0037,0.0719,0.017,0.0,0.8735002097251636,-0.0188789990683168,0.2974822859377874,0.1001982051529015,0.1838402723957906,0.9425891454005346,-0.0024366214921247,0.8996547210371975,-0.1014832982387513,0.3382076006470846,-0.0485585032968293,0.020735779083615,0.9673632967114164,36.0
2021-12-31,VTV,Vanguard Value ETF,Value,Large-Cap Value,Value Tilt,0.0695498893820469,0.0694498893820469,0.0504619711997841,0.0505619711997841,0.0189879181822627,1.1783734785890785,1.1615191711036448,2.1783734785890783,0.0,0.0324,-0.0078,0.0325,0.0487999999999999,0.0429,0.0001,0.8735002097251636,-0.0188789990683168,0.2974822859377874,0.1001982051529015,0.1838402723957906,0.9425891454005346,-0.0020173452658645,0.9062718361924154,-0.0989258941462073,0.3239104202015817,0.0053700464590392,0.1205243117342056,0.95645710599581,36.0
2022-01-31,VTV,Vanguard Value ETF,Value,Large-Cap Value,Value Tilt,-0.0107400636138339,-0.0107400636138339,-0.0001559000062497,-0.0001559000062497,-0.0105841636075841,1.1549776088543426,1.1611821902513606,2.1549776088543426,-0.010740063613834061,-0.0615,-0.0401,0.1286,0.0077,0.0773,0.0,0.8735002097251636,-0.0188789990683168,0.2974822859377874,0.1001982051529015,0.1838402723957906,0.9425891454005346,-0.0023058751020517,0.9047096590983372,-0.0758534092366695,0.308595028217471,0.0240491890415708,0.1058152071455607,0.955064585590991,36.0
2022-02-28,VTV,Vanguard Value ETF,Value,Large-Cap Value,Value Tilt,-0.0115441808592207,-0.0115441808592207,-0.0082477356946658,-0.0082477356946658,-0.0032964451645548,1.130100157590157,1.1433573307581484,2.130100157590157,-0.022160259236257196,-0.0227999999999999,0.0286,0.0306,-0.0203,0.0302999999999999,0.0,0.8735002097251636,-0.0188789990683168,0.2974822859377874,0.1001982051529015,0.1838402723957906,0.9425891454005346,-0.0025325346635024,0.9054032831564842,-0.0838069439995064,0.3123079358363506,0.0185364197782581,0.1129861721539273,0.9561353238366664,36.0
2022-03-31,VTV,Vanguard Value ETF,Value,Large-Cap Value,Value Tilt,0.0328219189674241,0.0328219189674241,0.0256170033954067,0.0256170033954067,0.0072049155720173,1.2000141323550784,1.19826372277775,2.2000141323550784,0.0,0.0308,-0.0210999999999999,-0.019,-0.015,0.0321,0.0,0.8735002097251636,-0.0188789990683168,0.2974822859377874,0.1001982051529015,0.1838402723957906,0.9425891454005346,-0.0026435850990646,0.9127554519077056,-0.0887146332659882,0.3092549508064721,0.0047470252569019,0.136316529428433,0.9562489831705118,36.0
2022-04-30,VTV,Vanguard Value ETF,Value,Large-Cap Value,Value Tilt,-0.0479091611416102,-0.0479091611416102,-0.0498770712241619,-0.0498770712241619,0.0019679100825517,1.0946133007742591,1.088620766507273,2.094613300774259,-0.04790916114161026,-0.0941,-0.0034999999999999,0.0617999999999999,0.0341,0.0592,0.0,0.8735002097251636,-0.0188789990683168,0.2974822859377874,0.1001982051529015,0.1838402723957906,0.9425891454005346,-0.0020850992790751,0.8985452146453559,-0.0795345361549378,0.3146781169318863,0.0284722203250612,0.1370528270255747,0.9567624721456304,36.0
2022-05-31,VTV,Vanguard Value ETF,Value,Large-Cap Value,Value Tilt,0.0240934219801827,0.0237934219801827,0.0306140947020172,0.0309140947020172,-0.0068206727218345,1.1450797029151167,1.1531885866796787,2.1450797029151167,-0.024970034797528906,-0.0033,-0.0003,0.0843999999999999,0.0155,0.0395,0.0003,0.8735002097251636,-0.0188789990683168,0.2974822859377874,0.1001982051529015,0.1838402723957906,0.9425891454005346,-0.0022821043207835,0.9007554122975469,-0.0782777254259182,0.3129810007167597,0.0296821173581282,0.1345507261041763,0.9541638913538676,36.0
2022-06-30,VTV,Vanguard Value ETF,Value,Large-Cap Value,Value Tilt,-0.0788590314210673,-0.0794590314210673,-0.0985617277040888,-0.0979617277040888,0.0191026962830215,0.9759207952222396,0.942258512655812,1.9759207952222397,-0.10185995345991272,-0.084,0.0133,-0.06,0.0176,-0.0458,0.0006,0.8735002097251636,-0.0188789990683168,0.2974822859377874,0.1001982051529015,0.1838402723957906,0.9425891454005346,-0.0015956690958554,0.8566732194747403,-0.0242306448694266,0.3016578482254768,0.084506143740354,0.0850005266541022,0.9541533125455192,36.0
2022-07-31,VTV,Vanguard Value ETF,Value,Large-Cap Value,Value Tilt,0.0505763705374378,0.0497763705374377,0.0586595903631665,0.0594595903631665,-0.0088832198257288,1.0758556975140283,1.0577444081976997,2.0758556975140285,-0.05643528967158962,0.0957,0.0178,-0.0415,0.0077,-0.0684999999999999,0.0008,0.8735002097251636,-0.0188789990683168,0.2974822859377874,0.1001982051529015,0.1838402723957906,0.9425891454005346,-0.0018787034027588,0.8533359258279296,-0.0271020182791388,0.2961290177945967,0.0812739677327991,0.1172094967490399,0.9539066946935116,36.0
2022-08-31,VTV,Vanguard Value ETF,Value,Large-Cap Value,Value Tilt,-0.0267774972180202,-0.0286774972180202,-0.0354708556670159,-0.0335708556670159,0.0067933584489957,1.020269477348835,0.9886641676704856,2.020269477348835,-0.0817015910774308,-0.0377,0.0149,0.0018,-0.0478,0.0132,0.0019,0.8735002097251636,-0.0188789990683168,0.2974822859377874,0.1001982051529015,0.1838402723957906,0.9425891454005346,-0.0017477862769251,0.8528247649950047,-0.0251463821524373,0.3005490033857331,0.0653499558546626,0.1170182357931028,0.9536701525221112,36.0
2022-09-30,VTV,Vanguard Value ETF,Value,Large-Cap Value,Value Tilt,-0.0781171030064284,-0.0800171030064284,-0.0845321202978917,-0.0826321202978917,0.0045150172914633,0.8624518784860329,0.824336630935431,1.8624518784860329,-0.15343640247787438,-0.0934,-0.0097,0.0003,-0.0137,-0.0077,0.0019,0.8735002097251636,-0.0188789990683168,0.2974822859377874,0.1001982051529015,0.1838402723957906,0.9425891454005346,-0.0015461644466482,0.8507846456620862,-0.0274306610304643,0.3046659506690531,0.0635361597335089,0.1132517538285181,0.9567465170496322,36.0
2022-10-31,VTV,Vanguard Value ETF,Value,Large-Cap Value,Value Tilt,0.1173470203879618,0.1150470203879618,0.106690869435789,0.108990869435789,0.0083561509521727,1.081005057042331,1.023172666484642,2.081005057042331,-0.05409468673973927,0.0786,0.0181,0.0797,0.0327,0.0643,0.0023,0.8735002097251636,-0.0188789990683168,0.2974822859377874,0.1001982051529015,0.1838402723957906,0.9425891454005346,-0.0016795840465635,0.8601586292118997,-0.0214132630008002,0.3017552741839311,0.0743626623692643,0.1499098655163828,0.9596401035797472,36.0
2022-11-30,VTV,Vanguard Value ETF,Value,Large-Cap Value,Value Tilt,0.0599405665718937,0.0570405665718937,0.0575612394692052,0.0604612394692052,-0.0005206728973115,1.2057416792004243,1.14549619356052,2.2057416792004245,0.0,0.0469,-0.0275,0.0148,0.063,0.0315,0.0029,0.8735002097251636,-0.0188789990683168,0.2974822859377874,0.1001982051529015,0.1838402723957906,0.9425891454005346,-0.002046856448278,0.8564724230994323,-0.0144412661973113,0.2977140163804758,0.094695761849979,0.1588669889819335,0.9611211105071756,36.0
2022-12-31,VTV,Vanguard Value ETF,Value,Large-Cap Value,Value Tilt,-0.0330206748234592,-0.0363206748234592,-0.0439494689139032,-0.0406494689139032,0.007628794090444,1.1329066004669963,1.0582829127354838,2.1329066004669963,-0.03302067482345927,-0.0638,-0.0019,0.0134,0.0032,0.0428,0.0033,0.8735002097251636,-0.0188789990683168,0.2974822859377874,0.1001982051529015,0.1838402723957906,0.9425891454005346,-0.001765094521325,0.8526625456504799,-0.0086056171222653,0.2927670904563555,0.0965112435096757,0.1718347358173129,0.9611650575013796,36.0
2023-01-31,VTV,Vanguard Value ETF,Value,Large-Cap Value,Value Tilt,0.0278548154616862,0.0243548154616862,0.0340138668857434,0.0375138668857433,-0.0096590514240572,1.192318320220017,1.1354970639370427,2.192318320220017,-0.006085644165400916,0.0659,0.0438999999999999,-0.0394,-0.0242,-0.0443,0.0034999999999999,0.8735002097251636,-0.0188789990683168,0.2974822859377874,0.1001982051529015,0.1838402723957906,0.9425891454005346,-0.0020070630432244,0.8510492175789799,-0.0158660892220346,0.2934057052737836,0.1003336001105658,0.179096504756828,0.960383983575321,36.0
2023-02-28,VTV,Vanguard Value ETF,Value,Large-Cap Value,Value Tilt,-0.0323677653631349,-0.0357677653631349,-0.0271736635734915,-0.0237736635734915,-0.0085941017896433,1.1213578752298332,1.0847284751768242,2.121357875229833,-0.038256430826106635,-0.0256999999999999,0.0058,-0.008,0.0097,-0.0151,0.0034,0.8735002097251636,-0.0188789990683168,0.2974822859377874,0.1001982051529015,0.1838402723957906,0.9425891454005346,-0.0018178958040861,0.8462449130203448,-0.0159941670987195,0.2924500348871214,0.0955901943695936,0.1743949157473764,0.9573292674633584,36.0
2023-03-31,VTV,Vanguard Value ETF,Value,Large-Cap Value,Value Tilt,-0.0046176849971263,-0.0082176849971263,-0.00588866126101,-0.00228866126101,-0.0023290237361162,1.1115621127958488,1.0799572378759628,2.111562112795849,-0.042697459676563576,0.0249,-0.0689,-0.0905,0.0227,-0.021,0.0036,0.8735002097251636,-0.0188789990683168,0.2974822859377874,0.1001982051529015,0.1838402723957906,0.9425891454005346,-0.0021114929194721,0.8508510714403141,-0.0081822555537027,0.3070993894023788,0.1007509816549475,0.1606450768077171,0.9447880472796056,36.0
2023-04-30,VTV,Vanguard Value ETF,Value,Large-Cap Value,Value Tilt,0.0177394146957061,0.0142394146957061,0.012864221003916,0.0163642210039159,0.00137519369179,1.1490199887704755,1.1139941177952593,2.1490199887704757,-0.02571547292451315,0.0063,-0.0256999999999999,-0.0012,0.0242,0.0285,0.0034999999999999,0.8735002097251636,-0.0188789990683168,0.2974822859377874,0.1001982051529015,0.1838402723957906,0.9425891454005346,-0.0020036579451085,0.8549731233455631,-0.0066326358681614,0.3032976022404363,0.1048760273645108,0.1666055669988051,0.938583089706713,36.0
2023-05-31,VTV,Vanguard Value ETF,Value,Large-Cap Value,Value Tilt,-0.0411924949234058,-0.0447924949234058,-0.0354408452020736,-0.0318408452020736,-0.0093516497213321,1.0604964937927503,1.0466827583324465,2.0604964937927503,-0.06584868336002303,0.0033,-0.0043,-0.0779,-0.0178,-0.0708,0.0036,0.8735002097251636,-0.0188789990683168,0.2974822859377874,0.1001982051529015,0.1838402723957906,0.9425891454005346,-0.0024697303719866,0.8564765879924228,-0.0040976568965371,0.3043276310115587,0.1091044999442593,0.18230470179227,0.9401780007584154,36.0
2023-06-30,VTV,Vanguard Value ETF,Value,Large-Cap Value,Value Tilt,0.0613379788713959,0.0573379788713959,0.0548619073748409,0.058861907374841,0.0024760714965549,1.1868831841935954,1.167154409279095,2.1868831841935954,-0.008549729637273407,0.0646,0.0128,-0.0013,0.0232,-0.0154,0.004,0.8735002097251636,-0.0188789990683168,0.2974822859377874,0.1001982051529015,0.1838402723957906,0.9425891454005346,-0.0018406771068152,0.8585154207058792,0.0250643327103323,0.278786302117577,0.1229361648789787,0.2059183108260169,0.9482321157029606,36.0
2023-07-31,VTV,Vanguard Value ETF,Value,Large-Cap Value,Value Tilt,0.0345530170139514,0.0300530170139514,0.039768088377045,0.044268088377045,-0.0097150713630936,1.262446596064561,1.263090192195765,2.262446596064561,0.0,0.0321,0.0286,0.0406,-0.0059,0.0066,0.0045,0.8735002097251636,-0.0188789990683168,0.2974822859377874,0.1001982051529015,0.1838402723957906,0.9425891454005346,-0.0017275217675292,0.8642231298146567,0.0051085924850045,0.2724000127940709,0.1122304729774517,0.2162238825810065,0.9482629414847938,36.0
2023-08-31,VTV,Vanguard Value ETF,Value,Large-Cap Value,Value Tilt,-0.0238079324807858,-0.0283079324807858,-0.0248517646421843,-0.0203517646421843,-0.0034561678386014,1.2085824202640725,1.2170323132401606,2.2085824202640723,-0.02380793248078583,-0.0236,-0.0365,-0.0115,0.0335,-0.0241,0.0045,0.8735002097251636,-0.0188789990683168,0.2974822859377874,0.1001982051529015,0.1838402723957906,0.9425891454005346,-0.0015414480195987,0.8731699534881934,0.0142001270822623,0.2603196047230532,0.1351345410712318,0.2216605353230294,0.9519979039687266,36.0
2023-09-30,VTV,Vanguard Value ETF,Value,Large-Cap Value,Value Tilt,-0.0328091918333405,-0.0371091918333405,-0.0408886785640884,-0.0365886785640884,0.0037794867307479,1.1361206159578847,1.1359140305648188,2.1361206159578847,-0.055836005290209045,-0.0523,-0.0178,0.0149,0.0187,-0.0077,0.0043,0.8735002097251636,-0.0188789990683168,0.2974822859377874,0.1001982051529015,0.1838402723957906,0.9425891454005346,-0.0024153857708305,0.8816555052614452,0.0164126205590375,0.2692771424154944,0.1535707101660019,0.2247314528265959,0.9598461993950764,36.0
2023-10-31,VTV,Vanguard Value ETF,Value,Large-Cap Value,Value Tilt,-0.0263900475336708,-0.0310900475336708,-0.025444475685623,-0.0207444756856231,-0.0056455718480477,1.0797482913651022,1.0916056138911854,2.079748291365102,-0.0807525379901809,-0.0315,-0.0403,0.002,0.0241,-0.0069,0.0046999999999999,0.8735002097251636,-0.0188789990683168,0.2974822859377874,0.1001982051529015,0.1838402723957906,0.9425891454005346,-0.002308778135938,0.8776141571993736,0.0324591002776739,0.2736085462716575,0.1579763672086075,0.2171813182582826,0.9608990711314738,36.0
2023-11-30,VTV,Vanguard Value ETF,Value,Large-Cap Value,Value Tilt,0.0667957257621019,0.0623957257621019,0.0764183766245513,0.0808183766245513,-0.0140226508624493,1.2186665878893257,1.260645784144669,2.2186665878893255,-0.019350736610264874,0.0888,-0.002,0.0167,-0.0373,-0.0108,0.0044,0.8735002097251636,-0.0188789990683168,0.2974822859377874,0.1001982051529015,0.1838402723957906,0.9425891454005346,-0.0029930018124685,0.8497699490070773,0.0218610787337275,0.2696354758511017,0.1851693933911651,0.2081341996911801,0.9576313375566544,36.0
2023-12-31,VTV,Vanguard Value ETF,Value,Large-Cap Value,Value Tilt,0.0508996752272969,0.0465996752272969,0.0545908573853355,0.0588908573853355,-0.0079911821580386,1.3315959966505475,1.3937771526174925,2.3315959966505475,0.0,0.0486,0.0727,0.0489,-0.0297,0.0129,0.0043,0.8735002097251636,-0.0188789990683168,0.2974822859377874,0.1001982051529015,0.1838402723957906,0.9425891454005346,-0.0033037194925623,0.8467464089607146,0.002521620587746,0.2767616788736874,0.1849799548786218,0.2004520458536655,0.9585656258291868,36.0
2024-01-31,VTV,Vanguard Value ETF,Value,Large-Cap Value,Value Tilt,0.0086957539453604,0.0039957539453604,-0.0011668569735957,0.0035331430264041,0.0051626109189561,1.3518709817374082,1.402234709671028,2.351870981737408,0.0,0.0073,-0.0572,-0.0237999999999999,0.0067,-0.0097,0.0046999999999999,0.8735002097251636,-0.0188789990683168,0.2974822859377874,0.1001982051529015,0.1838402723957906,0.9425891454005346,-0.0021598711964046,0.8479245479683444,0.0318195173851738,0.2481820128766942,0.1633075344085609,0.2510863884145294,0.9622383038494609,36.0
2024-02-29,VTV,Vanguard Value ETF,Value,Large-Cap Value,Value Tilt,0.0333555561067191,0.0291555561067191,0.0277529229023583,0.0319529229023583,0.0014026332043607,1.430318946224515,1.4789931301425154,2.430318946224515,0.0,0.0507,-0.0081999999999999,-0.0343,-0.0206,-0.0217,0.0042,0.8735002097251636,-0.0188789990683168,0.2974822859377874,0.1001982051529015,0.1838402723957906,0.9425891454005346,-0.0023016814734214,0.8518442975989444,0.0135953278501143,0.2092000591307293,0.1485928339114099,0.3028469955827543,0.9645334365158186,36.0
2024-03-31,VTV,Vanguard Value ETF,Value,Large-Cap Value,Value Tilt,0.0516895081780102,0.0473895081780102,0.0404082339955155,0.0447082339955155,0.0069812741824946,1.5559409372705604,1.5898245350782028,2.5559409372705604,0.0,0.0283999999999999,-0.0121,0.0416,0.0133,0.0113999999999999,0.0043,0.8735002097251636,-0.0188789990683168,0.2974822859377874,0.1001982051529015,0.1838402723957906,0.9425891454005346,-0.0021217068534344,0.8532526530583817,0.0014860132950425,0.214994295083437,0.1319315629584851,0.2971523336644851,0.9623995274193186,36.0
2024-04-30,VTV,Vanguard Value ETF,Value,Large-Cap Value,Value Tilt,-0.0391133661135816,-0.0438133661135816,-0.0413263954470177,-0.0366263954470178,-0.0024869706665638,1.455969483626406,1.4949685975180396,2.455969483626406,-0.03911336611358163,-0.0465,-0.0259,-0.0045,0.0113999999999999,-0.0031,0.0046999999999999,0.8735002097251636,-0.0188789990683168,0.2974822859377874,0.1001982051529015,0.1838402723957906,0.9425891454005346,-0.0021842019617834,0.8534919356784164,0.0042809490430749,0.2132792963145908,0.1318118516536722,0.3004083154154983,0.963260850239158,36.0
2024-05-31,VTV,Vanguard Value ETF,Value,Large-Cap Value,Value Tilt,0.0299699003351248,0.0255699003351248,0.0312323541816427,0.0356323541816427,-0.0056624538465179,1.5295746442767977,1.583870202256879,2.5295746442767975,-0.010315689462652045,0.0432,0.0059,-0.0131,0.0317,-0.0285,0.0044,0.8735002097251636,-0.0188789990683168,0.2974822859377874,0.1001982051529015,0.1838402723957906,0.9425891454005346,-0.0022631677816101,0.8531534520846634,0.0014192137833441,0.2105099295704837,0.1274530971951678,0.3041511098693846,0.96317914224002,36.0
2024-06-30,VTV,Vanguard Value ETF,Value,Large-Cap Value,Value Tilt,0.0015308662844515,-0.0025691337155484,0.012098872692015,0.0161988726920149,-0.0146680064075633,1.5334470848137245,1.6257259867159286,2.5334470848137243,-0.00880061511939978,0.0279999999999999,-0.0432,-0.0336,0.0056,-0.018,0.0040999999999999,0.8735002097251636,-0.0188789990683168,0.2974822859377874,0.1001982051529015,0.1838402723957906,0.9425891454005346,-0.0018785702514287,0.8520065415272394,0.0331103591622631,0.1679707975925503,0.1219640993898214,0.3531466703416415,0.963346284776306,36.0
2024-07-31,VTV,Vanguard Value ETF,Value,Large-Cap Value,Value Tilt,0.0473786831056042,0.0428786831056042,0.0261446804238955,0.0306446804238955,0.0167340026817086,1.6534784714099304,1.7061905204595562,2.6534784714099304,0.0,0.0121999999999999,0.0834,0.0562,0.0026,0.0028,0.0045,0.8735002097251636,-0.0188789990683168,0.2974822859377874,0.1001982051529015,0.1838402723957906,0.9425891454005346,-0.0012893013057367,0.8469305110375963,0.0885186122712075,0.1801135346860349,0.1445176911804903,0.336647924730757,0.9597379173034948,36.0
2024-08-31,VTV,Vanguard Value ETF,Value,Large-Cap Value,Value Tilt,0.0288078066217931,0.0240078066217931,0.013298963112729,0.018098963112729,0.010708843509064,1.729919366089399,1.7551697628653709,2.729919366089399,0.0,0.0161,-0.0355,-0.011,0.0076,0.0081999999999999,0.0048,0.8735002097251636,-0.0188789990683168,0.2974822859377874,0.1001982051529015,0.1838402723957906,0.9425891454005346,-0.0010398241690348,0.8493765580567856,0.0799909734094597,0.1703505627058534,0.1390946734182323,0.3522658752037918,0.957887647333426,36.0
2024-09-30,VTV,Vanguard Value ETF,Value,Large-Cap Value,Value Tilt,0.0153044623716658,0.0113044623716658,0.0063107027698857,0.0103107027698857,0.00499375960178,1.7716993143053958,1.7835774993708529,2.771699314305396,0.0,0.0173,-0.0092,-0.0276,0.002,-0.0029,0.004,0.8735002097251636,-0.0188789990683168,0.2974822859377874,0.1001982051529015,0.1838402723957906,0.9425891454005346,-0.0003299628621314,0.8416148368035258,0.077330125239085,0.1829025119165733,0.1176405450668576,0.34603573989621,0.9600431073611386,36.0
2024-10-31,VTV,Vanguard Value ETF,Value,Large-Cap Value,Value Tilt,-0.0138055233474247,-0.0177055233474247,-0.0061212162915259,-0.0022212162915259,-0.0115843070558987,1.733434554709712,1.7773945716805253,2.733434554709712,-0.013805523347424686,-0.01,-0.0089,0.0086,-0.0148,0.0098,0.0039,0.8735002097251636,-0.0188789990683168,0.2974822859377874,0.1001982051529015,0.1838402723957906,0.9425891454005346,-0.000818931748823,0.8385152211056789,0.0891383614153354,0.1775514332996825,0.1311138844869132,0.3493457495502123,0.9577251376522112,36.0
2024-11-30,VTV,Vanguard Value ETF,Value,Large-Cap Value,Value Tilt,0.0564010566771966,0.0524010566771966,0.0497849989100189,0.0537849989100189,0.0026160577671776,1.8876031519533016,1.926776735691055,2.887603151953302,0.0,0.0649,0.0458999999999999,0.0016,-0.0231,-0.0204999999999999,0.004,0.8735002097251636,-0.0188789990683168,0.2974822859377874,0.1001982051529015,0.1838402723957906,0.9425891454005346,-0.0001224077282494,0.8317146612133915,0.137627802625402,0.1334521569080268,0.2409630999728505,0.3864042599042542,0.9740285506008448,36.0
2024-12-31,VTV,Vanguard Value ETF,Value,Large-Cap Value,Value Tilt,-0.0637269993501925,-0.0674269993501925,-0.0364786669170221,-0.0327786669170221,-0.0309483324331703,1.70358486776516,1.8308408959313485,2.70358486776516,-0.06372699935019255,-0.0315,-0.0383,-0.03,0.0189,-0.0121,0.0037,0.8735002097251636,-0.0188789990683168,0.2974822859377874,0.1001982051529015,0.1838402723957906,0.9425891454005346,-0.0011867001220376,0.8371184908061917,0.1411586219063279,0.1575066552799295,0.1968684564028337,0.3667340143384774,0.963720525066602,36.0
2025-01-31,VTV,Vanguard Value ETF,Value,Large-Cap Value,Value Tilt,0.0437092896049373,0.0400092896049373,0.0207968099966507,0.0244968099966507,0.0192124796082865,1.8217566417218336,1.9001874674897272,2.8217566417218336,-0.02280317161550638,0.0279999999999999,-0.0123,0.0163,-0.0235,-0.0324,0.0037,0.8735002097251636,-0.0188789990683168,0.2974822859377874,0.1001982051529015,0.1838402723957906,0.9425891454005346,-0.0005512025322795,0.8391240268226503,0.0499365978269501,0.2772565621357362,0.1215353316576088,0.2467365618394911,0.9535011604297284,36.0
2025-02-28,VTV,Vanguard Value ETF,Value,Large-Cap Value,Value Tilt,0.008092771920996,0.004792771920996,0.0005836507701776,0.0038836507701776,0.0042091211508183,1.844592474639844,1.911450782781503,2.844592474639844,-0.014894940561470005,-0.0243,-0.0491,0.0491,0.0108,0.0306,0.0033,0.8735002097251636,-0.0188789990683168,0.2974822859377874,0.1001982051529015,0.1838402723957906,0.9425891454005346,-0.0001255172191,0.8356314501713749,0.0445892906128956,0.2838170284716723,0.1068909552074568,0.2540452612378355,0.95369412195179,36.0
2025-03-31,VTV,Vanguard Value ETF,Value,Large-Cap Value,Value Tilt,-0.0245878857817162,-0.0279878857817162,-0.0460895333529213,-0.0426895333529213,0.0181016475712051,1.7746499597778698,1.787162307484563,2.7746499597778698,-0.03911659124593547,-0.0639,-0.0149,0.0289999999999999,0.0210999999999999,-0.0046999999999999,0.0034,0.8735002097251636,-0.0188789990683168,0.2974822859377874,0.1001982051529015,0.1838402723957906,0.9425891454005346,-0.0003611842819465,0.8175522180753851,0.0346713250156326,0.3386276733535844,0.1345728715698077,0.1779749777851779,0.9518727668731124,36.0
2025-04-30,VTV,Vanguard Value ETF,Value,Large-Cap Value,Value Tilt,-0.0362394429598392,-0.0397394429598392,-0.0253258686275876,-0.0218258686275877,-0.0144135743322515,1.6740981908269794,1.7263300691176409,2.6740981908269794,-0.07393847072853421,-0.0084,-0.0186,-0.0341,-0.0285,-0.0266999999999999,0.0034999999999999,0.8735002097251636,-0.0188789990683168,0.2974822859377874,0.1001982051529015,0.1838402723957906,0.9425891454005346,-0.0003980627156347,0.8106731584542093,0.0511705093040764,0.3390665053640768,0.1669785249294971,0.1931582349230219,0.9505166407646604,36.0
2025-05-31,VTV,Vanguard Value ETF,Value,Large-Cap Value,Value Tilt,0.0294930470028877,0.0256930470028877,0.049978213172972,0.053778213172972,-0.0242851661700843,1.7529654944593769,1.872947228754533,2.7529654944593767,-0.046626094518164796,0.0605999999999999,-0.0072,-0.0288,0.0129,0.0250999999999999,0.0038,0.8735002097251636,-0.0188789990683168,0.2974822859377874,0.1001982051529015,0.1838402723957906,0.9425891454005346,-0.0008611637461125,0.7972303770320474,0.0220661590634544,0.4251751370298217,0.1646836212196003,0.1113567245268705,0.9491898203888824,36.0
2025-06-30,VTV,Vanguard Value ETF,Value,Large-Cap Value,Value Tilt,0.0368730067892275,0.0334730067892275,0.0366760923682016,0.0400760923682016,-0.0032030855789741,1.8544756098270865,1.9880837272630685,2.8544756098270865,-0.011472332028660714,0.0486,-0.0002,-0.0161,-0.032,0.0144,0.0034,0.8735002097251636,-0.0188789990683168,0.2974822859377874,0.1001982051529015,0.1838402723957906,0.9425891454005346,-0.0016478309898393,0.8344882850766221,-0.0362636807633359,0.4634069592964768,0.107333008735457,0.1266947030996396,0.9497022857124836,36.0
2025-07-31,VTV,Vanguard Value ETF,Value,Large-Cap Value,Value Tilt,0.0016974421982516,-0.0017025578017483,0.0090263749285597,0.0124263749285597,-0.010728932730308,1.859320917181087,2.025214775975968,2.859320917181087,-0.009794363450906896,0.0197999999999999,-0.0014,-0.0127,-0.0028,-0.0207,0.0034,0.8735002097251636,-0.0188789990683168,0.2974822859377874,0.1001982051529015,0.1838402723957906,0.9425891454005346,-0.0018346074880523,0.8344177686446383,-0.0364819562659911,0.4628057823623783,0.1081056770376624,0.1308876894077983,0.9473410971779084,36.0
2025-08-31,VTV,Vanguard Value ETF,Value,Large-Cap Value,Value Tilt,0.0349074069615185,0.0311074069615185,0.0310883996358461,0.0348883996358461,1.9007325672379397e-05,1.9591323960707092,2.1307596780644844,2.9591323960707094,0.0,0.0185,0.0487999999999999,0.0441999999999999,-0.0069,0.0208,0.0038,0.8735002097251636,-0.0188789990683168,0.2974822859377874,0.1001982051529015,0.1838402723957906,0.9425891454005346,-0.0025048207789113,0.8453231509709269,-0.0458180345372488,0.4742616758990916,0.1388161743408514,0.1033500101004094,0.9480204642501268,36.0
2025-09-30,VTV,Vanguard Value ETF,Value,Large-Cap Value,Value Tilt,0.0230181304410359,0.0197181304410359,0.0203330518559414,0.0236330518559414,-0.0006149214149055,2.02724609155576,2.2047490838846726,3.02724609155576,0.0,0.0339,-0.0218,-0.0105,-0.0204999999999999,-0.0222,0.0033,0.8735002097251636,-0.0188789990683168,0.2974822859377874,0.1001982051529015,0.1838402723957906,0.9425891454005346,-0.0027453249042738,0.8552805564733392,-0.0522585547762223,0.4787645929263918,0.1410454705083401,0.0978167737401869,0.9407308585379346,36.0
2025-10-31,VTV,Vanguard Value ETF,Value,Large-Cap Value,Value Tilt,-0.0039144979826284,-0.0076144979826284,-0.0049444669714888,-0.0012444669714888,-0.0026700310111395,2.0153959428374453,2.200760879497869,3.0153959428374453,-0.00391449798262844,0.0196,-0.0131,-0.031,-0.0524,-0.0403,0.0037,0.8735002097251636,-0.0188789990683168,0.2974822859377874,0.1001982051529015,0.1838402723957906,0.9425891454005346,-0.0026948291907614,0.8491672318772361,-0.0544274487489469,0.4755520209965043,0.1259115272121695,0.089190551957963,0.9256534755203408,36.0
2025-11-30,VTV,Vanguard Value ETF,Value,Large-Cap Value,Value Tilt,0.0254091488677368,0.0224091488677368,0.0120339442205438,0.0150339442205438,0.0103752046471929,2.0920145872441718,2.2488809400235388,3.0920145872441713,0.0,-0.0013,0.0147,0.0375999999999999,0.0144,0.0068,0.003,0.8735002097251636,-0.0188789990683168,0.2974822859377874,0.1001982051529015,0.1838402723957906,0.9425891454005346,-0.0024942912801914,0.8475216965665594,-0.0518727065020262,0.4820328435534022,0.1302324974291272,0.0852951532133172,0.9204888734650484,36.0
2025-12-31,VTV,Vanguard Value ETF,Value,Large-Cap Value,Value Tilt,0.0078722778223907,0.0044722778223907,0.004745720012847,0.008145720012847,-0.0002734421904563,2.116355785105842,2.2753454145160457,3.116355785105842,0.0,-0.0036,-0.0022,0.0242,0.004,0.0037,0.0034,0.8735002097251636,-0.0188789990683168,0.2974822859377874,0.1001982051529015,0.1838402723957906,0.9425891454005346,-0.0038342726433196,0.8799022962610811,-0.0743498825690863,0.5149773540739954,0.1547285324454451,0.0219284404120563,0.9203562147818484,36.0
2026-01-31,VTV,Vanguard Value ETF,Value,Large-Cap Value,Value Tilt,0.0458662538530565,0.0428662538530565,0.0242045359677903,0.0272045359677903,0.0186617178852661,2.259291350641948,2.3644496666521846,3.259291350641948,0.0,0.0103,0.0326,0.0372,0.0182,0.0183,0.003,0.8735002097251636,-0.0188789990683168,0.2974822859377874,0.1001982051529015,0.1838402723957906,0.9425891454005346,-0.0030183993328673,0.87822807427216,-0.0475145734377158,0.507620560133124,0.1785341180087489,0.0395653045271713,0.9155289012745508,36.0
2026-02-28,VTV,Vanguard Value ETF,Value,Large-Cap Value,Value Tilt,0.0375969488546952,0.0347969488546952,0.0085924850998051,0.0113924850998051,0.02620446375489,2.381830760854584,2.402779109348564,3.381830760854584,0.0,-0.0116999999999999,0.0063,0.0283,0.0162,0.0507,0.0028,0.8735002097251636,-0.0188789990683168,0.2974822859377874,0.1001982051529015,0.1838402723957906,0.9425891454005346,-0.0006775203537913,0.8397126596904361,-0.0058578469251437,0.4499516760211748,0.169307706367164,0.1599247316437169,0.8980580975928567,36.0
2015-02-28,VUG,Vanguard Growth ETF,Growth,Large-Cap Growth,Growth Tilt,0.0624515022603282,0.0624515022603282,0.0741387263359687,0.0741387263359687,-0.0116872240756404,0.0624515022603282,0.0741387263359687,1.0624515022603283,0.0,0.0613999999999999,0.0036,-0.0179,-0.011,-0.0175,0.0,1.0921042546791635,-0.1693589147430438,-0.2514827148457915,-0.0071007397279491,-0.1586328899021691,0.9702566111339236,,,,,,,,
2015-03-31,VUG,Vanguard Growth ETF,Growth,Large-Cap Growth,Growth Tilt,-0.0392960404284856,-0.0392960404284856,-0.0148485103483827,-0.0148485103483827,-0.0244475300801028,0.0207013650742011,0.0581893663423704,1.0207013650742012,-0.03929604042848556,-0.0109,0.0308,-0.0038,0.0007,-0.0062,0.0,1.0921042546791635,-0.1693589147430438,-0.2514827148457915,-0.0071007397279491,-0.1586328899021691,0.9702566111339236,,,,,,,,
2015-04-30,VUG,Vanguard Growth ETF,Growth,Large-Cap Growth,Growth Tilt,0.0281038525973238,0.0281038525973238,0.0084411064278538,0.0084411064278538,0.0196627461694699,0.0493870057841336,0.0671216554044895,1.0493870057841337,-0.012296557959022403,0.006,-0.0301,0.018,0.0005,-0.0062,0.0,1.0921042546791635,-0.1693589147430438,-0.2514827148457915,-0.0071007397279491,-0.1586328899021691,0.9702566111339236,,,,,,,,
2015-05-31,VUG,Vanguard Growth ETF,Growth,Large-Cap Growth,Growth Tilt,0.0147837419612759,0.0147837419612759,0.0182528726395757,0.0182528726395757,-0.0034691306782998,0.0649008724951623,0.0865996910715207,1.0649008724951623,0.0,0.0138,0.0081999999999999,-0.0111,-0.0176,-0.0083,0.0,1.0921042546791635,-0.1693589147430438,-0.2514827148457915,-0.0071007397279491,-0.1586328899021691,0.9702566111339236,,,,,,,,
2015-06-30,VUG,Vanguard Growth ETF,Growth,Large-Cap Growth,Growth Tilt,-0.0164932120087883,-0.0164932120087883,-0.0169120689867182,-0.0169120689867182,0.0004188569779299,0.0473372366367559,0.0682230421351723,1.047337236636756,-0.016493212008788283,-0.0154,0.0289999999999999,-0.0081999999999999,0.0034999999999999,-0.0154,0.0,1.0921042546791635,-0.1693589147430438,-0.2514827148457915,-0.0071007397279491,-0.1586328899021691,0.9702566111339236,,,,,,,,
2015-07-31,VUG,Vanguard Growth ETF,Growth,Large-Cap Growth,Growth Tilt,0.0326949288046292,0.0326949288046292,0.0395504791374435,0.0395504791374435,-0.0068555503328143,0.0815798530230318,0.1104717752772759,1.0815798530230318,0.0,0.0157,-0.0458,-0.0416,0.0031,-0.0243999999999999,0.0,1.0921042546791635,-0.1693589147430438,-0.2514827148457915,-0.0071007397279491,-0.1586328899021691,0.9702566111339236,,,,,,,,
2015-08-31,VUG,Vanguard Growth ETF,Growth,Large-Cap Growth,Growth Tilt,-0.0629581808171763,-0.0629581808171763,-0.0749073279189341,-0.0749073279189341,0.0119491471017578,0.0134855530681927,0.02728930186186,1.0134855530681928,-0.0629581808171763,-0.0602,0.0029,0.0275,0.0066,0.0129,0.0,1.0921042546791635,-0.1693589147430438,-0.2514827148457915,-0.0071007397279491,-0.1586328899021691,0.9702566111339236,,,,,,,,
2015-09-30,VUG,Vanguard Growth ETF,Growth,Large-Cap Growth,Growth Tilt,-0.0286127616612359,-0.0286127616612359,-0.0289138818910012,-0.0289138818910012,0.0003011202297653,-0.0155130675088532,-0.0024136196800629,0.9844869324911467,-0.08976953505606544,-0.0306,-0.0279999999999999,0.0055,0.018,-0.0059,0.0,1.0921042546791635,-0.1693589147430438,-0.2514827148457915,-0.0071007397279491,-0.1586328899021691,0.9702566111339236,,,,,,,,
2015-10-31,VUG,Vanguard Growth ETF,Growth,Large-Cap Growth,Growth Tilt,0.0897396964871044,0.0897396964871044,0.0886112173710064,0.0886112173710064,0.001128479116098,0.0728344910084226,0.0859837239128222,1.0728344910084227,-0.008085729398680797,0.0775,-0.0206,-0.0046999999999999,0.0095,0.0060999999999999,0.0,1.0921042546791635,-0.1693589147430438,-0.2514827148457915,-0.0071007397279491,-0.1586328899021691,0.9702566111339236,,,,,,,,
2015-11-30,VUG,Vanguard Growth ETF,Growth,Large-Cap Growth,Growth Tilt,0.0014638732851663,0.0014638732851663,0.0039246968604492,0.0039246968604492,-0.0024608235752829,0.0744049847592149,0.0902458808245618,1.074404984759215,-0.006633692596772156,0.0056999999999999,0.033,-0.0043,-0.0265,-0.0106,0.0,1.0921042546791635,-0.1693589147430438,-0.2514827148457915,-0.0071007397279491,-0.1586328899021691,0.9702566111339236,,,,,,,,
2015-12-31,VUG,Vanguard Growth ETF,Growth,Large-Cap Growth,Growth Tilt,-0.024242139878042,-0.024342139878042,-0.011898056816395,-0.011798056816395,-0.0124440830616469,0.0483591088330164,0.077383097978753,1.0483591088330164,-0.03071501757097539,-0.0215,-0.0295,-0.0256999999999999,0.0034,0.0012,0.0001,1.0921042546791635,-0.1693589147430438,-0.2514827148457915,-0.0071007397279491,-0.1586328899021691,0.9702566111339236,,,,,,,,
2016-01-31,VUG,Vanguard Growth ETF,Growth,Large-Cap Growth,Growth Tilt,-0.0600618360270974,-0.0601618360270974,-0.0667898888409608,-0.0666898888409608,0.0066280528138634,-0.014607264059226,0.0055325389354199,0.9853927359407739,-0.08893205324915543,-0.0574,-0.0344,0.0208,0.0278,0.0305,0.0001,1.0921042546791635,-0.1693589147430438,-0.2514827148457915,-0.0071007397279491,-0.1586328899021691,0.9702566111339236,,,,,,,,
2016-02-29,VUG,Vanguard Growth ETF,Growth,Large-Cap Growth,Growth Tilt,-0.0039997836369788,-0.0041997836369788,-0.0036788706393697,-0.0034788706393697,-0.000520912997609,-0.0185486218004398,0.0020344213087866,0.9814513781995602,-0.09257612791474534,-0.0007,0.0087,-0.0060999999999999,0.0331,0.0194,0.0002,1.0921042546791635,-0.1693589147430438,-0.2514827148457915,-0.0071007397279491,-0.1586328899021691,0.9702566111339236,,,,,,,,
2016-03-31,VUG,Vanguard Growth ETF,Growth,Large-Cap Growth,Growth Tilt,0.0720292879717041,0.0718292879717041,0.0714129119982206,0.0716129119982206,0.0004163759734834,0.0521446221501222,0.0737930241411606,1.0521446221501223,-0.027215032519917637,0.0695,0.01,0.0121999999999999,0.0068,0.0001,0.0002,1.0921042546791635,-0.1693589147430438,-0.2514827148457915,-0.0071007397279491,-0.1586328899021691,0.9702566111339236,,,,,,,,
2016-04-30,VUG,Vanguard Growth ETF,Growth,Large-Cap Growth,Growth Tilt,-0.0078918254772087,-0.0079918254772087,-0.0025106475351073,-0.0024106475351073,-0.0054811779421013,0.0438412804153298,0.0712044876342992,1.0438412804153299,-0.03489208171012259,0.0091,0.0123,0.0322,-0.0285,0.0177,0.0001,1.0921042546791635,-0.1693589147430438,-0.2514827148457915,-0.0071007397279491,-0.1586328899021691,0.9702566111339236,,,,,,,,
2016-05-31,VUG,Vanguard Growth ETF,Growth,Large-Cap Growth,Growth Tilt,0.0249034209428697,0.0248034209428697,0.0290083774114283,0.0291083774114283,-0.0042049564685586,0.0698364992190569,0.1023855121451742,1.069836499219057,-0.010857592965652918,0.0178,-0.0062,-0.0162,-0.011,-0.0254,0.0001,1.0921042546791635,-0.1693589147430438,-0.2514827148457915,-0.0071007397279491,-0.1586328899021691,0.9702566111339236,,,,,,,,
2016-06-30,VUG,Vanguard Growth ETF,Growth,Large-Cap Growth,Growth Tilt,-0.0066137622385402,-0.0068137622385402,-7.133901561067737e-05,0.0001286609843893,-0.0067424232229295,0.0627608549791101,0.1025273461503433,1.06276085497911,-0.017399545665835348,-0.0003,0.0042,-0.0149,0.0144999999999999,0.019,0.0002,1.0921042546791635,-0.1693589147430438,-0.2514827148457915,-0.0071007397279491,-0.1586328899021691,0.9702566111339236,,,,,,,,
2016-07-31,VUG,Vanguard Growth ETF,Growth,Large-Cap Growth,Growth Tilt,0.0478544005982726,0.0476544005982726,0.0440487428224307,0.0442487428224307,0.0036056577758418,0.1136186386734432,0.1513127951448469,1.1136186386734432,0.0,0.0394,0.0247,-0.0124,0.0131,-0.0116,0.0002,1.0921042546791635,-0.1693589147430438,-0.2514827148457915,-0.0071007397279491,-0.1586328899021691,0.9702566111339236,,,,,,,,
2016-08-31,VUG,Vanguard Growth ETF,Growth,Large-Cap Growth,Growth Tilt,-0.0031157587170581,-0.0033157587170581,-0.0043921142230953,-0.0041921142230953,0.0010763555060372,0.110148871692518,0.1464863604010886,1.110148871692518,-0.003115758717058159,0.0049,0.0166,0.0317,-0.0185,-0.0036,0.0002,1.0921042546791635,-0.1693589147430438,-0.2514827148457915,-0.0071007397279491,-0.1586328899021691,0.9702566111339236,,,,,,,,
2016-09-30,VUG,Vanguard Growth ETF,Growth,Large-Cap Growth,Growth Tilt,0.0061646053744373,0.0059646053744373,0.0033206285822562,0.0035206285822562,0.002643976792181,0.1169925013933792,0.1505227130506836,1.1169925013933792,0.0,0.0027,0.0181,-0.0118999999999999,-0.0218,0.0003,0.0002,1.0921042546791635,-0.1693589147430438,-0.2514827148457915,-0.0071007397279491,-0.1586328899021691,0.9702566111339236,,,,,,,,
2016-10-31,VUG,Vanguard Growth ETF,Growth,Large-Cap Growth,Growth Tilt,-0.0259152167442483,-0.0261152167442483,-0.0256083933888968,-0.0254083933888968,-0.0005068233553514,0.0880453986180695,0.121289779354631,1.0880453986180696,-0.02591521674424846,-0.0200999999999999,-0.0401999999999999,0.0411,0.0098999999999999,0.0025,0.0002,1.0921042546791635,-0.1693589147430438,-0.2514827148457915,-0.0071007397279491,-0.1586328899021691,0.9702566111339236,,,,,,,,
2016-11-30,VUG,Vanguard Growth ETF,Growth,Large-Cap Growth,Growth Tilt,0.0121592994797039,0.0120592994797039,0.014801013270792,0.014901013270792,-0.0027417137910881,0.1012752684673805,0.137998133237198,1.1012752684673806,-0.014071028146019238,0.0484999999999999,0.0696,0.0828999999999999,-0.0024,0.0371,0.0001,1.0921042546791635,-0.1693589147430438,-0.2514827148457915,-0.0071007397279491,-0.1586328899021691,0.9702566111339236,,,,,,,,
2016-12-31,VUG,Vanguard Growth ETF,Growth,Large-Cap Growth,Growth Tilt,0.0116722568365421,0.0113722568365421,0.0110525265404429,0.0113525265404429,0.0003197302960991,0.1141296362486636,0.1509172872477477,1.1141296362486637,-0.0025630119639517,0.0181,0.0044,0.0347,0.0124,-0.0032,0.0003,1.0921042546791635,-0.1693589147430438,-0.2514827148457915,-0.0071007397279491,-0.1586328899021691,0.9702566111339236,,,,,,,,
2017-01-31,VUG,Vanguard Growth ETF,Growth,Large-Cap Growth,Growth Tilt,0.0352532848342519,0.0348532848342519,0.032621729134103,0.033021729134103,0.0022315557001488,0.1534063656576192,0.1889225661629996,1.1534063656576192,0.0,0.0194,-0.0144,-0.0276,-0.0051,-0.0106,0.0004,1.0921042546791635,-0.1693589147430438,-0.2514827148457915,-0.0071007397279491,-0.1586328899021691,0.9702566111339236,,,,,,,,
2017-02-28,VUG,Vanguard Growth ETF,Growth,Large-Cap Growth,Growth Tilt,0.0438438927586206,0.0434438927586206,0.0495981283780585,0.0499981283780585,-0.0061542356194378,0.2039761906606223,0.2483664692575879,1.2039761906606223,0.0,0.0355,-0.023,-0.015,0.0045,-0.018,0.0004,1.0921042546791635,-0.1693589147430438,-0.2514827148457915,-0.0071007397279491,-0.1586328899021691,0.9702566111339236,,,,,,,,
2017-03-31,VUG,Vanguard Growth ETF,Growth,Large-Cap Growth,Growth Tilt,0.0130565829172824,0.0127565829172824,0.0107605304562391,0.0110605304562391,0.0019960524610432,0.2196960056244166,0.2621740646113593,1.2196960056244166,0.0,0.0017,0.0075,-0.0333,0.0063,-0.0095,0.0003,1.0921042546791635,-0.1693589147430438,-0.2514827148457915,-0.0071007397279491,-0.1586328899021691,0.9702566111339236,,,,,,,,
2017-04-30,VUG,Vanguard Growth ETF,Growth,Large-Cap Growth,Growth Tilt,0.0227686243129106,0.0222686243129106,0.0190042659374396,0.0195042659374396,0.0032643583754709,0.2474668057524367,0.2867918432268783,1.2474668057524367,0.0,0.0108,0.0040999999999999,-0.0204999999999999,0.0179,-0.016,0.0005,1.0921042546791635,-0.1693589147430438,-0.2514827148457915,-0.0071007397279491,-0.1586328899021691,0.9702566111339236,,,,,,,,
2017-05-31,VUG,Vanguard Growth ETF,Growth,Large-Cap Growth,Growth Tilt,0.0280480979985187,0.0274480979985187,0.0292564883177706,0.0298564883177706,-0.0018083903192519,0.2824558769700802,0.3252109288615841,1.2824558769700802,0.0,0.0107,-0.0299,-0.0382,0.0098999999999999,-0.0166,0.0006,1.0921042546791635,-0.1693589147430438,-0.2514827148457915,-0.0071007397279491,-0.1586328899021691,0.9702566111339236,,,,,,,,
2017-06-30,VUG,Vanguard Growth ETF,Growth,Large-Cap Growth,Growth Tilt,-0.0042439586913428,-0.0048439586913428,0.0009128442598847,0.0015128442598847,-0.0057568029512275,0.2770131872047494,0.3272157666084487,1.2770131872047494,-0.004243958691342753,0.0078,0.0252,0.015,-0.0226,0.0004,0.0006,1.0921042546791635,-0.1693589147430438,-0.2514827148457915,-0.0071007397279491,-0.1586328899021691,0.9702566111339236,,,,,,,,
2017-07-31,VUG,Vanguard Growth ETF,Growth,Large-Cap Growth,Growth Tilt,0.0254249674324023,0.0247249674324023,0.0245161542024203,0.0252161542024203,0.0002088132299819,0.3094812059001783,0.3606830440391309,1.3094812059001784,0.0,0.0187999999999999,-0.0163999999999999,-0.0023,-0.0075,-0.0015,0.0007,1.0921042546791635,-0.1693589147430438,-0.2514827148457915,-0.0071007397279491,-0.1586328899021691,0.9702566111339236,,,,,,,,
2017-08-31,VUG,Vanguard Growth ETF,Growth,Large-Cap Growth,Growth Tilt,0.0117447105939105,0.0108447105939105,0.0145203918103593,0.0154203918103593,-0.0036756812164488,0.324860683691641,0.3816653097079265,1.324860683691641,0.0,0.0018,-0.0183,-0.0213,0.002,-0.0237999999999999,0.0009,1.0921042546791635,-0.1693589147430438,-0.2514827148457915,-0.0071007397279491,-0.1586328899021691,0.9702566111339236,,,,,,,,
2017-09-30,VUG,Vanguard Growth ETF,Growth,Large-Cap Growth,Growth Tilt,0.0103486335662716,0.0094486335662716,0.0090713342542129,0.0099713342542129,0.0003772993120586,0.3385711814335259,0.395442356338475,1.338571181433526,0.0,0.0249,0.0475999999999999,0.0315,-0.0154,0.0163,0.0009,1.0921042546791635,-0.1693589147430438,-0.2514827148457915,-0.0071007397279491,-0.1586328899021691,0.9702566111339236,,,,,,,,
2017-10-31,VUG,Vanguard Growth ETF,Growth,Large-Cap Growth,Growth Tilt,0.0289261770365218,0.0280261770365218,0.0327334122957128,0.0336334122957128,-0.004707235259191,0.3772909284036583,0.4423758444441077,1.3772909284036583,0.0,0.0225,-0.0191,0.0013,0.0092,-0.0314,0.0009,1.0921042546791635,-0.1693589147430438,-0.2514827148457915,-0.0071007397279491,-0.1586328899021691,0.9702566111339236,,,,,,,,
2017-11-30,VUG,Vanguard Growth ETF,Growth,Large-Cap Growth,Growth Tilt,0.0242331047362622,0.0234331047362622,0.0352131632436633,0.0360131632436633,-0.0117800585074011,0.4106669637239681,0.4943203611887901,1.4106669637239682,0.0,0.0312,-0.0038,-0.0009,0.0319,-0.001,0.0008,1.0921042546791635,-0.1693589147430438,-0.2514827148457915,-0.0071007397279491,-0.1586328899021691,0.9702566111339236,,,,,,,,
2017-12-31,VUG,Vanguard Growth ETF,Growth,Large-Cap Growth,Growth Tilt,0.0087440973943335,0.0078440973943335,0.0106749611034233,0.0115749611034233,-0.0028308637090898,0.4230019730457393,0.5116170612456041,1.4230019730457393,0.0,0.0106,-0.0105,0.0005,0.0073,0.0179,0.0009,1.0921042546791635,-0.1693589147430438,-0.2514827148457915,-0.0071007397279491,-0.1586328899021691,0.9702566111339236,,,,,,,,
2018-01-31,VUG,Vanguard Growth ETF,Growth,Large-Cap Growth,Growth Tilt,0.068254510135411,0.067154510135411,0.0717518041879539,0.0728518041879539,-0.0045972940525429,0.5201282756376997,0.6217410913986394,1.5201282756376997,0.0,0.0558,-0.0321,-0.0132,-0.0075,-0.0105,0.0011,1.0921042546791635,-0.1693589147430438,-0.2514827148457915,-0.0071007397279491,-0.1586328899021691,0.9702566111339236,-0.0012308946850452,1.0591878971117148,-0.2285848261177402,-0.1608124171818808,0.0053418677913831,-0.1614242823702852,0.9603647099418772,36.0
2018-02-28,VUG,Vanguard Growth ETF,Growth,Large-Cap Growth,Growth Tilt,-0.0292181615177477,-0.0303181615177477,-0.0335185101503031,-0.0324185101503031,0.0032003486325553,0.4757129221524221,0.5691666613659692,1.4757129221524221,-0.0292181615177477,-0.0364,0.0034,-0.011,0.0053,-0.0236,0.0011,1.0921042546791635,-0.1693589147430438,-0.2514827148457915,-0.0071007397279491,-0.1586328899021691,0.9702566111339236,-0.0009968275518397,1.0607865320124206,-0.2221805202040879,-0.1620880155211889,0.0036789051480306,-0.1836621952146075,0.9599826499430985,36.0
2018-03-31,VUG,Vanguard Growth ETF,Growth,Large-Cap Growth,Growth Tilt,-0.0249070644669361,-0.0261070644669361,-0.0310104934993371,-0.0298104934993371,0.004903429032401,0.4389572452656811,0.5223890288079422,1.4389572452656811,-0.05339748735215588,-0.0235,0.0361,-0.0021,-0.0040999999999999,0.0008,0.0012,1.0921042546791635,-0.1693589147430438,-0.2514827148457915,-0.0071007397279491,-0.1586328899021691,0.9702566111339236,1.974459428598363e-05,1.0329763026740602,-0.1605192520322116,-0.181894076624489,0.0247380831435667,-0.2102841354689474,0.972342808905974,36.0
2018-04-30,VUG,Vanguard Growth ETF,Growth,Large-Cap Growth,Growth Tilt,0.0027489065169274,0.0013489065169274,-0.0011307674389886,0.0002692325610113,0.002479673955916,0.4429128042147721,0.5227989055050235,1.442912804214772,-0.050795365536198234,0.0029,0.0089,0.0053,-0.0242,0.0124,0.0014,1.0921042546791635,-0.1693589147430438,-0.2514827148457915,-0.0071007397279491,-0.1586328899021691,0.9702566111339236,-0.0003058849625687,1.0317350265594278,-0.1210128350727564,-0.2310684882938095,0.0267323246180914,-0.1688231297999728,0.9826663482018974,36.0
2018-05-31,VUG,Vanguard Growth ETF,Growth,Large-Cap Growth,Growth Tilt,0.0438601424582267,0.0424601424582267,0.0314838118516862,0.0328838118516862,0.0109763306065404,0.5061991653624314,0.5728743382016046,1.5061991653624314,-0.009163115046606829,0.0263,0.0471,-0.0314,-0.0197999999999999,-0.0149,0.0014,1.0921042546791635,-0.1693589147430438,-0.2514827148457915,-0.0071007397279491,-0.1586328899021691,0.9702566111339236,3.140244578508878e-05,1.033076821045278,-0.0929083210649212,-0.2591123164904989,0.0107663148722058,-0.1698505971111369,0.9804027693084169,36.0
2018-06-30,VUG,Vanguard Growth ETF,Growth,Large-Cap Growth,Growth Tilt,0.0115282465386974,0.0101282465386974,0.0098680854264751,0.0112680854264751,0.0002601611122222,0.5235630006771097,0.5905976206095707,1.5235630006771097,0.0,0.0049,0.0077,-0.0233,0.0083,0.002,0.0014,1.0921042546791635,-0.1693589147430438,-0.2514827148457915,-0.0071007397279491,-0.1586328899021691,0.9702566111339236,0.0001116068531709,1.029692054640727,-0.0863313939115284,-0.2587194570782172,0.0158142423314977,-0.1788574112365636,0.9802629530430608,36.0
2018-07-31,VUG,Vanguard Growth ETF,Growth,Large-Cap Growth,Growth Tilt,0.0250988051542908,0.0234988051542908,0.0367207875107032,0.0383207875107032,-0.0132219823564124,0.5618026115713912,0.6515505740439802,1.5618026115713912,0.0,0.032,-0.0192999999999999,0.0049,0.0153,0.0031,0.0016,1.0921042546791635,-0.1693589147430438,-0.2514827148457915,-0.0071007397279491,-0.1586328899021691,0.9702566111339236,9.63850642884739e-06,1.0214489478751887,-0.0820183271088648,-0.2650831626668234,0.002901837577729,-0.1873256551911677,0.9780025155560096,36.0
2018-08-31,VUG,Vanguard Growth ETF,Growth,Large-Cap Growth,Growth Tilt,0.0466886584601828,0.0450886584601828,0.0509538987179445,0.0525538987179445,-0.0058652402577617,0.6347210802852696,0.7383459956398508,1.6347210802852696,0.0,0.0346,0.0065,-0.0391,-0.0029,-0.0256999999999999,0.0016,1.0921042546791635,-0.1693589147430438,-0.2514827148457915,-0.0071007397279491,-0.1586328899021691,0.9702566111339236,-0.0005838653557072,1.041673289097541,-0.0893685880024381,-0.2706170223132773,-0.0028451224720942,-0.1762958337683511,0.9769486307696946,36.0
2018-09-30,VUG,Vanguard Growth ETF,Growth,Large-Cap Growth,Growth Tilt,0.0047723387573777,0.0032723387573777,0.0070802502852179,0.0085802502852179,-0.0038079115278402,0.6425225230542173,0.753261439364747,1.6425225230542173,0.0,0.0006,-0.0249,-0.0162,0.0065,0.0136,0.0015,1.0921042546791635,-0.1693589147430438,-0.2514827148457915,-0.0071007397279491,-0.1586328899021691,0.9702566111339236,-0.0007101613350649,1.0449610999649748,-0.0866135813819863,-0.2720679684172352,-0.0049635600359745,-0.1756461339545873,0.975827427336871,36.0
2018-10-31,VUG,Vanguard Growth ETF,Growth,Large-Cap Growth,Growth Tilt,-0.0906607904980815,-0.0925607904980815,-0.0899653891234984,-0.0880653891234984,-0.002595401374583,0.4936101327032187,0.5988597884718656,1.4936101327032187,-0.09066079049808151,-0.0764,-0.0438,0.0338,0.0103,0.036,0.0019,1.0921042546791635,-0.1693589147430438,-0.2514827148457915,-0.0071007397279491,-0.1586328899021691,0.9702566111339236,-0.0007007000010088,1.0168851268588144,-0.0681588997386681,-0.2653970963520955,-0.0017915994702832,-0.2055865829478853,0.9810957120437128,36.0
2018-11-30,VUG,Vanguard Growth ETF,Growth,Large-Cap Growth,Growth Tilt,0.0057360666799641,0.0039360666799641,0.0188877280294273,0.0206877280294273,-0.0149516613494632,0.5021775800182746,0.6319365649329591,1.5021775800182746,-0.08544476015767255,0.0171,-0.0081,0.0036,-0.0060999999999999,0.004,0.0018,1.0921042546791635,-0.1693589147430438,-0.2514827148457915,-0.0071007397279491,-0.1586328899021691,0.9702566111339236,-0.0007750432034671,1.004020410473247,-0.0501323433167963,-0.2650060791837618,0.0028507867040627,-0.2256818814580177,0.97828067468971,36.0
2018-12-31,VUG,Vanguard Growth ETF,Growth,Large-Cap Growth,Growth Tilt,-0.0841743690155423,-0.0860743690155423,-0.0947495985206802,-0.0928495985206802,0.0086752295051378,0.3757327300709421,0.480411910067716,1.375732730070942,-0.16242687040125836,-0.0955,-0.0281,-0.0192,-0.0003,0.0024,0.0019,1.0921042546791635,-0.1693589147430438,-0.2514827148457915,-0.0071007397279491,-0.1586328899021691,0.9702566111339236,-0.0002395566922349,0.9882081911179458,-0.0603342962150208,-0.2837814452880111,-0.0113213956650236,-0.2113643505985629,0.9845727440705552,36.0
2019-01-31,VUG,Vanguard Growth ETF,Growth,Large-Cap Growth,Growth Tilt,0.0920122616998304,0.0899122616998304,0.0903591248291619,0.0924591248291619,-0.0004468631293315,0.5023170100592518,0.6172894996592451,1.5023170100592518,-0.0853598724078729,0.0836,0.0291,-0.0039,-0.0073,-0.0165,0.0021,1.0921042546791635,-0.1693589147430438,-0.2514827148457915,-0.0071007397279491,-0.1586328899021691,0.9702566111339236,-0.0005321023474668,1.0037473798191874,-0.0524059056274289,-0.286974667319455,-0.0357127171441811,-0.233124050594939,0.9864856427815208,36.0
2019-02-28,VUG,Vanguard Growth ETF,Growth,Large-Cap Growth,Growth Tilt,0.0368803530970345,0.0350803530970345,0.0438955105979818,0.0456955105979818,-0.0088151575009473,0.5577229918539182,0.691192369130929,1.5577229918539182,-0.051627621545558555,0.0342,0.0172,-0.0266,0.0016,-0.0154,0.0018,1.0921042546791635,-0.1693589147430438,-0.2514827148457915,-0.0071007397279491,-0.1586328899021691,0.9702566111339236,-0.0007695731361505,1.0019774897212144,-0.0642204769779158,-0.2743202564459348,-0.051670355623696,-0.2367532580181201,0.9850447929043123,36.0
2019-03-31,VUG,Vanguard Growth ETF,Growth,Large-Cap Growth,Growth Tilt,0.0312785388488274,0.0293785388488274,0.0300886673802633,0.0319886673802633,-0.0007101285314359,0.6064462909703328,0.7452913593030979,1.6064462909703328,-0.02196391926291641,0.011,-0.0352,-0.0414,0.0088,-0.009,0.0019,1.0921042546791635,-0.1693589147430438,-0.2514827148457915,-0.0071007397279491,-0.1586328899021691,0.9702566111339236,-0.0007811839307883,0.9904592783549666,-0.0664480838562038,-0.2853286125538341,-0.0616557693183383,-0.2363877568075609,0.9850174668432922,36.0
2019-04-30,VUG,Vanguard Growth ETF,Growth,Large-Cap Growth,Growth Tilt,0.0470527284035413,0.0449527284035413,0.0436289525800477,0.0457289525800477,0.0013237758234935,0.6820339719942361,0.8251017051110363,1.682033971994236,0.0,0.0397,-0.0115,0.0213,0.0161,-0.0218,0.0021,1.0921042546791635,-0.1693589147430438,-0.2514827148457915,-0.0071007397279491,-0.1586328899021691,0.9702566111339236,-0.0005162127225289,0.994818090049878,-0.075013221196886,-0.261966595687958,-0.0662046967757758,-0.2592012276695986,0.9845719528769912,36.0
2019-05-31,VUG,Vanguard Growth ETF,Growth,Large-Cap Growth,Growth Tilt,-0.0633775796190821,-0.0654775796190822,-0.0691906512659607,-0.0670906512659607,0.0037130716468785,0.5754307300121706,0.7026544430885215,1.5754307300121706,-0.06337757961908208,-0.0692,-0.0156,-0.0245,-0.0048,0.0176,0.0021,1.0921042546791635,-0.1693589147430438,-0.2514827148457915,-0.0071007397279491,-0.1586328899021691,0.9702566111339236,-0.0003783018342206,0.99334731372032,-0.0781081534853071,-0.2599491143649221,-0.0798859922165943,-0.2719749789019881,0.9868274640693636,36.0
2019-06-30,VUG,Vanguard Growth ETF,Growth,Large-Cap Growth,Growth Tilt,0.067841537520078,0.066041537520078,0.078803815290469,0.080603815290469,-0.012762277770391,0.6823103729925752,0.8398948873227252,1.6823103729925752,0.0,0.0699,0.0019,-0.0064,0.0045,-0.0055,0.0018,1.0921042546791635,-0.1693589147430438,-0.2514827148457915,-0.0071007397279491,-0.1586328899021691,0.9702566111339236,-0.0003457840077773,0.9847521850100398,-0.0704983123806596,-0.2645620407983697,-0.0676036199191713,-0.2647419500564623,0.9871815828701622,36.0
2019-07-31,VUG,Vanguard Growth ETF,Growth,Large-Cap Growth,Growth Tilt,0.0229510619359138,0.0210510619359138,0.0149083727358964,0.0168083727358964,0.0061426892000173,0.7209211825585582,0.8708205263837159,1.7209211825585582,0.0,0.0121999999999999,-0.0182,0.005,-0.0013,0.0037,0.0019,1.0921042546791635,-0.1693589147430438,-0.2514827148457915,-0.0071007397279491,-0.1586328899021691,0.9702566111339236,-0.000229016185042,0.9891940261870544,-0.0973305269324949,-0.2560947999346538,-0.1067684546474848,-0.2550919614486681,0.9856544219841752,36.0
2019-08-31,VUG,Vanguard Growth ETF,Growth,Large-Cap Growth,Growth Tilt,-0.0057436021423442,-0.0073436021423442,-0.0090653853844821,-0.0074653853844821,0.0017217832421379,0.7110368959676094,0.8568541301690618,1.7110368959676094,-0.005743602142344151,-0.0255,-0.0325,-0.0476999999999999,0.0053,-0.0062,0.0016,1.0921042546791635,-0.1693589147430438,-0.2514827148457915,-0.0071007397279491,-0.1586328899021691,0.9702566111339236,-0.0001435316129331,0.987883360570074,-0.098593506011495,-0.2562339804894373,-0.1112089032335164,-0.2568340815789385,0.9856670208654044,36.0
2019-09-30,VUG,Vanguard Growth ETF,Growth,Large-Cap Growth,Growth Tilt,0.0028916245145085,0.0010916245145085,-0.0071370242159202,-0.0053370242159202,0.0082286487304287,0.7159845722012179,0.8469440547109179,1.715984572201218,-0.0028685859685920745,0.0141999999999999,0.0029,0.0676,0.0182,0.0338,0.0018,1.0921042546791635,-0.1693589147430438,-0.2514827148457915,-0.0071007397279491,-0.1586328899021691,0.9702566111339236,0.000277160900409,0.9932534540547332,-0.0975779853325496,-0.2365398996902832,-0.0615731838038426,-0.2190147812705491,0.9821781885076588,36.0
2019-10-31,VUG,Vanguard Growth ETF,Growth,Large-Cap Growth,Growth Tilt,0.0259202067483106,0.0244202067483106,0.0289525073809104,0.0304525073809104,-0.0045323006325998,0.7604632470895849,0.9031881321691312,1.760463247089585,0.0,0.0207,0.0025,-0.0192,0.0043,-0.0103,0.0015,1.0921042546791635,-0.1693589147430438,-0.2514827148457915,-0.0071007397279491,-0.1586328899021691,0.9702566111339236,0.000193756858611,0.993404993661771,-0.097867763341788,-0.2367165750135934,-0.0637353122721453,-0.2169492472811862,0.9815688830111818,36.0
2019-11-30,VUG,Vanguard Growth ETF,Growth,Large-Cap Growth,Growth Tilt,0.0399203298942461,0.0387203298942461,0.0488959491476327,0.0500959491476327,-0.0101756192533866,0.8307415206800968,0.998530148056654,1.8307415206800968,0.0,0.0387,0.0039,-0.02,-0.0163999999999999,-0.0113999999999999,0.0012,1.0921042546791635,-0.1693589147430438,-0.2514827148457915,-0.0071007397279491,-0.1586328899021691,0.9702566111339236,0.0001547003305186,0.989434637580748,-0.0838916826731392,-0.2305264017027482,-0.0289401277786867,-0.2085177857660241,0.9808788123370704,36.0
2019-12-31,VUG,Vanguard Growth ETF,Growth,Large-Cap Growth,Growth Tilt,0.0297620007059948,0.0283620007059948,0.0225609843323648,0.0239609843323648,0.0058010163736299,0.885228051111072,1.0464168976219983,1.885228051111072,0.0,0.0276,0.0098999999999999,0.0173,0.0005,0.0118999999999999,0.0014,1.0921042546791635,-0.1693589147430438,-0.2514827148457915,-0.0071007397279491,-0.1586328899021691,0.9702566111339236,0.0003578251339538,0.9949251722290342,-0.0799919296442956,-0.2319937081765535,-0.0288813488536017,-0.1880939181375378,0.979749285872524,36.0
2020-01-31,VUG,Vanguard Growth ETF,Growth,Large-Cap Growth,Growth Tilt,0.031289586375429,0.029989586375429,0.0259563675857961,0.0272563675857961,0.0040332187896328,0.9442160570536936,1.1021947888173682,1.9442160570536935,0.0,-0.0009,-0.0437,-0.0622,-0.0118999999999999,-0.0219,0.0013,1.0921042546791635,-0.1693589147430438,-0.2514827148457915,-0.0071007397279491,-0.1586328899021691,0.9702566111339236,0.0002944114614626,0.9946200140070904,-0.0957064726950763,-0.2403533014071136,-0.0518628315909169,-0.1919306989131978,0.9791440672497188,36.0
2020-02-29,VUG,Vanguard Growth ETF,Growth,Large-Cap Growth,Growth Tilt,-0.0646725301620076,-0.0658725301620077,-0.0750828986026944,-0.0738828986026944,0.0092103684406867,0.8184786854624291,0.9468785443920618,1.818478685462429,-0.06467253016200758,-0.0815,0.0008,-0.0382,-0.0143,-0.0253,0.0012,1.0921042546791635,-0.1693589147430438,-0.2514827148457915,-0.0071007397279491,-0.1586328899021691,0.9702566111339236,0.0003235583706159,0.9948362676046016,-0.0975155264373509,-0.2391338311312446,-0.0529095301682691,-0.1951910562141161,0.9811195705501689,36.0
2020-03-31,VUG,Vanguard Growth ETF,Growth,Large-Cap Growth,Growth Tilt,-0.1059429181652411,-0.1071429181652411,-0.0985982159050222,-0.0973982159050222,-0.0085447022602188,0.6258237469032477,0.7572560475845085,1.6258237469032477,-0.163763851756756,-0.1335,-0.0818,-0.1383,-0.0161,0.0118999999999999,0.0012,1.0921042546791635,-0.1693589147430438,-0.2514827148457915,-0.0071007397279491,-0.1586328899021691,0.9702566111339236,0.0003903097892927,0.9975880962281404,-0.093148230967349,-0.1848388323153348,-0.0489821189720904,-0.2536869465879868,0.9838212696628024,36.0
2020-04-30,VUG,Vanguard Growth ETF,Growth,Large-Cap Growth,Growth Tilt,0.1508072484280238,0.1508072484280238,0.1490846700016866,0.1490846700016866,0.0017225784263371,0.8710097526026663,1.019235985547113,1.8710097526026663,-0.037653379204143356,0.1358,0.0256999999999999,-0.0134,0.0276,-0.0102,0.0,1.0921042546791635,-0.1693589147430438,-0.2514827148457915,-0.0071007397279491,-0.1586328899021691,0.9702566111339236,0.0003157379791481,1.0198856955878872,-0.0752179123757315,-0.2162548788114188,-0.0005538495660369,-0.2137618351363607,0.986247522283633,36.0
2020-05-31,VUG,Vanguard Growth ETF,Growth,Large-Cap Growth,Growth Tilt,0.0705966236734523,0.0704966236734523,0.0756531975210166,0.0757531975210166,-0.0051565738475643,1.0030967239965158,1.1721995680018078,2.003096723996516,0.0,0.0559,0.0192,-0.05,0.0096,-0.0316,0.0001,1.0921042546791635,-0.1693589147430438,-0.2514827148457915,-0.0071007397279491,-0.1586328899021691,0.9702566111339236,0.0002577479337992,1.0194434262495249,-0.0783542617692975,-0.210716071179595,-0.0125202812703076,-0.2081466185972763,0.9867147040469704,36.0
2020-06-30,VUG,Vanguard Growth ETF,Growth,Large-Cap Growth,Growth Tilt,0.0490344358204029,0.0489344358204029,0.0282570908444627,0.0283570908444627,0.0206773449759401,1.1013174417513825,1.2337968284839378,2.1013174417513825,0.0,0.0243999999999999,0.0195,-0.0217,0.0014,0.0055,0.0001,1.0921042546791635,-0.1693589147430438,-0.2514827148457915,-0.0071007397279491,-0.1586328899021691,0.9702566111339236,0.0011653074606973,1.0222563149889752,-0.0355907343897486,-0.232302428131683,-0.0281230997806047,-0.156796570249433,0.9831701744460832,36.0
2020-07-31,VUG,Vanguard Growth ETF,Growth,Large-Cap Growth,Growth Tilt,0.0756102544562256,0.0755102544562256,0.0714653495645685,0.0715653495645685,0.004044904891657,1.2601985882155096,1.393659279370615,2.2601985882155096,0.0,0.0583,-0.0319,-0.0144,0.0038,0.0097,0.0001,1.0921042546791635,-0.1693589147430438,-0.2514827148457915,-0.0071007397279491,-0.1586328899021691,0.9702566111339236,0.0011575096761135,1.038246806062075,-0.0560375239091329,-0.2392450255972282,-0.0381507278364141,-0.1290506177267242,0.9826294549246306,36.0
2020-08-31,VUG,Vanguard Growth ETF,Growth,Large-Cap Growth,Growth Tilt,0.1009334666344186,0.1008334666344186,0.0947500644729556,0.0948500644729556,0.0060834021614629,1.4883282670063198,1.6206980163452065,2.48832826700632,0.0,0.0762,-0.0089,-0.0302,0.0426999999999999,-0.0151,0.0001,1.0921042546791635,-0.1693589147430438,-0.2514827148457915,-0.0071007397279491,-0.1586328899021691,0.9702566111339236,0.0011289458223598,1.0398144962617386,-0.0492260172976979,-0.2556182296211109,0.0405305139808894,-0.1297459711151466,0.9827944045248236,36.0
2020-09-30,VUG,Vanguard Growth ETF,Growth,Large-Cap Growth,Growth Tilt,-0.0471189380294843,-0.0472189380294843,-0.0293982312659761,-0.0292982312659761,-0.0178207067635081,1.3710808815962348,1.5439161997840394,2.3710808815962348,-0.047118938029484414,-0.0364,-0.0001,-0.0272,-0.0138,-0.0192999999999999,0.0001,1.0921042546791635,-0.1693589147430438,-0.2514827148457915,-0.0071007397279491,-0.1586328899021691,0.9702566111339236,0.0006328754602203,1.0539402169350869,-0.0423558761758214,-0.2670240492617821,0.0564202545251936,-0.0678549239010578,0.9805373270278726,36.0
2020-10-31,VUG,Vanguard Growth ETF,Growth,Large-Cap Growth,Growth Tilt,-0.0300514450538532,-0.0301514450538532,-0.0400164691427172,-0.0399164691427172,0.009865024088864,1.299826474764704,1.4423720472937012,2.299826474764704,-0.07575439090614855,-0.0208,0.0467,0.0425,-0.0077,-0.0056999999999999,0.0001,1.0921042546791635,-0.1693589147430438,-0.2514827148457915,-0.0071007397279491,-0.1586328899021691,0.9702566111339236,0.0009080106932575,1.0494099051562036,-0.0328278711221009,-0.2610165884408659,0.0541799707523557,-0.071512992298496,0.9807398593848986,36.0
2020-11-30,VUG,Vanguard Growth ETF,Growth,Large-Cap Growth,Growth Tilt,0.1037279098821133,0.1036279098821133,0.1170101843509453,0.1171101843509453,-0.013382274468832,1.5383826680835957,1.728398688005862,2.5383826680835955,0.0,0.1244,0.0712,0.0209,-0.0225,0.0128,0.0001,1.0921042546791635,-0.1693589147430438,-0.2514827148457915,-0.0071007397279491,-0.1586328899021691,0.9702566111339236,0.0009181324488526,1.0238855132093252,-0.0539091309780088,-0.2489788384485037,0.1912923515194835,-0.1390042304902046,0.9822427832870964,36.0
2020-12-31,VUG,Vanguard Growth ETF,Growth,Large-Cap Growth,Growth Tilt,0.0416010735410909,0.0415010735410909,0.0470124992965124,0.0471124992965124,-0.0055114257554215,1.6439821121339715,1.856940369275144,2.6439821121339717,0.0,0.0463,0.0493,-0.0168,-0.0197,-0.0006,0.0001,1.0921042546791635,-0.1693589147430438,-0.2514827148457915,-0.0071007397279491,-0.1586328899021691,0.9702566111339236,0.0009448145577673,1.0233247322150054,-0.0622338319566088,-0.2447412168517795,0.202422492984688,-0.1396179048112794,0.9822569797245208,36.0
2021-01-31,VUG,Vanguard Growth ETF,Growth,Large-Cap Growth,Growth Tilt,-0.0101446256010565,-0.0101446256010565,-0.0276829432326707,-0.0276829432326707,0.0175383176316142,1.617159903510482,1.777851851213374,2.617159903510482,-0.010144625601056445,-0.0007,0.0681,0.0322,-0.0365,0.0496999999999999,0.0,1.0921042546791635,-0.1693589147430438,-0.2514827148457915,-0.0071007397279491,-0.1586328899021691,0.9702566111339236,0.0011298129605924,1.014527776908627,-0.0113079555820683,-0.2656884129466499,0.2043333522028502,-0.0544317543539359,0.9809610134427036,36.0
2021-02-28,VUG,Vanguard Growth ETF,Growth,Large-Cap Growth,Growth Tilt,0.0084542395036806,0.0084542395036806,0.0084310778778095,0.0084310778778095,2.3161625871084834e-05,1.6392860001541891,1.8012721365039717,2.6392860001541893,-0.001776151191882347,0.0281,0.045,0.072,0.0033,-0.0199,0.0,1.0921042546791635,-0.1693589147430438,-0.2514827148457915,-0.0071007397279491,-0.1586328899021691,0.9702566111339236,0.0009236293127901,1.0170640413266767,-0.0117325902390551,-0.2744428212711993,0.2045219612821704,-0.040509338734637,0.9805463528227174,36.0
2021-03-31,VUG,Vanguard Growth ETF,Growth,Large-Cap Growth,Growth Tilt,0.0179516012732181,0.0179516012732181,0.0117518479789643,0.0117518479789643,0.0061997532942537,1.6866654100749443,1.8341922607998755,2.6866654100749443,0.0,0.0316,-0.0084,0.0735,0.0635,0.0352,0.0,1.0921042546791635,-0.1693589147430438,-0.2514827148457915,-0.0071007397279491,-0.1586328899021691,0.9702566111339236,0.0008018855443465,1.0181011642564115,-0.0142524455256198,-0.2757748777940089,0.1693824887302824,-0.0555764097996882,0.980052407725076,36.0
2021-04-30,VUG,Vanguard Growth ETF,Growth,Large-Cap Growth,Growth Tilt,0.0691332019095922,0.0691332019095922,0.0666742063705194,0.0666742063705194,0.0024589955390727,1.8724031923331728,2.0231597804901758,2.8724031923331728,0.0,0.0496999999999999,-0.0316,-0.0102,0.0243,-0.0272,0.0,1.0921042546791635,-0.1693589147430438,-0.2514827148457915,-0.0071007397279491,-0.1586328899021691,0.9702566111339236,0.0008863788464894,1.0200828285891113,-0.0241763172126897,-0.271277542577194,0.1845664314081464,-0.0795930293736261,0.98003040414884,36.0
2021-05-31,VUG,Vanguard Growth ETF,Growth,Large-Cap Growth,Growth Tilt,-0.0143006631316879,-0.0143006631316879,-0.021291653413792,-0.021291653413792,0.0069909902821041,1.831325921901231,1.958791710229463,2.831325921901231,-0.014300663131687985,0.0029,0.0127,0.0704,0.0233999999999999,0.0301,0.0,1.0921042546791635,-0.1693589147430438,-0.2514827148457915,-0.0071007397279491,-0.1586328899021691,0.9702566111339236,0.0006097096668874,1.0250439801120748,-0.0490353682803014,-0.2606953521594202,0.1791359071863386,-0.0763997028761734,0.9811021255307408,36.0
2021-06-30,VUG,Vanguard Growth ETF,Growth,Large-Cap Growth,Growth Tilt,0.0602116044963305,0.0602116044963305,0.0520537988758258,0.0520537988758258,0.0081578056205046,2.0018045985109563,2.1128080588292084,3.0018045985109563,0.0,0.0273,-0.003,-0.0786,-0.0214,-0.0093,0.0,1.0921042546791635,-0.1693589147430438,-0.2514827148457915,-0.0071007397279491,-0.1586328899021691,0.9702566111339236,0.0008451679601771,1.0309605052669029,-0.0431552747976865,-0.2818646139557323,0.1683448482424558,-0.0594574362727276,0.97998548430467,36.0
2021-07-31,VUG,Vanguard Growth ETF,Growth,Large-Cap Growth,Growth Tilt,0.0318329516535791,0.0318329516535791,0.0277244544803425,0.0277244544803425,0.0041084971732365,2.097360899168847,2.1991089641622623,3.097360899168847,0.0,0.0134,-0.0455,-0.0179,0.055,-0.0059,0.0,1.0921042546791635,-0.1693589147430438,-0.2514827148457915,-0.0071007397279491,-0.1586328899021691,0.9702566111339236,0.0011748791125901,1.0374711940936694,-0.0614302650527753,-0.2742285107748786,0.1616005931936736,-0.0579952868688955,0.9813689921415878,36.0
2021-08-31,VUG,Vanguard Growth ETF,Growth,Large-Cap Growth,Growth Tilt,0.0367303953209019,0.0367303953209019,0.0369976951098027,0.0369976951098027,-0.0002672997889008,2.211128189446823,2.3174686222413747,3.211128189446823,0.0,0.0295,-0.0066,-0.0023,-0.0026,-0.0172,0.0,1.0921042546791635,-0.1693589147430438,-0.2514827148457915,-0.0071007397279491,-0.1586328899021691,0.9702566111339236,0.0013754339421059,1.038605146485143,-0.0648995859964899,-0.2713989679083474,0.1549817978555757,-0.0693410079213524,0.9813369294334756,36.0
2021-09-30,VUG,Vanguard Growth ETF,Growth,Large-Cap Growth,Growth Tilt,-0.0532480241772411,-0.0532480241772411,-0.0655241527606685,-0.0655241527606685,0.0122761285834274,2.040141957978938,2.100094301458906,3.040141957978938,-0.05324802417724117,-0.044,0.0112,0.0512,-0.0192,0.02,0.0,1.0921042546791635,-0.1693589147430438,-0.2514827148457915,-0.0071007397279491,-0.1586328899021691,0.9702566111339236,0.0019717781763879,1.0379359227775324,-0.0809812530385014,-0.2553291261581698,0.1261399838914257,-0.0649107056911459,0.981637811568331,36.0
2021-10-31,VUG,Vanguard Growth ETF,Growth,Large-Cap Growth,Growth Tilt,0.0826410877830827,0.0826410877830827,0.0809710779128269,0.0809710779128269,0.0016700098702557,2.291382596401309,2.3511122786794467,3.291382596401309,0.0,0.0663,-0.027,-0.0053,0.0171,-0.0154,0.0,1.0921042546791635,-0.1693589147430438,-0.2514827148457915,-0.0071007397279491,-0.1586328899021691,0.9702566111339236,0.0025423226128196,1.040216091313688,-0.1158548637523666,-0.237210060770618,0.1074274480216137,-0.050817781499331,0.9809614835487556,36.0
2021-11-30,VUG,Vanguard Growth ETF,Growth,Large-Cap Growth,Growth Tilt,0.0071303640978168,0.0071303640978168,-0.0163154690574379,-0.0163154690574379,0.0234458331552547,2.314851352698868,2.296437309988652,3.314851352698868,0.0,-0.0158,-0.017,-0.0037,0.0719,0.017,0.0,1.0921042546791635,-0.1693589147430438,-0.2514827148457915,-0.0071007397279491,-0.1586328899021691,0.9702566111339236,0.0031841458176068,1.0350631680556612,-0.1094403512416824,-0.2434268776388494,0.14281872844436,-0.0289910776577065,0.9823842706397606,36.0
2021-12-31,VUG,Vanguard Growth ETF,Growth,Large-Cap Growth,Growth Tilt,0.0157408438425235,0.0156408438425235,0.0217176149642934,0.0218176149642934,-0.0060767711217699,2.3670299102028785,2.3683577099719155,3.3670299102028785,0.0,0.0324,-0.0078,0.0325,0.0487999999999999,0.0429,0.0001,1.0921042546791635,-0.1693589147430438,-0.2514827148457915,-0.0071007397279491,-0.1586328899021691,0.9702566111339236,0.0028676393615666,1.0324991700154795,-0.1109181173412334,-0.2351628665761971,0.1098164825912783,-0.0888610575309724,0.9772395939318812,36.0
2022-01-31,VUG,Vanguard Growth ETF,Growth,Large-Cap Growth,Growth Tilt,-0.0941415318223919,-0.0941415318223919,-0.1046933015103761,-0.1046933015103761,0.0105517696879842,2.0500525567645687,2.015713220647026,3.0500525567645687,-0.09414153182239193,-0.0615,-0.0401,0.1286,0.0077,0.0773,0.0,1.0921042546791635,-0.1693589147430438,-0.2514827148457915,-0.0071007397279491,-0.1586328899021691,0.9702566111339236,0.0027456012938393,1.0305396668976887,-0.1061381372577066,-0.2388147505763488,0.1160892908645746,-0.0905530426179046,0.9792249379893648,36.0
2022-02-28,VUG,Vanguard Growth ETF,Growth,Large-Cap Growth,Growth Tilt,-0.0458562816974447,-0.0458562816974447,-0.0417639517044673,-0.0417639517044673,-0.0040923299929773,1.910188487529561,1.8897651193453997,2.910188487529561,-0.13568083291716015,-0.0227999999999999,0.0286,0.0306,-0.0203,0.0302999999999999,0.0,1.0921042546791635,-0.1693589147430438,-0.2514827148457915,-0.0071007397279491,-0.1586328899021691,0.9702566111339236,0.0026794561349322,1.0325988784436806,-0.1049864852331385,-0.2419475363778975,0.1274492061438673,-0.1068731360368021,0.9799662935610508,36.0
2022-03-31,VUG,Vanguard Growth ETF,Growth,Large-Cap Growth,Growth Tilt,0.0380151393690433,0.0380151393690433,0.0373403439430341,0.0373403439430341,0.0006747954260091,2.0208197084731827,1.99766994281634,3.0208197084731827,-0.10282361932117057,0.0308,-0.0210999999999999,-0.019,-0.015,0.0321,0.0,1.0921042546791635,-0.1693589147430438,-0.2514827148457915,-0.0071007397279491,-0.1586328899021691,0.9702566111339236,0.0027116816559094,1.0349421609785752,-0.1086692114326802,-0.2429579373182729,0.1232076070336274,-0.1017373414948024,0.979985128688004,36.0
2022-04-30,VUG,Vanguard Growth ETF,Growth,Large-Cap Growth,Growth Tilt,-0.1287553225324195,-0.1287553225324195,-0.127011595362402,-0.127011595362402,-0.0017437271700174,1.6318730925964284,1.616931101009316,2.6318730925964284,-0.21833985358394203,-0.0941,-0.0034999999999999,0.0617999999999999,0.0341,0.0592,0.0,1.0921042546791635,-0.1693589147430438,-0.2514827148457915,-0.0071007397279491,-0.1586328899021691,0.9702566111339236,0.0023309936311897,1.0551551952731617,-0.1318643112106222,-0.2382313255643835,0.0870530884903362,-0.1255076447265022,0.981287914130188,36.0
2022-05-31,VUG,Vanguard Growth ETF,Growth,Large-Cap Growth,Growth Tilt,-0.0268987386124082,-0.0271987386124082,-0.0308168452302139,-0.0305168452302139,0.0036181066178057,1.5610790262176466,1.5370706196216817,2.5610790262176466,-0.23936552554612434,-0.0033,-0.0003,0.0843999999999999,0.0155,0.0395,0.0003,1.0921042546791635,-0.1693589147430438,-0.2514827148457915,-0.0071007397279491,-0.1586328899021691,0.9702566111339236,0.0022748306169298,1.0549475745932668,-0.1300539210132851,-0.2406830438164819,0.0881717658048803,-0.1258301073078814,0.9805754728963932,36.0
2022-06-30,VUG,Vanguard Growth ETF,Growth,Large-Cap Growth,Growth Tilt,-0.0845605807905502,-0.0851605807905502,-0.0714223618443692,-0.0708223618443692,-0.0137382189461809,1.344512696310186,1.3573892861741164,2.344512696310186,-0.30368521847525887,-0.084,0.0133,-0.06,0.0176,-0.0458,0.0006,1.0921042546791635,-0.1693589147430438,-0.2514827148457915,-0.0071007397279491,-0.1586328899021691,0.9702566111339236,0.0018252768885694,1.0917974375543675,-0.1743436820842167,-0.2313400078542741,0.0433331358364995,-0.0877666140384135,0.9811983714890516,36.0
2022-07-31,VUG,Vanguard Growth ETF,Growth,Large-Cap Growth,Growth Tilt,0.130423026169983,0.129623026169983,0.1230854913045715,0.1238854913045715,0.0065375348654114,1.6502911370569069,1.64943561608793,2.650291137056907,-0.21286973750191152,0.0957,0.0178,-0.0415,0.0077,-0.0684999999999999,0.0008,1.0921042546791635,-0.1693589147430438,-0.2514827148457915,-0.0071007397279491,-0.1586328899021691,0.9702566111339236,0.0020478082697395,1.094501945287981,-0.17140640494986,-0.2269524165378184,0.0465122210127043,-0.1145457019540772,0.9824601680104924,36.0
2022-08-31,VUG,Vanguard Growth ETF,Growth,Large-Cap Growth,Growth Tilt,-0.0500079981027238,-0.0519079981027238,-0.0455654930198028,-0.0436654930198028,-0.0063425050829209,1.5177553829032997,1.5337467036872257,2.5177553829032995,-0.2522325461755124,-0.0377,0.0149,0.0018,-0.0478,0.0132,0.0019,1.0921042546791635,-0.1693589147430438,-0.2514827148457915,-0.0071007397279491,-0.1586328899021691,0.9702566111339236,0.0017495426350708,1.0959480611172496,-0.1686216474541301,-0.2284912418825312,0.0597332854522037,-0.1139160982079359,0.9827091978372882,36.0
2022-09-30,VUG,Vanguard Growth ETF,Growth,Large-Cap Growth,Growth Tilt,-0.1044422905024441,-0.1063422905024441,-0.0987789544562524,-0.0968789544562524,-0.0075633360461916,1.2547952437880203,1.288279972177031,2.2547952437880205,-0.3303310918161225,-0.0934,-0.0097,0.0003,-0.0137,-0.0077,0.0019,1.0921042546791635,-0.1693589147430438,-0.2514827148457915,-0.0071007397279491,-0.1586328899021691,0.9702566111339236,0.0013630516179899,1.101983618402269,-0.1647731636104072,-0.2355402897949984,0.064466705777476,-0.1028996088147049,0.9838916891630292,36.0
2022-10-31,VUG,Vanguard Growth ETF,Growth,Large-Cap Growth,Growth Tilt,0.0410841671892465,0.0387841671892465,0.0526360295636182,0.0549360295636182,-0.0138518623743717,1.3474316285613257,1.4139889883783845,2.3474316285613255,-0.30281830243085595,0.0786,0.0181,0.0797,0.0327,0.0643,0.0023,1.0921042546791635,-0.1693589147430438,-0.2514827148457915,-0.0071007397279491,-0.1586328899021691,0.9702566111339236,0.0013669848299244,1.0887007619783513,-0.1733413959565533,-0.2307307448319898,0.0493046980868962,-0.1517846854732606,0.981588910920046,36.0
2022-11-30,VUG,Vanguard Growth ETF,Growth,Large-Cap Growth,Growth Tilt,0.0462425941191253,0.0433425941191253,0.0470483257710976,0.0499483257710976,-0.0037057316519723,1.4559829565832842,1.5345636967777505,2.4559829565832842,-0.27057881216288326,0.0469,-0.0275,0.0148,0.063,0.0315,0.0029,1.0921042546791635,-0.1693589147430438,-0.2514827148457915,-0.0071007397279491,-0.1586328899021691,0.9702566111339236,0.0016658824057589,1.0909254891528506,-0.1792795760304332,-0.2241524752349245,0.0218627243145749,-0.1658564072455955,0.981843359617642,36.0
2022-12-31,VUG,Vanguard Growth ETF,Growth,Large-Cap Growth,Growth Tilt,-0.0836391606176227,-0.0869391606176227,-0.0791990550586867,-0.0758990550586867,-0.007740105558936,1.2505666036034713,1.3421927072062676,2.2505666036034713,-0.33158698805028886,-0.0638,-0.0019,0.0134,0.0032,0.0428,0.0033,1.0921042546791635,-0.1693589147430438,-0.2514827148457915,-0.0071007397279491,-0.1586328899021691,0.9702566111339236,0.0013628269963385,1.0946132536680269,-0.1850635982849196,-0.2192910082127867,0.020366527271682,-0.1789530332223952,0.982408756062986,36.0
2023-01-31,VUG,Vanguard Growth ETF,Growth,Large-Cap Growth,Growth Tilt,0.1038431372891812,0.1003431372891812,0.0819800008008519,0.0854800008008518,0.0183631364883292,1.4842725003999129,1.5424033416940088,2.484272500399913,-0.2621768838845199,0.0659,0.0438999999999999,-0.0394,-0.0242,-0.0443,0.0034999999999999,1.0921042546791635,-0.1693589147430438,-0.2514827148457915,-0.0071007397279491,-0.1586328899021691,0.9702566111339236,0.0018278230215971,1.09759446810177,-0.1640538823158934,-0.2210862531193718,0.0147638038119921,-0.1942518346019245,0.9815917378850892,36.0
2023-02-28,VUG,Vanguard Growth ETF,Growth,Large-Cap Growth,Growth Tilt,-0.0142407293610092,-0.0176407293610092,-0.024373526984128,-0.020973526984128,0.0067327976231188,1.44889464806272,1.4890801766024522,2.44889464806272,-0.2726840231974169,-0.0256999999999999,0.0058,-0.008,0.0097,-0.0151,0.0034,1.0921042546791635,-0.1693589147430438,-0.2514827148457915,-0.0071007397279491,-0.1586328899021691,0.9702566111339236,0.0015892055407832,1.102966717203541,-0.1647775401798971,-0.2205185191437435,0.0179089843162691,-0.1879834901856552,0.9814113603975686,36.0
2023-03-31,VUG,Vanguard Growth ETF,Growth,Large-Cap Growth,Growth Tilt,0.0776211153292552,0.0740211153292551,0.0651290076426801,0.0687290076426801,0.0088921076865749,1.638980581969192,1.6601521870834055,2.638980581969192,-0.21622894588121377,0.0249,-0.0689,-0.0905,0.0227,-0.021,0.0036,1.0921042546791635,-0.1693589147430438,-0.2514827148457915,-0.0071007397279491,-0.1586328899021691,0.9702566111339236,0.0022094041362349,1.1012812976067878,-0.1903011510684445,-0.2415000774416453,0.0079227498611504,-0.1728107529465562,0.980098213295378,36.0
2023-04-30,VUG,Vanguard Growth ETF,Growth,Large-Cap Growth,Growth Tilt,0.0103832983850158,0.0068832983850158,0.0071791777932697,0.0106791777932696,-0.0002958794082539,1.666381904784041,1.688560425246424,2.666381904784041,-0.20809081716076006,0.0063,-0.0256999999999999,-0.0012,0.0242,0.0285,0.0034999999999999,1.0921042546791635,-0.1693589147430438,-0.2514827148457915,-0.0071007397279491,-0.1586328899021691,0.9702566111339236,0.0021498541690664,1.1025330811264695,-0.1875602935415353,-0.2401845760698003,0.0089182180391383,-0.1756294010935368,0.9775642217471686,36.0
2023-05-31,VUG,Vanguard Growth ETF,Growth,Large-Cap Growth,Growth Tilt,0.0517001306835107,0.0481001306835107,0.0356177855182625,0.0392177855182625,0.0124823451652481,1.8042341977135243,1.7939998113566271,2.8042341977135243,-0.16714900891849904,0.0033,-0.0043,-0.0779,-0.0178,-0.0708,0.0036,1.0921042546791635,-0.1693589147430438,-0.2514827148457915,-0.0071007397279491,-0.1586328899021691,0.9702566111339236,0.002828880174988,1.1013854124927347,-0.1859186323177936,-0.2448892706216587,0.007361447418098,-0.1957010205328169,0.9771021466503876,36.0
2023-06-30,VUG,Vanguard Growth ETF,Growth,Large-Cap Growth,Growth Tilt,0.0691095616163843,0.0651095616163843,0.0713247705013755,0.0753247705013755,-0.0062152088849912,1.9980335937871796,2.0044572059279515,2.9980335937871794,-0.10959104203308534,0.0646,0.0128,-0.0013,0.0232,-0.0154,0.004,1.0921042546791635,-0.1693589147430438,-0.2514827148457915,-0.0071007397279491,-0.1586328899021691,0.9702566111339236,0.0022172574179015,1.0975905204850445,-0.2125019300131975,-0.2252463836445651,-0.0081885032078114,-0.2111616817077993,0.97928503899665,36.0
2023-07-31,VUG,Vanguard Growth ETF,Growth,Large-Cap Growth,Growth Tilt,0.0335735793373672,0.0290735793373672,0.0193350935675595,0.0238350935675595,0.0097384857698076,2.0986883125042857,2.076068724550973,3.0986883125042857,-0.07969682624008056,0.0321,0.0286,0.0406,-0.0059,0.0066,0.0045,1.0921042546791635,-0.1693589147430438,-0.2514827148457915,-0.0071007397279491,-0.1586328899021691,0.9702566111339236,0.0023784810086452,1.0985455500506256,-0.2085920582140267,-0.2189536584323563,-0.0102053364771789,-0.2168955713655735,0.9783149896626911,36.0
2023-08-31,VUG,Vanguard Growth ETF,Growth,Large-Cap Growth,Growth Tilt,-0.0108732743813421,-0.0153732743813421,-0.0127773380501165,-0.0082773380501165,-0.0025959363312255,2.0649954242601685,2.0506070638524734,3.0649954242601685,-0.08970353516239216,-0.0236,-0.0365,-0.0115,0.0335,-0.0241,0.0045,1.0921042546791635,-0.1693589147430438,-0.2514827148457915,-0.0071007397279491,-0.1586328899021691,0.9702566111339236,0.0021084377935084,1.099146112189486,-0.2036494352168321,-0.2202384691189874,-0.0184443549489231,-0.2078985332717691,0.976859128627954,36.0
2023-09-30,VUG,Vanguard Growth ETF,Growth,Large-Cap Growth,Growth Tilt,-0.0573919682438361,-0.0616919682438361,-0.0564233739834542,-0.0521233739834542,-0.0052685942603818,1.8890893042035264,1.8915991309867235,2.889089304203526,-0.14194724096482836,-0.0523,-0.0178,0.0149,0.0187,-0.0077,0.0043,1.0921042546791635,-0.1693589147430438,-0.2514827148457915,-0.0071007397279491,-0.1586328899021691,0.9702566111339236,0.0027049224191436,1.0944186972700267,-0.2038737034929961,-0.2294946854189318,-0.0337936381405841,-0.2065281284730929,0.9795998593970792,36.0
2023-10-31,VUG,Vanguard Growth ETF,Growth,Large-Cap Growth,Growth Tilt,-0.0176268882820669,-0.0223268882820669,-0.0268181531893511,-0.0221181531893512,0.0044912649072842,1.838163649801416,1.827642298445364,2.838163649801416,-0.15707204108846062,-0.0315,-0.0403,0.002,0.0241,-0.0069,0.0046999999999999,1.0921042546791635,-0.1693589147430438,-0.2514827148457915,-0.0071007397279491,-0.1586328899021691,0.9702566111339236,0.0025246020173822,1.0991668482255368,-0.2181840473177058,-0.2351799692583862,-0.0377783057923894,-0.1967886877723607,0.9800166433817112,36.0
2023-11-30,VUG,Vanguard Growth ETF,Growth,Large-Cap Growth,Growth Tilt,0.1161078018117149,0.1117078018117149,0.095433399995575,0.099833399995575,0.0162744018161398,2.1676965923617724,2.1099354430704675,3.1676965923617724,-0.059201528693606176,0.0888,-0.002,0.0167,-0.0373,-0.0108,0.0044,1.0921042546791635,-0.1693589147430438,-0.2514827148457915,-0.0071007397279491,-0.1586328899021691,0.9702566111339236,0.0032891207414677,1.1295996819461325,-0.2114614101569649,-0.2289276219931386,-0.0706647491942595,-0.1889475818976835,0.9815635179203044,36.0
2023-12-31,VUG,Vanguard Growth ETF,Growth,Large-Cap Growth,Growth Tilt,0.043211976387431,0.038911976387431,0.026968389495519,0.031268389495519,0.0119435868919119,2.304579022713455,2.2071781158103145,3.304579022713455,-0.018547767366183132,0.0486,0.0727,0.0489,-0.0297,0.0129,0.0043,1.0921042546791635,-0.1693589147430438,-0.2514827148457915,-0.0071007397279491,-0.1586328899021691,0.9702566111339236,0.0038234583583353,1.134893571393717,-0.1777532085723549,-0.2396441948065911,-0.0707998818687944,-0.176845248287964,0.9820288467538608,36.0
2024-01-31,VUG,Vanguard Growth ETF,Growth,Large-Cap Growth,Growth Tilt,0.0215840539998724,0.0168840539998724,0.0254736365573716,0.0301736365573715,-0.0085895825574992,2.375905234786548,2.30395034265153,3.375905234786548,0.0,0.0073,-0.0572,-0.0237999999999999,0.0067,-0.0097,0.0046999999999999,1.0921042546791635,-0.1693589147430438,-0.2514827148457915,-0.0071007397279491,-0.1586328899021691,0.9702566111339236,0.0027771302507099,1.132714888804938,-0.1866480802443587,-0.2194606052997093,-0.0465907051669947,-0.2138881884673585,0.9824839160381488,36.0
2024-02-29,VUG,Vanguard Growth ETF,Growth,Large-Cap Growth,Growth Tilt,0.070657006042843,0.066457006042843,0.069310387767318,0.073510387767318,-0.002853381724475,2.6144365913609264,2.546825013503808,3.6144365913609264,0.0,0.0507,-0.0081999999999999,-0.0343,-0.0206,-0.0217,0.0042,1.0921042546791635,-0.1693589147430438,-0.2514827148457915,-0.0071007397279491,-0.1586328899021691,0.9702566111339236,0.0026434839032158,1.1280528192595485,-0.1745557544252588,-0.2002732339471426,-0.0327249938187101,-0.2381728806474972,0.9828073840421004,36.0
2024-03-31,VUG,Vanguard Growth ETF,Growth,Large-Cap Growth,Growth Tilt,0.0136324544044426,0.0093324544044426,0.0210379608661356,0.0253379608661356,-0.011705506461693,2.663710233390403,2.6366943268949985,3.663710233390403,0.0,0.0283999999999999,-0.0121,0.0416,0.0133,0.0113999999999999,0.0043,1.0921042546791635,-0.1693589147430438,-0.2514827148457915,-0.0071007397279491,-0.1586328899021691,0.9702566111339236,0.0023362853138878,1.1217653431671204,-0.1633663692616475,-0.2226332075244325,-0.0372885062349632,-0.2210670799413632,0.9813022008364388,36.0
2024-04-30,VUG,Vanguard Growth ETF,Growth,Large-Cap Growth,Growth Tilt,-0.0417781278758837,-0.0464781278758837,-0.044516473322424,-0.0398164733224241,-0.0019616545534596,2.510647278759635,2.491893984246372,3.510647278759635,-0.04177812787588375,-0.0465,-0.0259,-0.0045,0.0113999999999999,-0.0031,0.0046999999999999,1.0921042546791635,-0.1693589147430438,-0.2514827148457915,-0.0071007397279491,-0.1586328899021691,0.9702566111339236,0.002298318716592,1.1236926221759886,-0.1640636120131886,-0.221306930577827,-0.0365412143350354,-0.2227718550843354,0.9811566619247722,36.0
2024-05-31,VUG,Vanguard Growth ETF,Growth,Large-Cap Growth,Growth Tilt,0.0632464762085147,0.0588464762085147,0.0541075465681796,0.0585075465681796,0.004738929640335,2.732683348352193,2.696196134140813,3.7326833483521935,0.0,0.0432,0.0059,-0.0131,0.0317,-0.0285,0.0044,1.0921042546791635,-0.1693589147430438,-0.2514827148457915,-0.0071007397279491,-0.1586328899021691,0.9702566111339236,0.0021967041051081,1.123934905454378,-0.166915653720471,-0.2272177684947915,-0.0396172936840587,-0.2202607497949332,0.9816711817850348,36.0
2024-06-30,VUG,Vanguard Growth ETF,Growth,Large-Cap Growth,Growth Tilt,0.067821389899997,0.0637213898999971,0.0494981642282051,0.053598164228205,0.0142232256717919,2.9858391210940143,2.894305461558149,3.9858391210940143,0.0,0.0279999999999999,-0.0432,-0.0336,0.0056,-0.018,0.0040999999999999,1.0921042546791635,-0.1693589147430438,-0.2514827148457915,-0.0071007397279491,-0.1586328899021691,0.9702566111339236,0.0021015510919768,1.1262711404690289,-0.1919364423752874,-0.2053540934413812,-0.0409450775733719,-0.2467338575318001,0.9811892427761396,36.0
2024-07-31,VUG,Vanguard Growth ETF,Growth,Large-Cap Growth,Growth Tilt,-0.017940744674629,-0.022440744674629,-0.0150593312861283,-0.0105593312861283,-0.0073814133885006,2.914330199108319,2.853184200060177,3.914330199108319,-0.017940744674629028,0.0121999999999999,0.0834,0.0562,0.0026,0.0028,0.0045,1.0921042546791635,-0.1693589147430438,-0.2514827148457915,-0.0071007397279491,-0.1586328899021691,0.9702566111339236,0.0017853771855149,1.1283094007531962,-0.2160636704826126,-0.2113728065511747,-0.0573308315314065,-0.2371185589271215,0.980784846152451,36.0
2024-08-31,VUG,Vanguard Growth ETF,Growth,Large-Cap Growth,Growth Tilt,0.02246114909679,0.01766114909679,0.0253441674035941,0.0301441674035941,-0.0076830183068041,3.0022505533245587,2.9693352296236752,4.002250553324559,0.0,0.0161,-0.0355,-0.011,0.0076,0.0081999999999999,0.0048,1.0921042546791635,-0.1693589147430438,-0.2514827148457915,-0.0071007397279491,-0.1586328899021691,0.9702566111339236,0.0016241380980277,1.1267001025662018,-0.2102033419657343,-0.2030570863369155,-0.0537185440139716,-0.2503647062556091,0.9801743074566596,36.0
2024-09-30,VUG,Vanguard Growth ETF,Growth,Large-Cap Growth,Growth Tilt,0.0235260953143072,0.0195260953143072,0.0281757553382978,0.0321757553382978,-0.0086496600239906,3.0964078813138114,3.097051588827733,4.096407881313811,0.0,0.0173,-0.0092,-0.0276,0.002,-0.0029,0.004,1.0921042546791635,-0.1693589147430438,-0.2514827148457915,-0.0071007397279491,-0.1586328899021691,0.9702566111339236,0.0008496934203844,1.131711587202051,-0.2103802281918146,-0.2037721545460274,-0.0352279570449294,-0.2548297688651559,0.980111971683833,36.0
2024-10-31,VUG,Vanguard Growth ETF,Growth,Large-Cap Growth,Growth Tilt,-0.0026306453191117,-0.0065306453191117,-0.0126885180406119,-0.0087885180406119,0.0061578727215002,3.0856316850956604,3.061044577026002,4.08563168509566,-0.002630645319111835,-0.01,-0.0089,0.0086,-0.0148,0.0098,0.0039,1.0921042546791635,-0.1693589147430438,-0.2514827148457915,-0.0071007397279491,-0.1586328899021691,0.9702566111339236,0.0011058768422399,1.1337745733611873,-0.2171716514175797,-0.2003998873304602,-0.0419305461851153,-0.257385945984746,0.9791433490244444,36.0
2024-11-30,VUG,Vanguard Growth ETF,Growth,Large-Cap Growth,Growth Tilt,0.0684476547159436,0.0644476547159436,0.0664551138146368,0.0704551138146368,-0.0020074590986932,3.365283591973607,3.347165934906683,4.365283591973607,0.0,0.0649,0.0458999999999999,0.0016,-0.0231,-0.0204999999999999,0.004,1.0921042546791635,-0.1693589147430438,-0.2514827148457915,-0.0071007397279491,-0.1586328899021691,0.9702566111339236,0.0004078640633845,1.1390985971455645,-0.2630271036315885,-0.1604078457866345,-0.1404595576550024,-0.2905622834488798,0.986065403638653,36.0
2024-12-31,VUG,Vanguard Growth ETF,Growth,Large-Cap Growth,Growth Tilt,0.0044858883120166,0.0007858883120166,-0.0182476092696952,-0.0145476092696952,0.0190334975817118,3.3848657666174797,3.283925063455131,4.384865766617479,0.0,-0.0315,-0.0383,-0.03,0.0189,-0.0121,0.0037,1.0921042546791635,-0.1693589147430438,-0.2514827148457915,-0.0071007397279491,-0.1586328899021691,0.9702566111339236,0.0009347785641748,1.1314496409814274,-0.2740143199768933,-0.1659154566155323,-0.1332941352766777,-0.2966694226971985,0.983267802026598,36.0
2025-01-31,VUG,Vanguard Growth ETF,Growth,Large-Cap Growth,Growth Tilt,0.0192718422100464,0.0155718422100464,0.0342069314325146,0.0379069314325146,-0.0186350892224682,3.4693702077839657,3.4463155170975552,4.469370207783966,0.0,0.0279999999999999,-0.0123,0.0163,-0.0235,-0.0324,0.0037,1.0921042546791635,-0.1693589147430438,-0.2514827148457915,-0.0071007397279491,-0.1586328899021691,0.9702566111339236,0.0002182482841052,1.1328799136802383,-0.1663477233118283,-0.3061986346876859,-0.0512114537822435,-0.1752424798594666,0.9786283165100133,36.0
2025-02-28,VUG,Vanguard Growth ETF,Growth,Large-Cap Growth,Growth Tilt,-0.0301659284524814,-0.0334659284524814,-0.0351637735081087,-0.0318637735081087,0.0016978450556273,3.3345475058683025,3.304639126515169,4.3345475058683025,-0.03016592845248145,-0.0243,-0.0491,0.0491,0.0108,0.0306,0.0033,1.0921042546791635,-0.1693589147430438,-0.2514827148457915,-0.0071007397279491,-0.1586328899021691,0.9702566111339236,0.0004179247031644,1.1314016125702686,-0.1793384689539633,-0.2935456417990472,-0.0601360684095463,-0.1784789947613853,0.9781792416536584,36.0
2025-03-31,VUG,Vanguard Growth ETF,Growth,Large-Cap Growth,Growth Tilt,-0.0848478652642318,-0.0882478652642318,-0.0736217709148666,-0.0702217709148666,-0.0146260943493651,2.9667704031089768,3.002359743901849,3.9667704031089768,-0.11245427908380667,-0.0639,-0.0149,0.0289999999999999,0.0210999999999999,-0.0046999999999999,0.0034,1.0921042546791635,-0.1693589147430438,-0.2514827148457915,-0.0071007397279491,-0.1586328899021691,0.9702566111339236,0.0004130988299906,1.140789607266675,-0.1736866396319521,-0.3190170238004162,-0.0717214777469043,-0.1445402853721059,0.9789495322385944,36.0
2025-04-30,VUG,Vanguard Growth ETF,Growth,Large-Cap Growth,Growth Tilt,0.0201444514729691,0.0166444514729691,0.0073273227794996,0.0108273227794995,0.0093171286934694,3.046678816998816,3.045694584728749,4.046678816998816,-0.09457515737876887,-0.0084,-0.0186,-0.0341,-0.0285,-0.0266999999999999,0.0034999999999999,1.0921042546791635,-0.1693589147430438,-0.2514827148457915,-0.0071007397279491,-0.1586328899021691,0.9702566111339236,0.0001716199161126,1.1506333006187357,-0.1879649595746609,-0.317226206903115,-0.0943935454987692,-0.1631497626471872,0.9761523949994249,36.0
2025-05-31,VUG,Vanguard Growth ETF,Growth,Large-Cap Growth,Growth Tilt,0.0921253005886468,0.0883253005886468,0.0709078120139389,0.0747078120139389,0.0174174885747078,3.4194803194005416,3.347939575230476,4.419480319400542,-0.011162621591859767,0.0605999999999999,-0.0072,-0.0288,0.0129,0.0250999999999999,0.0038,1.0921042546791635,-0.1693589147430438,-0.2514827148457915,-0.0071007397279491,-0.1586328899021691,0.9702566111339236,0.0003906795591802,1.1598415709469698,-0.1663156613110373,-0.3820037167405,-0.0934127643259497,-0.1068453337117532,0.9772710116227272,36.0
2025-06-30,VUG,Vanguard Growth ETF,Growth,Large-Cap Growth,Growth Tilt,0.0623682468934283,0.0589682468934283,0.0554394132117843,0.0588394132117843,0.0035288336816439,3.695115559101562,3.603769788517332,4.695115559101562,0.0,0.0486,-0.0002,-0.0161,-0.032,0.0144,0.0034,1.0921042546791635,-0.1693589147430438,-0.2514827148457915,-0.0071007397279491,-0.1586328899021691,0.9702566111339236,0.0009678451054172,1.1309191710685975,-0.1215318878006731,-0.4103259765021225,-0.0478750373091661,-0.1203374644401016,0.9774702923949082,36.0
2025-07-31,VUG,Vanguard Growth ETF,Growth,Large-Cap Growth,Growth Tilt,0.0382755978804321,0.0348755978804321,0.0286956729797503,0.0320956729797503,0.0061799249006817,3.874823914243893,3.7515308781236394,4.874823914243893,0.0,0.0197999999999999,-0.0014,-0.0127,-0.0028,-0.0207,0.0034,1.0921042546791635,-0.1693589147430438,-0.2514827148457915,-0.0071007397279491,-0.1586328899021691,0.9702566111339236,0.0010613634458041,1.1339871655834002,-0.1199819580642432,-0.4088077339148971,-0.0433473599655039,-0.1320489542979897,0.974635550807632,36.0
2025-08-31,VUG,Vanguard Growth ETF,Growth,Large-Cap Growth,Growth Tilt,0.0075575035227959,0.0037575035227959,-0.0020893984442141,0.0017106015557858,0.00584690196701,3.9116654131488016,3.759658854236121,4.911665413148802,0.0,0.0185,0.0487999999999999,0.0441999999999999,-0.0069,0.0208,0.0038,1.0921042546791635,-0.1693589147430438,-0.2514827148457915,-0.0071007397279491,-0.1586328899021691,0.9702566111339236,0.0019693287687629,1.1210975946921091,-0.1031896060714419,-0.4213896824337257,-0.0760234845121075,-0.0982058999469791,0.9739246348564704,36.0
2025-09-30,VUG,Vanguard Growth ETF,Growth,Large-Cap Growth,Growth Tilt,0.0468816775777578,0.0435816775777578,0.0473596352868619,0.0506596352868619,-0.0037779577091041,4.141932527417868,4.000781435881606,5.141932527417868,0.0,0.0339,-0.0218,-0.0105,-0.0204999999999999,-0.0222,0.0033,1.0921042546791635,-0.1693589147430438,-0.2514827148457915,-0.0071007397279491,-0.1586328899021691,0.9702566111339236,0.0023689591899227,1.1024080824176363,-0.0887106554623743,-0.4315648473223098,-0.0765795192533091,-0.0861286927095092,0.9692766777925116,36.0
2025-10-31,VUG,Vanguard Growth ETF,Growth,Large-Cap Growth,Growth Tilt,0.040116013645941,0.036416013645941,0.038522286445575,0.042222286445575,-0.002106272799634,4.348206362854271,4.211925862119114,5.348206362854271,0.0,0.0196,-0.0131,-0.031,-0.0524,-0.0403,0.0037,1.0921042546791635,-0.1693589147430438,-0.2514827148457915,-0.0071007397279491,-0.1586328899021691,0.9702566111339236,0.0022448490423977,1.117790539523159,-0.0833771171832499,-0.4234262359913091,-0.0388390315367531,-0.0644942596831359,0.969279512339118,36.0
2025-11-30,VUG,Vanguard Growth ETF,Growth,Large-Cap Growth,Growth Tilt,-0.0160569940987028,-0.0190569940987028,-0.0142085230737165,-0.0112085230737165,-0.0048484710249862,4.262330244847275,4.153507870835052,5.262330244847275,-0.01605699409870287,-0.0013,0.0147,0.0375999999999999,0.0144,0.0068,0.003,1.0921042546791635,-0.1693589147430438,-0.2514827148457915,-0.0071007397279491,-0.1586328899021691,0.9702566111339236,0.0022191930909274,1.12448603904907,-0.0856036056005351,-0.424150498868452,-0.0264982960754574,-0.0598490655888095,0.9697275621953132,36.0
2025-12-31,VUG,Vanguard Growth ETF,Growth,Large-Cap Growth,Growth Tilt,-0.0050550576792286,-0.0084550576792286,-0.0099227191695202,-0.0065227191695202,0.0014676614902916,4.235728861932423,4.119892986255683,5.235728861932423,-0.02103088274660747,-0.0036,-0.0022,0.0242,0.004,0.0037,0.0034,1.0921042546791635,-0.1693589147430438,-0.2514827148457915,-0.0071007397279491,-0.1586328899021691,0.9702566111339236,0.0035504553796352,1.0929922377204249,-0.0641601069605373,-0.4549755725407975,-0.0501776353419487,0.0011694449490358,0.9669978560275616,36.0
2026-01-31,VUG,Vanguard Growth ETF,Growth,Large-Cap Growth,Growth Tilt,-0.0129340594236673,-0.0159340594236673,-0.0063223062522416,-0.0033223062522416,-0.0096117531714256,4.168009633705979,4.102883133776637,5.168009633705979,-0.033692927483098045,0.0103,0.0326,0.0372,0.0182,0.0183,0.003,1.0921042546791635,-0.1693589147430438,-0.2514827148457915,-0.0071007397279491,-0.1586328899021691,0.9702566111339236,0.0028629240770201,1.0908605994869034,-0.0977150719340532,-0.4386568660574486,-0.0672352597390781,0.0020601423347603,0.9642255716289988,36.0
2026-02-28,VUG,Vanguard Growth ETF,Growth,Large-Cap Growth,Growth Tilt,-0.0429445225489648,-0.0457445225489648,-0.0287817683886878,-0.0259817683886878,-0.0169627541602769,3.946071927458025,3.9703012060803102,4.946071927458025,-0.07519052334802434,-0.0116999999999999,0.0063,0.0283,0.0162,0.0507,0.0028,1.0921042546791635,-0.1693589147430438,-0.2514827148457915,-0.0071007397279491,-0.1586328899021691,0.9702566111339236,0.0011060210143391,1.119792100046466,-0.1290082250123563,-0.3953836477771613,-0.0603382734173565,-0.088137879941046,0.9610235874277588,36.0
