date,IWM,MTUM,QQQ,QUAL,SPY,USMV,VLUE,VTV,VUG
2015-01-02,102.78697967529297,59.53520202636719,94.66507720947266,52.60922622680664,170.12503051757812,32.91624450683594,49.30662536621094,63.567020416259766,15.731489181518555
2015-01-05,101.41279602050781,58.764198303222656,93.27645111083984,51.81468200683594,167.05259704589844,32.60749435424805,49.30662536621094,62.39360427856445,15.456846237182617
2015-01-06,99.65834045410156,58.264793395996094,92.0257797241211,51.366676330566406,165.47909545898438,32.51809310913086,48.28113555908203,61.84450912475586,15.310471534729004
2015-01-07,100.88560485839844,59.22856903076172,93.21207427978516,51.94991683959961,167.54124450683594,32.932491302490234,48.66569900512695,62.536521911621094,15.502119064331055
2015-01-08,102.59684753417969,60.437679290771484,94.99613189697266,52.92197799682617,170.5142059326172,33.420021057128906,49.65348434448242,63.687374114990234,15.77524471282959
2015-01-09,101.61156463623047,60.12224197387695,94.37081146240234,52.46553421020508,169.1478271484375,33.22500228881836,49.18598175048828,63.108158111572266,15.657550811767578
2015-01-12,101.27450561523438,59.77175521850586,93.38681030273438,52.034446716308594,167.82276916503906,33.078765869140625,48.67323684692383,62.679443359375,15.518718719482422
2015-01-13,101.35231018066406,59.570281982421875,93.35923767089844,51.890750885009766,167.35073852539062,33.04623794555664,48.53750991821289,62.43122482299805,15.505133628845215
2015-01-14,100.94608306884766,59.36875915527344,92.84423065185547,51.687904357910156,166.34042358398438,32.932491302490234,48.15293884277344,62.00998306274414,15.429682731628418
2015-01-15,99.24349212646484,58.974483489990234,91.6395263671875,51.20608139038086,164.81661987304688,32.88373947143555,47.7231559753418,61.56620788574219,15.253124237060547
2015-01-16,100.85968780517578,59.69292449951172,92.71546173095703,51.89920425415039,166.97808837890625,33.24126434326172,48.36408233642578,62.371055603027344,15.440248489379883
2015-01-20,100.43619537353516,60.01711654663086,93.45117950439453,52.13588333129883,167.33412170410156,33.298133850097656,48.205726623535156,62.38608932495117,15.511168479919434
2015-01-21,100.11640167236328,60.25367736816406,93.92938232421875,52.23731231689453,168.17889404296875,33.35503005981445,48.56768035888672,62.71704864501953,15.592659950256348
2015-01-22,102.15605926513672,61.28754425048828,95.66744232177734,53.0741081237793,170.67984008789062,33.8425407409668,48.922061920166016,63.64225387573242,15.835602760314941
2015-01-23,102.08692169189453,61.16488265991211,95.87895965576172,52.955772399902344,169.7440185546875,33.66379165649414,49.08042907714844,63.1157112121582,15.808448791503906
2015-01-26,103.07219696044922,61.2261962890625,95.76861572265625,53.04874801635742,170.14157104492188,33.736907958984375,49.00501251220703,63.2661247253418,15.865785598754883
2015-01-27,102.57955932617188,60.4464225769043,93.28565979003906,52.16122055053711,167.89732360839844,33.4931526184082,48.80143356323242,62.43871307373047,15.674141883850098
2015-01-28,100.85102844238281,59.754276275634766,92.80744934082031,51.670989990234375,165.74412536621094,33.11125946044922,47.80609130859375,61.40071487426758,15.521735191345215
2015-01-29,102.24251556396484,60.32378387451172,93.6994857788086,52.169700622558594,167.2761688232422,33.281890869140625,48.205726623535156,61.979888916015625,15.665084838867188
2015-01-30,99.99542236328125,59.21981430053711,92.97296142578125,51.70479202270508,165.17269897460938,32.729366302490234,47.7231559753418,60.949405670166016,15.512678146362305
2015-02-02,100.91152954101562,59.65788269042969,93.78224182128906,52.169700622558594,167.21824645996094,33.013755798339844,47.5874137878418,61.91972351074219,15.659050941467285
2015-02-03,102.71781158447266,60.227386474609375,94.68347930908203,52.955772399902344,169.63638305664062,33.37939453125,49.23122787475586,62.890071868896484,15.85823917388916
2015-02-04,102.33758544921875,60.130985260009766,94.60067749023438,52.5754280090332,168.9904327392578,33.298133850097656,49.36695861816406,62.64933776855469,15.803919792175293
2015-02-05,103.65989685058594,60.78813934326172,95.41914367675781,53.217811584472656,170.69638061523438,33.6231575012207,49.608253479003906,63.311283111572266,15.969908714294434
2015-02-06,103.54756164550781,60.20109939575195,94.83978271484375,52.86280059814453,170.22434997558594,33.33063888549805,49.7967529296875,63.258602142333984,15.883894920349121
2015-02-09,102.72645568847656,59.82435607910156,94.53632354736328,52.693756103515625,169.46250915527344,33.15188980102539,49.28400421142578,62.980308532714844,15.817493438720703
2015-02-10,103.38333129882812,60.656700134277344,96.00768280029297,53.25161361694336,171.26779174804688,33.50127029418945,49.74397659301758,63.55947494506836,16.013669967651367
2015-02-11,103.23640441894531,60.972129821777344,96.35717010498047,53.27698516845703,171.36721801757812,33.517520904541016,49.81938171386719,63.469234466552734,16.05743408203125
2015-02-12,104.41178131103516,61.36640930175781,97.47911071777344,53.71651840209961,173.01522827148438,33.68003463745117,50.30950927734375,64.05592346191406,16.21588134765625
2015-02-13,105.03407287597656,61.445247650146484,98.31593322753906,54.04618453979492,173.72738647460938,33.70442199707031,50.52818298339844,64.22892761230469,16.310949325561523
2015-02-17,105.36250305175781,61.70810317993164,98.40790557861328,54.07999038696289,174.000732421875,33.720672607421875,50.656375885009766,64.37938690185547,16.3305721282959
2015-02-18,105.47486114501953,61.89209747314453,98.54583740234375,54.189876556396484,174.0172576904297,33.834415435791016,50.55078125,64.28910827636719,16.366783142089844
2015-02-19,105.48348236083984,61.92713928222656,99.03324890136719,54.29131317138672,173.89303588867188,33.68816375732422,50.55078125,64.10106658935547,16.39093017578125
2015-02-20,105.76868438720703,62.43531036376953,99.69537353515625,54.688568115234375,174.9364776611328,33.90754699707031,50.57341384887695,64.46209716796875,16.50712013244629
2015-02-23,105.87238311767578,62.654388427734375,99.79651641845703,54.7308464050293,174.9116973876953,33.94818115234375,50.63373947143555,64.38689422607422,16.51617431640625
2015-02-24,106.01069641113281,62.72443389892578,99.87007141113281,54.849178314208984,175.40850830078125,33.96443176269531,50.83732986450195,64.69526672363281,16.523717880249023
2015-02-25,106.13168334960938,62.57548141479492,99.62178802490234,54.93368911743164,175.25949096679688,33.97255325317383,50.77699661254883,64.55990600585938,16.543333053588867
2015-02-26,106.52059173583984,62.67189025878906,100.12757110595703,54.89989471435547,175.05242919921875,33.940059661865234,50.55078125,64.40193939208984,16.543333053588867
2015-02-27,105.94155883789062,62.43531036376953,99.68614196777344,54.81536102294922,174.4561767578125,33.92380142211914,50.55078125,64.18378448486328,16.481468200683594
2015-03-02,106.71073913574219,62.82081604003906,100.58738708496094,55.238006591796875,175.55763244628906,34.03755569458008,50.8222541809082,64.45459747314453,16.62029457092285
2015-03-03,106.07982635498047,62.4002685546875,100.11837768554688,54.92524719238281,174.83714294433594,33.90754699707031,50.47539138793945,64.16875457763672,16.556915283203125
2015-03-04,105.75140380859375,62.3214111328125,99.7321548461914,54.69702911376953,174.10008239746094,33.7531623840332,50.30196762084961,63.920536041259766,16.490528106689453
2015-03-05,106.0625228881836,62.46160125732422,99.90682983398438,54.866085052490234,174.29061889648438,33.87504959106445,50.37736129760742,64.00325775146484,16.51165008544922
2015-03-06,104.72293090820312,61.46278381347656,98.7757568359375,54.037723541259766,171.83926391601562,33.27375793457031,49.585609436035156,63.0931396484375,16.288311004638672
2015-03-09,105.1810073852539,61.83956527709961,99.06080627441406,54.34202194213867,172.55145263671875,33.42813491821289,49.90231704711914,63.363929748535156,16.341129302978516
2015-03-10,103.97102355957031,60.88449478149414,97.22161102294922,53.437591552734375,169.75238037109375,32.99750518798828,49.057804107666016,62.3259391784668,16.086111068725586
2015-03-11,104.61058044433594,60.753082275390625,96.66061401367188,53.16709899902344,169.35479736328125,32.92436599731445,49.07288360595703,62.3259391784668,16.025747299194336
2015-03-12,106.34777069091797,61.4365234375,97.2951431274414,53.72499084472656,171.50802612304688,33.35503005981445,49.48005676269531,63.07057571411133,16.24153709411621
2015-03-13,105.96747589111328,61.173641204833984,96.87213134765625,53.36151123046875,170.45626831054688,33.192508697509766,49.3367919921875,62.679443359375,16.135908126831055
2015-03-16,106.58973693847656,62.11116027832031,98.1227798461914,54.147613525390625,172.73367309570312,33.64753723144531,49.90986251831055,63.514366149902344,16.357725143432617
2015-03-17,106.87495422363281,62.15495300292969,98.2791519165039,53.91093444824219,172.22023010253906,33.50127029418945,49.81938171386719,63.205970764160156,16.350183486938477
2015-03-18,107.73056030273438,62.82081604003906,99.2447280883789,54.57023620605469,174.29061889648438,33.90754699707031,50.36983871459961,63.99576950073242,16.535795211791992
2015-03-19,107.93798828125,62.90846633911133,99.39188385009766,54.561790466308594,173.4955596923828,33.801910400390625,50.060665130615234,63.52190017700195,16.523717880249023
2015-03-20,108.88870239257812,63.3815803527832,100.03520202636719,55.08584976196289,175.0269317626953,34.07005310058594,50.694061279296875,64.0784912109375,16.664058685302734
2015-03-23,108.79360961914062,63.05740737915039,99.84168243408203,55.07740783691406,174.6858673095703,34.126949310302734,50.596031188964844,64.0784912109375,16.600675582885742
2015-03-24,108.76770782470703,62.74198532104492,99.48224639892578,54.69702911376953,173.70437622070312,33.92380142211914,50.234100341796875,63.61215591430664,16.52674102783203
2015-03-25,106.1695785522461,61.44403076171875,97.2055435180664,53.91242980957031,171.15887451171875,33.4986457824707,49.67424011230469,62.90089797973633,16.222801208496094
2015-03-26,106.03953552246094,61.461612701416016,96.87373352050781,53.82761764526367,170.75131225585938,33.39255142211914,49.469722747802734,62.72687911987305,16.20009994506836
2015-03-27,106.71573638916016,61.918540954589844,97.26084899902344,53.85305404663086,171.14227294921875,33.5394401550293,49.41667938232422,62.87061309814453,16.237934112548828
2015-03-30,108.16344451904297,62.489768981933594,98.37614440917969,54.47225570678711,173.2301788330078,33.90666580200195,50.07575988769531,63.68025588989258,16.42865753173828
2015-03-31,107.81668853759766,61.77798080444336,97.33457946777344,53.95484161376953,171.7162322998047,33.67001724243164,50.07575988769531,63.33218765258789,15.83381175994873
2015-04-01,107.86003112792969,61.26826477050781,96.82762145996094,53.63252258300781,171.1090545654297,33.588401794433594,49.67424011230469,62.93115234375,16.2182674407959
2015-04-02,108.05941772460938,61.417667388916016,96.89214324951172,53.73429870605469,171.7245635986328,33.6536865234375,49.719696044921875,63.15056610107422,16.28487205505371
2015-04-06,108.53621673583984,61.72523498535156,97.68484497070312,54.03118896484375,172.88079833984375,33.841365814208984,50.19697570800781,63.574317932128906,16.384761810302734
2015-04-07,107.84268188476562,61.707645416259766,97.51893615722656,54.13296890258789,172.42330932617188,33.710819244384766,49.9772834777832,63.430545806884766,16.34541130065918
2015-04-08,108.77030181884766,61.918540954589844,98.29315948486328,54.20082473754883,173.00558471679688,33.80874252319336,50.01516342163086,63.491085052490234,16.44076919555664
2015-04-09,108.38018035888672,62.12946701049805,98.91075134277344,54.47225570678711,173.77088928222656,33.86586380004883,50.21213150024414,63.82402801513672,16.50130844116211
2015-04-10,108.90032958984375,62.48097229003906,99.31629180908203,54.607967376708984,174.7191162109375,33.955631256103516,50.51515197753906,64.26287078857422,16.55731201171875
2015-04-13,108.96967315673828,62.15584182739258,99.06743621826172,54.429847717285156,173.928955078125,33.80874252319336,50.47727584838867,63.998046875,16.483144760131836
2015-04-14,108.94367218017578,62.08551788330078,98.78167724609375,54.29411697387695,174.2616424560547,33.8821907043457,50.454566955566406,64.17962646484375,16.47860336303711
2015-04-15,109.7065658569336,62.287654876708984,99.39926147460938,54.6334114074707,175.04356384277344,33.91482162475586,50.9848747253418,64.52013397216797,16.545204162597656
2015-04-16,109.64585876464844,62.32279586791992,99.260986328125,54.49769973754883,174.99371337890625,33.8821907043457,50.742427825927734,64.4595947265625,16.551259994506836
2015-04-17,107.86871337890625,61.567039489746094,97.7125015258789,53.8106575012207,172.9806365966797,33.5475959777832,50.21213150024414,63.80130386352539,16.33481216430664
2015-04-20,108.92633056640625,62.23491287231445,99.17803955078125,54.40439987182617,174.5611572265625,33.833221435546875,50.719703674316406,64.34607696533203,16.498287200927734
2015-04-21,108.81365203857422,62.41946792602539,99.60205078125,54.45528030395508,174.3531494140625,33.81690216064453,50.66667938232422,64.09642791748047,16.531579971313477
2015-04-22,108.97831726074219,62.630374908447266,100.14585876464844,54.777610778808594,175.20997619628906,33.93114471435547,50.35607147216797,64.3839111328125,16.616342544555664
2015-04-23,109.47248840332031,62.718265533447266,100.52375793457031,55.04056167602539,175.6508331298828,34.06171417236328,50.90910720825195,64.5730972290039,16.65569496154785
2015-04-24,109.10839080810547,62.82368850708008,101.8879165649414,55.2441291809082,176.05844116210938,34.11066436767578,50.82575607299805,64.69416809082031,16.681427001953125
2015-04-27,107.90339660644531,62.331600189208984,101.62984466552734,55.032073974609375,175.32644653320312,33.874019622802734,50.83333206176758,64.42176055908203,16.607254028320312
2015-04-28,108.50157165527344,62.39310836791992,101.42706298828125,55.09144592285156,175.88377380371094,34.01274871826172,50.931827545166016,64.86064147949219,16.563371658325195
2015-04-29,107.32254791259766,61.988868713378906,100.79105377197266,54.777610778808594,175.16006469726562,33.75160598754883,50.77274703979492,64.68657684326172,16.47860336303711
2015-04-30,105.05126953125,61.1364631652832,99.2056884765625,54.04814529418945,173.40493774414062,33.474151611328125,50.40911102294922,64.14178466796875,16.2788028717041
2015-05-01,105.73614501953125,62.067962646484375,100.51455688476562,54.82001876831055,175.28477478027344,33.72713088989258,50.765174865722656,64.75471496582031,16.47708511352539
2015-05-04,106.11756896972656,62.21737289428711,100.68045043945312,54.938785552978516,175.783935546875,33.8250617980957,51.0984992980957,65.01195526123047,16.50130844116211
2015-05-05,104.76520538330078,61.29462814331055,99.03980255126953,54.370460510253906,173.77088928222656,33.45783996582031,50.50758361816406,64.30826568603516,16.271240234375
2015-05-06,105.1292953491211,61.048580169677734,98.3576889038086,54.06511688232422,173.0555419921875,33.376243591308594,50.28789138793945,64.07369995117188,16.233396530151367
2015-05-07,105.5280990600586,61.567039489746094,98.9476318359375,54.3535041809082,173.7459716796875,33.55576705932617,50.41667938232422,64.24773406982422,16.322704315185547
2015-05-08,106.31696319580078,62.35797119140625,100.1827392578125,55.167789459228516,176.0334930419922,33.939308166503906,51.01515197753906,65.13298797607422,16.52552604675293
2015-05-11,106.3776626586914,62.15584182739258,99.79560852050781,54.998146057128906,175.1933135986328,33.75977325439453,50.77274703979492,64.80767059326172,16.449848175048828
2015-05-12,106.18695068359375,61.93613052368164,99.34394836425781,54.828487396240234,174.6692352294922,33.694496154785156,50.712127685546875,64.60334014892578,16.405954360961914
2015-05-13,106.18695068359375,62.00642776489258,99.5467300415039,54.81153869628906,174.7025146484375,33.66184616088867,50.5984992980957,64.65631866455078,16.389299392700195
2015-05-14,107.31389617919922,62.87641906738281,101.00305938720703,55.47315216064453,176.5242462158203,34.06171417236328,51.04545593261719,65.22383117675781,16.583044052124023
2015-05-15,107.19253540039062,63.00825119018555,101.00305938720703,55.51555633544922,176.71554565429688,34.175960540771484,51.14395523071289,65.29192352294922,16.613311767578125
2015-05-18,108.40621185302734,63.34217071533203,101.44551849365234,55.66824722290039,177.26461791992188,34.22491455078125,51.28788375854492,65.4583740234375,16.67991828918457
2015-05-19,108.25881958007812,63.32461166381836,101.33486938476562,55.71912384033203,177.20640563964844,34.24940490722656,51.32575988769531,65.47351837158203,16.658727645874023
2015-05-20,108.45819854736328,63.3070182800293,101.39942169189453,55.65974807739258,177.08160400390625,34.23308563232422,51.39394760131836,65.43567657470703,16.64207649230957
2015-05-21,108.33683013916016,63.39491271972656,101.9247817993164,55.753055572509766,177.59735107421875,34.20860290527344,51.37881088256836,65.58704376220703,16.698074340820312
2015-05-22,107.86871337890625,63.2982292175293,101.8233871459961,55.58342361450195,177.1731414794922,34.11882781982422,51.43183517456055,65.33731842041016,16.695053100585938
2015-05-26,106.83709716796875,62.6567497253418,100.65279388427734,54.90483093261719,175.26815795898438,33.8250617980957,50.719703674316406,64.69416809082031,16.51643943786621
2015-05-27,108.14613342285156,63.48280334472656,102.27503967285156,55.35440444946289,176.93182373046875,34.0453987121582,51.08333969116211,65.20869445800781,16.688995361328125
2015-05-28,108.0507583618164,63.39491271972656,102.04460906982422,55.320457458496094,176.7322235107422,34.020896911621094,51.17425537109375,65.21625518798828,16.64510154724121
2015-05-29,107.40059661865234,63.19279861450195,101.436279296875,54.87091064453125,175.63414001464844,33.81690216064453,50.8712272644043,64.89846801757812,16.51946449279785
2015-06-01,107.73867797851562,63.24552536010742,101.77731323242188,55.01511001586914,175.9918670654297,33.90666580200195,50.8712272644043,64.951416015625,16.576990127563477
2015-06-02,107.94673156738281,62.97308349609375,101.45472717285156,54.96422576904297,175.8171844482422,33.792423248291016,50.93939971923828,64.84548950195312,16.564884185791016
2015-06-03,109.0217056274414,63.069759368896484,101.75889587402344,55.06599426269531,176.2830047607422,33.78425598144531,51.06060791015625,65.00440216064453,16.623905181884766
2015-06-04,107.92938232421875,62.57764434814453,100.98463439941406,54.5655517578125,174.7940673828125,33.55576705932617,50.68183135986328,64.42176055908203,16.492225646972656
2015-06-05,108.70964050292969,62.39310836791992,100.7449722290039,54.45528030395508,174.4945831298828,33.35992431640625,50.66667938232422,64.27799224853516,16.47708511352539
2015-06-08,108.20683288574219,62.02404022216797,99.72185516357422,54.107513427734375,173.4215087890625,33.21302795410156,50.47727584838867,63.982913970947266,16.348432540893555
2015-06-09,107.87738800048828,62.076744079589844,99.55593872070312,54.09904098510742,173.39654541015625,33.15590286254883,50.50001525878906,64.06614685058594,16.324220657348633
2015-06-10,109.22109985351562,62.83245849609375,100.92012023925781,54.83699035644531,175.4761505126953,33.441505432128906,51.0075798034668,64.83793640136719,16.51643943786621
2015-06-11,109.49848937988281,63.00825119018555,101.06757354736328,55.057533264160156,176.04177856445312,33.61289596557617,51.090904235839844,65.04222106933594,16.552766799926758
2015-06-12,109.1690902709961,62.66551971435547,100.23802185058594,54.61643600463867,174.69419860839844,33.408870697021484,50.704559326171875,64.5503921508789,16.44832992553711
2015-06-15,108.82231140136719,62.621585845947266,99.74029541015625,54.32806396484375,173.94557189941406,33.229347229003906,50.4697151184082,64.23258972167969,16.371139526367188
2015-06-16,109.59385681152344,63.034603118896484,100.28413391113281,54.68431091308594,174.8938446044922,33.449684143066406,50.73486328125,64.61092376708984,16.458934783935547
2015-06-17,109.42913818359375,63.13127517700195,100.56066131591797,54.8963623046875,175.1767120361328,33.57207489013672,50.73486328125,64.72443389892578,16.49979019165039
2015-06-18,110.89422607421875,64.02763366699219,102.02619934082031,55.464656829833984,176.9984130859375,33.93114471435547,51.29545974731445,65.31462860107422,16.675371170043945
2015-06-19,110.84219360351562,63.97492980957031,101.52176666259766,55.28653335571289,176.21267700195312,33.792423248291016,51.090904235839844,64.9438705444336,16.590608596801758
2015-06-22,111.6050796508789,64.264892578125,102.27008056640625,55.481632232666016,177.1154327392578,33.89034652709961,51.31819152832031,65.30923461914062,16.70990562438965
2015-06-23,111.83911895751953,64.38792419433594,102.35322570800781,55.388328552246094,177.2407989501953,33.85770797729492,51.31819152832031,65.36251831054688,16.726600646972656
2015-06-24,110.89422607421875,63.821128845214844,101.82662963867188,55.084938049316406,175.95359802246094,33.61171340942383,51.004451751708984,64.8373031616211,16.6097354888916
2015-06-25,110.83353424072266,64.17375946044922,101.62336730957031,54.88041687011719,175.41851806640625,33.53790283203125,51.019691467285156,64.62415313720703,16.56420135498047
2015-06-26,110.53009796142578,63.97979736328125,100.948974609375,54.82929229736328,175.38516235351562,33.60350036621094,50.684627532958984,64.67747497558594,16.539915084838867
2015-06-29,107.73867797851562,62.789772033691406,98.56541442871094,53.610679626464844,171.7072296142578,33.029510498046875,49.915531158447266,63.39104461669922,16.169599533081055
2015-06-30,108.2414779663086,62.974876403808594,98.91648864746094,53.85780715942383,172.0667266845703,33.062294006347656,50.02975845336914,63.45198440551758,16.247005462646484
2015-07-01,108.56224060058594,63.565486907958984,99.7017593383789,54.13050842285156,173.44595336914062,33.45590591430664,50.06782531738281,63.94670486450195,16.366901397705078
2015-07-02,107.76043701171875,63.424434661865234,99.72949981689453,54.215721130371094,173.28709411621094,33.480506896972656,50.17444610595703,63.862979888916016,16.362348556518555
2015-07-06,107.72562408447266,63.292236328125,99.49855041503906,53.98563003540039,172.79388427734375,33.505104064941406,49.778472900390625,63.5737419128418,16.3228816986084
2015-07-07,107.8475112915039,63.68888854980469,99.74797058105469,54.36058807373047,173.88055419921875,33.82490539550781,50.13636016845703,64.03807830810547,16.409395217895508
2015-07-08,106.20207977294922,62.75449752807617,98.01113891601562,53.533973693847656,170.9633331298828,33.46410369873047,49.23781967163086,63.01046371459961,16.12255096435547
2015-07-09,106.58517456054688,63.010128021240234,97.95570373535156,53.69589614868164,171.27261352539062,33.46410369873047,49.534786224365234,63.155086517333984,16.14228057861328
2015-07-10,108.06510925292969,63.98860168457031,99.45233154296875,54.258338928222656,173.42918395996094,33.81669616699219,50.014530181884766,63.862979888916016,16.372976303100586
2015-07-13,109.283935546875,64.66740417480469,101.19842529296875,54.98268508911133,175.34336853027344,34.054500579833984,50.50188064575195,64.471923828125,16.57785987854004
2015-07-14,109.89334869384766,65.0376205444336,101.86358642578125,55.2213020324707,176.10398864746094,34.128292083740234,50.768394470214844,64.73832702636719,16.670438766479492
2015-07-15,109.31006622314453,64.9141616821289,101.9744644165039,55.18718719482422,176.04551696777344,34.10369873046875,50.62371063232422,64.69267272949219,16.649194717407227
2015-07-16,109.9629898071289,65.28441619873047,103.41564178466797,55.57920837402344,177.45819091796875,34.325111389160156,50.973995208740234,65.10371398925781,16.797931671142578
2015-07-17,109.48419189453125,65.28441619873047,104.94002532958984,55.96268081665039,177.60861206054688,34.25129699707031,50.973995208740234,64.9057846069336,16.893545150756836
2015-07-20,108.89219665527344,65.49598693847656,105.30032348632812,56.08199691772461,177.7005615234375,34.267696380615234,50.9130859375,64.8373031616211,16.943628311157227
2015-07-21,108.37854766845703,65.12577056884766,105.23564147949219,55.92007827758789,176.9984588623047,34.11189651489258,50.58564758300781,64.44908142089844,16.89657974243164
2015-07-22,108.77902221679688,65.15219116210938,104.04389190673828,55.68999099731445,176.6807403564453,34.16110610961914,50.58564758300781,64.4110336303711,16.828289031982422
2015-07-23,107.57760620117188,64.82603454589844,103.65584564208984,55.391727447509766,175.6861114501953,33.947906494140625,50.38003921508789,64.0685043334961,16.731149673461914
2015-07-24,105.84517669677734,64.67617797851562,102.63961791992188,54.56511306762695,173.8638458251953,33.82490539550781,50.075439453125,63.36061477661133,16.574827194213867
2015-07-27,104.96587371826172,64.17375946044922,101.78966522216797,54.215721130371094,172.8523712158203,33.73471450805664,49.36724853515625,63.00286865234375,16.46858787536621
2015-07-28,105.8625717163086,64.99351501464844,102.66730499267578,54.94008255004883,174.97557067871094,34.08730697631836,49.976436614990234,63.741207122802734,16.684101104736328
2015-07-29,106.15855407714844,65.41665649414062,103.05537414550781,55.4002685546875,176.1792449951172,34.3169059753418,50.44095230102539,64.27401733398438,16.77364158630371
2015-07-30,106.46327209472656,65.35490417480469,103.54499053955078,55.57920837402344,176.2210693359375,34.33330535888672,50.37242126464844,64.30448913574219,16.7888240814209
2015-07-31,107.04657745361328,65.36376953125,103.42489624023438,55.408775329589844,175.95359802246094,34.390689849853516,50.18967056274414,64.09134674072266,16.778200149536133
2015-08-03,106.51551818847656,65.29322814941406,103.10153198242188,55.18718719482422,175.36007690429688,34.42348861694336,50.08304977416992,63.88581848144531,16.72052574157715
2015-08-04,106.26303100585938,65.04639434814453,102.90753936767578,55.20425033569336,175.01736450195312,34.39889907836914,49.86983871459961,63.756431579589844,16.690174102783203
2015-08-05,106.50679779052734,65.31085968017578,103.7020263671875,55.6558952331543,175.59414672851562,34.603904724121094,49.984066009521484,64.00759887695312,16.746322631835938
2015-08-06,105.0703353881836,64.13846588134766,102.03912353515625,54.98268508911133,174.1564178466797,34.39889907836914,49.778472900390625,63.741207122802734,16.544466018676758
2015-08-07,104.36518096923828,64.09436798095703,101.90975952148438,54.86338424682617,173.822021484375,34.390689849853516,49.778472900390625,63.49002456665039,16.524744033813477
2015-08-10,105.56660461425781,64.57919311523438,103.07381439208984,55.493995666503906,176.01205444335938,34.61209487915039,50.27342987060547,64.35775756835938,16.70990562438965
2015-08-11,104.66118621826172,64.19134521484375,101.7527084350586,55.05937576293945,174.42385864257812,34.538291931152344,49.732784271240234,63.79446792602539,16.56420135498047
2015-08-12,104.46094512939453,63.98860168457031,102.10377502441406,55.13607406616211,174.63282775878906,34.63671875,49.755611419677734,63.81729507446289,16.580894470214844
2015-08-13,104.11272430419922,64.21781158447266,101.93749237060547,55.144596099853516,174.4155731201172,34.64490509033203,49.976436614990234,63.725982666015625,16.57179069519043
2015-08-14,104.78302764892578,64.37645721435547,102.09457397460938,55.272430419921875,175.05081176757812,34.80889892578125,49.96123504638672,64.00759887695312,16.62946319580078
2015-08-17,105.88866424560547,65.02877807617188,102.94451141357422,55.56216812133789,176.02880859375,34.956504821777344,50.14396286010742,64.26639556884766,16.755430221557617
2015-08-18,105.04425048828125,64.94063568115234,102.41790771484375,55.493995666503906,175.51885986328125,34.94829559326172,50.08304977416992,64.12938690185547,16.706865310668945
2015-08-19,103.95599365234375,64.68499755859375,101.74348449707031,55.28093338012695,174.13133239746094,34.82529067993164,49.679466247558594,63.505210876464844,16.59910774230957
2015-08-20,101.32685089111328,63.0982780456543,98.92577362060547,54.13050842285156,170.4951934814453,34.325111389160156,48.68952560424805,62.31781005859375,16.190841674804688
2015-08-21,100.1428451538086,61.00029754638672,94.60213470458984,52.221622467041016,165.36294555664062,33.439510345458984,47.32646942138672,60.54425811767578,15.649026870727539
2015-08-24,96.23396301269531,58.584964752197266,90.96218872070312,50.22751998901367,158.3999481201172,32.18490982055664,45.46844482421875,58.04756164550781,15.028288841247559
2015-08-25,95.49397277832031,58.42628860473633,90.62032318115234,49.6395149230957,156.53599548339844,31.635507583618164,45.68166732788086,57.08088302612305,14.912943840026855
2015-08-26,97.92289733886719,60.74466323852539,95.18416595458984,51.92335510253906,162.54600524902344,32.594905853271484,46.10810470581055,59.196956634521484,15.510923385620117
2015-08-27,99.6727523803711,62.23440170288086,97.59542083740234,52.97154998779297,166.56655883789062,33.19350051879883,47.17417526245117,60.635581970214844,15.878201484680176
2015-08-28,100.65648651123047,62.11978530883789,97.57693481445312,52.98857879638672,166.574951171875,33.16070556640625,47.318851470947266,60.6660270690918,15.893376350402832
2015-08-31,100.29084014892578,61.44105911254883,96.36666870117188,52.40911102294922,165.22918701171875,32.83271789550781,47.28840255737305,60.34634017944336,15.721875190734863
2015-09-01,97.4179458618164,59.77498245239258,93.35496520996094,50.9774284362793,160.29750061035156,32.0537223815918,45.734954833984375,58.511898040771484,15.277192115783691
2015-09-02,99.16780853271484,61.123695373535156,95.98790740966797,51.86369705200195,163.3400421142578,32.512916564941406,46.13093566894531,59.46335220336914,15.594388008117676
2015-09-03,99.01109313964844,61.114891052246094,95.51673889160156,51.974483489990234,163.4571533203125,32.586708068847656,46.762969970703125,59.66887664794922,15.57314682006836
2015-09-04,98.26240539550781,60.506649017333984,94.38040924072266,51.23308563232422,160.9828643798828,32.1439208984375,46.1385383605957,58.664127349853516,15.377360343933105
2015-09-08,100.50849914550781,61.978755950927734,97.04109954833984,52.48579406738281,165.02854919433594,32.816307067871094,47.10564422607422,60.125572204589844,15.756779670715332
2015-09-09,99.35063171386719,61.14132308959961,95.95096588134766,51.63361358642578,162.82183837890625,32.36531066894531,46.80104064941406,59.2730712890625,15.547342300415039
2015-09-10,99.8033447265625,61.476318359375,96.99490356445312,51.96596145629883,163.7078857421875,32.43910598754883,46.793434143066406,59.554683685302734,15.650550842285156
2015-09-11,100.27345275878906,62.20793914794922,97.53073120117188,52.289794921875,164.4517364501953,32.64411163330078,46.92287826538086,59.72977828979492,15.743124961853027
2015-09-14,99.81202697753906,61.855350494384766,97.2351303100586,52.07674789428711,163.84161376953125,32.553897857666016,46.770591735839844,59.50141143798828,15.690008163452148
2015-09-15,100.93506622314453,62.648704528808594,98.38066101074219,52.74995803833008,165.88951110839844,32.87370300292969,47.54730224609375,60.30828857421875,15.869091033935547
2015-09-16,101.80564880371094,63.08063507080078,98.93499755859375,53.10788345336914,167.3272247314453,33.144309997558594,47.96612548828125,60.84109115600586,15.993551254272461
2015-09-17,102.15389251708984,63.24811935424805,98.9719467163086,53.04823303222656,166.9510955810547,33.226318359375,47.8975830078125,60.627967834472656,15.990508079528809
2015-09-18,100.74356079101562,62.33138656616211,97.56427001953125,52.2471923828125,164.22286987304688,32.90650939941406,46.762969970703125,59.562320709228516,15.773479461669922
2015-09-21,100.56069946289062,62.763328552246094,97.86990356445312,52.47727584838867,165.0714874267578,33.11151123046875,47.021873474121094,59.865013122558594,15.82175064086914
2015-09-22,99.03723907470703,62.04928970336914,96.40667724609375,52.042659759521484,162.9288787841797,32.7671012878418,46.1385383605957,59.152339935302734,15.607038497924805
2015-09-23,98.74122619628906,62.12861633300781,96.48075103759766,51.92335510253906,162.66842651367188,32.83271789550781,46.07001495361328,58.99906921386719,15.584199905395508
2015-09-24,98.57579803466797,61.66141128540039,96.12884521484375,51.77847671508789,162.0802459716797,32.808101654052734,45.92532730102539,58.85350799560547,15.52023983001709
2015-09-25,97.27839660644531,61.296424865722656,95.31385803222656,51.8238410949707,162.0382537841797,32.8180046081543,45.94066619873047,58.991424560546875,15.451714515686035
2015-09-28,94.55440521240234,59.387542724609375,92.60039520263672,50.685699462890625,157.97154235839844,32.158660888671875,44.768585205078125,57.65799331665039,14.98421859741211
2015-09-29,93.88212585449219,58.945682525634766,92.11883544921875,50.839725494384766,158.0639190673828,32.224613189697266,44.79157638549805,57.864906311035156,14.944622993469238
2015-09-30,95.3401870727539,60.28012466430664,94.23957824707031,51.72972106933594,161.01318359375,32.62843704223633,45.932987213134766,58.81515884399414,15.272028923034668
2015-10-01,95.1742935180664,60.792694091796875,94.66558837890625,51.72114562988281,161.4333038330078,32.669654846191406,45.726165771484375,58.884151458740234,15.335982322692871
2015-10-02,96.58868408203125,61.67646026611328,96.32329559326172,52.4057502746582,163.8447723388672,33.081722259521484,46.35432815551758,59.65043258666992,15.576582908630371
2015-10-05,98.89363098144531,62.32160186767578,97.70318603515625,53.235816955566406,166.7603302001953,33.55150604248047,47.710262298583984,60.899559020996094,15.814141273498535
2015-10-06,98.21260070800781,61.52619934082031,97.24015808105469,53.04756164550781,166.18896484375,33.29601287841797,47.6949348449707,60.7999267578125,15.710592269897461
2015-10-07,99.9500503540039,61.7118034362793,97.8235855102539,53.475425720214844,167.55015563964844,33.53501510620117,48.2235221862793,61.33637237548828,15.829366683959961
2015-10-08,100.84932708740234,62.12717056274414,98.21256256103516,53.9974250793457,169.06260681152344,33.790504455566406,48.76742172241211,61.926422119140625,15.958797454833984
2015-10-09,101.05011749267578,62.46296310424805,98.65705108642578,54.040218353271484,169.1634521484375,33.85643768310547,48.6908073425293,61.842124938964844,16.01362419128418
2015-10-12,100.90170288085938,62.70161056518555,98.89786529541016,53.980316162109375,169.3230743408203,33.96356964111328,48.7291145324707,61.811466217041016,16.047128677368164
2015-10-13,99.52223205566406,62.34809494018555,98.25882720947266,53.586669921875,168.25595092773438,33.81523513793945,48.50697708129883,61.48194885253906,15.920729637145996
2015-10-14,98.54437255859375,61.85320281982422,98.10140991210938,53.26148986816406,167.4493408203125,33.58446502685547,48.3154411315918,61.175418853759766,15.855253219604492
2015-10-15,100.90170288085938,62.710426330566406,99.71282958984375,54.07444381713867,170.02040100097656,33.94710159301758,48.859344482421875,62.06435012817383,16.106515884399414
2015-10-16,100.77076721191406,63.231815338134766,100.12955474853516,54.38251495361328,170.79345703125,34.21907043457031,48.905311584472656,62.34021759033203,16.162853240966797
2015-10-19,100.96278381347656,63.52346420288086,100.70374298095703,54.45096206665039,170.8774871826172,34.293235778808594,48.99722671508789,62.23295211791992,16.210063934326172
2015-10-20,100.82315063476562,62.9843864440918,100.18511199951172,54.46809005737305,170.65899658203125,34.23554611206055,48.93594741821289,62.25595474243164,16.16742706298828
2015-10-21,99.28649139404297,62.48064422607422,99.57392883300781,54.339717864990234,169.600341796875,34.11192321777344,48.48397445678711,61.85746765136719,16.05473518371582
2015-10-22,100.1595687866211,62.89601516723633,101.60206604003906,55.55487060546875,172.46556091308594,34.60641860961914,49.15811538696289,62.90731430053711,16.304475784301758
2015-10-23,101.14615631103516,63.726741790771484,104.4451904296875,56.0768928527832,174.35598754882812,34.622894287109375,49.55647277832031,63.53570556640625,16.494827270507812
2015-10-26,100.4564208984375,64.08023834228516,104.510009765625,56.02553939819336,173.92747497558594,34.63938522338867,49.234710693359375,63.29812240600586,16.491775512695312
2015-10-27,99.35635375976562,64.3011703491211,104.7229995727539,55.90572738647461,173.5914764404297,34.58994674682617,48.93594741821289,63.10654830932617,16.465885162353516
2015-10-28,102.25497436523438,64.82255554199219,105.59353637695312,56.46196365356445,175.56591796875,34.78773498535156,49.71733093261719,63.94949722290039,16.63796043395996
2015-10-29,101.16361236572266,64.92862701416016,105.42681884765625,56.41918182373047,175.46507263183594,34.78773498535156,49.456878662109375,63.70429229736328,16.691261291503906
2015-10-30,100.70087432861328,64.69001007080078,104.95454406738281,56.205265045166016,174.7089385986328,34.581687927246094,49.2883415222168,63.313453674316406,16.642536163330078
2015-11-02,102.79624938964844,65.01697540283203,106.13993072509766,56.7529182434082,176.77586364746094,34.89487075805664,49.92416000366211,64.1257553100586,16.840492248535156
2015-11-03,103.328857421875,64.88442993164062,106.5103759765625,57.02675247192383,177.28843688964844,34.861900329589844,49.985450744628906,64.26371002197266,16.874000549316406
2015-11-04,103.27649688720703,64.902099609375,106.51962280273438,56.855621337890625,176.750732421875,34.77949905395508,49.67136764526367,64.06444549560547,16.849626541137695
2015-11-05,103.35504150390625,65.33516693115234,106.2325668334961,56.6074333190918,176.57421875,34.72179412841797,49.66370391845703,63.980159759521484,16.811559677124023
2015-11-06,104.08843231201172,64.92862701416016,106.3066177368164,56.62456130981445,176.4817657470703,34.441585540771484,49.809261322021484,64.02613830566406,16.79481315612793
2015-11-09,102.8661117553711,64.3453369140625,105.17677307128906,55.9998664855957,174.8349609375,34.194332122802734,49.25769805908203,63.420772552490234,16.634920120239258
2015-11-10,103.17169189453125,64.79606628417969,104.90821838378906,56.11967468261719,175.23825073242188,34.35918045043945,49.40324783325195,63.589351654052734,16.645580291748047
2015-11-11,102.27240753173828,64.70770263671875,104.77857208251953,55.98276138305664,174.5492706298828,34.35093307495117,49.0661735534668,63.382408142089844,16.584667205810547
2015-11-12,100.31670379638672,63.832763671875,103.75984191894531,55.204010009765625,172.1125946044922,33.94710159301758,48.476318359375,62.40156936645508,16.377561569213867
2015-11-13,99.5920639038086,62.78996276855469,101.72246551513672,54.53654861450195,170.1800994873047,33.64215850830078,47.73324203491211,61.95709228515625,16.13545036315918
2015-11-16,100.44768524169922,63.60301208496094,103.1856918334961,55.36662292480469,172.76800537109375,34.13664627075195,48.292457580566406,62.95328903198242,16.35320472717285
2015-11-17,100.06354522705078,63.85929870605469,103.2505111694336,55.38373565673828,172.64199829101562,34.095455169677734,48.2235221862793,62.82301330566406,16.365388870239258
2015-11-18,101.75732421875,64.95513153076172,105.23237609863281,56.24803161621094,175.38111877441406,34.49103927612305,49.027889251708984,63.74259567260742,16.644060134887695
2015-11-19,101.32950592041016,64.55744171142578,105.30644226074219,56.265159606933594,175.22987365722656,34.49928283691406,48.83635330200195,63.688961029052734,16.633394241333008
2015-11-20,101.98430633544922,65.19374084472656,106.01953125,56.538978576660156,175.8684539794922,34.58994674682617,48.9129753112793,63.73491287231445,16.752172470092773
2015-11-23,102.49069213867188,65.33516693115234,105.71394348144531,56.59889602661133,175.6668243408203,34.58994674682617,48.87466812133789,63.6199836730957,16.733898162841797
2015-11-24,103.24156188964844,65.26443481445312,105.6213150024414,56.63311767578125,175.90206909179688,34.598167419433594,49.00490188598633,63.796234130859375,16.743043899536133
2015-11-25,104.0447769165039,65.48533630371094,105.71394348144531,56.675899505615234,175.8768310546875,34.60641860961914,49.0125617980957,63.7196159362793,16.775022506713867
2015-11-27,104.43766784667969,65.6268081665039,105.86207580566406,56.7443733215332,176.07850646972656,34.67237091064453,49.050865173339844,63.80389404296875,16.78263282775879
2015-11-30,103.9836654663086,65.03470611572266,105.59353637695312,56.45340347290039,175.347412109375,34.50752639770508,48.95127487182617,63.65830612182617,16.666898727416992
2015-12-01,104.67339324951172,65.78587341308594,106.64928436279297,56.82992935180664,177.0195770263672,34.878379821777344,49.387935638427734,64.34033203125,16.823740005493164
2015-12-02,103.54713439941406,65.4411849975586,105.99173736572266,56.38496780395508,175.21304321289062,34.54872131347656,48.92062759399414,63.581668853759766,16.668415069580078
2015-12-03,101.80096435546875,64.37185668945312,104.19512176513672,55.537776947021484,172.7595672607422,34.095455169677734,48.20819854736328,62.72339630126953,16.403453826904297
2015-12-04,102.8311996459961,65.78587341308594,106.6307601928711,56.77858352661133,176.12893676757812,34.77949905395508,49.11980056762695,63.94949722290039,16.72171974182129
2015-12-07,101.28585815429688,65.51189422607422,106.149169921875,56.487632751464844,175.06185913085938,34.72179412841797,48.73677062988281,63.53570556640625,16.612075805664062
2015-12-08,100.72705841064453,65.58259582519531,106.15843963623047,56.16246032714844,173.88548278808594,34.64761734008789,48.16988754272461,62.8996696472168,16.578584671020508
2015-12-09,99.60078430175781,64.66350555419922,104.54705047607422,55.657569885253906,172.53274536132812,34.35093307495117,47.855812072753906,62.63907241821289,16.3836669921875
2015-12-10,99.93254089355469,64.71653747558594,105.01934814453125,55.82872772216797,172.97805786132812,34.33444595336914,48.476318359375,62.777034759521484,16.429344177246094
2015-12-11,97.70623016357422,63.60301208496094,102.60222625732422,54.71624755859375,169.6255340576172,33.9223747253418,47.21998977661133,61.612213134765625,16.077573776245117
2015-12-14,97.00776672363281,64.26580047607422,103.38018035888672,55.084228515625,170.48252868652344,34.161380767822266,46.9978141784668,61.91108703613281,16.16438102722168
2015-12-15,98.4046859741211,64.64583587646484,104.0099105834961,55.589115142822266,172.2722930908203,34.44982147216797,47.832828521728516,62.761714935302734,16.27554702758789
2015-12-16,99.90638732910156,65.6621322631836,105.5564956665039,56.29082489013672,174.79295349121094,34.94432067871094,48.50697708129883,63.68128204345703,16.513093948364258
2015-12-17,98.84123992919922,64.91095733642578,104.01917266845703,55.503536224365234,172.12942504882812,34.58994674682617,47.68727493286133,62.76939010620117,16.26133155822754
2015-12-18,97.33077239990234,63.9211540222168,102.02381896972656,54.47664260864258,169.06292724609375,34.095455169677734,47.128047943115234,61.66587829589844,15.972426414489746
2015-12-21,98.06420135498047,64.48675537109375,103.15711975097656,54.95586013793945,170.45755004882812,34.326210021972656,47.334896087646484,62.135215759277344,16.094715118408203
2015-12-22,98.96345520019531,64.85791778564453,103.83524322509766,55.4179573059082,172.00433349609375,34.58994674682617,47.840492248535156,62.82225799560547,16.21853256225586
2015-12-23,100.21197509765625,65.24676513671875,104.60623168945312,56.059776306152344,174.1343231201172,34.91958999633789,48.59122848510742,63.7254753112793,16.38056182861328
2015-12-24,100.40137481689453,65.08904266357422,104.58769226074219,55.99961471557617,173.84690856933594,34.8889274597168,48.60202407836914,63.60966491699219,16.360694885253906
2015-12-28,99.93663787841797,65.25738525390625,104.53192138671875,55.862152099609375,173.44967651367188,34.90550994873047,48.146942138671875,63.385807037353516,16.353050231933594
2015-12-29,101.01517486572266,66.0461196899414,106.17610931396484,56.45503616333008,175.30068969726562,35.195762634277344,48.74583435058594,63.97249984741211,16.538015365600586
2015-12-30,99.9980239868164,65.69163513183594,105.21932220458984,56.07695388793945,174.0582275390625,35.046478271484375,48.32136154174805,63.524749755859375,16.423372268676758
2015-12-31,98.75286865234375,64.94725036621094,103.90955352783203,55.484046936035156,172.31704711914062,34.68158721923828,48.03578567504883,62.930335998535156,16.26285743713379
2016-01-04,96.46424102783203,63.63572692871094,101.71729278564453,54.667720794677734,169.9081573486328,34.25035095214844,47.217708587646484,62.16609573364258,15.984661102294922
2016-01-05,96.67467498779297,63.93701934814453,101.5407943725586,54.813804626464844,170.19552612304688,34.4825553894043,47.29488754272461,62.36680603027344,15.987723350524902
2016-01-06,95.2015380859375,63.600276947021484,100.56543731689453,54.1607551574707,168.04869079589844,34.266944885253906,46.43048095703125,61.47905731201172,15.811919212341309
2016-01-07,92.65862274169922,62.182376861572266,97.41638946533203,52.8718147277832,164.01695251464844,33.71129608154297,45.42718505859375,60.04319381713867,15.405313491821289
2016-01-08,91.0627212524414,61.58866500854492,96.61747741699219,52.27030944824219,162.21661376953125,33.37129592895508,44.9332275390625,59.333011627197266,15.261621475219727
2016-01-11,90.66812896728516,61.96087646484375,96.91475677490234,52.347660064697266,162.3771514892578,33.421058654785156,44.6553840637207,59.294410705566406,15.276907920837402
2016-01-12,90.9399642944336,62.6254997253418,98.03873443603516,52.88041305541992,163.687255859375,33.59519958496094,44.97954559326172,59.65720748901367,15.417539596557617
2016-01-13,88.02001190185547,60.693626403808594,94.657470703125,51.68600845336914,159.60475158691406,33.06444549560547,43.80641555786133,58.41436004638672,14.957432746887207
2016-01-14,89.23883056640625,61.375980377197266,96.67320251464844,52.45936584472656,162.2250213623047,33.40445327758789,44.23861312866211,59.36385726928711,15.188248634338379
2016-01-15,87.79199981689453,60.215084075927734,93.67279815673828,51.428218841552734,158.74264526367188,32.97322082519531,43.08866882324219,58.08241653442383,14.877943992614746
2016-01-19,86.6082534790039,60.64045715332031,93.87714385986328,51.488372802734375,158.9539794921875,33.19712829589844,42.71821594238281,58.090152740478516,14.879471778869629
2016-01-20,86.96776580810547,60.07333755493164,93.5892333984375,50.85249710083008,156.91693115234375,32.68296432495117,42.25513458251953,57.2023811340332,14.76788330078125
2016-01-21,86.76607513427734,60.27713394165039,93.68206787109375,51.07591247558594,157.79598999023438,32.78248977661133,42.440372467041016,57.46485137939453,14.839731216430664
2016-01-22,88.88809967041016,61.4645881652832,96.39453125,52.18438720703125,161.03321838378906,33.40445327758789,43.12725830078125,58.48384094238281,15.19589614868164
2016-01-25,86.91515350341797,60.808834075927734,94.96401977539062,51.38525390625,158.59898376464844,33.12248611450195,42.324607849121094,57.46485137939453,14.994117736816406
2016-01-26,88.6513442993164,61.34052658081055,95.8186264038086,52.15003967285156,160.7627716064453,33.55372619628906,43.08095169067383,58.452972412109375,15.148510932922363
2016-01-27,87.4324722290039,60.42781066894531,93.43126678466797,51.49695587158203,159.01315307617188,33.36299514770508,42.91886901855469,58.15190887451172,14.879471778869629
2016-01-28,87.41495513916016,61.30509567260742,94.75035095214844,51.67742919921875,159.8414764404297,33.40445327758789,42.82626724243164,58.39893341064453,14.958964347839355
2016-01-29,90.28231811523438,62.47482681274414,96.7289810180664,52.92337417602539,163.7379608154297,34.20058822631836,43.86818313598633,59.93514633178711,15.286080360412598
2016-02-01,89.87018585205078,62.811607360839844,96.98908233642578,52.966339111328125,163.6788330078125,34.324989318847656,44.18460464477539,59.834781646728516,15.322770118713379
2016-02-02,87.93232727050781,61.91656494140625,94.88969421386719,52.08128356933594,160.72898864746094,33.9683952331543,42.841705322265625,58.65370178222656,15.053733825683594
2016-02-03,88.04632568359375,61.26963806152344,94.43450927734375,52.45936584472656,161.69248962402344,34.051307678222656,43.111820220947266,59.13228225708008,15.090417861938477
2016-02-04,88.38829803466797,60.64933776855469,94.42522430419922,52.56247329711914,161.9461212158203,33.95180130004883,43.33563995361328,59.32526779174805,15.10264778137207
2016-02-05,85.96812438964844,58.832698822021484,91.14611053466797,51.608673095703125,158.86099243164062,33.55372619628906,42.85713577270508,58.669105529785156,14.651710510253906
2016-02-08,84.55636596679688,57.49458312988281,89.75272369384766,51.07591247558594,156.72254943847656,33.24689483642578,42.147090911865234,58.03609848022461,14.367387771606445
2016-02-09,83.98638916015625,57.80473327636719,89.47408294677734,51.20480728149414,156.7310028076172,33.25518035888672,42.02360916137695,57.966617584228516,14.373506546020508
2016-02-10,84.0302734375,58.433921813964844,89.81777954101562,51.264957427978516,156.5958251953125,33.33810806274414,41.98501205444336,57.81995391845703,14.427003860473633
2016-02-11,83.11829376220703,57.98196029663086,89.68771362304688,50.6376838684082,154.55880737304688,33.03956604003906,41.3212776184082,56.87043762207031,14.300129890441895
2016-02-12,84.69666290283203,58.770687103271484,91.05323028564453,51.53132247924805,157.74526977539062,33.49568557739258,42.41722106933594,58.144168853759766,14.550821304321289
2016-02-16,86.7047119140625,59.78089904785156,93.10615539550781,52.35624313354492,160.4077606201172,33.902034759521484,43.39738082885742,59.03965377807617,14.83361530303955
2016-02-17,88.06385803222656,60.73794174194336,95.21481323242188,53.129600524902344,163.02796936035156,34.21718215942383,44.18460464477539,59.91968536376953,15.128637313842773
2016-02-18,87.64293670654297,60.23284149169922,94.12796783447266,53.01789474487305,162.36026000976562,34.29182052612305,43.96849060058594,59.834781646728516,15.0032958984375
2016-02-19,88.08137512207031,60.57843780517578,94.40665435791016,52.966339111328125,162.2841796875,34.31670379638672,43.744686126708984,59.71126174926758,15.046090126037598
2016-02-22,89.06346130371094,61.49120330810547,95.93936920166016,53.5936164855957,164.6339111328125,34.64842224121094,44.66311264038086,60.54497528076172,15.266206741333008
2016-02-23,88.24797821044922,61.18990707397461,94.36017608642578,53.00930404663086,162.55467224121094,34.4825553894043,44.045677185058594,59.77301025390625,15.091949462890625
2016-02-24,89.09854888916016,61.544368743896484,95.26126861572266,53.292869567871094,163.29843139648438,34.6401252746582,44.23861312866211,59.95830154418945,15.186717987060547
2016-02-25,89.91401672363281,62.47482681274414,96.19947814941406,53.86000061035156,165.2762908935547,35.063072204589844,44.77886962890625,60.66850280761719,15.35639476776123
2016-02-26,90.48399353027344,62.262168884277344,96.07872009277344,53.6365852355957,164.89590454101562,34.789398193359375,44.78658676147461,60.52182388305664,15.351815223693848
2016-02-29,90.08061981201172,61.67728805541992,95.21481323242188,53.241302490234375,163.602783203125,34.55719757080078,44.66311264038086,59.996883392333984,15.224939346313477
2016-03-01,92.0185317993164,63.09516906738281,98.27099609375,54.444305419921875,167.4485626220703,35.087947845458984,45.55838394165039,61.316932678222656,15.646831512451172
2016-03-02,92.96550750732422,62.971092224121094,98.30815124511719,54.53883743286133,168.20079040527344,35.195762634277344,45.905670166015625,61.818695068359375,15.63765811920166
2016-03-03,93.93887329101562,62.926795959472656,98.1223373413086,54.60757064819336,168.8600616455078,35.262107849121094,46.25299072265625,62.1429443359375,15.68811321258545
2016-03-04,94.45620727539062,62.83817672729492,98.15950775146484,54.727874755859375,169.4094696044922,35.336727142333984,46.39189147949219,62.38225173950195,15.723267555236816
2016-03-07,95.48214721679688,62.17354202270508,97.5556869506836,54.76225280761719,169.54469299316406,35.320152282714844,46.78551483154297,62.60612106323242,15.69116497039795
2016-03-08,93.17597961425781,61.943138122558594,96.74755096435547,54.40135955810547,167.69363403320312,35.20405197143555,45.85165023803711,61.880489349365234,15.527605056762695
2016-03-09,93.64946746826172,62.253292083740234,97.36992645263672,54.504459381103516,168.52195739746094,35.320152282714844,46.299278259277344,62.22785568237305,15.5872220993042
2016-03-10,92.88658905029297,62.32418441772461,97.22129821777344,54.54743194580078,168.65719604492188,35.36992263793945,46.43048095703125,62.22785568237305,15.594860076904297
2016-03-11,94.87706756591797,63.31672668457031,98.92120361328125,55.329368591308594,171.37884521484375,35.78457260131836,47.33348083496094,63.21595764160156,15.874595642089844
2016-03-14,94.63157653808594,63.449615478515625,99.08843231201172,55.32078170776367,171.15902709960938,35.79285430908203,47.15596008300781,63.05385208129883,15.885293960571289
2016-03-15,93.15843200683594,63.4141731262207,99.05128479003906,55.38093185424805,170.88014221191406,35.776268005371094,46.87812805175781,62.876285552978516,15.862367630004883
2016-03-16,93.81610107421875,63.75979232788086,99.93377685546875,55.6301155090332,171.86907958984375,35.9504280090332,47.24858474731445,63.19283676147461,15.972426414489746
2016-03-17,95.25416564941406,63.72434616088867,99.8780288696289,56.06836700439453,172.95944213867188,36.157745361328125,47.53413009643555,63.70230484008789,16.050384521484375
2016-03-18,96.11347198486328,63.84840393066406,100.03453826904297,56.197261810302734,173.63906860351562,36.22410202026367,47.92774963378906,63.987937927246094,16.116117477416992
2016-03-21,95.885498046875,63.96360778808594,100.42583465576172,56.31755828857422,173.8855438232422,36.19091796875,47.974063873291016,64.03144836425781,16.143714904785156
2016-03-22,95.7715072631836,63.99020004272461,100.7332992553711,56.291778564453125,173.79200744628906,36.13288116455078,47.9200325012207,63.938167572021484,16.15751075744629
2016-03-23,94.00106811523438,63.911109924316406,99.90409088134766,55.75041961669922,172.64508056640625,36.07371520996094,46.94757843017578,63.48756790161133,16.051713943481445
2016-03-24,94.28252410888672,63.893333435058594,99.93204498291016,55.68169021606445,172.568603515625,36.07371520996094,46.87812805175781,63.44870376586914,16.056316375732422
2016-03-28,94.39685821533203,64.07991790771484,99.79231262207031,55.759029388427734,172.6705322265625,36.157039642333984,46.91671371459961,63.47201156616211,16.068586349487305
2016-03-29,97.01773834228516,64.80851745605469,101.39481353759766,56.248802185058594,174.26780700683594,36.59035873413086,47.26401901245117,63.88382339477539,16.277103424072266
2016-03-30,97.02656555175781,65.12837982177734,101.88856506347656,56.532379150390625,175.03245544433594,36.657020568847656,47.46467590332031,64.12468719482422,16.3399715423584
2016-03-31,97.29918670654297,64.9506607055664,101.73950958251953,56.386295318603516,174.6076202392578,36.60702133178711,47.34890365600586,64.01588439941406,16.32158088684082
2016-04-01,97.73014831542969,65.66148376464844,102.82027435302734,56.8159294128418,175.79702758789062,36.915340423583984,47.410648345947266,64.30341339111328,16.45650291442871
2016-04-04,96.91223907470703,65.33273315429688,102.4289321899414,56.618309020996094,175.22789001464844,36.84867858886719,47.1019401550293,64.023681640625,16.41510009765625
2016-04-05,95.81282043457031,64.65746307373047,101.4413833618164,56.2230339050293,173.47767639160156,36.540348052978516,46.61571502685547,63.42539596557617,16.264842987060547
2016-04-06,96.89463806152344,65.45713806152344,103.10906219482422,56.75581359863281,175.37222290039062,36.80702590942383,47.10966873168945,63.977046966552734,16.473369598388672
2016-04-07,95.58413696289062,64.82627868652344,101.62770080566406,56.14569854736328,173.27378845214844,36.56535339355469,46.445926666259766,63.2234001159668,16.28017234802246
2016-04-08,95.96235656738281,64.71966552734375,101.55317687988281,56.2831916809082,173.74102783203125,36.64868927001953,46.56941223144531,63.45647048950195,16.301637649536133
2016-04-11,95.663330078125,64.31986236572266,101.18048858642578,56.137107849121094,173.3332061767578,36.50703048706055,46.499942779541016,63.40208435058594,16.23111343383789
2016-04-12,96.6923599243164,64.69303131103516,102.02833557128906,56.64408493041992,174.9474334716797,36.73202133178711,46.97073745727539,64.04698181152344,16.36450958251953
2016-04-13,98.77677154541016,65.05731201171875,103.33270263671875,57.11667251586914,176.71461486816406,36.7403564453125,47.70392608642578,64.76959228515625,16.52703285217285
2016-04-14,98.65362548828125,64.99510955810547,103.34200286865234,57.0909309387207,176.72308349609375,36.67368698120117,47.64990997314453,64.78511810302734,16.51936912536621
2016-04-15,98.89985656738281,65.14614868164062,103.08114624023438,57.09950637817383,176.52767944335938,36.782020568847656,47.48011016845703,64.70741271972656,16.497896194458008
2016-04-18,99.64747619628906,65.61705017089844,103.63082122802734,57.451805114746094,177.76809692382812,37.04035186767578,47.86600112915039,65.1813735961914,16.597564697265625
2016-04-19,99.72663879394531,65.38607788085938,102.99726867675781,57.58070373535156,178.3288116455078,37.11533737182617,48.29820251464844,65.6941909790039,16.57916259765625
2016-04-20,99.87613677978516,65.50155639648438,103.08114624023438,57.53772735595703,178.49876403808594,36.90701675415039,48.622352600097656,65.80298614501953,16.568435668945312
2016-04-21,99.37481689453125,65.07504272460938,103.09044647216797,57.20262145996094,177.53871154785156,36.465354919433594,48.37538528442383,65.35230255126953,16.52703285217285
2016-04-22,100.35985565185547,64.65746307373047,101.53453826904297,57.15106964111328,177.53871154785156,36.582027435302734,48.637786865234375,65.531005859375,16.484098434448242
2016-04-25,99.64747619628906,64.77296447753906,101.53453826904297,57.108097076416016,177.23284912109375,36.665367126464844,48.413970947265625,65.32901000976562,16.46723175048828
2016-04-26,100.62371063232422,64.70189666748047,101.04074096679688,57.19402313232422,177.4962158203125,36.640350341796875,48.660945892333984,65.59318542480469,16.465694427490234
2016-04-27,100.97550964355469,64.69303131103516,100.23020935058594,57.228389739990234,177.86160278320312,36.765357971191406,48.923343658447266,65.98944091796875,16.41817283630371
2016-04-28,99.82337951660156,64.43533325195312,99.01900482177734,56.69563293457031,176.24732971191406,36.59868621826172,48.39083480834961,65.36009216308594,16.270973205566406
2016-04-29,98.92626953125,64.54193878173828,98.49726104736328,56.16288375854492,175.29580688476562,36.47369384765625,47.70392608642578,64.98714447021484,16.192773818969727
2016-05-02,99.80577850341797,65.3593978881836,99.428955078125,56.669857025146484,176.68917846679688,36.790348052978516,47.87372970581055,65.4067153930664,16.343042373657227
2016-05-03,98.16990661621094,64.91510772705078,98.50659942626953,56.2230339050293,175.15139770507812,36.665367126464844,47.31803894042969,64.74628448486328,16.218843460083008
2016-05-04,97.36072540283203,64.85295104980469,97.873046875,55.870723724365234,174.17437744140625,36.70701217651367,46.816375732421875,64.2878646850586,16.136045455932617
2016-05-05,96.97377014160156,64.74633026123047,97.84507751464844,55.89650344848633,174.1403045654297,36.73202133178711,46.70060729980469,64.2878646850586,16.136045455932617
2016-05-06,97.54544067382812,65.1550521850586,98.3668212890625,56.02540969848633,174.7775421142578,36.84867858886719,46.90900421142578,64.45880889892578,16.200450897216797
2016-05-09,97.82691192626953,65.61705017089844,98.64633178710938,56.14569854736328,174.9219970703125,37.00700759887695,46.80095291137695,64.34999084472656,16.275575637817383
2016-05-10,98.81193542480469,66.49668884277344,99.9972915649414,56.78156280517578,177.096923828125,37.31532669067383,47.410648345947266,65.15030670166016,16.468765258789062
2016-05-11,97.58940887451172,65.77698516845703,99.09355926513672,56.1800651550293,175.44024658203125,37.00700759887695,46.91671371459961,64.7540283203125,16.2740478515625
2016-05-12,97.07054138183594,65.93693542480469,98.65565490722656,56.291778564453125,175.4911651611328,37.12366485595703,46.746925354003906,64.78511810302734,16.2633113861084
2016-05-13,96.42848205566406,65.57262420654297,98.29231262207031,55.79338836669922,173.96194458007812,36.87368392944336,46.299278259277344,64.12468719482422,16.15138053894043
2016-05-16,97.6509780883789,65.99910736083984,99.5220947265625,56.32615661621094,175.6781005859375,37.19034194946289,46.847259521484375,64.7307357788086,16.320035934448242
2016-05-17,96.10307312011719,65.08396911621094,98.27367401123047,55.80198287963867,174.0384063720703,36.68202209472656,46.607994079589844,64.21015167236328,16.15138053894043
2016-05-18,96.60435485839844,65.06617736816406,98.627685546875,55.71604919433594,174.08937072753906,36.465354919433594,46.6465950012207,64.26454162597656,16.148311614990234
2016-05-19,95.83042907714844,64.84407043457031,98.11530303955078,55.484046936035156,173.48617553710938,36.448699951171875,46.6465950012207,64.10137939453125,16.071651458740234
2016-05-20,97.43992614746094,65.13726043701172,99.19601440429688,55.7418212890625,174.58212280273438,36.532020568847656,47.07106399536133,64.43547058105469,16.200450897216797
2016-05-23,97.32557678222656,64.87067413330078,99.06560516357422,55.64731216430664,174.34425354003906,36.44036865234375,47.063358306884766,64.26454162597656,16.18511199951172
2016-05-24,99.33082580566406,65.91029357910156,101.05007934570312,56.49800491333008,176.60418701171875,36.80702590942383,47.68077850341797,64.99490356445312,16.43503761291504
2016-05-25,99.91130828857422,65.94584655761719,101.77678680419922,56.73860549926758,177.80206298828125,36.87368392944336,48.159278869628906,65.5776596069336,16.510168075561523
2016-05-26,99.79696655273438,66.0791015625,102.07493591308594,56.72140884399414,177.85304260253906,36.98200607299805,48.120689392089844,65.49217224121094,16.52703285217285
2016-05-27,100.79080963134766,66.30123138427734,102.60597229003906,56.91905212402344,178.61767578125,37.07368469238281,48.336788177490234,65.7796630859375,16.602161407470703
2016-05-31,101.14259338378906,66.1235122680664,102.8016357421875,56.764381408691406,178.27786254882812,37.04867935180664,48.406253814697266,65.67864990234375,16.59602928161621
2016-06-01,101.8286361694336,66.31008911132812,102.81092834472656,56.85032272338867,178.6431884765625,37.11533737182617,48.39083480834961,65.83407592773438,16.609830856323242
2016-06-02,102.61135864257812,66.48780822753906,103.0252456665039,56.89327621459961,179.1869354248047,37.26534652709961,48.58375930786133,66.01276397705078,16.6680908203125
2016-06-03,101.99573516845703,66.7454605102539,102.5407943725586,56.78156280517578,178.6516876220703,37.35700225830078,48.31364059448242,65.80298614501953,16.62822914123535
2016-06-06,103.0951156616211,66.70995330810547,102.91344451904297,57.14247131347656,179.56077575683594,37.33200454711914,48.637786865234375,66.25361633300781,16.672687530517578
2016-06-07,103.39412689208984,66.72769165039062,102.6525650024414,57.09950637817383,179.84109497070312,37.38199996948242,48.84617614746094,66.44010162353516,16.68495750427246
2016-06-08,104.15929412841797,67.13641357421875,102.8295669555664,57.271339416503906,180.42733764648438,37.58199691772461,48.961944580078125,66.64214324951172,16.743227005004883
2016-06-09,103.49088287353516,67.38522338867188,102.66188049316406,57.20262145996094,180.1809539794922,37.69865417480469,48.82301330566406,66.50226593017578,16.72481918334961
2016-06-10,102.08368682861328,66.99429321289062,101.4972915649414,56.73860549926758,178.47328186035156,37.548675537109375,48.259620666503906,65.9505844116211,16.540828704833984
2016-06-13,100.97550964355469,66.56777954101562,100.64945983886719,56.291778564453125,177.096923828125,37.33200454711914,47.74252700805664,65.43002319335938,16.42890167236328
2016-06-14,100.6852798461914,66.63887786865234,100.64945983886719,56.214439392089844,176.74859619140625,37.38199996948242,47.43381118774414,65.18309783935547,16.426286697387695
2016-06-15,100.75564575195312,66.48780822753906,100.36061096191406,56.059776306152344,176.50221252441406,37.33200454711914,47.44152069091797,65.09713745117188,16.41090965270996
2016-06-16,100.746826171875,66.75436401367188,100.65876007080078,56.34334182739258,177.02896118164062,37.52366638183594,47.426090240478516,65.3784408569336,16.43705177307129
2016-06-17,100.31587219238281,66.3367691040039,99.4789047241211,56.119911193847656,176.36964416503906,37.35700225830078,47.54185104370117,65.37063598632812,16.330942153930664
2016-06-20,101.40647888183594,66.72769165039062,100.10481262207031,56.480812072753906,177.50550842285156,37.51532745361328,47.84284973144531,65.7144775390625,16.433979034423828
2016-06-21,101.21297454833984,66.86316680908203,100.42242431640625,56.58971405029297,178.00936889648438,37.63930130004883,47.923545837402344,65.94889831542969,16.458585739135742
2016-06-22,100.81719207763672,66.70277404785156,100.17955017089844,56.50328826904297,177.71900939941406,37.63093185424805,47.83820724487305,65.87077331542969,16.42320442199707
2016-06-23,102.74331665039062,67.30867004394531,101.60880279541016,57.2205924987793,180.03334045410156,37.95764923095703,48.598636627197266,66.80855560302734,16.618528366088867
2016-06-24,98.83833312988281,65.88301086425781,97.42375946044922,55.24151611328125,173.56849670410156,37.28745651245117,46.58113098144531,64.33905792236328,16.02489471435547
2016-06-27,95.59297180175781,65.57115936279297,95.49005889892578,54.39457321166992,170.4599609375,37.1031608581543,45.34735107421875,63.12778854370117,15.735772132873535
2016-06-28,97.07054138183594,66.37308502197266,97.58257293701172,55.29336929321289,173.5343017578125,37.54715347290039,46.24747085571289,64.19841766357422,16.046428680419922
2016-06-29,99.278076171875,67.13043212890625,99.3107681274414,56.200801849365234,176.4892578125,38.04979705810547,47.10103225708008,65.3471908569336,16.31555938720703
2016-06-30,101.12503051757812,68.07496643066406,100.45977020263672,57.03912353515625,178.89749145507812,38.71160888671875,47.82267761230469,66.41780853271484,16.48626708984375
2016-07-01,101.4856185913086,68.13732147216797,100.96424102783203,57.14281463623047,179.27325439453125,38.77862548828125,47.923545837402344,66.44123840332031,16.55393409729004
2016-07-05,99.99046325683594,68.36009979248047,100.3476791381836,56.80577087402344,177.98374938964844,38.88752746582031,47.256229400634766,65.83171844482422,16.473962783813477
2016-07-06,100.71652221679688,68.77887725830078,101.16973876953125,57.03912353515625,179.0513153076172,38.97968292236328,47.58988952636719,66.2536849975586,16.561620712280273
2016-07-07,100.92874145507812,68.41355895996094,101.46869659423828,57.00453567504883,178.94021606445312,38.79537582397461,47.644203186035156,66.0895767211914,16.590843200683594
2016-07-08,103.28107452392578,69.23328399658203,103.03807067871094,57.79098892211914,181.604736328125,39.23100280761719,48.528804779052734,67.0664291381836,16.849210739135742
2016-07-11,104.47492218017578,69.37586212158203,103.62661743164062,57.946537017822266,182.2452392578125,39.26449966430664,48.7460823059082,67.29307556152344,16.912263870239258
2016-07-12,105.87215423583984,69.21546936035156,104.14971160888672,58.257686614990234,183.56893920898438,39.1723518371582,49.38236618041992,67.84009552001953,17.00761604309082
2016-07-13,105.45653533935547,69.32239532470703,103.8974838256836,58.249053955078125,183.54327392578125,39.31477737426758,49.39788818359375,67.98857879638672,16.96609115600586
2016-07-14,105.56263732910156,69.44718170166016,104.60746002197266,58.516937255859375,184.56813049316406,39.37342071533203,49.73930740356445,68.35586547851562,17.064516067504883
2016-07-15,105.85447692871094,69.366943359375,104.43928527832031,58.52559280395508,184.3204803466797,39.29801559448242,49.73154830932617,68.31678771972656,17.03221893310547
2016-07-18,106.0313491821289,69.5184326171875,105.13060760498047,58.62928009033203,184.81585693359375,39.27289581298828,49.886741638183594,68.41057586669922,17.107576370239258
2016-07-19,105.500732421875,69.67879486083984,104.74760437011719,58.663856506347656,184.62794494628906,39.31477737426758,49.79363250732422,68.3402328491211,17.07527732849121
2016-07-20,106.19049835205078,69.80354309082031,105.97135162353516,58.93177795410156,185.396484375,39.33990478515625,50.08848190307617,68.57467651367188,17.16908836364746
2016-07-21,105.68645477294922,69.45606994628906,105.72843933105469,58.698421478271484,184.6962890625,39.28964614868164,49.9100227355957,68.33242797851562,17.09988784790039
2016-07-22,106.47351837158203,69.93721008300781,106.16751861572266,58.983642578125,185.5246124267578,39.52420425415039,50.135047912597656,68.67628479003906,17.164480209350586
2016-07-25,106.31432342529297,69.7500991821289,106.17684936523438,58.897220611572266,185.02072143554688,39.41530227661133,50.0341796875,68.44184112548828,17.152177810668945
2016-07-26,106.82723236083984,69.5273208618164,106.2983169555664,58.750282287597656,185.106201171875,39.33990478515625,50.17386245727539,68.50435638427734,17.138334274291992
2016-07-27,107.12788391113281,69.29566955566406,107.03629302978516,58.715721130371094,184.9097442626953,39.11371612548828,50.1428108215332,68.25428009033203,17.178321838378906
2016-07-28,106.85379028320312,69.62535095214844,107.40995788574219,58.73301696777344,185.12322998046875,39.19749069213867,49.9798698425293,68.2152099609375,17.244449615478516
2016-07-29,107.06597900390625,69.90155792236328,107.64349365234375,58.776214599609375,185.42214965820312,39.2812614440918,49.98762512207031,68.28553771972656,17.27520751953125
2016-08-01,107.15443420410156,70.00848388671875,108.21334075927734,58.715721130371094,185.26840209960938,39.33990478515625,49.76259231567383,68.01203918457031,17.316734313964844
2016-08-02,105.65991973876953,69.70555114746094,107.39127349853516,58.499664306640625,184.0813446044922,39.16398620605469,49.134063720703125,67.63691711425781,17.182931900024414
2016-08-03,106.51770782470703,69.42932891845703,107.74624633789062,58.5860710144043,184.61941528320312,38.870792388916016,49.51428985595703,67.8869857788086,17.2198429107666
2016-08-04,106.61499786376953,69.58080291748047,108.05452728271484,58.56879806518555,184.81585693359375,38.98806381225586,49.52204895019531,67.92606353759766,17.247528076171875
2016-08-05,108.15375518798828,69.80354309082031,109.09146118164062,59.061405181884766,186.32737731933594,39.1053352355957,50.1583251953125,68.62156677246094,17.353633880615234
2016-08-08,108.10067749023438,69.63426971435547,108.9699935913086,59.02682113647461,186.2163543701172,39.004817962646484,50.127288818359375,68.66064453125,17.312114715576172
2016-08-09,108.21562194824219,69.81248474121094,109.22221374511719,58.983642578125,186.32737731933594,39.08858871459961,50.17386245727539,68.66064453125,17.353633880615234
2016-08-10,107.43740844726562,69.91939544677734,108.94198608398438,58.87991714477539,185.86627197265625,39.11371612548828,49.92554473876953,68.43402099609375,17.321348190307617
2016-08-11,107.9503402709961,70.13323974609375,109.4090805053711,59.1910400390625,186.72882080078125,39.18073654174805,50.290245056152344,68.78568267822266,17.401317596435547
2016-08-12,108.05647277832031,70.10650634765625,109.48379516601562,59.113258361816406,186.56655883789062,39.13046646118164,50.25920486450195,68.70753479003906,17.39362907409668
2016-08-15,109.12652587890625,69.91049194335938,109.95087432861328,59.277469635009766,187.1045684814453,39.071834564208984,50.60063934326172,68.91072082519531,17.448993682861328
2016-08-16,108.24215698242188,69.23328399658203,109.34365844726562,58.91449737548828,186.13954162597656,38.71997833251953,50.422157287597656,68.59813690185547,17.342880249023438
2016-08-17,107.9238052368164,69.46498107910156,109.53984832763672,59.087337493896484,186.4896697998047,38.8121337890625,50.414398193359375,68.7387924194336,17.352100372314453
2016-08-18,108.71969604492188,69.49169921875,109.56787109375,59.130550384521484,186.90811157226562,38.93779754638672,50.60063934326172,68.94978332519531,17.37978744506836
2016-08-19,108.71969604492188,69.26002502441406,109.53984832763672,59.12190628051758,186.63482666015625,38.80375671386719,50.569580078125,68.83258056640625,17.37055206298828
2016-08-22,108.96733093261719,69.35803985595703,109.62391662597656,59.087337493896484,186.62631225585938,38.854026794433594,50.48423385620117,68.77786254882812,17.3767032623291
2016-08-23,109.72785186767578,69.39370727539062,109.82008361816406,59.21696853637695,187.00204467773438,38.854026794433594,50.73253631591797,68.88727569580078,17.425918579101562
2016-08-24,108.83467102050781,69.00164031982422,109.11011505126953,58.9749755859375,186.04559326171875,38.66135025024414,50.46095657348633,68.67628479003906,17.298274993896484
2016-08-25,109.0468978881836,68.96598052978516,108.93265533447266,58.9749755859375,185.91744995117188,38.669715881347656,50.391109466552734,68.63722229003906,17.27058982849121
2016-08-26,108.8258285522461,68.76105499267578,109.09146118164062,58.80213928222656,185.5673370361328,38.48542022705078,50.32128143310547,68.45745086669922,17.261363983154297
2016-08-29,109.39180755615234,69.20655059814453,109.24092864990234,59.00956344604492,186.4811553955078,38.745113372802734,50.639427185058594,68.92633819580078,17.32288360595703
2016-08-30,109.59520721435547,68.91252899169922,108.88591003417969,58.80213928222656,186.1737060546875,38.52730941772461,50.654945373535156,68.89508056640625,17.258289337158203
2016-08-31,108.97618865966797,68.85906982421875,108.77384185791016,58.64657211303711,185.6442108154297,38.51054000854492,50.60840606689453,68.74659729003906,17.22138214111328
2016-09-01,109.05575561523438,68.97489166259766,109.05406951904297,58.60334777832031,185.65274047851562,38.52730941772461,50.46095657348633,68.66064453125,17.255210876464844
2016-09-02,110.10810089111328,69.34021759033203,109.4090805053711,58.87991714477539,186.4896697998047,38.76187515258789,50.748077392578125,69.02794647216797,17.318269729614258
2016-09-06,110.21424102783203,69.7411880493164,110.09098052978516,58.94906234741211,187.05331420898438,38.89590835571289,50.848941802978516,69.1217041015625,17.398237228393555
2016-09-07,110.90401458740234,69.55404663085938,110.1563720703125,58.95769500732422,187.0362091064453,38.870792388916016,50.95756912231445,69.14517974853516,17.402849197387695
2016-09-08,110.68290710449219,69.22437286376953,109.5118408203125,58.70707702636719,186.60923767089844,38.6529655456543,50.92652893066406,69.17642211914062,17.309040069580078
2016-09-09,107.22518920898438,67.37104797363281,106.75605773925781,57.37614822387695,182.1427459716797,37.61418151855469,49.77811050415039,67.59001159667969,16.864585876464844
2016-09-12,108.71969604492188,68.38680267333984,108.67110443115234,58.13667678833008,184.75607299804688,38.150325775146484,50.53855514526367,68.4731216430664,17.13218116760254
2016-09-13,106.63267517089844,67.43344116210938,107.6995620727539,57.462581634521484,182.10003662109375,37.605804443359375,49.956573486328125,67.33112335205078,16.91244888305664
2016-09-14,106.65038299560547,67.53142547607422,108.21334075927734,57.462581634521484,182.03170776367188,37.5555305480957,49.747074127197266,67.07942962646484,16.969539642333984
2016-09-15,107.9238052368164,68.16404724121094,109.89482879638672,58.02434539794922,183.85076904296875,37.890625,50.38336181640625,67.71649932861328,17.15625762939453
2016-09-16,107.7646255493164,68.07496643066406,109.84239196777344,57.76506042480469,183.1400909423828,37.790103912353516,50.30576705932617,67.40974426269531,17.09607696533203
2016-09-19,108.48094177246094,68.1729736328125,109.36477661132812,57.83421325683594,183.17440795898438,37.873878479003906,50.33680725097656,67.5277328491211,17.08527374267578
2016-09-20,108.0211181640625,68.24424743652344,109.57080078125,57.90333938598633,183.18301391601562,37.91575622558594,50.27471923828125,67.44123077392578,17.111501693725586
2016-09-21,109.58634185791016,69.20655059814453,110.64777374267578,58.516937255859375,185.24295043945312,38.435157775878906,50.8023796081543,68.20410919189453,17.288959503173828
2016-09-22,111.16045379638672,69.73226928710938,111.52806854248047,58.82805633544922,186.41024780273438,38.67809295654297,51.05845642089844,68.5501708984375,17.432472229003906
2016-09-23,110.3734130859375,69.42041015625,110.81634521484375,58.45646667480469,185.38893127441406,38.51054000854492,50.848941802978516,68.21197509765625,17.333711624145508
2016-09-26,109.27737426757812,68.98394012451172,109.88922119140625,58.06582260131836,183.8868408203125,38.30335998535156,50.259029388427734,67.60638427734375,17.19792366027832
2016-09-27,109.72074890136719,69.43115234375,110.97553253173828,58.39567565917969,185.02842712402344,38.4212760925293,50.59455490112305,67.99959564208984,17.305938720703125
2016-09-28,110.56318664550781,69.53850555419922,111.16283416748047,58.569305419921875,185.9468231201172,38.454959869384766,50.89106369018555,68.52658081054688,17.361482620239258
2016-09-29,108.9492416381836,68.95710754394531,110.3574447631836,58.0571403503418,184.26449584960938,38.09281539916992,50.32146072387695,67.8738021850586,17.21180534362793
2016-09-30,110.14640808105469,69.19861602783203,111.18157958984375,58.586647033691406,185.65493774414062,38.261260986328125,50.93789291381836,68.42433166503906,17.327545166015625
2016-10-03,109.80054473876953,68.94818115234375,111.0223617553711,58.404354095458984,185.2086639404297,37.99174880981445,50.828651428222656,68.22771453857422,17.28742027282715
2016-10-04,109.25963592529297,68.27737426757812,110.85380554199219,58.03108596801758,184.26449584960938,37.62118148803711,50.71160125732422,67.8659439086914,17.213342666625977
2016-10-05,109.91584777832031,68.23267364501953,111.24713134765625,58.248104095458984,185.07989501953125,37.53696823120117,51.15636444091797,68.2906494140625,17.239580154418945
2016-10-06,109.80054473876953,68.43838500976562,111.1909408569336,58.3001823425293,185.2086639404297,37.562232971191406,51.14076232910156,68.3535385131836,17.251924514770508
2016-10-07,108.92265319824219,68.17005920410156,110.94744110107422,58.126564025878906,184.573486328125,37.520111083984375,50.859867095947266,68.11759948730469,17.191753387451172
2016-10-10,110.2261962890625,68.47415924072266,111.64982604980469,58.413047790527344,185.53475952148438,37.705406188964844,51.20320510864258,68.45579528808594,17.267356872558594
2016-10-11,108.21321105957031,67.62451934814453,110.0577621459961,57.77067565917969,183.19155883789062,37.23377227783203,50.53213882446289,67.64571380615234,17.042064666748047
2016-10-12,108.1245346069336,68.07166290283203,109.9641342163086,57.848793029785156,183.4319305419922,37.4274787902832,50.49311065673828,67.69290161132812,17.069841384887695
2016-10-13,107.22891235351562,68.00013732910156,109.57080078125,57.71858596801758,182.83103942871094,37.4527473449707,50.259029388427734,67.46480560302734,17.028175354003906
2016-10-14,106.79438781738281,67.9285888671875,109.70191955566406,57.77934265136719,182.92550659179688,37.43590545654297,50.204410552978516,67.48839569091797,17.011198043823242
2016-10-17,106.67021179199219,67.8033447265625,109.4021987915039,57.683860778808594,182.2903594970703,37.3516845703125,50.07957458496094,67.31537628173828,16.944852828979492
2016-10-18,107.28208923339844,68.16111755371094,110.37620544433594,57.70989990234375,183.4319305419922,37.520111083984375,50.50092315673828,67.69290161132812,17.069841384887695
2016-10-19,107.73434448242188,68.12535858154297,110.36681365966797,57.814064025878906,183.9211883544922,37.4864387512207,50.5711555480957,67.85809326171875,17.11922264099121
2016-10-20,107.41510772705078,68.04486083984375,110.23570251464844,57.63176345825195,183.57786560058594,37.3516845703125,50.539939880371094,67.71649932861328,17.106870651245117
2016-10-21,107.36188507080078,68.09851837158203,110.64777374267578,57.53627014160156,183.66368103027344,37.2506103515625,50.38387680053711,67.5906753540039,17.133106231689453
2016-10-24,108.04473114013672,68.55463409423828,111.97759246826172,57.796714782714844,184.4447021484375,37.3769416809082,50.61016845703125,67.81873321533203,17.241127014160156
2016-10-25,107.23775482177734,68.17005920410156,111.62175750732422,57.53627014160156,183.82675170898438,37.301143646240234,50.42289733886719,67.7794189453125,17.11922264099121
2016-10-26,106.17362976074219,67.75865173339844,110.8631591796875,57.5970458984375,183.45770263671875,37.16640090942383,50.42289733886719,67.92097473144531,17.0142879486084
2016-10-27,104.95874786376953,67.32037353515625,110.3574447631836,57.371334075927734,182.96841430664062,36.905303955078125,50.22782897949219,67.85020446777344,16.935588836669922
2016-10-28,104.6661376953125,67.46345520019531,109.66443634033203,57.38871383666992,182.42764282226562,36.98111343383789,50.19660186767578,67.6142349243164,16.889299392700195
2016-10-31,105.08289337158203,67.85702514648438,109.5614242553711,57.38871383666992,182.43626403808594,37.20851135253906,50.329261779785156,67.67717742919922,16.878498077392578
2016-11-01,103.79708862304688,67.2041244506836,108.7373046875,56.98939895629883,181.11444091796875,36.812679290771484,49.985931396484375,67.27605438232422,16.744243621826172
2016-11-02,102.47579956054688,66.73905944824219,107.86637115478516,56.70292663574219,180.0243682861328,36.75371170043945,49.81425857543945,66.87493896484375,16.619253158569336
2016-11-03,101.97919464111328,66.36339569091797,106.80812072753906,56.57270431518555,179.20037841796875,36.669490814208984,49.52555465698242,66.6783447265625,16.52821159362793
2016-11-04,102.63542938232422,66.29183959960938,106.43351745605469,56.47722244262695,179.0029754638672,36.63581085205078,49.44751739501953,66.5760726928711,16.51586151123047
2016-11-07,105.1449966430664,67.61551666259766,108.9620590209961,57.66648483276367,182.9512176513672,37.2253532409668,50.555545806884766,68.02322387695312,16.8815860748291
2016-11-08,105.41986846923828,68.10746002197266,109.673828125,57.944271087646484,183.77525329589844,37.4695930480957,50.696014404296875,68.25130462646484,16.97416877746582
2016-11-09,108.66547393798828,67.82125854492188,110.17951202392578,58.63006591796875,185.72361755371094,37.36009979248047,51.71818161010742,69.41531372070312,17.051326751708984
2016-11-10,110.4035415649414,66.95368194580078,108.40019226074219,58.70818328857422,186.1871337890625,37.16640090942383,52.31121826171875,70.1231460571289,16.92787742614746
2016-11-11,112.9397201538086,66.86426544189453,108.44697570800781,58.64741897583008,185.75796508789062,37.10743713378906,52.35802459716797,69.98943328857422,16.901641845703125
2016-11-14,114.52704620361328,66.3187026977539,107.35128021240234,58.49116897583008,185.9038848876953,37.05691146850586,52.89645004272461,70.47706604003906,16.785907745361328
2016-11-15,114.88178253173828,66.94474792480469,108.84032440185547,58.74291229248047,187.35446166992188,37.26747512817383,53.31781005859375,70.98828887939453,16.929414749145508
2016-11-16,114.8729019165039,67.14154052734375,109.48651123046875,58.83839416503906,187.00254821777344,37.309574127197266,53.068111419677734,70.6028823852539,16.980348587036133
2016-11-17,115.54685974121094,67.50823211669922,110.28253936767578,59.11620330810547,187.96383666992188,37.4190559387207,53.20857238769531,70.87818145751953,17.09299087524414
2016-11-18,116.15872192382812,67.32037353515625,109.87049102783203,59.01201629638672,187.5432891845703,37.31798553466797,53.09933090209961,70.77590942382812,17.045156478881836
2016-11-21,116.69966888427734,67.77652740478516,111.01301574707031,59.39398193359375,188.95953369140625,37.4695930480957,53.411441802978516,71.23209381103516,17.193286895751953
2016-11-22,117.76380920410156,68.00906372070312,111.35016632080078,59.57627868652344,189.3285675048828,37.58749771118164,53.606529235839844,71.43658447265625,17.20717430114746
2016-11-23,118.49980163574219,68.15216827392578,110.900634765625,59.40266799926758,189.4315948486328,37.49484634399414,53.78597640991211,71.5230712890625,17.20717430114746
2016-11-25,118.89000701904297,68.26847076416016,111.25651550292969,59.645694732666016,190.1353759765625,37.696983337402344,53.96546936035156,71.89275360107422,17.256559371948242
2016-11-28,117.34698486328125,68.24163055419922,111.00363159179688,59.446067810058594,189.2427520751953,37.75593948364258,53.661136627197266,71.53096771240234,17.177860260009766
2016-11-29,117.28495025634766,68.5099105834961,111.38762664794922,59.46343231201172,189.61181640625,37.91595458984375,53.69235610961914,71.57815551757812,17.22569465637207
2016-11-30,116.70855712890625,67.45453643798828,110.03907775878906,59.11620330810547,189.15689086914062,37.43590545654297,53.89522933959961,71.73544311523438,17.083728790283203
2016-12-01,116.14098358154297,66.18450927734375,108.1379623413086,58.916534423828125,188.46170043945312,37.12428665161133,53.97325897216797,71.93206787109375,16.86924171447754
2016-12-02,116.07891845703125,66.57805633544922,108.35334014892578,58.916534423828125,188.55606079101562,37.24217987060547,53.87962341308594,71.84556579589844,16.904727935791016
2016-12-05,118.07418060302734,67.06998443603516,109.19618225097656,59.176963806152344,189.6890411376953,37.3348274230957,54.18395233154297,72.23876190185547,17.034351348876953
2016-12-06,119.35114288330078,67.2398910522461,109.45841217041016,59.2811164855957,190.28990173339844,37.44432830810547,54.48826599121094,72.53766632080078,17.079103469848633
2016-12-07,120.51277160644531,68.11641693115234,110.84445190429688,60.062408447265625,192.7790069580078,37.90753173828125,55.362205505371094,73.50504302978516,17.285873413085938
2016-12-08,122.41049194335938,68.08955383300781,111.04110717773438,60.18393325805664,193.2510986328125,37.924381256103516,55.65089416503906,73.64659881591797,17.336801528930664
2016-12-09,122.64994049072266,68.28633117675781,111.91204833984375,60.505088806152344,194.4184112548828,38.16860580444336,55.95520782470703,74.07917022705078,17.432472229003906
2016-12-12,121.35523986816406,68.20584869384766,111.40634155273438,60.60927963256836,194.1952667236328,38.353912353515625,55.74454116821289,74.11847686767578,17.381546020507812
2016-12-13,121.36409759521484,68.76930236816406,112.81109619140625,61.0433235168457,195.49136352539062,38.547611236572266,56.064453125,74.50386047363281,17.531230926513672
2016-12-14,119.84769439697266,68.35787200927734,112.57698822021484,60.548519134521484,193.87767028808594,38.16860580444336,55.54166793823242,73.80389404296875,17.418581008911133
2016-12-15,120.74332427978516,68.70669555664062,112.75489044189453,60.71343994140625,194.67593383789062,38.261260986328125,55.83037567138672,74.1735610961914,17.45408058166504
2016-12-16,120.52165222167969,68.51887512207031,112.33692169189453,60.68741226196289,194.29522705078125,38.404422760009766,55.64309310913086,74.0870361328125,17.407777786254883
2016-12-19,121.3108901977539,68.75139617919922,112.79715728759766,60.80893325805664,194.7182159423828,38.530757904052734,55.75233459472656,74.28365325927734,17.438644409179688
2016-12-20,122.33956146240234,68.97501373291016,113.2292251586914,61.008583068847656,195.46937561035156,38.547611236572266,55.97863006591797,74.52745056152344,17.511167526245117
2016-12-21,121.54144287109375,68.89452362060547,113.14470672607422,60.85233688354492,194.9254150390625,38.4212760925293,55.892791748046875,74.37802124023438,17.47260093688965
2016-12-22,120.49343872070312,68.86754608154297,112.82535552978516,60.81917190551758,194.58871459960938,38.41448211669922,55.54871368408203,74.3344497680664,17.416473388671875
2016-12-23,121.13452911376953,68.99339294433594,112.90045928955078,60.86283493041992,194.87364196777344,38.47385787963867,55.697628021240234,74.38994598388672,17.44593048095703
2016-12-27,121.67768859863281,69.2990493774414,113.48282623291016,60.915164947509766,195.3571319580078,38.5162467956543,55.83086395263672,74.4850082397461,17.504840850830078
2016-12-28,120.43107604980469,68.58889770507812,112.59992218017578,60.47887420654297,193.74261474609375,38.28729248046875,55.29789733886719,73.86698913574219,17.366857528686523
2016-12-29,120.53794860839844,68.73269653320312,112.44026947021484,60.54866409301758,193.69944763183594,38.47385787963867,55.21165466308594,73.83531188964844,17.37461280822754
2016-12-30,120.0749282836914,68.19332885742188,111.28495788574219,60.29564666748047,192.99151611328125,38.34666061401367,55.01570129394531,73.69268035888672,17.28313446044922
2017-01-03,120.67151641845703,68.39112091064453,112.28057861328125,60.73192596435547,194.46786499023438,38.448402404785156,55.587890625,74.18391418457031,17.407169342041016
2017-01-04,122.68390655517578,68.7956314086914,112.89109802246094,61.07222366333008,195.62477111816406,38.62649154663086,56.175758361816406,74.58798217773438,17.552898406982422
2017-01-05,121.2680892944336,69.02037811279297,113.52979278564453,61.01115417480469,195.46937561035156,38.66888427734375,55.87006759643555,74.31068420410156,17.58856201171875
2017-01-06,120.82289123535156,69.41590881347656,114.52542114257812,61.220577239990234,196.16867065429688,38.71976852416992,55.81520080566406,74.38200378417969,17.72188377380371
2017-01-09,120.03038787841797,69.38893127441406,114.90113830566406,60.915164947509766,195.52114868164062,38.53321075439453,55.611419677734375,73.97791290283203,17.715688705444336
2017-01-10,121.17904663085938,69.35298156738281,115.15473937988281,60.81917190551758,195.52114868164062,38.482337951660156,55.83086395263672,73.97000122070312,17.72188377380371
2017-01-11,121.39277648925781,69.57769775390625,115.46470642089844,60.854087829589844,196.07376098632812,38.60104751586914,55.846561431884766,74.23936462402344,17.72963523864746
2017-01-12,120.4577865600586,69.49681091308594,115.28624725341797,60.78428649902344,195.58164978027344,38.592567443847656,55.64276123046875,74.01753234863281,17.72342872619629
2017-01-13,121.33042907714844,69.6675796508789,115.68074798583984,60.78428649902344,196.03054809570312,38.61802291870117,55.67410659790039,74.12052917480469,17.77149772644043
2017-01-17,119.68310546875,69.50579833984375,115.33317565917969,60.81917190551758,195.33984375,38.73674392700195,55.43113327026367,73.72438049316406,17.749794006347656
2017-01-18,120.0749282836914,69.71253967285156,115.5680160522461,60.92388916015625,195.77154541015625,38.770660400390625,55.540870666503906,73.85113525390625,17.810253143310547
2017-01-19,119.09541320800781,69.63166046142578,115.5116958618164,60.61848831176758,195.0463409423828,38.558658599853516,55.305728912353516,73.53422546386719,17.76064682006836
2017-01-20,119.70983123779297,69.77548217773438,115.7652587890625,60.78428649902344,195.76296997070312,38.6943359375,55.391929626464844,73.8749008178711,17.78854751586914
2017-01-23,119.21118927001953,69.6226577758789,115.85920715332031,60.697025299072266,195.2535400390625,38.677371978759766,55.21165466308594,73.62139892578125,17.779245376586914
2017-01-24,121.03659057617188,70.18898010253906,116.6387939453125,61.10712814331055,196.5054168701172,38.770660400390625,55.791690826416016,74.16014862060547,17.8753719329834
2017-01-25,122.17632293701172,70.76428985595703,117.81289672851562,61.62197494506836,198.20628356933594,38.897850036621094,56.44224166870117,74.71477508544922,18.03660011291504
2017-01-26,121.68659973144531,70.66541290283203,117.93498992919922,61.4736328125,197.9990997314453,38.838497161865234,56.2933235168457,74.68307495117188,18.01800537109375
2017-01-27,121.2680892944336,70.77328491210938,118.16040802001953,61.38636016845703,197.68826293945312,38.8554573059082,56.05033874511719,74.56424713134766,17.996295928955078
2017-01-30,119.57628631591797,70.34182739257812,117.23991394042969,61.11586380004883,196.46226501464844,38.73674392700195,55.697628021240234,74.09675598144531,17.89242172241211
2017-01-31,120.41328430175781,70.34182739257812,117.0051040649414,60.99369430541992,196.4449920654297,38.83002471923828,55.71329879760742,74.0571517944336,17.89242172241211
2017-02-01,120.3420639038086,70.50360107421875,117.81289672851562,60.90643310546875,196.52272033691406,38.5671272277832,56.09736251831055,73.8432388305664,17.95908546447754
2017-02-02,120.039306640625,70.62945556640625,117.70955657958984,60.92388916015625,196.65225219726562,38.796085357666016,55.995479583740234,73.86698913574219,17.9838924407959
2017-02-03,121.87358856201172,70.91712188720703,118.04769897460938,61.36893081665039,198.00772094726562,38.99961853027344,56.57550048828125,74.54045867919922,18.083114624023438
2017-02-06,120.95645904541016,70.88116455078125,118.18856811523438,61.299102783203125,197.65370178222656,38.88936996459961,56.528472900390625,74.37408447265625,18.061410903930664
2017-02-07,120.42218780517578,71.0969009399414,118.62066650390625,61.39509582519531,197.66233825683594,38.99113845825195,56.40305709838867,74.2314682006836,18.098615646362305
2017-02-08,120.20846557617188,71.2767105102539,118.81791687011719,61.36893081665039,197.92137145996094,39.126808166503906,56.30900955200195,74.2314682006836,18.155981063842773
2017-02-09,121.90033721923828,71.41153717041016,119.24996185302734,61.674320220947266,199.0955810546875,39.29642105102539,56.69307327270508,74.70686340332031,18.24434471130371
2017-02-10,122.82634735107422,71.63623809814453,119.64446258544922,61.97099304199219,199.88125610351562,39.440574645996094,56.873329162597656,75.00001525878906,18.304807662963867
2017-02-13,123.14692687988281,71.85202026367188,120.3207778930664,62.31129455566406,200.96910095214844,39.56777572631836,57.29659652709961,75.50707244873047,18.385425567626953
2017-02-14,123.55655670166016,71.84302520751953,120.72463989257812,62.58182144165039,201.7720489501953,39.59321975708008,57.73553466796875,75.86363220214844,18.450542449951172
2017-02-15,124.29553985595703,72.18463134765625,121.43849182128906,62.9744758605957,202.8253631591797,39.745849609375,58.11959457397461,76.20429229736328,18.549766540527344
2017-02-16,123.94828033447266,72.31046295166016,121.4009017944336,63.044281005859375,202.6527099609375,39.91545104980469,58.096073150634766,76.22015380859375,18.512557983398438
2017-02-17,123.86817169189453,72.4003677368164,121.9269027709961,63.30604934692383,202.97215270996094,39.94937515258789,58.13526916503906,76.20429229736328,18.582321166992188
2017-02-21,124.83873748779297,72.91275024414062,122.52804565429688,63.58525466918945,204.180908203125,40.237701416015625,58.58205032348633,76.67174530029297,18.681541442871094
2017-02-22,124.28669738769531,72.98466491699219,122.57498931884766,63.5765495300293,203.99957275390625,40.246177673339844,58.440975189208984,76.6163101196289,18.67844581604004
2017-02-23,123.54763793945312,72.80488586425781,122.1147689819336,63.75977325439453,204.13766479492188,40.458194732666016,58.32338333129883,76.78269958496094,18.647436141967773
2017-02-24,123.45858001708984,72.95771789550781,122.34954833984375,63.96050262451172,204.396728515625,40.65322494506836,58.37825393676758,76.79061126708984,18.69860076904297
2017-02-27,124.6606674194336,73.11052703857422,122.49983978271484,63.95176696777344,204.71621704101562,40.57689666748047,58.58987808227539,76.86985778808594,18.74045181274414
2017-02-28,122.73731994628906,73.01164245605469,122.12417602539062,63.85577392578125,204.16358947753906,40.59386444091797,58.260711669921875,76.71137237548828,18.676895141601562
2017-03-01,124.9812240600586,73.77572631835938,123.45792388916016,64.69346618652344,207.0214080810547,40.85674285888672,59.036651611328125,77.83647155761719,18.907896041870117
2017-03-02,123.54763793945312,73.33525085449219,122.8379898071289,64.45787048339844,205.71768188476562,40.76345443725586,58.683937072753906,77.26597595214844,18.821073532104492
2017-03-03,123.45858001708984,73.45211791992188,123.06344604492188,64.43169403076172,205.84718322753906,40.6871337890625,58.8093376159668,77.28976440429688,18.836578369140625
2017-03-06,122.61264038085938,73.3172836303711,122.79103088378906,64.26589965820312,205.2342071533203,40.61082458496094,58.409610748291016,77.02831268310547,18.78541374206543
2017-03-07,121.81127166748047,73.3172836303711,122.58436584472656,64.10009765625,204.62124633789062,40.5429801940918,58.064720153808594,76.75891876220703,18.735803604125977
2017-03-08,121.0098648071289,73.29032135009766,122.80043029785156,63.99541091918945,204.2412872314453,40.40730667114258,57.97068405151367,76.56875610351562,18.72340202331543
2017-03-09,120.52903747558594,73.41617584228516,122.89435577392578,63.99541091918945,204.5003204345703,40.42424392700195,57.83741760253906,76.63217163085938,18.732704162597656
2017-03-10,121.06327056884766,73.85664367675781,123.41094207763672,64.24842071533203,205.2169647216797,40.60234069824219,58.049072265625,76.87776184082031,18.805570602416992
2017-03-13,121.34823608398438,74.11734771728516,123.61759948730469,64.25716400146484,205.3205108642578,40.6701774597168,57.95499801635742,76.81439208984375,18.85053253173828
2017-03-14,120.76945495605469,73.84764862060547,123.31700897216797,64.05647277832031,204.53485107421875,40.5429801940918,57.719844818115234,76.52122497558594,18.788515090942383
2017-03-15,122.63936614990234,74.50387573242188,124.07785034179688,64.64981079101562,206.30479431152344,40.941532135009766,58.19013977050781,77.17093658447266,18.949756622314453
2017-03-16,122.79961395263672,74.31510162353516,123.9932632446289,64.51021575927734,205.8990020751953,40.80586242675781,58.0882453918457,77.05998992919922,18.9202938079834
2017-03-17,123.2894058227539,74.49488067626953,123.95001220703125,64.50151062011719,205.5374298095703,40.92457580566406,57.82959747314453,76.86190032958984,18.907896041870117
2017-03-20,122.75508880615234,74.53086853027344,124.06294250488281,64.41423034667969,205.3119659423828,40.83131408691406,57.67283630371094,76.63217163085938,18.910991668701172
2017-03-21,119.29132843017578,73.65887451171875,122.18050384521484,63.77725601196289,202.67581176757812,40.63625717163086,56.669551849365234,75.54668426513672,18.695493698120117
2017-03-22,119.31803131103516,74.04541778564453,123.0087661743164,63.899383544921875,203.15277099609375,40.695613861083984,56.873329162597656,75.63385772705078,18.757505416870117
2017-03-23,120.0125503540039,73.9015884399414,122.69817352294922,63.82090377807617,202.93601989746094,40.6701774597168,56.82630920410156,75.6100845336914,18.72340202331543
2017-03-24,120.09923553466797,74.05935668945312,122.9522933959961,63.73933792114258,202.78857421875,40.63526916503906,56.799530029296875,75.45704650878906,18.741905212402344
2017-03-27,120.32246398925781,73.96920776367188,123.14997100830078,63.625362396240234,202.58045959472656,40.55860900878906,56.768001556396484,75.28170013427734,18.741905212402344
2017-03-28,121.2601089477539,74.26670837402344,123.90291595458984,63.949745178222656,204.0546112060547,40.66933059692383,57.351112365722656,75.9113540649414,18.86321449279785
2017-03-29,121.65299987792969,74.48307800292969,124.47708129882812,63.88837814331055,204.245361328125,40.66081237792969,57.500850677490234,75.87944030761719,18.923870086669922
2017-03-30,122.57278442382812,74.51012420654297,124.68416595458984,63.95852279663086,204.8957061767578,40.66933059692383,57.76876449584961,76.25402069091797,18.92698097229004
2017-03-31,122.76925659179688,74.51012420654297,124.59944915771484,63.82703399658203,204.4188232421875,40.643775939941406,57.61906051635742,76.00697326660156,18.920751571655273
2017-04-03,121.47443389892578,74.51012420654297,124.52412414550781,63.669185638427734,204.0633087158203,40.59267807006836,57.390506744384766,75.84757232666016,18.900537490844727
2017-04-04,121.33150482177734,74.46504211425781,124.72177124023438,63.651668548583984,204.193359375,40.60970687866211,57.42991638183594,75.95118713378906,18.894319534301758
2017-04-05,119.95631408691406,74.36585998535156,124.21353149414062,63.47633743286133,203.58641052246094,40.626739501953125,57.098976135253906,75.64037322998047,18.829002380371094
2017-04-06,121.07257080078125,74.50108337402344,124.2794189453125,63.625362396240234,204.15867614746094,40.60970687866211,57.33536148071289,75.87944030761719,18.881881713867188
2017-04-07,121.01899719238281,74.47406005859375,124.21353149414062,63.607826232910156,203.95057678222656,40.58415603637695,57.28807067871094,75.78380584716797,18.881881713867188
2017-04-10,121.28689575195312,74.45600891113281,124.2605972290039,63.607826232910156,204.07199096679688,40.643775939941406,57.351112365722656,75.79180908203125,18.897432327270508
2017-04-11,122.25137329101562,74.37488555908203,123.72410583496094,63.616607666015625,203.8291473388672,40.68636703491211,57.26445007324219,75.79180908203125,18.861661911010742
2017-04-12,120.59033203125,74.0954360961914,123.22526550292969,63.41493606567383,202.93601989746094,40.63526916503906,56.94137191772461,75.47298431396484,18.799449920654297
2017-04-13,119.41158294677734,73.74383544921875,122.73580932617188,63.090538024902344,201.6179656982422,40.48194122314453,56.52372360229492,74.8434066772461,18.70924949645996
2017-04-17,120.81356811523438,74.51911926269531,123.7523422241211,63.563995361328125,203.40423583984375,40.7459831237793,56.94137191772461,75.44905853271484,18.87721061706543
2017-04-18,120.84041595458984,74.47406005859375,123.56409454345703,63.36234664916992,202.79725646972656,40.75450134277344,56.71284103393555,75.1223373413086,18.86321449279785
2017-04-19,121.2601089477539,74.59122467041016,123.76176452636719,63.14315414428711,202.42442321777344,40.7459831237793,56.67342758178711,74.85934448242188,18.86787986755371
2017-04-20,122.80496215820312,75.02398681640625,124.79711151123047,63.59904861450195,204.07199096679688,40.87373733520508,57.256568908691406,75.49691772460938,19.000076293945312
2017-04-21,122.52814483642578,75.00594329833984,124.76888275146484,63.485076904296875,203.42160034179688,40.84817886352539,57.00440216064453,75.20201873779297,18.965864181518555
2017-04-24,124.05517578125,75.77222442626953,126.27484130859375,64.01988983154297,205.65879821777344,41.15481185913086,57.68996047973633,76.10258483886719,19.14781951904297
2017-04-25,125.26074981689453,76.20497131347656,127.18778228759766,64.44950103759766,206.85548400878906,41.27404022216797,57.96576690673828,76.50109100341797,19.283124923706055
2017-04-26,125.90367126464844,75.95252990722656,127.0090103149414,64.33552551269531,206.72535705566406,41.26552200317383,58.0130615234375,76.43733978271484,19.276899337768555
2017-04-27,125.86791229248047,76.31315612792969,127.7713851928711,64.38813781738281,206.89883422851562,41.3081169128418,58.03669738769531,76.28591918945312,19.349998474121094
2017-04-28,124.18021392822266,76.4303207397461,127.99732971191406,64.22154235839844,206.4479217529297,41.21443176269531,57.74510955810547,75.98306274414062,19.351551055908203
2017-05-01,124.89457702636719,76.82701873779297,129.1361083984375,64.1513900756836,206.9681854248047,41.171844482421875,57.78453063964844,75.99102783203125,19.438642501831055
2017-05-02,124.26058197021484,76.69178771972656,129.35255432128906,64.265380859375,207.04623413085938,41.15481185913086,57.80816650390625,75.94322967529297,19.480640411376953
2017-05-03,123.49259185791016,76.47541046142578,128.93853759765625,64.17771911621094,206.79473876953125,41.01001739501953,57.7136116027832,75.98306274414062,19.40753936767578
2017-05-04,123.32290649414062,76.60163879394531,128.98553466796875,64.24785614013672,207.03758239746094,41.171844482421875,57.65056228637695,75.98306274414062,19.435535430908203
2017-05-05,124.1176986694336,76.998291015625,129.45611572265625,64.4670181274414,207.85264587402344,41.32514953613281,58.005157470703125,76.3018569946289,19.52107048034668
2017-05-08,123.59977722167969,76.94419860839844,129.738525390625,64.44075775146484,207.81796264648438,41.19739532470703,58.068199157714844,76.23011779785156,19.53196144104004
2017-05-09,123.54619598388672,76.91712951660156,130.1903076171875,64.43197631835938,207.62721252441406,41.09518814086914,58.10760498046875,75.99102783203125,19.558399200439453
2017-05-10,124.31414031982422,77.46705627441406,130.26560974121094,64.42321014404297,208.0000762939453,41.14628601074219,58.19429016113281,76.18229675292969,19.57239532470703
2017-05-11,123.44798278808594,77.44002532958984,130.1620330810547,64.274169921875,207.5751953125,41.086666107177734,58.02093505859375,75.99102783203125,19.553730010986328
2017-05-12,122.79607391357422,77.57522583007812,130.453857421875,64.18647766113281,207.22828674316406,41.01001739501953,57.76876449584961,75.68817901611328,19.56772804260254
2017-05-15,123.75155639648438,78.17024993896484,130.86801147460938,64.55470275878906,208.3729705810547,41.20591354370117,58.08396911621094,76.12649536132812,19.65948486328125
2017-05-16,123.7962646484375,78.29647064208984,131.41390991210938,64.50209045410156,208.1821746826172,41.05260467529297,57.92637634277344,76.02289581298828,19.651704788208008
2017-05-17,120.45641326904297,76.82701873779297,128.0725860595703,63.677955627441406,204.4881591796875,40.8226432800293,56.610408782958984,74.69197082519531,19.303342819213867
2017-05-18,120.89399719238281,77.39493560791016,129.19259643554688,63.80948257446289,205.3119659423828,40.93336868286133,56.67342758178711,74.81151580810547,19.41376495361328
2017-05-19,121.47443389892578,77.8637466430664,129.738525390625,64.14264678955078,206.6473388671875,41.086666107177734,57.098976135253906,75.40127563476562,19.525739669799805
2017-05-22,122.29595947265625,78.57594299316406,130.83035278320312,64.55470275878906,207.69659423828125,41.350704193115234,57.32748794555664,75.7200698852539,19.653268814086914
2017-05-23,122.69783782958984,78.68409729003906,130.96214294433594,64.5284194946289,208.15618896484375,41.40180206298828,57.57175064086914,75.99102783203125,19.657934188842773
2017-05-24,122.7781982421875,79.08982849121094,131.56451416015625,64.71253204345703,208.64175415039062,41.5721435546875,57.6032829284668,76.062744140625,19.738800048828125
2017-05-25,122.85860443115234,79.72088623046875,132.68455505371094,65.08952331542969,209.6389923095703,41.87874984741211,57.8003044128418,76.26200103759766,19.88188362121582
2017-05-26,122.8228530883789,79.84706115722656,132.919921875,65.07201385498047,209.59561157226562,41.85321044921875,57.82392120361328,76.27793884277344,19.891212463378906
2017-05-30,121.85842895507812,80.02737426757812,133.03285217285156,65.03691101074219,209.41351318359375,41.912837982177734,57.78453063964844,76.13449096679688,19.888105392456055
2017-05-31,121.73339080810547,80.07243347167969,132.9857635498047,65.17721557617188,209.3615264892578,42.04059600830078,57.674217224121094,76.03087615966797,19.894325256347656
2017-06-01,124.08197784423828,80.640380859375,133.50341796875,65.62435913085938,211.0264129638672,42.330169677734375,58.241580963134766,76.7242431640625,20.043628692626953
2017-06-02,124.8856430053711,81.06412506103516,135.02822875976562,65.80847930908203,211.72879028320312,42.44940185546875,58.28886795043945,76.74018859863281,20.166484832763672
2017-06-05,124.10877990722656,80.91988372802734,134.99996948242188,65.7646255493164,211.5726776123047,42.3983039855957,58.139137268066406,76.7242431640625,20.150936126708984
2017-06-06,123.99271392822266,80.72154998779297,134.46347045898438,65.52792358398438,210.8963165283203,42.24500274658203,57.88697052001953,76.57282257080078,20.070058822631836
2017-06-07,124.10877990722656,81.20835876464844,134.99058532714844,65.58052825927734,211.2865753173828,42.34720993041992,58.060325622558594,76.67642974853516,20.122941970825195
2017-06-08,125.80547332763672,81.47882080078125,135.13177490234375,65.65064239501953,211.39059448242188,42.1342658996582,58.225807189941406,76.7561264038086,20.113609313964844
2017-06-09,126.45736694335938,80.6494369506836,131.75277709960938,65.70326232910156,211.06971740722656,42.10872268676758,58.351898193359375,77.36978149414062,19.891212463378906
2017-06-12,126.25196075439453,80.38799285888672,131.04681396484375,65.66816711425781,211.0264129638672,42.10021209716797,58.41493606567383,77.5212173461914,19.82900619506836
2017-06-13,126.89493560791016,81.05510711669922,132.11041259765625,66.01011657714844,212.05824279785156,42.236480712890625,58.619808197021484,77.77626037597656,19.959636688232422
2017-06-14,126.14482879638672,80.892822265625,131.53628540039062,65.9925765991211,211.78952026367188,42.321651458740234,58.399166107177734,77.68856811523438,19.942527770996094
2017-06-15,125.5018310546875,80.73956298828125,130.95272827148438,65.9574966430664,211.38194274902344,42.38127517700195,58.09974670410156,77.5770034790039,19.889659881591797
2017-06-16,125.18932342529297,80.640380859375,130.38455200195312,66.01011657714844,211.42808532714844,42.432369232177734,57.8554573059082,77.68856811523438,19.871004104614258
2017-06-19,126.1180191040039,81.84843444824219,132.56472778320312,66.49232482910156,213.18826293945312,42.60271072387695,58.41493606567383,78.10301208496094,20.084056854248047
2017-06-20,124.841064453125,81.15425872802734,131.52658081054688,66.04517364501953,211.75051879882812,42.45793533325195,57.96576690673828,77.60089111328125,19.95186424255371
2017-06-21,124.52845764160156,81.19033813476562,132.82894897460938,65.98379516601562,211.69821166992188,42.38127517700195,57.902732849121094,77.29008483886719,20.02495765686035
2017-06-22,125.00176239013672,81.00103759765625,132.79119873046875,65.92243957519531,211.60240173339844,42.30460739135742,58.0130615234375,77.2263412475586,20.038957595825195
2017-06-23,125.83221435546875,80.85678100585938,133.30084228515625,66.03641510009766,211.8550567626953,42.31312942504883,58.060325622558594,77.23995971679688,20.081220626831055
2017-06-26,125.98403930664062,80.77562713623047,132.6779327392578,66.06270599365234,211.99440002441406,42.38127517700195,58.32823944091797,77.4563980102539,20.04846954345703
2017-06-27,124.87675476074219,80.06876373291016,130.27133178710938,65.58943939208984,210.28660583496094,42.054222106933594,58.015716552734375,77.03955078125,19.82548713684082
2017-06-28,126.7877197265625,81.12635040283203,132.14942932128906,66.091796875,212.16876220703125,42.20833206176758,58.618568420410156,77.6407470703125,20.03443145751953
2017-06-29,126.03766632080078,80.3761215209961,129.8560791015625,65.32503509521484,210.30401611328125,41.788814544677734,58.2933464050293,77.2159194946289,19.78494644165039
2017-06-30,125.84121704101562,80.34896087646484,129.9031982421875,65.54536437988281,210.6961669921875,41.89155578613281,58.35681915283203,77.40027618408203,19.809894561767578
2017-07-03,126.89493560791016,80.34896087646484,128.5347442626953,65.78333282470703,211.0534210205078,41.89155578613281,58.80101013183594,77.90528106689453,19.75218963623047
2017-07-05,126.43946075439453,81.0811538696289,129.79940795898438,65.75690460205078,211.5413818359375,41.92580032348633,58.81686782836914,77.89724731445312,19.82080841064453
2017-07-06,124.78836822509766,80.574951171875,128.62916564941406,65.21927642822266,209.6069793701172,41.57478332519531,58.22197723388672,77.17584991455078,19.6414794921875
2017-07-07,125.99909210205078,81.36137390136719,130.01649475097656,65.65113067626953,210.96627807617188,41.83161544799805,58.539241790771484,77.54457092285156,19.80833625793457
2017-07-10,125.45203399658203,81.73200225830078,130.86593627929688,65.69520568847656,211.19287109375,41.75457000732422,58.4361457824707,77.49646759033203,19.86914825439453
2017-07-11,125.81976318359375,81.69581604003906,131.23397827148438,65.50128936767578,211.03599548339844,41.68606948852539,58.3806037902832,77.32011413574219,19.881622314453125
2017-07-12,126.78836059570312,82.43702697753906,132.79119873046875,66.03010559082031,212.62188720703125,41.96002197265625,58.72168731689453,77.76898193359375,20.074983596801758
2017-07-13,126.89596557617188,82.52742767333984,133.08377075195312,66.08299255371094,212.97911071777344,41.92580032348633,59.007232666015625,77.91326904296875,20.1046085357666
2017-07-14,127.11119079589844,82.85282897949219,134.13137817382812,66.4884033203125,213.9724578857422,42.16553497314453,59.29279327392578,78.17778778076172,20.22623634338379
2017-07-17,127.40716552734375,82.83474731445312,134.1974639892578,66.41788482666016,213.94635009765625,42.19121170043945,59.403865814208984,78.16979217529297,20.21843719482422
2017-07-18,127.07539367675781,82.77144622802734,135.0940704345703,66.51483154296875,214.0596466064453,42.156959533691406,59.23727798461914,78.0495376586914,20.28237533569336
2017-07-19,128.3399200439453,83.19631958007812,135.88687133789062,66.71757507324219,215.21856689453125,42.362430572509766,59.50696563720703,78.3862075805664,20.411800384521484
2017-07-20,128.4296112060547,83.11495971679688,136.06617736816406,66.89382934570312,215.31442260742188,42.44805908203125,59.44350814819336,78.45036315917969,20.408674240112305
2017-07-21,127.84667205810547,83.09688568115234,136.0095977783203,66.87617492675781,215.1227264404297,42.54222106933594,59.37211608886719,78.30606079101562,20.421154022216797
2017-07-24,128.02601623535156,83.14208984375,136.6324920654297,66.70875549316406,215.0703887939453,42.44805908203125,59.37211608886719,78.1858139038086,20.457019805908203
2017-07-25,129.19192504882812,83.38612365722656,136.2832489013672,66.79689025878906,215.59323120117188,42.516544342041016,59.71319580078125,78.5545654296875,20.43362808227539
2017-07-26,128.4744415283203,83.40422058105469,136.7268524169922,66.78804779052734,215.6019744873047,42.54222106933594,59.57041931152344,78.39421844482422,20.486650466918945
2017-07-27,127.65828704833984,82.93419647216797,135.8679656982422,66.6999282836914,215.40151977539062,42.63640594482422,59.49903106689453,78.52249145507812,20.41023826599121
2017-07-28,127.31752014160156,82.94322204589844,135.7546844482422,66.21517181396484,215.1488494873047,42.61927795410156,59.49903106689453,78.45036315917969,20.377492904663086
2017-07-31,126.91392517089844,83.14208984375,135.1790313720703,66.21517181396484,215.02685546875,42.73914337158203,59.5148811340332,78.59465026855469,20.313560485839844
2017-08-01,127.15606689453125,83.39517974853516,135.49046325683594,66.4443359375,215.5061492919922,42.79051208496094,59.657691955566406,78.78700256347656,20.35721778869629
2017-08-02,125.76596069335938,83.43131256103516,135.8585662841797,66.43550872802734,215.61065673828125,42.713462829589844,59.80046081542969,78.77899932861328,20.363466262817383
2017-08-03,125.13812255859375,83.33191680908203,135.33001708984375,66.32095336914062,215.19241333007812,42.704898834228516,59.60216522216797,78.7469253540039,20.304195404052734
2017-08-04,125.74801635742188,83.72962951660156,135.57542419433594,66.40027618408203,215.58448791503906,42.704898834228516,59.72114181518555,78.93931579589844,20.319793701171875
2017-08-07,125.95427703857422,84.14544677734375,136.43426513671875,66.59416198730469,215.98532104492188,42.73914337158203,59.91151809692383,78.95533752441406,20.396202087402344
2017-08-08,125.5596923828125,84.05502319335938,136.1982879638672,66.4443359375,215.45384216308594,42.60216522216797,59.887718200683594,78.81103515625,20.33382797241211
2017-08-09,124.4744873046875,84.1092529296875,136.01901245117188,66.39147186279297,215.4451141357422,42.653526306152344,59.80839920043945,78.77899932861328,20.32760238647461
2017-08-10,122.21441650390625,82.57260131835938,133.1026611328125,65.49247741699219,212.404052734375,42.39667510986328,58.81686782836914,77.87319946289062,19.99077606201172
2017-08-11,122.39374542236328,82.64492797851562,134.11256408691406,65.4748764038086,212.7177276611328,42.439483642578125,58.84861373901367,77.7850341796875,20.076534271240234
2017-08-14,124.25022888183594,84.00079345703125,135.8396759033203,66.10062408447266,214.8263702392578,42.82475280761719,59.427650451660156,78.46637725830078,20.299524307250977
2017-08-15,123.22786712646484,84.01886749267578,135.9340362548828,66.10062408447266,214.80027770996094,42.87612533569336,59.435577392578125,78.45836639404297,20.299524307250977
2017-08-16,123.26371002197266,84.15445709228516,136.1699981689453,66.23281860351562,215.17498779296875,43.02167510986328,59.46731185913086,78.4823989868164,20.363466262817383
2017-08-17,121.01261138916016,82.52742767333984,133.38583374023438,65.20164489746094,211.82022094726562,42.53366470336914,58.4361457824707,77.34415435791016,20.03443145751953
2017-08-18,121.00364685058594,82.51837158203125,133.29144287109375,65.03418731689453,211.4890899658203,42.45661544799805,58.214027404785156,77.17584991455078,19.99701690673828
2017-08-21,120.92289733886719,82.43702697753906,133.1215362548828,65.18400573730469,211.65464782714844,42.61927795410156,58.19816970825195,77.23995971679688,20.02664566040039
2017-08-22,122.23236846923828,83.70252227783203,135.1507110595703,65.78333282470703,213.8679656982422,42.918941497802734,58.84066390991211,77.91326904296875,20.257423400878906
2017-08-23,122.03501892089844,83.31380462646484,134.6693878173828,65.5982437133789,213.10110473632812,42.73914337158203,58.729618072509766,77.71289825439453,20.181013107299805
2017-08-24,122.41169738769531,83.21438598632812,134.27297973632812,65.5541763305664,212.6044464111328,42.61927795410156,58.594791412353516,77.63272857666016,20.13111686706543
2017-08-25,122.76150512695312,83.25053405761719,133.9898681640625,65.69520568847656,213.10110473632812,42.75627899169922,58.856529235839844,77.8812255859375,20.143590927124023
2017-08-28,123.28169250488281,83.31380462646484,134.4051055908203,65.74807739257812,213.10983276367188,42.75627899169922,58.93585968017578,77.74493408203125,20.18413543701172
2017-08-29,123.30856323242188,83.34093475341797,134.93362426757812,65.73043060302734,213.3538360595703,42.77338409423828,58.943782806396484,77.75294494628906,20.22623634338379
2017-08-30,124.0978012084961,83.9013671875,136.51914978027344,66.13587951660156,214.36456298828125,42.867557525634766,59.261070251464844,77.92131805419922,20.389970779418945
2017-08-31,125.31752014160156,84.36236572265625,137.98202514648438,66.52364349365234,215.6542205810547,43.06448745727539,59.641822814941406,78.22592163085938,20.55213737487793
2017-09-01,126.02603912353516,84.5793228149414,137.79327392578125,66.64706420898438,215.95916748046875,43.030242919921875,60.06223678588867,78.45836639404297,20.57552719116211
2017-09-05,124.81526947021484,83.52174377441406,136.55694580078125,66.1887435913086,214.4081573486328,42.85044479370117,59.47524642944336,77.68885040283203,20.464818954467773
2017-09-06,125.07533264160156,83.77483367919922,136.97219848632812,66.33856964111328,215.14010620117188,42.927486419677734,59.816314697265625,77.95335388183594,20.536544799804688
2017-09-07,124.761474609375,83.31380462646484,137.2931365966797,66.54129791259766,215.1139373779297,43.02167510986328,59.67353439331055,77.70487976074219,20.602035522460938
2017-09-08,124.86011505126953,83.3499755859375,136.1039276123047,66.61177825927734,214.86131286621094,43.16721725463867,59.530784606933594,77.72090911865234,20.549015045166016
2017-09-11,126.16950988769531,84.40755462646484,137.6706085205078,67.25518798828125,217.1529541015625,43.492557525634766,60.25258255004883,78.66676330566406,20.729900360107422
2017-09-12,126.94082641601562,84.81431579589844,138.00091552734375,67.46668243408203,217.8849334716797,43.492557525634766,60.69679260253906,79.03549194335938,20.778242111206055
2017-09-13,127.31752014160156,84.92281341552734,138.18968200683594,67.36974334716797,217.98951721191406,43.364139556884766,60.80783462524414,79.18778228759766,20.764205932617188
2017-09-14,127.200927734375,84.8052749633789,137.37803649902344,67.42262268066406,217.9197540283203,43.37269592285156,60.72059631347656,79.2759780883789,20.725229263305664
2017-09-15,127.7210693359375,85.2301254272461,137.84991455078125,67.69583892822266,218.21319580078125,43.38982391357422,60.94270706176758,79.46834564208984,20.717430114746094
2017-09-18,128.59104919433594,85.79959869384766,137.6692657470703,67.90737915039062,218.67723083496094,43.43263626098633,61.006141662597656,79.82103729248047,20.725229263305664
2017-09-19,128.59104919433594,85.99845123291016,137.90577697753906,68.01313781738281,218.89613342285156,43.321319580078125,60.99028015136719,79.96531677246094,20.717430114746094
2017-09-20,129.00357055664062,85.98038482666016,137.4801025390625,67.88973999023438,218.9749755859375,43.27851486206055,60.96647644042969,80.1095962524414,20.700275421142578
2017-09-21,128.86911010742188,85.73631286621094,136.6383056640625,67.69583892822266,218.38827514648438,43.098724365234375,60.863372802734375,79.9813461303711,20.61919403076172
2017-09-22,129.4161376953125,85.7724838256836,136.50587463378906,67.91619873046875,218.4320526123047,43.12440490722656,60.97441482543945,80.04187774658203,20.614654541015625
2017-09-25,129.59547424316406,84.96796417236328,135.06813049316406,67.98668670654297,217.98548889160156,43.1158561706543,61.09339904785156,80.15486145019531,20.492650985717773
2017-09-26,130.0081787109375,84.99153137207031,135.4181671142578,68.0663833618164,218.1167755126953,43.080604553222656,61.26819610595703,80.09838104248047,20.51454734802246
2017-09-27,132.55242919921875,86.10652160644531,136.6383056640625,68.29651641845703,218.96620178222656,43.097801208496094,61.65129852294922,80.32432556152344,20.630294799804688
2017-09-28,132.90301513671875,86.1971664428711,136.5909881591797,68.22570037841797,219.2289581298828,43.157989501953125,61.587467193603516,80.41311645507812,20.65688705444336
2017-09-29,133.2176513671875,86.73200988769531,137.57470703125,68.28765106201172,219.99952697753906,43.286964416503906,61.715179443359375,80.55840301513672,20.76482391357422
2017-10-02,134.85391235351562,87.08551788330078,137.69764709472656,68.67718505859375,220.95408630371094,43.424560546875,62.2739143371582,81.06681060791016,20.8101806640625
2017-10-03,135.1505584716797,87.35746002197266,137.9908447265625,68.8453598022461,221.42691040039062,43.50194549560547,62.60917282104492,81.25244140625,20.844587326049805
2017-10-04,134.71905517578125,87.38467407226562,138.12330627441406,68.96929931640625,221.68960571289062,43.59653091430664,62.569236755371094,81.34927368164062,20.89308738708496
2017-10-05,135.08763122558594,87.91950225830078,139.4759063720703,69.40306091308594,223.003173828125,43.742713928222656,62.88848876953125,81.72856903076172,21.02916717529297
2017-10-06,134.89886474609375,88.01010131835938,139.66502380371094,69.27027893066406,222.7492218017578,43.68252182006836,62.73685836791992,81.59947204589844,21.02916717529297
2017-10-09,134.3414764404297,87.90135192871094,139.5042724609375,69.34110260009766,222.3813934326172,43.58794021606445,62.633087158203125,81.38157653808594,21.011966705322266
2017-10-10,134.7280731201172,88.06451416015625,139.6082763671875,69.63323974609375,222.96810913085938,43.69970703125,62.9204216003418,81.65593719482422,21.043249130249023
2017-10-11,134.629150390625,88.18235778808594,140.02442932128906,69.80144500732422,223.3184356689453,43.77711486816406,62.96033477783203,81.63980102539062,21.113636016845703
2017-10-12,134.53024291992188,87.91950225830078,139.76910400390625,69.8102798461914,222.9856414794922,43.845909118652344,62.66501235961914,81.45418548583984,21.107378005981445
2017-10-13,134.28749084472656,88.10985565185547,140.30819702148438,69.85456085205078,223.2571258544922,43.88029861450195,62.87253189086914,81.4703369140625,21.14335060119629
2017-10-16,134.17063903808594,88.5993423461914,140.79063415527344,69.83683776855469,223.55487060546875,43.837303161621094,62.91245651245117,81.60753631591797,21.16212272644043
2017-10-17,133.78408813476562,88.6356201171875,140.97027587890625,69.92537689208984,223.71246337890625,43.940486907958984,62.91245651245117,81.71244812011719,21.163686752319336
2017-10-18,134.42236328125,88.86221313476562,140.800048828125,70.01390075683594,223.93138122558594,43.957679748535156,63.024208068847656,81.92228698730469,21.149616241455078
2017-10-19,134.2156219482422,89.13418579101562,140.27981567382812,70.12898254394531,223.99270629882812,44.164066314697266,62.96033477783203,82.12403106689453,21.115198135375977
2017-10-20,134.83595275878906,90.05878448486328,140.6581573486328,70.44764709472656,225.1485595703125,44.31884765625,63.383358001708984,82.70511627197266,21.177766799926758
2017-10-23,133.8290252685547,89.86841583251953,139.74070739746094,70.33258056640625,224.27293395996094,44.28444290161133,63.343448638916016,82.51141357421875,21.052635192871094
2017-10-24,134.10769653320312,90.38511657714844,139.97714233398438,70.359130859375,224.66696166992188,44.181251525878906,63.61484146118164,82.64862823486328,21.09173583984375
2017-10-25,133.46041870117188,89.84122467041016,139.44749450683594,70.16439819335938,223.55487060546875,44.121070861816406,63.183841705322266,82.18052673339844,21.019779205322266
2017-10-26,133.73915100097656,90.00437927246094,139.00294494628906,70.27946472167969,223.84381103515625,44.13827133178711,63.295570373535156,82.38227844238281,21.00726890563965
2017-10-27,134.6651153564453,91.11030578613281,143.05120849609375,70.44764709472656,225.67404174804688,44.3360481262207,63.43923568725586,82.58405303955078,21.306034088134766
2017-10-30,133.24468994140625,90.85648345947266,143.372802734375,70.21749877929688,224.8333282470703,44.086669921875,63.2237434387207,82.07562255859375,21.299774169921875
2017-10-31,134.18862915039062,91.1012191772461,143.91188049316406,70.27946472167969,225.18357849121094,44.12965393066406,63.327476501464844,82.03526306152344,21.36547088623047
2017-11-01,133.2986297607422,90.89273071289062,143.8646697998047,70.31487274169922,225.4813690185547,44.086669921875,63.51105499267578,82.27738189697266,21.363906860351562
2017-11-02,133.69418334960938,91.24627685546875,143.59034729003906,70.44764709472656,225.56890869140625,44.198448181152344,63.622840881347656,82.46297454833984,21.310720443725586
2017-11-03,133.6042938232422,91.69044494628906,144.97128295898438,70.57159423828125,226.322021484375,44.250057220458984,63.7664909362793,82.48722076416016,21.4577579498291
2017-11-06,133.757080078125,91.83546447753906,145.46315002441406,70.66011047363281,226.6722869873047,44.164066314697266,63.88623809814453,82.41458892822266,21.51251220703125
2017-11-07,132.15684509277344,91.57257843017578,145.54823303222656,70.55387878417969,226.51467895507812,44.35323715209961,63.68666458129883,82.32581329345703,21.535974502563477
2017-11-08,132.33663940429688,91.52729034423828,146.13473510742188,70.8017807006836,226.89996337890625,44.482208251953125,63.838321685791016,82.3338623046875,21.614181518554688
2017-11-09,131.86915588378906,90.82927703857422,145.3685302734375,70.53618621826172,226.07684326171875,44.39622497558594,63.65474319458008,82.05142211914062,21.52815055847168
2017-11-10,131.77027893066406,91.09214782714844,145.3590545654297,70.62471008300781,226.0067596435547,44.35323715209961,63.73456573486328,81.96260833740234,21.534400939941406
2017-11-13,131.8062286376953,91.31880187988281,145.53880310058594,70.68668365478516,226.21693420410156,44.49942398071289,63.7824592590332,82.0433578491211,21.562564849853516
2017-11-14,131.44662475585938,91.16468048095703,145.00909423828125,70.71322631835938,225.69151306152344,44.585418701171875,63.503089904785156,81.84965515136719,21.5156307220459
2017-11-15,130.92518615722656,90.85648345947266,144.3280792236328,70.29715728759766,224.56190490722656,44.28444290161133,63.26365280151367,81.51067352294922,21.381113052368164
2017-11-16,132.84912109375,91.71763610839844,146.17250061035156,70.82833099365234,226.47088623046875,44.56821060180664,64.18155670166016,82.09983825683594,21.600099563598633
2017-11-17,133.46041870117188,91.3822250366211,145.61444091796875,70.83716583251953,225.80535888671875,44.413429260253906,64.10171508789062,81.93036651611328,21.532840728759766
2017-11-20,134.4313507080078,91.8173599243164,145.5009765625,70.96994018554688,226.190673828125,44.44782257080078,64.3252182006836,82.11598205566406,21.556310653686523
2017-11-21,135.83383178710938,92.50627136230469,147.08053588867188,71.41256713867188,227.67059326171875,44.70579528808594,64.6844253540039,82.43875885009766,21.754959106445312
2017-11-22,135.65406799316406,92.12552642822266,147.2602996826172,71.2620849609375,227.46917724609375,44.57681655883789,64.6923828125,82.3499984741211,21.73931312561035
2017-11-24,135.70802307128906,92.29777526855469,147.79937744140625,71.38599395751953,227.9945526123047,44.679996490478516,64.70038604736328,82.42265319824219,21.8269100189209
2017-11-27,135.29444885253906,92.11647033691406,147.73318481445312,71.36831665039062,227.88075256347656,44.77458190917969,64.45294189453125,82.43875885009766,21.806581497192383
2017-11-28,137.4251251220703,93.24053955078125,148.11155700683594,72.13846588134766,230.1925506591797,45.10993957519531,65.22718048095703,83.64932250976562,21.901992797851562
2017-11-29,137.8836212158203,92.75101470947266,145.52935791015625,72.2712631225586,230.05245971679688,45.195926666259766,65.59432983398438,84.26268005371094,21.697080612182617
2017-11-30,138.13534545898438,93.6484375,146.7494659423828,72.8112564086914,232.06658935546875,45.48829650878906,65.96148681640625,84.9244613647461,21.883222579956055
2017-12-01,137.5689697265625,93.06829833984375,146.12525939941406,72.83780670166016,231.58489990234375,45.4453010559082,65.79386901855469,84.86798858642578,21.820655822753906
2017-12-04,137.0564727783203,91.89893341064453,144.44166564941406,72.89092254638672,231.3046875,45.32491683959961,66.10516357421875,85.16656494140625,21.679872512817383
2017-12-05,135.69000244140625,91.80827331542969,144.5361328125,72.70503234863281,230.4728240966797,45.17873764038086,65.71405029296875,84.68235778808594,21.653282165527344
2017-12-06,135.0517120361328,92.01677703857422,145.18881225585938,72.66077423095703,230.51657104492188,45.2131233215332,65.54643249511719,84.59356689453125,21.686138153076172
2017-12-07,135.99571228027344,92.61504364013672,145.68075561523438,72.94405364990234,231.2433624267578,45.25611877441406,65.80186462402344,84.75496673583984,21.787811279296875
2017-12-08,136.1215362548828,93.14985656738281,146.32386779785156,73.28044128417969,232.50437927246094,45.4453010559082,66.29671478271484,85.32796478271484,21.878530502319336
2017-12-11,136.06764221191406,93.24960327148438,147.4589080810547,73.41323852539062,233.20489501953125,45.49689483642578,66.62399291992188,85.56199645996094,21.962995529174805
2017-12-12,135.64511108398438,93.32210540771484,147.2602996826172,73.44861602783203,233.61659240722656,45.51409149169922,66.63196563720703,85.87675476074219,21.95830726623535
2017-12-13,136.45416259765625,93.2586441040039,147.54403686523438,73.48403930664062,233.59024047851562,45.60007095336914,66.56809997558594,85.7234115600586,21.994281768798828
2017-12-14,134.94383239746094,92.78728485107422,147.44000244140625,73.18306732177734,232.6357421875,45.40229415893555,66.11312866210938,85.20690155029297,21.956741333007812
2017-12-15,136.86776733398438,93.82067108154297,149.11419677734375,73.73191833496094,234.57298278808594,45.8150520324707,66.75167846679688,85.89292907714844,22.139755249023438
2017-12-18,138.7197723388672,94.5549087524414,150.36431884765625,74.17452239990234,236.06045532226562,45.89244079589844,67.55787658691406,86.37712097167969,22.296171188354492
2017-12-19,137.62289428710938,94.2104721069336,149.4733428955078,74.03289794921875,235.1538848876953,45.63447570800781,67.35830688476562,86.12693786621094,22.200763702392578
2017-12-20,137.8926544189453,94.19234466552734,149.3122100830078,74.00631713867188,235.03070068359375,45.52268600463867,67.55787658691406,86.15924072265625,22.1553955078125
2017-12-21,138.49636840820312,94.1177749633789,149.3311767578125,73.96009826660156,235.51478576660156,45.493309020996094,67.67095947265625,86.4328384399414,22.16716957092285
2017-12-22,138.24366760253906,94.09957885742188,149.1605987548828,73.90673065185547,235.45318603515625,45.51059341430664,67.61482238769531,86.42474365234375,22.151466369628906
2017-12-26,138.3249053955078,93.85411071777344,148.3549346923828,73.92450714111328,235.17149353027344,45.51923370361328,67.45433044433594,86.35975646972656,22.12164878845215
2017-12-27,138.18948364257812,94.09957885742188,148.37384033203125,74.00454711914062,235.2859344482422,45.63154983520508,67.35804748535156,86.38412475585938,22.137348175048828
2017-12-28,138.73101806640625,94.29052734375,148.55393981933594,74.09347534179688,235.77001953125,45.700660705566406,67.50249481201172,86.61148834228516,22.176584243774414
2017-12-29,137.58489990234375,93.76319885253906,147.63455200195312,73.71998596191406,234.8810272216797,45.59697723388672,67.0932846069336,86.32730102539062,22.07457160949707
2018-01-02,138.8843994140625,94.49962615966797,150.22213745117188,74.05792236328125,236.5620880126953,45.579708099365234,67.98391723632812,86.59524536132812,22.32568359375
2018-01-03,139.02879333496094,95.44517517089844,151.6817626953125,74.58257293701172,238.05850219726562,45.67473602294922,68.06413269042969,86.92813873291016,22.534421920776367
2018-01-04,139.39878845214844,96.24525451660156,151.9471893310547,74.92050170898438,239.06182861328125,45.85615921020508,68.44123840332031,87.43156433105469,22.595632553100586
2018-01-05,139.68759155273438,97.01803588867188,153.47323608398438,75.40962219238281,240.65496826171875,46.08940505981445,68.7541732788086,87.86188507080078,22.785533905029297
2018-01-08,139.9041290283203,97.2907943725586,154.0703582763672,75.64080810546875,241.0950164794922,46.16716003417969,68.89054107666016,87.9511947631836,22.859304428100586
2018-01-09,139.71461486816406,97.65447235107422,154.07981872558594,75.87200927734375,241.6407012939453,46.19307327270508,68.88253021240234,88.15420532226562,22.906387329101562
2018-01-10,139.7327117919922,97.55445861816406,153.71961975097656,75.729736328125,241.27098083496094,45.96846389770508,68.89054107666016,88.10546112060547,22.84517478942871
2018-01-11,142.13320922851562,98.2181625366211,154.77175903320312,76.12992095947266,243.03135681152344,46.1067008972168,69.74107360839844,88.7144546508789,23.00997543334961
2018-01-12,142.72877502441406,99.15460968017578,155.90908813476562,76.6812515258789,244.61569213867188,46.244911193847656,70.27061462402344,89.35589599609375,23.143381118774414
2018-01-16,140.90586853027344,98.93640899658203,155.46368408203125,76.41446685791016,243.77951049804688,46.210350036621094,70.00584411621094,89.07170867919922,23.060195922851562
2018-01-17,142.24143981933594,100.58200073242188,157.1413116455078,77.48158264160156,246.10316467285156,46.64230728149414,70.67980194091797,89.85929870605469,23.290904998779297
2018-01-18,141.2667999267578,100.47290802001953,157.16978454589844,77.2592544555664,245.68946838378906,46.55592727661133,70.59957122802734,89.70503234863281,23.272069931030273
2018-01-19,143.1258544921875,101.0638656616211,157.66262817382812,77.74835968017578,246.80723571777344,46.7546272277832,70.76006317138672,89.98921966552734,23.408618927001953
2018-01-22,143.89292907714844,101.6821060180664,159.34982299804688,78.15741729736328,248.81414794921875,47.048343658447266,71.27357482910156,90.7037353515625,23.60637092590332
2018-01-23,144.3531951904297,101.80939483642578,160.66726684570312,78.17520904541016,249.34217834472656,47.126102447509766,71.28961181640625,90.67125701904297,23.735061645507812
2018-01-24,143.45973205566406,101.58210754394531,159.62466430664062,77.9706802368164,249.2452850341797,47.15201950073242,71.08099365234375,90.84989166259766,23.66286849975586
2018-01-25,143.51388549804688,101.80939483642578,159.56777954101562,77.98844909667969,249.35096740722656,47.38527297973633,70.72795867919922,90.96356201171875,23.639326095581055
2018-01-26,144.0283203125,103.24589538574219,162.01316833496094,78.79769134521484,252.23789978027344,47.78266906738281,71.72288513183594,91.96228790283203,23.915559768676758
2018-01-29,143.21604919433594,102.46399688720703,161.2264404296875,78.10409545898438,250.56556701660156,47.419830322265625,71.35379791259766,91.47509765625,23.736635208129883
2018-01-30,141.84437561035156,100.89112091064453,159.8995819091797,77.2681655883789,247.99542236328125,47.14338684082031,70.27061462402344,90.36271667480469,23.54045295715332
2018-01-31,141.10440063476562,101.47298431396484,160.56300354003906,77.09030151367188,248.11878967285156,47.18657684326172,70.02190399169922,90.39519500732422,23.581260681152344
2018-02-01,141.5465850830078,101.37297058105469,159.1981201171875,77.15254211425781,247.83709716796875,47.05699157714844,69.88549041748047,90.50888061523438,23.4902286529541
2018-02-02,138.82122802734375,99.03640747070312,156.0228729248047,75.56079864501953,242.44166564941406,46.27083206176758,68.06413269042969,88.46273040771484,23.01625633239746
2018-02-05,133.4878387451172,94.79963684082031,149.87144470214844,72.670654296875,232.3021240234375,44.60350036621094,65.44842529296875,84.6871337890625,22.098114013671875
2018-02-06,135.08517456054688,97.09989166259766,153.84288024902344,73.80001831054688,236.87904357910156,44.888580322265625,66.98896026611328,86.0268783569336,22.598773956298828
2018-02-07,135.22056579589844,96.7725601196289,151.8524169921875,73.53324127197266,235.59396362304688,44.75035095214844,66.88465118408203,85.81574249267578,22.421422958374023
2018-02-08,131.24978637695312,92.6812744140625,145.44503784179688,70.98104858398438,226.75709533691406,43.40266036987305,64.3973617553711,82.68161010742188,21.57390594482422
2018-02-09,132.4500732421875,94.52690887451172,147.95687866210938,72.1460189819336,230.1633758544922,44.11970901489258,65.18367004394531,83.94014739990234,21.879953384399414
2018-02-12,133.70443725585938,96.18161010742188,150.58229064941406,73.00857543945312,233.54318237304688,44.55166244506836,66.16253662109375,85.0038070678711,22.22053337097168
2018-02-13,133.9932098388672,96.59982299804688,151.3595428466797,73.27536010742188,234.1241455078125,44.689876556396484,66.4192886352539,85.25550079345703,22.283309936523438
2018-02-14,136.40272521972656,98.37271881103516,154.19357299804688,74.23577117919922,237.28387451171875,45.06136703491211,67.42223358154297,86.32730102539062,22.627023696899414
2018-02-15,137.8917694091797,99.59100341796875,157.05601501464844,75.15172576904297,240.31170654296875,45.62290573120117,68.08821868896484,87.22856140136719,22.958179473876953
2018-02-16,138.3790283203125,99.49102020263672,156.3546600341797,75.1961898803711,240.38204956054688,45.7697639465332,68.07213592529297,87.3341064453125,22.939342498779297
2018-02-20,137.2419891357422,99.47280883789062,156.66737365722656,74.77820587158203,238.876953125,45.30326843261719,67.52656555175781,86.55465698242188,22.853029251098633
2018-02-21,137.38636779785156,99.00001525878906,156.221923828125,74.28912353515625,237.68873596191406,44.99224853515625,67.11735534667969,86.00249481201172,22.77140998840332
2018-02-22,137.16978454589844,99.16370391845703,156.20298767089844,74.31581115722656,237.996826171875,45.03544998168945,67.20560455322266,86.06746673583984,22.79652214050293
2018-02-23,138.9566192626953,100.71839904785156,159.39718627929688,75.52522277832031,241.7903289794922,45.67473602294922,68.31285858154297,87.3828353881836,23.181045532226562
2018-02-26,139.86810302734375,101.90029907226562,161.51083374023438,76.37890625,244.59805297851562,46.08077621459961,69.19546508789062,88.45462036132812,23.429019927978516
2018-02-27,137.8556365966797,100.94567108154297,159.5108642578125,75.52522277832031,241.5438995361328,45.54515838623047,68.41714477539062,87.48027801513672,23.0947265625
2018-02-28,135.6807861328125,99.99101257324219,158.48727416992188,74.8493423461914,239.09698486328125,45.182315826416016,67.71109008789062,86.38412475585938,22.89225959777832
2018-03-01,135.31980895996094,98.1999740600586,155.89967346191406,73.89781951904297,235.62039184570312,44.681236267089844,66.78836822509766,85.23116302490234,22.58778953552246
2018-03-02,137.48565673828125,98.51818084716797,157.33090209960938,74.35137939453125,236.83499145507812,44.90586471557617,67.13339233398438,85.62088775634766,22.73531150817871
2018-03-05,138.7129364013672,99.6910400390625,159.0749053955078,75.07168579101562,239.57240295410156,45.41556930541992,67.83145141601562,86.61148834228516,22.98956871032715
2018-03-06,140.21099853515625,99.98194885253906,159.7478485107422,75.42737579345703,240.1796875,45.476043701171875,68.08019256591797,86.72517395019531,23.088441848754883
2018-03-07,141.4473114013672,100.21833801269531,160.11753845214844,75.32958221435547,240.09164428710938,45.501949310302734,67.89561462402344,86.5871353149414,23.127681732177734
2018-03-08,141.15850830078125,100.65473175048828,160.9989776611328,75.8008804321289,241.25338745117188,45.76112747192383,68.0400390625,86.83882141113281,23.27050018310547
2018-03-09,143.4145965576172,102.62763977050781,164.12686157226562,77.07251739501953,245.45184326171875,46.296749114990234,69.17139434814453,88.30845642089844,23.68170166015625
2018-03-12,143.66732788085938,102.56401062011719,164.99891662597656,77.06363677978516,245.14370727539062,46.17580795288086,69.1794204711914,88.0242919921875,23.716236114501953
2018-03-13,142.99949645996094,101.79121398925781,162.75250244140625,76.69904327392578,243.55955505371094,46.123966217041016,68.9868392944336,87.48027801513672,23.54986000061035
2018-03-14,142.32266235351562,101.2457046508789,162.72406005859375,76.17437744140625,242.3097381591797,45.925270080566406,68.50542449951172,86.86318969726562,23.482379913330078
2018-03-15,141.60980224609375,101.33661651611328,162.58184814453125,76.19218444824219,242.0456085205078,45.882083892822266,68.32891845703125,86.84695434570312,23.446279525756836
2018-03-16,142.4038543701172,101.45481872558594,162.09844970703125,76.37890625,242.30804443359375,46.011661529541016,68.6418228149414,87.05803680419922,23.430587768554688
2018-03-19,141.03221130371094,100.3001708984375,158.63995361328125,75.40962219238281,239.0294952392578,45.64881896972656,67.76727294921875,86.06746673583984,23.060195922851562
2018-03-20,140.99609375,101.0638656616211,159.16207885742188,75.72085571289062,239.4360809326172,45.700660705566406,67.87157440185547,86.0268783569336,23.162208557128906
2018-03-21,141.81732177734375,100.70928955078125,158.4690399169922,75.5963363647461,238.9765167236328,45.493309020996094,67.75121307373047,85.97814178466797,23.091585159301758
2018-03-22,138.70755004882812,97.41356658935547,154.5576171875,73.63750457763672,233.00279235839844,44.647239685058594,66.156982421875,83.8410873413086,22.507726669311523
2018-03-23,135.72268676757812,94.97091674804688,150.48486328125,71.99396514892578,228.0364227294922,43.99639892578125,64.52725982666016,82.04454040527344,22.026290893554688
2018-03-26,138.68946838378906,98.19740295410156,156.07662963867188,74.03053283691406,234.27528381347656,44.87284469604492,66.43131256103516,84.30655670166016,22.627300262451172
2018-03-27,136.00308227539062,95.5724868774414,151.02598571777344,72.93185424804688,230.2898712158203,44.49971389770508,65.34214782714844,83.24495697021484,22.08608055114746
2018-03-28,135.95782470703125,94.98915100097656,149.28868103027344,72.8067855834961,229.60940551757812,44.62118911743164,65.24530029296875,83.24495697021484,21.963361740112305
2018-03-29,137.33273315429688,96.5385971069336,152.0228729248047,73.87866973876953,232.54330444335938,45.06377410888672,66.17312622070312,84.257568359375,22.322080612182617
2018-04-02,133.98602294921875,93.49442291259766,147.63670349121094,72.11009979248047,227.52386474609375,44.30880355834961,64.68054962158203,82.40383911132812,21.77457046508789
2018-04-03,135.90357971191406,94.59723663330078,149.29815673828125,73.12834930419922,230.4400634765625,44.78608322143555,65.64064025878906,83.5552749633789,22.021577835083008
2018-04-04,137.6312255859375,95.69095611572266,151.65257263183594,74.03943634033203,232.90557861328125,45.246002197265625,66.42321014404297,84.52706146240234,22.282745361328125
2018-04-05,138.7708740234375,96.51124572753906,152.5165252685547,74.37884521484375,234.7437286376953,45.46294403076172,66.81050109863281,85.09867095947266,22.449514389038086
2018-04-06,136.00308227539062,93.98660278320312,148.7000274658203,72.6996078491211,229.51220703125,44.68194580078125,65.40667724609375,83.33478546142578,21.9334716796875
2018-04-09,136.16586303710938,94.37850189208984,149.744384765625,72.87826538085938,230.6433563232422,44.8381462097168,65.61644744873047,83.64510345458984,22.00741958618164
2018-04-10,138.7347412109375,96.50213623046875,153.0481719970703,74.11984252929688,234.31063842773438,45.26335525512695,66.80239868164062,84.95167541503906,22.40231704711914
2018-04-11,139.03317260742188,95.8094482421875,152.1652374267578,73.67323303222656,233.0823516845703,45.05508804321289,66.46356964111328,84.4045639038086,22.314208984375
2018-04-12,139.98297119140625,97.32241821289062,153.9975128173828,74.17344665527344,234.99993896484375,45.133182525634766,67.1735610961914,85.19666290283203,22.468393325805664
2018-04-13,139.2503204345703,96.35629272460938,153.20004272460938,73.89653778076172,234.31063842773438,45.15922164916992,66.9153823852539,84.89450073242188,22.418046951293945
2018-04-16,140.53472900390625,97.02163696289062,154.36781311035156,74.47711181640625,236.23709106445312,45.619140625,67.55274963378906,85.64579010009766,22.58009910583496
2018-04-17,142.0633544921875,98.6348876953125,157.69056701660156,75.1023941040039,238.76443481445312,46.0096435546875,68.0448989868164,86.18476104736328,22.940385818481445
2018-04-18,142.44322204589844,98.86271667480469,158.0133819580078,74.83442687988281,238.9412078857422,45.992286682128906,68.19010925292969,86.16024780273438,22.987586975097656
2018-04-19,141.45730590820312,98.67134094238281,156.56080627441406,73.9769287109375,237.61570739746094,45.66252899169922,67.52046203613281,86.01325225830078,22.772045135498047
2018-04-20,140.69747924804688,98.02422332763672,154.08299255371094,73.33380126953125,235.60081481933594,45.33277893066406,66.84278106689453,85.52330780029297,22.517168045043945
2018-04-23,140.48948669433594,97.75989532470703,153.69375610351562,73.25341033935547,235.56552124023438,45.39352798461914,66.9153823852539,85.62944793701172,22.474689483642578
2018-04-24,139.68447875976562,95.9917221069336,150.43739318847656,72.39590454101562,232.3930206298828,45.003021240234375,66.39096069335938,84.91085052490234,22.049890518188477
2018-04-25,139.47642517089844,96.13755798339844,150.61773681640625,72.52098083496094,232.96742248535156,45.003021240234375,66.7620849609375,85.00067138671875,22.09552574157715
2018-04-26,140.11862182617188,97.68697357177734,153.78866577148438,73.27128601074219,235.335693359375,45.39352798461914,67.04447937011719,85.4171371459961,22.477834701538086
2018-04-27,139.91961669921875,97.74166870117188,153.8835906982422,73.36953735351562,235.55665588378906,45.43690872192383,67.0283203125,85.53961944580078,22.477834701538086
2018-04-30,138.68045043945312,97.02163696289062,152.7918243408203,72.91400146484375,233.74513244628906,45.15922164916992,66.43131256103516,84.60871124267578,22.383441925048828
2018-05-01,139.35882568359375,97.62319946289062,154.53866577148438,72.9497299194336,234.160400390625,45.089805603027344,66.46356964111328,84.45354461669922,22.531328201293945
2018-05-02,139.88340759277344,96.75732421875,153.6272430419922,72.70853424072266,232.58741760253906,44.647239685058594,66.09244537353516,83.6042709350586,22.447940826416016
2018-05-03,139.12371826171875,96.96696472167969,153.6082305908203,72.72639465332031,232.07489013671875,44.66459274291992,65.70516967773438,83.28580474853516,22.443225860595703
2018-05-04,140.86032104492188,97.98776245117188,156.52279663085938,73.6196517944336,235.07948303222656,45.14186477661133,66.55231475830078,84.18406677246094,22.778335571289062
2018-05-07,142.05426025390625,98.7716064453125,157.82350158691406,73.78935241699219,235.87481689453125,45.17659378051758,66.57650756835938,84.3473892211914,22.908926010131836
2018-05-08,142.75979614257812,99.19085693359375,157.66209411621094,73.86972045898438,235.87481689453125,45.11582946777344,66.64911651611328,84.32289123535156,22.9215087890625
2018-05-09,143.5286407470703,100.49420166015625,159.38046264648438,74.4949951171875,238.15472412109375,45.30674362182617,67.18968963623047,85.04149627685547,23.159076690673828
2018-05-10,144.29750061035156,101.18688201904297,161.0323486328125,75.09346771240234,240.38156127929688,45.74931716918945,67.85124969482422,85.8417739868164,23.371475219726562
2018-05-11,144.57791137695312,101.25980377197266,160.88047790527344,75.29890441894531,241.1151123046875,45.84477233886719,68.05294036865234,86.11127471923828,23.398218154907227
2018-05-14,144.02613830566406,101.27801513671875,161.15577697753906,75.21851348876953,241.22998046875,45.74931716918945,68.238525390625,86.26643371582031,23.382490158081055
2018-05-15,144.0532684326172,100.63091278076172,159.3709716796875,74.72722625732422,239.56869506835938,45.428245544433594,68.03680419921875,85.86627197265625,23.165372848510742
2018-05-16,145.5548095703125,101.05015563964844,160.4247589111328,75.12025451660156,240.5760498046875,45.497657775878906,68.61769104003906,86.2092514038086,23.27550506591797
2018-05-17,146.22410583496094,100.79496765136719,159.8076629638672,75.20064544677734,240.372802734375,45.39352798461914,68.61769104003906,86.17658996582031,23.262916564941406
2018-05-18,146.4141082763672,100.63091278076172,158.981689453125,75.0577163696289,239.7718963623047,45.37617111206055,68.16590118408203,85.8417739868164,23.242464065551758
2018-05-21,147.3819122314453,101.6243667602539,159.87413024902344,75.45073699951172,241.57461547851562,45.679893493652344,68.71452331542969,86.55223083496094,23.396650314331055
2018-05-22,146.3145294189453,101.22335052490234,159.66525268554688,75.20064544677734,240.9029998779297,45.46294403076172,68.62578582763672,86.44606018066406,23.284940719604492
2018-05-23,146.50454711914062,101.6517105102539,161.0133819580078,75.51327514648438,241.5657196044922,45.714603424072266,68.56124877929688,86.41342163085938,23.434412002563477
2018-05-24,146.5587921142578,101.59701538085938,160.96591186523438,75.48649597167969,241.0709228515625,45.697242736816406,68.4966812133789,86.16842651367188,23.421815872192383
2018-05-25,146.2965087890625,101.30535125732422,161.12730407714844,75.25422668457031,240.49655151367188,45.679893493652344,68.24659729003906,85.87443542480469,23.387203216552734
2018-05-29,146.0974884033203,100.020263671875,160.41529846191406,74.51286315917969,237.7305145263672,45.40219497680664,67.43170166015625,84.6576919555664,23.210996627807617
2018-05-30,148.4130401611328,101.37825775146484,161.56399536132812,75.48649597167969,240.9029998779297,45.95756912231445,68.17398834228516,85.87443542480469,23.473737716674805
2018-05-31,147.22811889648438,100.3665771484375,161.45957946777344,74.87908935546875,239.42721557617188,45.61046600341797,67.74638366699219,85.12316131591797,23.365182876586914
2018-06-01,148.1959686279297,101.96161651611328,163.99440002441406,75.70085144042969,241.7779083251953,45.81873321533203,68.52896881103516,85.93160247802734,23.64522933959961
2018-06-04,148.98292541503906,102.69074249267578,165.47543334960938,76.1563949584961,242.9265899658203,46.05303192138672,68.85974884033203,86.16842651367188,23.81671905517578
2018-06-05,149.90548706054688,103.17378997802734,165.9880828857422,76.27251434326172,243.1033935546875,46.03569030761719,68.99690246582031,86.16024780273438,23.876508712768555
2018-06-06,150.99090576171875,104.1672592163086,166.95645141601562,76.95137786865234,245.13584899902344,46.278663635253906,69.57780456542969,86.93601989746094,24.0637264251709
2018-06-07,150.1678009033203,103.26493072509766,165.59877014160156,76.87095642089844,245.1092987060547,46.31336975097656,69.7229995727539,87.15652465820312,23.95988655090332
2018-06-08,150.6200714111328,103.61131286621094,165.60829162597656,77.10323333740234,245.83389282226562,46.54767608642578,69.82788848876953,87.45051574707031,24.0228271484375
2018-06-11,150.84616088867188,103.52012634277344,166.05453491210938,76.99602508544922,246.16098022460938,46.53899002075195,69.98925018310547,87.54849243164062,24.076311111450195
2018-06-12,151.53363037109375,103.81180572509766,166.927978515625,77.11214447021484,246.47915649414062,46.625762939453125,69.94086456298828,87.44232940673828,24.18487548828125
2018-06-13,150.93667602539062,103.78446960449219,166.91845703125,76.6744613647461,245.692626953125,46.41749572753906,69.6665267944336,87.06669616699219,24.099910736083984
2018-06-14,151.74168395996094,104.221923828125,168.6083221435547,76.7727279663086,246.31118774414062,46.59105682373047,69.64232635498047,86.9931869506836,24.279272079467773
2018-06-15,151.78689575195312,103.9302749633789,168.01971435546875,76.9067153930664,245.99697875976562,46.74726104736328,69.53744506835938,86.94419860839844,24.261964797973633
2018-06-18,152.50144958496094,104.03966522216797,167.9226837158203,76.6744613647461,245.49093627929688,46.58238220214844,69.31959533691406,86.62571716308594,24.249378204345703
2018-06-19,152.51046752929688,103.3560562133789,167.44699096679688,76.37969970703125,244.550048828125,46.512962341308594,68.9323501586914,86.42156219482422,24.115646362304688
2018-06-20,153.74070739746094,103.9211654663086,168.6362762451172,76.29930877685547,244.96725463867188,46.48693084716797,69.04530334472656,86.38890838623047,24.22420310974121
2018-06-21,152.302490234375,102.96416473388672,167.17108154296875,75.71870422363281,243.43157958984375,46.35675048828125,68.55317687988281,85.91526794433594,24.02911376953125
2018-06-22,151.79591369628906,102.21678924560547,166.80006408691406,75.77230072021484,243.87547302246094,46.521636962890625,68.5370101928711,86.18472290039062,24.01791000366211
2018-06-25,149.31759643554688,99.91997528076172,163.04196166992188,74.8076400756836,240.55564880371094,46.33939743041992,67.56080627441406,85.45357513427734,23.555667877197266
2018-06-26,150.18592834472656,100.38626098632812,163.7079620361328,74.89464569091797,241.08819580078125,46.29665756225586,67.6573486328125,85.41251373291016,23.670833587646484
2018-06-27,147.7798614501953,98.98745727539062,161.4817352294922,74.16787719726562,239.09095764160156,45.965084075927734,67.12997436523438,84.89495849609375,23.401058197021484
2018-06-28,148.23216247558594,100.10284423828125,162.8707275390625,74.69727325439453,240.4579620361328,46.30537414550781,67.19487762451172,85.25640106201172,23.601417541503906
2018-06-29,148.1326446533203,100.29485321044922,163.308349609375,74.87673950195312,240.8041534423828,46.3838996887207,67.02452087402344,85.29749298095703,23.63454246520996
2018-07-02,149.1547393798828,100.72453308105469,164.40249633789062,74.89464569091797,241.31898498535156,46.45370864868164,67.17057800292969,85.42073059082031,23.722896575927734
2018-07-03,149.74932861328125,99.9017105102539,162.49966430664062,74.77801513671875,240.46690368652344,46.4798698425293,66.80545043945312,85.30570220947266,23.563552856445312
2018-07-05,151.45596313476562,100.5782699584961,164.51663208007812,75.38813781738281,242.4285125732422,46.84633255004883,67.39774322509766,85.9054183959961,23.79704475402832
2018-07-06,152.7360076904297,101.49254608154297,167.07598876953125,76.03418731689453,244.47909545898438,47.09065246582031,67.884521484375,86.41476440429688,24.058935165405273
2018-07-09,153.69825744628906,102.65363311767578,168.5791473388672,76.64432525634766,246.68043518066406,47.151729583740234,68.79325103759766,87.23625183105469,24.270336151123047
2018-07-10,152.99923706054688,102.9096450805664,168.70286560058594,76.93144989013672,247.568115234375,47.413482666015625,68.95551300048828,87.62238311767578,24.3239803314209
2018-07-11,151.7011260986328,102.3702163696289,167.84657287597656,76.37516784667969,245.75730895996094,47.31751251220703,68.03057098388672,86.88299560546875,24.20722770690918
2018-07-12,152.4364471435547,103.79649353027344,170.73880004882812,76.9942626953125,247.9852752685547,47.62289810180664,68.56605529785156,87.40054321289062,24.48016357421875
2018-07-13,151.98257446289062,103.64105987548828,170.8815460205078,77.08399200439453,248.1805877685547,47.640350341796875,68.54983520507812,87.44983673095703,24.521181106567383
2018-07-16,151.39242553710938,103.7050552368164,170.47242736816406,76.73403930664062,247.9586944580078,47.50074768066406,68.49304962158203,87.53201293945312,24.4470272064209
2018-07-17,152.06422424316406,104.26274871826172,171.50942993164062,77.23651885986328,248.9617156982422,47.657806396484375,68.6715316772461,87.7948989868164,24.589019775390625
2018-07-18,152.49087524414062,104.52790069580078,171.18600463867188,77.39802551269531,249.48548889160156,47.657806396484375,68.8824691772461,88.11528015136719,24.596904754638672
2018-07-19,153.5711669921875,103.81475067138672,170.32974243164062,77.25447082519531,248.54461669921875,47.66653060913086,68.72830963134766,87.68810272216797,24.533802032470703
2018-07-20,152.94480895996094,103.90618896484375,170.29171752929688,77.10195922851562,248.260498046875,47.63161087036133,68.46869659423828,87.61415100097656,24.499094009399414
2018-07-23,153.13539123535156,104.09819793701172,170.83396911621094,77.09295654296875,248.72215270996094,47.553096771240234,68.63906860351562,87.89347076416016,24.502248764038086
2018-07-24,151.50137329101562,104.01590728759766,171.53799438476562,77.42494201660156,249.9736785888672,47.614166259765625,68.72019958496094,88.32066345214844,24.58428192138672
2018-07-25,152.05514526367188,105.40557861328125,173.9355926513672,78.20556640625,252.10409545898438,47.98936080932617,69.0285415649414,88.93678283691406,24.88876724243164
2018-07-26,152.87216186523438,105.08558654785156,171.30015563964844,78.14274597167969,251.50929260253906,48.05044174194336,69.26378631591797,89.21610260009766,24.6347713470459
2018-07-27,150.021728515625,103.50390625,168.98829650878906,77.65821838378906,249.80506896972656,47.84103012084961,68.89058685302734,88.97785949707031,24.37445831298828
2018-07-30,149.0594024658203,101.68451690673828,166.6002197265625,77.13780212402344,248.5001983642578,47.56182098388672,69.03663635253906,88.92034149169922,24.087337493896484
2018-07-31,150.57545471191406,102.05937957763672,167.87509155273438,77.65821838378906,249.7251434326172,47.91083526611328,69.3125,89.265380859375,24.227741241455078
2018-08-01,150.47555541992188,102.26966857910156,168.51255798339844,77.45188903808594,249.30795288085938,47.788673400878906,69.23944854736328,88.83820343017578,24.292423248291016
2018-08-02,151.57403564453125,103.33018493652344,170.80540466308594,77.72105407714844,250.6661376953125,47.97190856933594,69.67757415771484,89.03536224365234,24.506980895996094
2018-08-03,151.04747009277344,103.35762786865234,171.32872009277344,78.07994079589844,251.74009704589844,48.23366928100586,70.20494842529297,89.65149688720703,24.55746078491211
2018-08-06,151.89175415039062,103.89704132080078,172.3372039794922,78.32220458984375,252.66331481933594,48.364559173583984,70.37532806396484,89.90617370605469,24.674209594726562
2018-08-07,152.25485229492188,104.3907470703125,172.96511840820312,78.65419006347656,253.49761962890625,48.44308090209961,70.56195831298828,90.201904296875,24.7593994140625
2018-08-08,152.1186981201172,104.57362365722656,173.17445373535156,78.55552673339844,253.3911590576172,48.44308090209961,70.5862808227539,90.15263366699219,24.74835777282715
2018-08-09,152.50904846191406,104.59190368652344,173.06979370117188,78.37605285644531,253.0449676513672,48.451805114746094,70.44837951660156,89.95545959472656,24.745206832885742
2018-08-10,152.08236694335938,104.07074737548828,171.74732971191406,77.87358093261719,251.3494873046875,48.2860221862793,69.87232971191406,89.36397552490234,24.58112907409668
2018-08-13,151.19276428222656,103.5953369140625,171.5570526123047,77.5774917602539,250.40870666503906,48.16387939453125,69.5234375,88.8546371459961,24.530641555786133
2018-08-14,152.69058227539062,104.32674407958984,172.63211059570312,78.10688018798828,252.00640869140625,48.434349060058594,70.02645874023438,89.43791198730469,24.683677673339844
2018-08-15,150.77517700195312,102.94619750976562,170.52005004882812,77.75692749023438,250.12461853027344,48.408172607421875,69.44229888916016,88.90393829345703,24.443878173828125
2018-08-16,152.17315673828125,103.71419525146484,171.0813446044922,78.37605285644531,252.1483612060547,48.78337478637695,70.30230712890625,89.84044647216797,24.58112907409668
2018-08-17,152.82676696777344,103.7873306274414,171.11936950683594,78.71700286865234,253.0361328125,49.062583923339844,70.77289581298828,90.27584075927734,24.609527587890625
2018-08-20,153.25340270996094,104.33589172363281,170.96719360351562,79.0579605102539,253.5775909423828,49.14983367919922,71.0974349975586,90.53872680664062,24.660015106201172
2018-08-21,155.0145263671875,104.67415618896484,171.5950927734375,79.20153045654297,254.1722869873047,49.062583923339844,71.39762115478516,90.65373992919922,24.738893508911133
2018-08-22,155.3958282470703,105.12217712402344,172.26104736328125,79.20153045654297,254.02133178710938,48.93170166015625,71.16230010986328,90.4237289428711,24.794109344482422
2018-08-23,154.9237518310547,105.25016784667969,172.0137176513672,79.22844696044922,253.68405151367188,48.94042205810547,70.91895294189453,90.23477935791016,24.767292022705078
2018-08-24,155.76795959472656,106.42040252685547,173.6121063232422,79.65914154052734,255.21084594726562,49.21962356567383,71.19480895996094,90.63731384277344,24.97869300842285
2018-08-27,155.99497985839844,107.28897094726562,175.38165283203125,80.17952728271484,257.2258605957031,49.28071594238281,71.84385681152344,91.30272674560547,25.171161651611328
2018-08-28,156.1401824951172,107.42610931396484,175.63858032226562,80.16161346435547,257.35009765625,49.28071594238281,71.98180389404297,91.31094360351562,25.204307556152344
2018-08-29,156.5940704345703,108.358642578125,177.66506958007812,80.628173828125,258.7348937988281,49.490116119384766,72.16027069091797,91.55741119384766,25.4251651763916
2018-08-30,156.4669647216797,107.82837677001953,177.35105895996094,80.26029205322266,257.68743896484375,49.2894401550293,71.86819458007812,91.05628967285156,25.33365821838379
2018-08-31,157.06613159179688,108.04782104492188,177.57943725585938,80.55638122558594,257.6963195800781,49.37668991088867,71.81140899658203,90.95769500732422,25.358901977539062
2018-09-04,156.36715698242188,108.40436553955078,176.81826782226562,80.4666748046875,257.25250244140625,49.35051727294922,71.67346954345703,90.87556457519531,25.328929901123047
2018-09-05,155.94955444335938,106.54840850830078,174.53494262695312,80.4666748046875,256.5601501464844,49.42905044555664,71.67346954345703,91.03986358642578,25.109638214111328
2018-09-06,154.8965301513672,106.61239624023438,172.97462463378906,80.36798858642578,255.7878875732422,49.6733512878418,71.10555267333984,90.93305969238281,24.996057510375977
2018-09-07,154.81478881835938,106.30155944824219,172.3086395263672,80.08981323242188,255.2907257080078,49.507568359375,70.83777618408203,90.6866226196289,24.945558547973633
2018-09-10,155.0054473876953,106.67639923095703,172.88900756835938,80.2872314453125,255.73460388183594,49.612281799316406,70.82157897949219,90.87556457519531,24.999208450317383
2018-09-11,155.25962829589844,107.24324035644531,174.22096252441406,80.47564697265625,256.5777893066406,49.66461944580078,70.9352035522461,90.98234558105469,25.14749526977539
2018-09-12,154.88743591308594,107.38953399658203,173.70718383789062,80.51152038574219,256.6399841308594,49.75188064575195,70.96761322021484,91.1055679321289,25.122262954711914
2018-09-13,154.9237518310547,108.00209045410156,175.56243896484375,80.97811126708984,258.1579284667969,50.013633728027344,71.4300765991211,91.51634216308594,25.297380447387695
2018-09-14,155.57733154296875,108.1849594116211,175.0487060546875,81.10374450683594,258.20233154296875,50.022369384765625,71.55989837646484,91.6888656616211,25.268978118896484
2018-09-17,153.92518615722656,106.88668823242188,172.52740478515625,80.7178955078125,256.8352355957031,49.935115814208984,71.25968933105469,91.62313079833984,24.996057510375977
2018-09-18,154.56973266601562,108.02951049804688,173.95452880859375,81.09475708007812,258.2289123535156,50.100887298583984,71.6410140991211,91.99279022216797,25.171161651611328
2018-09-19,154.0068817138672,107.58155059814453,173.82138061523438,81.08580780029297,258.5041809082031,49.830413818359375,71.84385681152344,92.18175506591797,25.164852142333984
2018-09-20,155.43209838867188,108.29467010498047,175.7432098388672,81.70491790771484,260.5989685058594,50.1270751953125,72.46044921875,92.9046630859375,25.368370056152344
2018-09-21,154.6876983642578,108.1849594116211,174.78231811523438,81.88435363769531,260.36083984375,50.24049758911133,72.39554595947266,93.04436492919922,25.28948402404785
2018-09-24,154.1158447265625,108.39521026611328,175.26840209960938,81.50748443603516,259.49603271484375,49.88275146484375,72.03855895996094,92.4364242553711,25.29106330871582
2018-09-25,154.35183715820312,108.76092529296875,175.5066680908203,81.3011245727539,259.25518798828125,49.830413818359375,71.7059097290039,91.99279022216797,25.362060546875
2018-09-26,152.94102478027344,108.59143829345703,175.630615234375,81.1551742553711,258.4794616699219,49.65776062011719,71.44241333007812,91.57383728027344,25.33050537109375
2018-09-27,152.9501190185547,108.89379119873047,177.11744689941406,81.29932403564453,259.20172119140625,49.75416564941406,71.6055908203125,91.56561279296875,25.475656509399414
2018-09-28,153.41433715820312,109.04041290283203,177.07931518554688,81.41645050048828,259.2284240722656,49.99079132080078,71.67086029052734,91.52508544921875,25.479923248291016
2018-10-01,151.39370727539062,109.60850524902344,177.44146728515625,81.72277069091797,260.1289978027344,49.982025146484375,71.90743255615234,91.91374206542969,25.54004669189453
2018-10-02,149.75535583496094,109.12285614013672,177.0411834716797,81.78582763671875,259.97747802734375,49.99955368041992,71.989013671875,92.12876892089844,25.456186294555664
2018-10-03,151.06605529785156,109.48023223876953,177.23184204101562,81.74980163574219,260.1200866699219,49.81550979614258,72.42958068847656,92.24456024169922,25.46726417541504
2018-10-04,148.9452362060547,107.73926544189453,173.82919311523438,81.02003479003906,258.0870666503906,49.587646484375,71.96455383300781,92.06261444091797,25.097026824951172
2018-10-05,147.59812927246094,106.64884948730469,171.7037353515625,80.4434585571289,256.64251708984375,49.61392593383789,71.42608642578125,91.77318572998047,24.8818416595459
2018-10-08,147.28868103027344,105.65924835205078,170.65530395507812,80.42543029785156,256.64251708984375,49.69280242919922,71.55662536621094,92.06261444091797,24.748943328857422
2018-10-09,146.71524047851562,105.68671417236328,171.2080841064453,80.27227783203125,256.2680969238281,49.74538803100586,71.18132781982422,91.78145599365234,24.76317596435547
2018-10-10,142.50103759765625,100.9494400024414,163.67848205566406,77.52445983886719,248.15380859375,48.492130279541016,69.30493927001953,89.40815734863281,23.78379249572754
2018-10-11,139.77957153320312,99.01599884033203,161.64837646484375,75.72261047363281,242.6878662109375,47.42288589477539,67.69775390625,87.20849609375,23.378742218017578
2018-10-12,139.80685424804688,101.52670288085938,166.14710998535156,76.8217544555664,246.05831909179688,47.86985778808594,68.44014739990234,87.8204345703125,23.883472442626953
2018-10-15,140.32562255859375,100.25304412841797,164.135986328125,76.42533111572266,244.67626953125,47.878631591796875,68.07301330566406,87.57238006591797,23.68410301208496
2018-10-16,144.3942413330078,103.22185516357422,168.91107177734375,77.83976745605469,250.02626037597656,48.75504684448242,69.37018585205078,89.14352416992188,24.27902603149414
2018-10-17,143.77529907226562,103.19437408447266,168.9778289794922,77.79474639892578,250.0708770751953,48.76381301879883,69.26415252685547,89.28411102294922,24.25212287902832
2018-10-18,141.08111572265625,101.12350463867188,165.06048583984375,76.78571319580078,246.45956420898438,48.457069396972656,68.2362060546875,88.42408752441406,23.786958694458008
2018-10-19,139.5884246826172,99.99646759033203,164.9080352783203,76.42533111572266,246.32591247558594,48.54470443725586,68.17908477783203,88.46544647216797,23.706262588500977
2018-10-22,139.2880096435547,100.32633209228516,165.7563018798828,76.2901840209961,245.22023010253906,48.3781852722168,67.90985870361328,87.8204345703125,23.703094482421875
2018-10-23,138.0410614013672,99.29092407226562,165.1462860107422,75.794677734375,243.97181701660156,48.237953186035156,67.61616516113281,87.2994613647461,23.582847595214844
2018-10-24,132.84381103515625,95.53404998779297,157.58807373046875,73.45228576660156,236.57981872558594,47.510536193847656,65.23391723632812,85.0667495727539,22.742691040039062
2018-10-25,135.72006225585938,98.25547790527344,163.0399169921875,74.56044006347656,240.82420349121094,47.79099655151367,66.58821105957031,86.17485809326172,23.277481079101562
2018-10-26,134.2364044189453,96.0838394165039,158.84619140625,73.54236602783203,236.58871459960938,47.168724060058594,65.72342681884766,85.01712036132812,22.766422271728516
2018-10-29,133.4991455078125,94.75520324707031,155.57699584960938,73.3982162475586,235.27793884277344,47.20378875732422,65.76422882080078,85.1329116821289,22.431001663208008
2018-10-30,136.28436279296875,96.28543090820312,158.140869140625,74.57841491699219,238.7644500732422,47.86985778808594,66.80850982666016,86.38155364990234,22.791748046875
2018-10-31,136.5574493408203,98.29214477539062,161.85806274414062,75.25411987304688,241.31460571289062,47.96627426147461,67.43667602539062,86.96868896484375,23.169893264770508
2018-11-01,139.70672607421875,100.00563049316406,163.9930419921875,76.11902618408203,243.88267517089844,48.115264892578125,68.41571044921875,87.5392837524414,23.5306396484375
2018-11-02,140.17091369628906,99.31839752197266,161.43870544433594,75.63251495361328,242.4381561279297,48.02761459350586,67.63247680664062,87.38215637207031,23.272729873657227
2018-11-05,140.0616912841797,99.8773422241211,161.03836059570312,76.08296966552734,243.7757110595703,48.43076705932617,68.12197875976562,88.3910140991211,23.256916046142578
2018-11-06,140.75343322753906,100.12474060058594,162.25839233398438,76.5784683227539,245.31822204589844,48.737510681152344,68.50541687011719,88.85409545898438,23.423046112060547
2018-11-07,143.27474975585938,103.10274505615234,167.34800720214844,78.14607238769531,250.57028198242188,49.53504943847656,69.71283721923828,90.37566375732422,24.024280548095703
2018-11-08,142.89244079589844,102.91030883789062,166.28053283691406,78.0560073852539,250.11546325683594,49.56134033203125,69.5088882446289,90.30122375488281,23.942012786865234
2018-11-09,140.24374389648438,101.49005889892578,163.47837829589844,77.34425354003906,247.6721954345703,49.53504943847656,68.61961364746094,89.6231460571289,23.657211303710938
2018-11-12,137.46762084960938,98.76861572265625,158.5316925048828,75.91182708740234,243.04457092285156,48.974151611328125,67.28166961669922,88.432373046875,23.043315887451172
2018-11-13,137.03073120117188,98.59451293945312,158.6650848388672,75.72261047363281,242.58975219726562,48.87774658203125,67.10218048095703,88.3579330444336,22.9990177154541
2018-11-14,136.02951049804688,97.65071868896484,157.4546356201172,75.12799835205078,240.93116760253906,48.62358474731445,66.31083679199219,87.6633071899414,22.858192443847656
2018-11-15,137.96820068359375,99.07101440429688,160.20913696289062,75.93879699707031,243.4457244873047,48.93031692504883,66.84110260009766,88.46544647216797,23.144577026367188
2018-11-16,138.29586791992188,98.49372863769531,159.6468505859375,75.84873962402344,244.07884216308594,49.1932487487793,66.97166442871094,88.93680572509766,23.12084197998047
2018-11-19,135.4925079345703,95.26831817626953,154.4618682861328,74.53338623046875,239.95040893554688,48.737510681152344,66.1639633178711,88.33314514160156,22.46897315979004
2018-11-20,132.88021850585938,93.60983276367188,151.6978759765625,73.26309967041016,235.50975036621094,48.09773254394531,64.56494140625,86.58829498291016,22.101898193359375
2018-11-21,134.7370147705078,93.9946517944336,152.8511199951172,73.23605346679688,236.3123321533203,48.06267166137695,64.8994369506836,86.68753051757812,22.245880126953125
2018-11-23,134.60958862304688,93.33495330810547,151.74545288085938,72.71353912353516,234.73403930664062,47.94873046875,64.45072937011719,86.25750732421875,22.074996948242188
2018-11-26,136.35719299316406,95.41492462158203,155.25299072265625,73.65048217773438,238.52371215820312,48.351898193359375,65.47871398925781,87.47313690185547,22.467391967773438
2018-11-27,135.22857666015625,95.70814514160156,155.77716064453125,73.80364227294922,239.3262176513672,48.500885009765625,65.60921478271484,87.8204345703125,22.50694465637207
2018-11-28,138.56895446777344,98.99768829345703,160.79055786132812,75.56945037841797,244.8367462158203,49.315948486328125,66.98797607421875,89.36679077148438,23.174640655517578
2018-11-29,138.1958465576172,98.57621002197266,160.26634216308594,75.21807861328125,244.30181884765625,49.28965759277344,66.63716888427734,89.13525390625,23.15090560913086
2018-11-30,138.91485595703125,99.68494415283203,161.42913818359375,75.94784545898438,245.79086303710938,49.51752471923828,67.03692626953125,89.8133316040039,23.302797317504883
2018-12-03,140.24374389648438,100.9494400024414,164.2503662109375,76.8217544555664,249.04551696777344,49.94697189331055,67.85274505615234,90.49144744873047,23.711008071899414
2018-12-04,134.27285766601562,97.93475341796875,157.95030212402344,74.47032165527344,240.97579956054688,49.06178283691406,65.38892364501953,87.94447326660156,22.861358642578125
2018-12-06,133.98150634765625,98.2646484375,159.06544494628906,74.45230102539062,240.61019897460938,49.03550720214844,65.08708190917969,87.52274322509766,22.9119930267334
2018-12-07,131.08714294433594,95.40576934814453,153.8137664794922,72.74053955078125,235.01939392089844,48.299312591552734,63.39015197753906,85.74481964111328,22.29651641845703
2018-12-10,130.7048797607422,96.11131286621094,155.42453002929688,72.96577453613281,235.4652099609375,48.448299407958984,63.014869689941406,85.60424041748047,22.413597106933594
2018-12-11,130.56826782226562,96.27627563476562,155.93919372558594,73.01082611083984,235.5187225341797,48.500885009765625,62.8680305480957,85.52156829833984,22.434162139892578
2018-12-12,131.81527709960938,96.87185668945312,157.31163024902344,73.38920593261719,236.7046661376953,48.55348205566406,63.34937286376953,85.84405517578125,22.606624603271484
2018-12-13,129.9493865966797,97.03680419921875,157.35935974121094,73.43424987792969,236.62442016601562,48.64110565185547,63.05567932128906,85.83580017089844,22.57023811340332
2018-12-14,127.98329162597656,94.82850646972656,153.52784729003906,71.80358123779297,232.25521850585938,47.97503662109375,62.354034423828125,84.42174530029297,22.11614227294922
2018-12-17,125.13309478759766,92.4424819946289,150.04896545410156,70.23869323730469,227.69869995117188,46.9519157409668,61.20535659790039,82.78438568115234,21.614580154418945
2018-12-18,124.97785949707031,92.54364013671875,150.99253845214844,70.33832550048828,227.44903564453125,46.78450393676758,61.14783477783203,82.4618911743164,21.704763412475586
2018-12-19,122.37509155273438,91.36627960205078,147.28488159179688,69.16105651855469,224.04283142089844,46.37913513183594,60.055049896240234,81.51094818115234,21.29022789001465
2018-12-20,120.3567886352539,89.59100341796875,145.1499481201172,68.1376953125,220.39588928222656,45.72701644897461,58.781494140625,80.38630676269531,20.900999069213867
2018-12-21,117.23351287841797,87.72376251220703,140.65127563476562,66.7159194946289,215.88006591796875,45.11015319824219,57.8612174987793,79.15415954589844,20.345651626586914
2018-12-24,114.95950317382812,85.35984802246094,137.16336059570312,65.1220703125,210.17587280273438,43.85881805419922,56.39866256713867,76.89482116699219,19.83519172668457
2018-12-26,120.48464965820312,90.12450408935547,145.7277374267578,68.17391967773438,220.7949676513672,45.35690689086914,58.85541915893555,80.06890106201172,20.980655670166016
2018-12-27,120.98694610595703,90.99838256835938,146.29168701171875,68.97087097167969,222.49009704589844,45.85039520263672,59.323760986328125,80.88534545898438,21.160181045532227
2018-12-28,121.33399200439453,90.97074890136719,146.2151641845703,68.79878997802734,222.2030792236328,45.80012893676758,59.22517013549805,80.8020248413086,21.137943267822266
2018-12-31,122.28377532958984,92.19412231445312,147.4482421875,69.51422882080078,224.14935302734375,46.20576095581055,59.62778854370117,81.601806640625,21.341299057006836
2019-01-02,122.97781372070312,91.57783508300781,148.04090881347656,69.47798919677734,224.3825225830078,45.80012893676758,60.24401092529297,81.64344787597656,21.334941864013672
2019-01-03,120.77687072753906,89.04830169677734,143.20433044433594,67.73018646240234,219.02813720703125,45.12996292114258,59.101924896240234,80.13555908203125,20.68198013305664
2019-01-04,125.28832244873047,92.02855682373047,149.33120727539062,70.1209716796875,226.36463928222656,46.11756896972656,61.1724967956543,82.44322967529297,21.504934310913086
2019-01-07,127.48013305664062,92.91159057617188,151.10910034179688,70.54661560058594,228.1494598388672,46.26748275756836,61.879119873046875,82.91807556152344,21.72417640686035
2019-01-08,129.4344940185547,94.06137084960938,152.47592163085938,71.30730438232422,230.29298400878906,46.66428756713867,62.298160552978516,83.5262680053711,21.98949432373047
2019-01-09,130.5029754638672,94.6132583618164,153.71859741210938,71.7057876586914,231.36929321289062,46.67310333251953,62.708988189697266,83.67621612548828,22.16107940673828
2019-01-10,131.17880249023438,94.74203491210938,154.15823364257812,72.03179931640625,232.18540954589844,47.025814056396484,62.90618133544922,83.97611999511719,22.26752471923828
2019-01-11,131.21534729003906,94.80642700195312,153.59426879882812,71.8235092163086,232.27513122558594,47.034629821777344,63.317012786865234,84.14274597167969,22.211917877197266
2019-01-14,129.90936279296875,93.97858428955078,152.2369842529297,71.44315338134766,230.8580780029297,46.69074249267578,62.939048767089844,83.76783752441406,22.04827880859375
2019-01-15,131.00523376464844,95.45951080322266,155.20968627929688,72.09519958496094,233.50384521484375,47.1580810546875,63.1526985168457,84.52595520019531,22.366024017333984
2019-01-16,131.98243713378906,95.31233978271484,155.18099975585938,72.1585922241211,234.0688934326172,47.149261474609375,63.317012786865234,84.80924987792969,22.38508415222168
2019-01-17,133.17877197265625,96.03900909423828,156.40447998046875,72.81063079833984,235.84471130371094,47.466705322265625,63.810020446777344,85.42569732666016,22.57097053527832
2019-01-18,134.54869079589844,97.05078125,157.95294189453125,73.78868103027344,238.9837646484375,47.995784759521484,64.78779602050781,86.60871124267578,22.8521728515625
2019-01-22,132.42080688476562,95.9837875366211,154.78915405273438,72.73817443847656,235.75503540039062,47.660709381103516,63.76893997192383,85.67564392089844,22.48835563659668
2019-01-23,132.05551147460938,96.27811431884766,154.98980712890625,72.78348541259766,236.24830627441406,47.93405532836914,63.71140670776367,85.91725158691406,22.496295928955078
2019-01-24,132.8500213623047,95.99301147460938,155.9934539794922,72.84685516357422,236.37388610839844,47.81942367553711,64.1797866821289,85.8422622680664,22.569377899169922
2019-01-25,134.55776977539062,96.61849212646484,157.85733032226562,73.643798828125,238.3739471435547,47.986968994140625,64.82064819335938,86.30880737304688,22.837875366210938
2019-01-28,133.8363494873047,95.65267181396484,155.90745544433594,73.13665771484375,236.56224060058594,47.88115310668945,64.50843811035156,85.80059814453125,22.62180519104004
2019-01-29,133.51670837402344,95.25712585449219,154.4354248046875,73.1728744506836,236.24830627441406,47.960506439208984,64.51666259765625,85.95890045166016,22.513776779174805
2019-01-30,134.97784423828125,97.25314331054688,158.36392211914062,74.09659576416016,239.98834228515625,48.47194290161133,65.04251098632812,86.77534484863281,23.017396926879883
2019-01-31,136.12857055664062,98.14540100097656,160.7344512939453,75.2467041015625,242.09608459472656,48.81584548950195,65.49442291259766,87.27519226074219,23.304960250854492
2019-02-01,136.2381591796875,98.3293685913086,160.05575561523438,75.58174896240234,242.21258544921875,48.930484771728516,65.71627807617188,87.50010681152344,23.284305572509766
2019-02-04,137.86375427246094,98.51332092285156,162.04396057128906,76.07987213134766,243.916748046875,49.274383544921875,65.89704895019531,87.85002899169922,23.513084411621094
2019-02-05,138.00985717773438,98.66968536376953,163.47776794433594,76.57793426513672,244.9390869140625,49.41546630859375,65.96277618408203,87.95834350585938,23.691011428833008
2019-02-06,137.83633422851562,98.74327087402344,162.990234375,76.44210815429688,244.61622619628906,49.34492111206055,66.16817474365234,87.99998474121094,23.60840606689453
2019-02-07,136.7039337158203,98.30177307128906,160.8013458251953,75.68138885498047,242.2843017578125,49.239105224609375,65.2397232055664,87.25853729248047,23.37486457824707
2019-02-08,136.85006713867188,98.67888641357422,161.11679077148438,75.88063049316406,242.58035278320312,49.44191360473633,64.99320983886719,87.20852661132812,23.43682098388672
2019-02-11,137.99156188964844,98.67888641357422,160.96383666992188,75.9621353149414,242.7148895263672,49.45073699951172,65.09180450439453,87.25019836425781,23.454299926757812
2019-02-12,139.71766662597656,99.70909118652344,163.3438720703125,76.83152770996094,245.83595275878906,49.80345153808594,65.96277618408203,88.38318634033203,23.75933265686035
2019-02-13,140.11033630371094,99.75508880615234,163.45860290527344,77.2662124633789,246.63429260253906,49.91808319091797,66.36536407470703,88.64147186279297,23.834003448486328
2019-02-14,140.43002319335938,99.6355209350586,163.65933227539062,77.12129974365234,246.08709716796875,49.77698516845703,66.20926666259766,88.24158477783203,23.838762283325195
2019-02-15,142.6674041748047,100.6841049194336,164.34756469726562,77.9091796875,248.76876831054688,50.288421630859375,67.03092193603516,89.5245361328125,24.01511573791504
2019-02-19,143.06011962890625,100.7576904296875,164.67254638671875,77.9091796875,249.1992950439453,50.39424133300781,67.29383850097656,89.74949645996094,24.0389461517334
2019-02-20,143.7359161376953,100.72090148925781,164.64381408691406,78.22615814208984,249.70167541503906,50.43833923339844,67.44176483154297,90.02439880371094,24.05324363708496
2019-02-21,143.18797302246094,100.91407012939453,164.04161071777344,77.8005142211914,248.8136749267578,50.46479034423828,67.03913879394531,89.78280639648438,23.946805953979492
2019-02-22,144.4299774169922,101.63153076171875,165.25558471679688,78.56120300292969,250.35630798339844,50.73814392089844,67.3842544555664,90.166015625,24.145389556884766
2019-02-25,144.46658325195312,101.4383544921875,165.85775756835938,78.62460327148438,250.6970977783203,50.5970458984375,67.57321166992188,90.30766296386719,24.185108184814453
2019-02-26,143.4710693359375,101.4383544921875,166.02981567382812,78.60649108886719,250.5177459716797,50.57061004638672,67.45819854736328,90.166015625,24.17557716369629
2019-02-27,143.6719970703125,101.21762084960938,165.9246826171875,78.71517181396484,250.4101104736328,50.561790466308594,67.1459732055664,90.08271026611328,24.207345962524414
2019-02-28,143.1788787841797,101.47515869140625,165.54234313964844,78.52499389648438,249.94374084472656,50.68524932861328,66.73511505126953,89.77447509765625,24.16445541381836
2019-03-01,144.51222229003906,101.98107147216797,166.68931579589844,79.09553527832031,251.50430297851562,50.94977569580078,66.96520233154297,90.2326889038086,24.377344131469727
2019-03-04,143.2062530517578,101.19920349121094,166.71798706054688,78.88723754882812,250.58950805664062,50.67641830444336,66.496826171875,89.8161392211914,24.28996467590332
2019-03-05,142.53956604003906,101.1532211303711,166.84228515625,78.79667663574219,250.24864196777344,50.667606353759766,66.20104217529297,89.60784912109375,24.26296043395996
2019-03-06,139.7450714111328,100.59212493896484,165.89598083496094,78.50687408447266,248.73292541503906,50.47361755371094,65.39582061767578,89.02469635009766,24.11838722229004
2019-03-07,138.52125549316406,99.98503112792969,163.86000061035156,77.87293243408203,246.6522216796875,50.24434280395508,64.82889556884766,88.45816802978516,23.88484764099121
2019-03-08,138.48480224609375,99.69991302490234,163.6115264892578,77.72804260253906,246.15890502929688,50.200252532958984,64.76314544677734,88.29988098144531,23.834003448486328
2019-03-11,140.9048614501953,101.00605010986328,167.01431274414062,78.9234619140625,249.72853088378906,50.77342224121094,65.69161224365234,89.44123840332031,24.2407169342041
2019-03-12,140.97792053222656,101.41996765136719,167.93190002441406,79.24949645996094,250.67019653320312,50.90568923950195,65.85595703125,89.66617584228516,24.324918746948242
2019-03-13,141.5349884033203,101.99945068359375,169.19363403320312,79.67510223388672,252.32948303222656,51.17021179199219,66.2339096069336,90.29933166503906,24.48378562927246
2019-03-14,140.95962524414062,102.0178451538086,168.9069061279297,79.64794921875,252.1680145263672,51.12612533569336,66.04491424560547,90.2326889038086,24.480613708496094
2019-03-15,141.3341064453125,102.58814239501953,170.47450256347656,80.00112915039062,253.41387939453125,51.302494049072266,66.43933868408203,90.58257293701172,24.634719848632812
2019-03-18,142.23822021484375,102.6157455444336,170.88047790527344,80.10075378417969,254.33270263671875,51.33776092529297,66.759765625,91.05742645263672,24.677621841430664
2019-03-19,141.51675415039062,102.83649444580078,171.45498657226562,80.05545806884766,254.3957977294922,51.22312927246094,66.80907440185547,90.91582489013672,24.72686767578125
2019-03-20,140.33734130859375,102.51505279541016,172.1349334716797,79.89544677734375,253.63006591796875,51.033653259277344,65.99213409423828,90.091064453125,24.782468795776367
2019-03-21,142.17784118652344,103.62351989746094,174.82569885253906,80.68648529052734,256.4947509765625,51.6888427734375,66.9439926147461,90.81587982177734,25.144695281982422
2019-03-22,137.0042724609375,102.45037078857422,170.98582458496094,79.21353149414062,251.55812072753906,51.2904052734375,65.43757629394531,89.31627655029297,24.601348876953125
2019-03-25,137.60861206054688,102.56120300292969,170.66024780273438,79.18621826171875,251.3689422607422,51.352394104003906,65.13961029052734,89.16632843017578,24.594999313354492
2019-03-26,139.055419921875,103.23554229736328,171.45498657226562,79.904541015625,253.2427215576172,51.73311996459961,65.71072387695312,89.92444610595703,24.73956871032715
2019-03-27,138.51513671875,102.72750091552734,170.353759765625,79.55902862548828,251.91844177246094,51.59145736694336,65.37965393066406,89.5245361328125,24.609304428100586
2019-03-28,139.7512969970703,102.94917297363281,170.7463836669922,79.93180084228516,252.8733673095703,51.76853561401367,65.52037048339844,89.77200317382812,24.732295989990234
2019-03-29,140.18167114257812,103.62351989746094,172.03916931152344,80.51374816894531,254.46786499023438,52.060699462890625,66.09976196289062,90.28369140625,24.920284271240234
2019-04-01,141.71087646484375,103.98375701904297,174.31822204589844,81.3502197265625,257.4856262207031,52.24662780761719,67.23369598388672,91.34062957763672,25.200679779052734
2019-04-02,141.34458923339844,103.78978729248047,174.97889709472656,81.42298889160156,257.6117248535156,52.21121597290039,66.9439926147461,91.11412048339844,25.281932830810547
2019-04-03,142.0771026611328,103.74359130859375,175.98440551757812,81.50481414794922,258.01715087890625,52.17580032348633,67.3661117553711,91.13090515136719,25.37114715576172
2019-04-04,142.77308654785156,103.51268768310547,175.91732788085938,81.69574737548828,258.70172119140625,52.21121597290039,67.755126953125,91.53356170654297,25.375925064086914
2019-04-05,144.1099395751953,103.94681549072266,176.82708740234375,82.1139907836914,259.9539489746094,52.441429138183594,68.12760162353516,91.93620300292969,25.501787185668945
2019-04-08,143.871826171875,104.01148986816406,177.2771453857422,82.21402740478516,260.152099609375,52.432559967041016,68.17726135253906,92.00331115722656,25.52727699279785
2019-04-09,142.11375427246094,103.84521484375,176.65469360351562,81.75939178466797,258.8188781738281,52.28203582763672,67.48199462890625,91.40770721435547,25.42053985595703
2019-04-10,144.0458984375,104.15005493164062,177.6027069091797,82.1139907836914,259.70166015625,52.406005859375,67.89584350585938,91.65938568115234,25.540027618408203
2019-04-11,143.86268615722656,103.84521484375,177.18138122558594,82.1685562133789,259.62957763671875,52.388301849365234,67.93724060058594,91.67613220214844,25.52568817138672
2019-04-12,144.3846893310547,104.18700408935547,177.94744873046875,82.88684844970703,261.3863220214844,52.618499755859375,68.18553161621094,92.25494384765625,25.716867446899414
2019-04-15,143.91766357421875,104.44562530517578,177.97616577148438,82.88684844970703,261.21514892578125,52.6893310546875,68.01171112060547,92.154296875,25.70890235900879
2019-04-16,144.2564697265625,103.78978729248047,178.58905029296875,83.02323913574219,261.3863220214844,52.379459381103516,68.48350524902344,92.35560607910156,25.683408737182617
2019-04-17,142.9378662109375,102.9122314453125,179.21142578125,82.76866912841797,260.7466125488281,52.060699462890625,68.51660919189453,92.12914276123047,25.608531951904297
2019-04-18,142.5166473388672,103.13396453857422,179.44129943847656,82.68682861328125,261.26007080078125,52.14924621582031,68.64076232910156,92.154296875,25.683408737182617
2019-04-22,142.14125061035156,103.13396453857422,179.94876098632812,82.68682861328125,261.4853210449219,52.08727264404297,68.4255599975586,92.154296875,25.751916885375977
2019-04-23,144.2838897705078,103.9560546875,182.2373809814453,83.60517120361328,263.8365173339844,52.52995300292969,68.8973617553711,92.8001937866211,26.02912712097168
2019-04-24,144.73260498046875,104.13156127929688,181.662841796875,83.55062103271484,263.25103759765625,52.591941833496094,68.54145050048828,92.5401611328125,25.97974395751953
2019-04-25,143.53305053710938,104.63036346435547,182.40023803710938,83.26874542236328,263.0888366699219,52.55652618408203,67.92897033691406,92.22978210449219,26.03709602355957
2019-04-26,144.92491149902344,105.46173095703125,182.56295776367188,83.55062103271484,264.3139953613281,52.83983612060547,67.97862243652344,92.691162109375,26.153396606445312
2019-04-29,145.62081909179688,105.28620910644531,182.91726684570312,83.54150390625,264.7283630371094,52.70703125,68.19380950927734,92.926025390625,26.170917510986328
2019-04-30,144.94317626953125,105.96054077148438,181.5000457763672,83.56879425048828,264.8634338378906,53.194000244140625,68.35933685302734,93.32026672363281,26.092851638793945
2019-05-01,143.56968688964844,105.14767456054688,180.91592407226562,82.84137725830078,262.8725891113281,52.66276168823242,67.98690795898438,92.60724639892578,25.900081634521484
2019-05-02,144.23814392089844,105.10145568847656,180.1307373046875,82.7140884399414,262.30511474609375,52.67161560058594,67.86272430419922,92.39755249023438,25.860246658325195
2019-05-03,146.99432373046875,105.84968566894531,183.00350952148438,83.35055541992188,264.8724060058594,52.88410568237305,68.55799865722656,93.11055755615234,26.147014617919922
2019-05-06,147.15911865234375,105.78501892089844,181.88308715820312,83.03234100341797,263.78253173828125,52.857547760009766,68.25175476074219,92.8001937866211,26.038686752319336
2019-05-07,144.2472686767578,104.2331771850586,178.3400421142578,81.61390686035156,259.3773498535156,52.2554817199707,67.16747283935547,91.41609954833984,25.554365158081055
2019-05-08,143.542236328125,104.16851043701172,177.88999938964844,81.56844329833984,259.0169982910156,52.2377815246582,66.8198471069336,91.17288208007812,25.555957794189453
2019-05-09,143.0203094482422,104.01148986816406,176.93238830566406,81.30474090576172,258.23321533203125,52.2377815246582,66.4556655883789,90.9631576538086,25.47789192199707
2019-05-10,143.4140167236328,104.89826202392578,177.1526336669922,81.67756652832031,259.530517578125,52.636207580566406,66.64603424072266,91.49160766601562,25.547992706298828
2019-05-13,138.84478759765625,103.29097747802734,171.00497436523438,79.68631744384766,253.00856018066406,52.03412628173828,64.79197692871094,89.66297912597656,24.816730499267578
2019-05-14,140.59368896484375,103.82675170898438,172.88182067871094,80.32276916503906,255.29661560058594,52.2554817199707,65.57831573486328,90.23335266113281,25.071636199951172
2019-05-15,141.05157470703125,104.27013397216797,175.3236083984375,80.9774398803711,256.79193115234375,52.47684860229492,65.81830596923828,90.42630004882812,25.33131980895996
2019-05-16,141.93063354492188,105.42475891113281,177.08558654785156,81.60481262207031,259.17022705078125,52.9549446105957,66.04180908203125,91.15608215332031,25.594192504882812
2019-05-17,139.9527587890625,105.12918090820312,175.2758026123047,81.15928649902344,257.4946594238281,52.88410568237305,65.53690338134766,90.79537200927734,25.385488510131836
2019-05-20,138.98211669921875,104.77816009521484,172.31686401367188,80.58647918701172,255.79202270507812,52.80443572998047,65.10652923583984,90.66118621826172,25.092344284057617
2019-05-21,140.85015869140625,105.37860107421875,174.1171112060547,81.2956771850586,258.0982971191406,53.16743087768555,65.83488464355469,91.34902954101562,25.33928680419922
2019-05-22,139.6688995361328,105.72038269042969,173.3414764404297,81.0501937866211,257.30548095703125,53.317962646484375,65.0899658203125,91.05542755126953,25.286718368530273
2019-05-23,136.7936553955078,104.99986267089844,170.68896484375,79.98633575439453,254.16165161132812,53.070045471191406,64.2870864868164,90.07398986816406,24.93940544128418
2019-05-24,138.07557678222656,105.15689849853516,170.602783203125,80.03178405761719,254.73809814453125,53.105464935302734,64.43608093261719,90.31724548339844,24.95532989501953
2019-05-28,136.97677612304688,104.28860473632812,169.961181640625,79.34078979492188,252.3689422607422,52.54765701293945,63.566978454589844,89.10932159423828,24.839031219482422
2019-05-29,135.83218383789062,103.62351989746094,168.56312561035156,78.7315902709961,250.67538452148438,52.2554817199707,63.211082458496094,88.61442565917969,24.652633666992188
2019-05-30,135.4567413330078,104.41791534423828,169.2717742919922,78.9316177368164,251.35995483398438,52.52995300292969,63.07037353515625,88.58924865722656,24.775312423706055
2019-05-31,133.56129455566406,103.63275909423828,166.5713348388672,78.06785583496094,247.97283935546875,52.33517074584961,61.79572296142578,87.41488647460938,24.439149856567383
2019-06-03,134.02828979492188,102.93071746826172,162.90380859375,77.82235717773438,247.34226989746094,52.618499755859375,62.358577728271484,88.24532318115234,24.07112693786621
2019-06-04,137.49871826171875,104.93519592285156,167.4906005859375,79.65904235839844,252.7112579345703,53.16743087768555,64.17948150634766,90.00686645507812,24.646257400512695
2019-06-05,137.52618408203125,106.69951629638672,168.73553466796875,80.38642883300781,254.90032958984375,53.8934440612793,64.11328125,90.5605239868164,24.901165008544922
2019-06-06,137.16905212402344,107.5308837890625,170.07611083984375,80.89559936523438,256.55767822265625,54.25645446777344,64.41952514648438,91.12252044677734,25.09393882751465
2019-06-07,138.1396942138672,108.92568969726562,173.36061096191406,81.85942077636719,259.1251525878906,54.58405685424805,64.81681060791016,91.57550048828125,25.466737747192383
2019-06-10,138.9546356201172,109.1566162109375,175.38113403320312,82.17764282226562,260.3143615722656,54.53093719482422,65.296875,91.86907958984375,25.621274948120117
2019-06-11,138.5426025390625,108.75019836425781,175.62051391601562,82.24129486083984,260.2510986328125,54.36271286010742,65.40447235107422,91.82715606689453,25.6053409576416
2019-06-12,138.69825744628906,109.05500793457031,174.60548400878906,82.10491180419922,259.7919006347656,54.59291076660156,64.99063873291016,91.7013168334961,25.551176071166992
2019-06-13,140.16336059570312,109.23975372314453,175.63966369628906,82.44131469726562,260.8638000488281,54.637176513671875,65.55347442626953,92.08719635009766,25.683408737182617
2019-06-14,138.93637084960938,109.02730560302734,174.89276123046875,82.1685562133789,260.57550048828125,54.814247131347656,65.19756317138672,92.03685760498047,25.614904403686523
2019-06-17,139.8947296142578,108.94664764404297,175.94607543945312,82.15482330322266,260.6745910644531,54.7029914855957,65.09915924072266,91.85230255126953,25.71527099609375
2019-06-18,141.52125549316406,109.77190399169922,178.50279235839844,82.97731018066406,263.40411376953125,54.8899040222168,66.04154205322266,92.63243865966797,25.992488861083984
2019-06-19,142.02664184570312,110.56011199951172,179.17315673828125,83.27887725830078,263.9986877441406,55.20142364501953,66.15829467773438,92.8673095703125,26.09444808959961
2019-06-20,142.6974334716797,111.69136810302734,180.83934020996094,84.27497100830078,266.5209655761719,55.60195541381836,66.54190063476562,93.67257690429688,26.347759246826172
2019-06-21,141.4661102294922,111.04231262207031,180.5712127685547,84.03736114501953,266.13360595703125,55.41504669189453,66.4334945678711,93.61386108398438,26.290401458740234
2019-06-24,139.7477264404297,111.01447296142578,180.5769500732422,83.7814712524414,265.8077087402344,55.46844482421875,66.15829467773438,93.51319885253906,26.21552276611328
2019-06-25,138.89315795898438,109.73480987548828,177.4771270751953,83.06868743896484,263.2006530761719,55.139122009277344,65.99983215332031,93.11893463134766,25.82520294189453
2019-06-26,138.571533203125,109.14136505126953,178.30245971679688,82.89505004882812,262.9381103515625,54.52498245239258,66.44182586669922,92.72470092773438,25.8538761138916
2019-06-27,141.17205810546875,109.51226806640625,178.98388671875,83.16923522949219,263.87060546875,54.729698181152344,66.97554779052734,93.09529876708984,25.97893714904785
2019-06-28,142.89039611816406,109.97590637207031,179.2141876220703,83.58958435058594,265.22833251953125,54.94330596923828,67.70945739746094,93.63556671142578,26.097139358520508
2019-07-01,143.4417724609375,111.1257553100586,181.63265991210938,84.28411102294922,267.6361999511719,55.17473602294922,68.10975646972656,94.28559112548828,26.3654727935791
2019-07-02,142.56878662109375,111.8768539428711,182.35240173339844,84.49432373046875,268.33331298828125,55.58415222167969,67.95964813232422,94.45440673828125,26.47567367553711
2019-07-03,143.58877563476562,113.01740264892578,183.72476196289062,85.3076171875,270.4786682128906,56.18049621582031,68.35993194580078,95.19725036621094,26.680126190185547
2019-07-05,143.97470092773438,112.6001205444336,183.3505096435547,85.12484741210938,270.17083740234375,56.064796447753906,68.393310546875,95.04534149169922,26.64019203186035
2019-07-08,142.6055145263672,112.04376220703125,182.06446838378906,84.62223815917969,268.6862487792969,55.957977294921875,68.04302215576172,94.64013671875,26.485265731811523
2019-07-09,142.79852294921875,112.39612579345703,182.97621154785156,84.75931549072266,269.021240234375,56.05588912963867,67.97631072998047,94.5810546875,26.61623191833496
2019-07-10,143.04664611816406,112.98033142089844,184.7996368408203,85.1156997680664,270.306640625,56.31399917602539,68.18479919433594,94.74142456054688,26.79991912841797
2019-07-11,142.3482666015625,113.193603515625,184.66531372070312,85.3076171875,270.9402770996094,56.32291030883789,68.4183120727539,95.00312805175781,26.855823516845703
2019-07-12,143.45089721679688,113.57377624511719,185.73056030273438,85.60919189453125,272.1533203125,56.447509765625,69.15220642089844,95.42521667480469,26.98678970336914
2019-07-15,142.6974334716797,113.81486511230469,186.3255615234375,85.7005615234375,272.2437438964844,56.54541778564453,69.13555145263672,95.32390594482422,27.018741607666016
2019-07-16,142.65150451660156,113.31413269042969,185.36587524414062,85.41728973388672,271.3657531738281,56.394107818603516,68.96873474121094,95.10442352294922,26.897354125976562
2019-07-17,141.6315155029297,112.85049438476562,184.4541473388672,84.8324203491211,269.5191650390625,56.23390579223633,68.3515853881836,94.34466552734375,26.76956558227539
2019-07-18,142.16448974609375,113.54594421386719,184.66531372070312,85.18881225585938,270.5057678222656,56.49201965332031,68.75190734863281,94.80052185058594,26.831863403320312
2019-07-19,141.34664916992188,112.61866760253906,183.3120880126953,84.55827331542969,269.0031433105469,55.97577667236328,68.69352722167969,94.36997985839844,26.65297508239746
2019-07-22,141.2179718017578,113.156494140625,184.77084350585938,84.82328796386719,269.6639099121094,55.98468780517578,68.71022033691406,94.32778930664062,26.79991912841797
2019-07-23,142.1553192138672,113.39759063720703,185.98004150390625,85.41728973388672,271.59197998046875,56.16270065307617,69.36903381347656,95.06221771240234,26.956451416015625
2019-07-24,144.50772094726562,113.74069213867188,187.28530883789062,85.85594177246094,272.8683166503906,56.1448974609375,70.21134185791016,95.44207763671875,27.12894058227539
2019-07-25,142.76173400878906,113.33268737792969,185.5098114013672,85.45384979248047,271.5649108886719,56.171592712402344,69.7359848022461,95.05379486083984,26.962839126586914
2019-07-26,144.45252990722656,114.09306335449219,187.41958618164062,85.9930191040039,273.3843078613281,56.589927673339844,69.93614196777344,95.53494262695312,27.194435119628906
2019-07-29,143.4877166748047,113.9168701171875,186.77659606933594,85.96560668945312,272.886474609375,56.67002487182617,69.8694076538086,95.51805877685547,27.097003936767578
2019-07-30,145.0406494140625,113.68505859375,185.97047424316406,85.62747955322266,272.2166442871094,56.411922454833984,69.6609115600586,95.37457275390625,27.015546798706055
2019-07-31,143.864501953125,111.9510498046875,183.39849853515625,84.74102020263672,269.2384948730469,55.86007308959961,68.79359436035156,94.41218566894531,26.696096420288086
2019-08-01,141.77853393554688,111.78412628173828,182.4867401123047,83.96422576904297,266.89398193359375,55.779972076416016,67.85121154785156,93.36541748046875,26.544361114501953
2019-08-02,140.20718383789062,110.6250228881836,179.7996063232422,83.1875,264.8843994140625,55.708770751953125,67.19239807128906,92.85894012451172,26.282413482666016
2019-08-05,135.99856567382812,107.22187805175781,173.4464111328125,80.54647064208984,256.9186096191406,54.40038299560547,65.29930114746094,90.35174560546875,25.399139404296875
2019-08-06,137.24830627441406,109.159912109375,175.87445068359375,81.74361419677734,260.521240234375,55.25483703613281,65.92477416992188,91.39006805419922,25.785676956176758
2019-08-07,137.21151733398438,109.48446655273438,176.82456970214844,81.80758666992188,260.6750793457031,55.51294708251953,65.84138488769531,91.19591522216797,25.907068252563477
2019-08-08,140.17044067382812,111.76557159423828,180.67291259765625,83.55303192138672,265.78961181640625,56.447509765625,66.84213256835938,92.6394271850586,26.491655349731445
2019-08-09,138.40614318847656,111.41321563720703,178.97427368164062,82.84022521972656,263.9791564941406,56.28730010986328,65.92477416992188,92.12449645996094,26.28720474243164
2019-08-12,136.61424255371094,110.04084014892578,176.92051696777344,81.9172592163086,260.7656555175781,55.84226989746094,65.06578063964844,91.00175476074219,25.956581115722656
2019-08-13,138.08453369140625,111.6728515625,180.79766845703125,83.2697525024414,264.8210144042969,56.33180236816406,65.97480010986328,92.0907211303711,26.418182373046875
2019-08-14,134.22512817382812,108.60355377197266,175.39459228515625,80.70182037353516,256.990966796875,55.09462356567383,63.6981086730957,89.4400405883789,25.625951766967773
2019-08-15,133.69215393066406,109.06717681884766,175.19308471679688,80.97599029541016,257.6697692871094,55.53075408935547,63.52294158935547,89.5075454711914,25.758520126342773
2019-08-16,136.5775146484375,110.57866668701172,178.0049591064453,82.17312622070312,261.4717712402344,56.05588912963867,64.65715789794922,90.80758666992188,26.130674362182617
2019-08-19,137.95584106445312,111.63575744628906,180.8360595703125,83.16008758544922,264.621826171875,56.53652572631836,65.53282928466797,91.76148986816406,26.46609878540039
2019-08-20,137.05532836914062,111.04231262207031,179.43495178222656,82.52039337158203,262.59423828125,56.16270065307617,64.84060668945312,90.84980010986328,26.336719512939453
2019-08-21,138.18557739257812,112.06230163574219,181.02806091308594,83.20578002929688,264.73046875,56.54541778564453,65.49944305419922,91.41539001464844,26.603456497192383
2019-08-22,137.86395263671875,111.9417495727539,180.4425811767578,83.21492004394531,264.6489562988281,56.6522331237793,65.60787200927734,91.48294067382812,26.569915771484375
2019-08-23,133.636962890625,109.08570861816406,174.73245239257812,80.88460540771484,257.85089111328125,55.60195541381836,63.748146057128906,89.32184600830078,25.84477424621582
2019-08-26,135.10723876953125,110.49520111083984,177.3715362548828,81.80758666992188,260.7022399902344,56.16270065307617,64.27352905273438,90.16600036621094,26.154634475708008
2019-08-27,133.1040496826172,110.58792877197266,176.99729919433594,81.77104187011719,259.67938232421875,56.10039138793945,63.598018646240234,89.6088638305664,26.095544815063477
2019-08-28,134.656982421875,111.0979232788086,177.63067626953125,82.30106353759766,261.5079650878906,56.36740493774414,64.32357025146484,90.41926574707031,26.22491455078125
2019-08-29,137.0185546875,112.41470336914062,180.3466033935547,83.28802490234375,264.8481750488281,56.83023452758789,65.33265686035156,91.37317657470703,26.61943244934082
2019-08-30,136.77044677734375,112.24774169921875,179.9147491455078,83.23319244384766,264.73046875,56.75014114379883,65.68293762207031,91.60955810546875,26.54276466369629
2019-09-03,134.76727294921875,111.6543197631836,178.16812133789062,82.62090301513672,263.18255615234375,56.82132339477539,65.34102630615234,91.27188873291016,26.33193016052246
2019-09-04,135.8515625,112.98957824707031,180.74009704589844,83.55303192138672,266.1698303222656,57.301963806152344,66.33341979980469,92.15827178955078,26.648183822631836
2019-09-05,138.37855529785156,114.08377075195312,184.05111694335938,84.8963851928711,269.5915222167969,57.42658615112305,67.64273834228516,93.20504760742188,27.052276611328125
2019-09-06,137.74456787109375,114.04670715332031,183.8687286376953,85.00606536865234,269.7997131347656,57.5778923034668,67.86790466308594,93.37387084960938,27.031517028808594
2019-09-09,139.59153747558594,112.15504455566406,183.48484802246094,84.8324203491211,269.935546875,57.106163024902344,69.0771713256836,94.06608581542969,26.843046188354492
2019-09-10,141.37423706054688,110.49520111083984,182.95701599121094,84.75016784667969,269.87213134765625,56.634429931640625,70.05288696289062,94.5810546875,26.696096420288086
2019-09-11,144.2687530517578,110.97738647460938,184.67491149902344,85.20707702636719,271.7912292480469,56.82132339477539,70.73674774169922,95.29859161376953,26.871797561645508
2019-09-12,144.30551147460938,112.00665283203125,185.44265747070312,85.48123931884766,272.7326354980469,57.07056427001953,70.54490661621094,95.41676330566406,27.02193260192871
2019-09-13,144.55368041992188,111.36685180664062,184.78041076660156,85.34416198730469,272.5515441894531,56.81243896484375,70.59497833251953,95.52651977539062,26.932491302490234
2019-09-16,145.0957794189453,110.8568344116211,183.95510864257812,84.9603500366211,271.7096862792969,56.705631256103516,70.24469757080078,95.27005767822266,26.864450454711914
2019-09-17,144.7190704345703,111.84905242919922,184.83799743652344,85.2893295288086,272.397705078125,57.1862678527832,70.05288696289062,95.27005767822266,27.026140213012695
2019-09-18,143.8277130126953,111.98812866210938,184.76129150390625,85.33505249023438,272.5605773925781,57.239662170410156,69.7276382446289,95.2955551147461,27.04214859008789
2019-09-19,143.1292724609375,112.1086654663086,185.06832885742188,85.20707702636719,272.54248046875,57.328678131103516,69.61922454833984,95.20215606689453,27.06776237487793
2019-09-20,142.82608032226562,111.68214416503906,183.11058044433594,84.73189544677734,271.2547302246094,57.1862678527832,69.46075439453125,95.04081726074219,26.832435607910156
2019-09-23,142.7157745361328,111.75628662109375,183.19134521484375,84.9146728515625,271.1911315917969,57.2663688659668,69.41073608398438,95.07476806640625,26.846843719482422
2019-09-24,140.56167602539062,110.99789428710938,180.7584228515625,84.32472229003906,269.0632019042969,57.174278259277344,68.61153411865234,94.44645690917969,26.568286895751953
2019-09-25,142.10166931152344,111.23986053466797,182.78744506835938,84.82935333251953,270.6546325683594,57.236854553222656,69.20758056640625,94.79457092285156,26.786012649536133
2019-09-26,140.51564025878906,111.46318054199219,182.11431884765625,84.61831665039062,270.0908203125,57.34414291381836,68.86337280273438,94.53136444091797,26.750791549682617
2019-09-27,139.39059448242188,110.29997253417969,179.8544464111328,84.24215698242188,268.63568115234375,57.0401611328125,68.55276489257812,94.49739074707031,26.44822120666504
2019-09-30,139.5565643310547,110.969970703125,181.566162109375,84.77430725097656,269.8815612792969,57.30838394165039,68.87178039550781,94.77759552001953,26.619516372680664
2019-10-01,136.81777954101562,109.77885437011719,180.08523559570312,83.70085144042969,266.67138671875,56.82560348510742,67.70489501953125,93.41051483154297,26.35536766052246
2019-10-02,135.78501892089844,107.82467651367188,176.98883056640625,82.26042938232422,261.9606628417969,56.038848876953125,66.3029556274414,91.7547607421875,25.908720016479492
2019-10-03,136.23684692382812,109.0064697265625,178.93130493164062,82.99440002441406,264.10699462890625,56.41434860229492,66.66392517089844,92.26422882080078,26.196882247924805
2019-10-04,137.52784729003906,110.7745590209961,181.566162109375,84.22382354736328,267.6808166503906,57.24580764770508,67.3607177734375,93.52091217041016,26.574691772460938
2019-10-07,137.28810119628906,110.17900085449219,181.01803588867188,83.80178833007812,266.5259094238281,56.93288803100586,67.12566375732422,93.09637451171875,26.475435256958008
2019-10-08,135.0565948486328,108.15036010742188,178.30624389648438,82.42556762695312,262.38812255859375,56.30705261230469,65.93355560302734,91.61890411376953,26.0720157623291
2019-10-09,135.67434692382812,109.3600845336914,180.0467987060547,83.18707275390625,264.8798828125,56.691497802734375,66.52963256835938,92.31517028808594,26.360172271728516
2019-10-10,136.21841430664062,109.75093078613281,181.44113159179688,83.74674224853516,266.67138671875,56.95077133178711,67.20960235595703,92.94352722167969,26.51384925842285
2019-10-11,138.52377319335938,110.62566375732422,183.77792358398438,84.98531341552734,269.43603515625,57.01335906982422,68.32609558105469,93.85206604003906,26.795618057250977
2019-10-14,138.01658630371094,110.43024444580078,183.7587432861328,84.99447631835938,269.1359558105469,56.93288803100586,68.2673568725586,93.76717376708984,26.78921127319336
2019-10-15,139.60264587402344,111.01652526855469,186.0955047607422,85.72847747802734,271.8004150390625,57.075931549072266,69.20758056640625,94.64173126220703,27.064563751220703
2019-10-16,139.75021362304688,110.38372039794922,185.63388061523438,85.526611328125,271.36395263671875,57.10275650024414,68.95574188232422,94.54833221435547,26.982921600341797
2019-10-17,141.40084838867188,110.67219543457031,186.12437438964844,85.80186462402344,272.1642150878906,57.24580764770508,68.99771118164062,94.8794937133789,27.04054832458496
2019-10-18,140.7276611328125,110.04872131347656,184.335693359375,85.34312438964844,270.9729309082031,57.29050827026367,68.95574188232422,94.82006072998047,26.832435607910156
2019-10-21,142.04635620117188,110.5977554321289,185.97047424316406,85.9119644165039,272.80987548828125,57.41567611694336,69.51818084716797,95.43990325927734,27.022937774658203
2019-10-22,142.20310974121094,109.25772857666016,184.4895477294922,85.64588165283203,271.91876220703125,56.923954010009766,69.93794250488281,95.75404357910156,26.7155704498291
2019-10-23,142.37832641601562,109.20191955566406,184.84535217285156,85.69176483154297,272.7098388671875,57.004425048828125,69.97151184082031,95.9917984008789,26.790809631347656
2019-10-24,142.17544555664062,110.43954467773438,186.6436309814453,86.11378479003906,273.1554870605469,57.01335906982422,69.78683471679688,95.7201156616211,27.018138885498047
2019-10-25,142.93154907226562,110.75593566894531,188.1341552734375,86.55419921875,274.27398681640625,56.78090286254883,70.81100463867188,96.1021957397461,27.13980484008789
2019-10-28,144.1672821044922,111.27705383300781,189.99008178710938,86.98539733886719,275.8199768066406,56.77195358276367,71.50778198242188,96.48430633544922,27.330310821533203
2019-10-29,144.6375274658203,111.35151672363281,188.51882934570312,86.84778594970703,275.7381591796875,56.95970153808594,71.48258972167969,96.781494140625,27.2054386138916
2019-10-30,144.15805053710938,112.15179443359375,189.43238830566406,86.98539733886719,276.5838928222656,57.27262496948242,71.26433563232422,96.96831512451172,27.357526779174805
2019-10-31,143.3465576171875,111.6865005493164,189.5188446044922,86.64595794677734,275.84722900390625,57.174278259277344,70.82778930664062,96.57769775390625,27.309499740600586
2019-11-01,145.79022216796875,112.11458587646484,191.24026489257812,87.52668762207031,278.4027099609375,57.20110321044922,71.98628997802734,97.55419158935547,27.538423538208008
2019-11-04,146.5740509033203,111.46318054199219,192.4230194091797,87.85700225830078,279.5212097167969,56.78984832763672,72.95171356201172,98.08912658691406,27.570446014404297
2019-11-05,146.75848388671875,110.79317474365234,192.52880859375,87.7744369506836,279.2120056152344,56.5126838684082,73.1783676147461,98.19100952148438,27.487194061279297
2019-11-06,145.9101104736328,111.19330596923828,192.09605407714844,87.79278564453125,279.2756652832031,56.82560348510742,73.08602142333984,98.31838989257812,27.45037841796875
2019-11-07,146.29737854003906,111.32359313964844,192.74041748046875,88.08637237548828,280.2577819824219,56.78984832763672,73.4805679321289,98.76840209960938,27.532020568847656
2019-11-08,146.6938934326172,112.07737731933594,193.50967407226562,88.26985168457031,280.94903564453125,56.77195358276367,73.69046783447266,99.0910873413086,27.588050842285156
2019-11-11,146.41725158691406,112.15179443359375,193.25001525878906,88.1322250366211,280.4124755859375,56.664676666259766,73.5225601196289,98.73442840576172,27.59605598449707
2019-11-12,146.46337890625,112.50541687011719,193.80780029296875,88.30654907226562,281.0035705566406,56.70043182373047,73.56452178955078,98.74295043945312,27.67930030822754
2019-11-13,145.83628845214844,113.37086486816406,193.8559112548828,88.55426025390625,281.094482421875,57.03123474121094,73.12800598144531,98.66649627685547,27.748136520385742
2019-11-14,145.79022216796875,113.25916290283203,193.7020263671875,88.73776245117188,281.50372314453125,57.165340423583984,73.13639068603516,98.59010314941406,27.85219955444336
2019-11-15,146.54638671875,113.73374938964844,195.125244140625,89.41670989990234,283.54083251953125,57.4424934387207,73.85835266113281,99.32879638671875,28.052305221557617
2019-11-18,146.17752075195312,113.94778442382812,195.2790985107422,89.43505859375,283.7499084472656,57.585548400878906,73.84156036376953,99.35430145263672,28.0875244140625
2019-11-19,146.72157287597656,114.66433715820312,195.5675811767578,89.53597259521484,283.6680603027344,57.65707015991211,73.27910614013672,99.19296264648438,28.140357971191406
2019-11-20,146.1682891845703,114.338623046875,194.39437866210938,89.12312316894531,282.6131286621094,57.603416442871094,72.73345947265625,98.86180877685547,28.052305221557617
2019-11-21,145.4490509033203,113.59415435791016,193.961669921875,89.00384521484375,282.1584167480469,57.32627487182617,72.7838134765625,98.95520782470703,27.93224334716797
2019-11-22,145.90087890625,113.68724060058594,194.08668518066406,89.22403717041016,282.78594970703125,57.3709716796875,73.13639068603516,99.31184387207031,27.945051193237305
2019-11-25,148.99928283691406,114.47821807861328,196.38497924804688,90.00386047363281,284.97760009765625,57.50508117675781,73.85835266113281,99.87223815917969,28.222002029418945
2019-11-26,149.1007080078125,115.3715591430664,196.760009765625,90.306640625,285.623291015625,57.96104431152344,73.58130645751953,99.98262786865234,28.319658279418945
2019-11-27,150.15196228027344,115.79031372070312,198.13514709472656,90.7745590209961,286.8963928222656,58.13091278076172,73.85835266113281,100.20341491699219,28.510164260864258
2019-11-29,149.1745147705078,115.36225891113281,197.231201171875,90.50848388671875,285.83245849609375,57.96997833251953,73.44700622558594,99.89772033691406,28.399703979492188
2019-12-02,147.71751403808594,114.0129165649414,195.2117462158203,89.7745132446289,283.40435791015625,57.567657470703125,72.98530578613281,99.3458023071289,28.053911209106445
2019-12-03,147.24720764160156,114.0966796875,193.68280029296875,89.16899108886719,281.50372314453125,57.43354797363281,72.10381317138672,98.51367950439453,27.908235549926758
2019-12-04,148.26156616210938,114.62712860107422,194.66368103027344,89.82037353515625,283.2406311035156,57.7107048034668,72.62432098388672,99.23542022705078,28.04590606689453
2019-12-05,148.40911865234375,114.83184051513672,195.04827880859375,90.07727813720703,283.7499084472656,57.80906295776367,72.79220581054688,99.43921661376953,28.084325790405273
2019-12-06,150.14271545410156,115.11100006103516,197.13504028320312,90.82958984375,286.3417053222656,58.041500091552734,73.51416015625,100.2713394165039,28.35167694091797
2019-12-09,149.85684204101562,114.74806213378906,196.24072265625,90.67364501953125,285.44140625,57.90738296508789,73.2707290649414,100.02509307861328,28.250816345214844
2019-12-10,149.9490509033203,114.56196594238281,196.07723999023438,90.55435943603516,285.1230773925781,57.84482192993164,73.20355987548828,99.93168640136719,28.21079444885254
2019-12-11,149.9029541015625,114.83184051513672,197.11582946777344,90.88462829589844,285.9324645996094,57.835872650146484,73.45540618896484,100.16094970703125,28.306852340698242
2019-12-12,151.19398498535156,114.93418884277344,198.5871124267578,91.56356811523438,288.39691162109375,57.97891616821289,74.58033752441406,101.29026794433594,28.446123123168945
2019-12-13,150.61302185058594,115.43669128417969,199.24102783203125,91.48100280761719,288.5697021484375,58.12198257446289,74.16059112548828,100.98458862304688,28.548585891723633
2019-12-16,151.67459106445312,116.05804443359375,201.24124145507812,92.08920288085938,290.55230712890625,58.395355224609375,74.86553955078125,101.69783782958984,28.77911376953125
2019-12-17,152.43353271484375,115.84314727783203,201.3566131591797,92.01549530029297,290.6158447265625,58.35939025878906,74.8824234008789,101.79122924804688,28.7438907623291
2019-12-18,152.729736328125,115.79641723632812,201.510498046875,92.10765838623047,290.6340637207031,58.332420349121094,75.00924682617188,101.71482849121094,28.774309158325195
2019-12-19,153.38681030273438,116.50654602050781,202.77017211914062,92.4854736328125,291.8253173828125,58.566253662109375,75.2712631225586,101.92708587646484,28.96481704711914
2019-12-20,153.6089630126953,117.35682678222656,203.58761596679688,93.0107650756836,293.104736328125,58.94398498535156,75.90520477294922,102.52995300292969,29.10729217529297
2019-12-23,153.9143524169922,116.89897155761719,204.12538146972656,93.01996612548828,293.5525817871094,58.69215774536133,75.97281646728516,102.54696655273438,29.142505645751953
2019-12-24,154.2660369873047,117.08584594726562,204.23133850097656,92.99231719970703,293.5616455078125,58.746124267578125,75.9559326171875,102.50332641601562,29.15663719177246
2019-12-26,154.2660369873047,117.46895599365234,206.03350830078125,93.3332748413086,295.1244201660156,58.916996002197266,76.167236328125,102.75141906738281,29.400651931762695
2019-12-27,153.5071563720703,117.64649200439453,205.86004638671875,93.35172271728516,295.0512390136719,59.060890197753906,76.00663757324219,102.75141906738281,29.391023635864258
2019-12-30,153.11842346191406,117.06717681884766,204.51089477539062,92.90015411376953,293.42462158203125,58.87203598022461,75.58401489257812,102.28086853027344,29.185537338256836
2019-12-31,153.33128356933594,117.3194351196289,204.89633178710938,93.07525634765625,294.137451171875,58.997955322265625,75.8460464477539,102.53752899169922,29.244935989379883
2020-01-02,153.43313598632812,117.71188354492188,208.31752014160156,93.88621520996094,296.88818359375,59.01594161987305,76.33631134033203,103.04231262207031,29.665542602539062
2020-01-03,152.8314666748047,117.6932144165039,206.4093780517578,93.27799224853516,294.64007568359375,59.05191421508789,75.51638793945312,102.22097778320312,29.46165657043457
2020-01-06,153.03509521484375,117.82401275634766,207.7393035888672,93.49916076660156,295.7640380859375,59.13284683227539,75.39804077148438,102.34931182861328,29.651090621948242
2020-01-07,152.52609252929688,117.53437042236328,207.7103729248047,93.37016296386719,294.9325866699219,58.89003372192383,75.50792694091797,101.95574951171875,29.641462326049805
2020-01-08,152.99810791015625,118.16036224365234,209.27166748046875,93.74799346923828,296.5043640136719,59.01594161987305,75.6769790649414,102.1953125,29.874238967895508
2020-01-09,153.1831817626953,119.18817138671875,211.04493713378906,94.51286315917969,298.514892578125,59.38466262817383,75.81221771240234,102.66587829589844,30.14073371887207
2020-01-10,152.609375,119.18817138671875,210.50518798828125,94.38384246826172,297.6557922363281,59.35770034790039,75.49102020263672,102.32367706298828,30.076509475708008
2020-01-13,153.59967041015625,120.30005645751953,212.9337615966797,95.16715240478516,299.70281982421875,59.717430114746094,75.72769927978516,102.75141906738281,30.397581100463867
2020-01-14,154.1642608642578,120.06649017333984,212.09535217285156,95.0289077758789,299.2460021972656,59.681461334228516,75.99819946289062,102.8883056640625,30.262737274169922
2020-01-15,154.90463256835938,121.0849609375,212.1820831298828,95.31460571289062,299.9222106933594,60.09516143798828,75.70235443115234,103.05087280273438,30.351028442382812
2020-01-16,156.90379333496094,122.04733276367188,214.21551513671875,96.08868408203125,302.4170837402344,60.55385208129883,76.31939697265625,103.72674560546875,30.657651901245117
2020-01-17,156.4780731201172,122.75748443603516,215.27557373046875,96.35592651367188,303.3583679199219,60.814659118652344,76.38700866699219,103.83799743652344,30.80855941772461
2020-01-21,155.1823272705078,123.39286041259766,215.17926025390625,96.097900390625,302.76434326171875,60.96753692626953,76.02354431152344,103.43587493896484,30.82300567626953
2020-01-22,155.08053588867188,123.68251037597656,215.747802734375,96.15318298339844,302.8009033203125,61.075469970703125,76.42928314208984,103.54707336425781,30.84067153930664
2020-01-23,154.9787139892578,123.91612243652344,216.44168090820312,96.06104278564453,303.1481628417969,61.2193603515625,76.47999572753906,103.4872055053711,30.920930862426758
2020-01-24,153.07212829589844,123.36482238769531,214.62025451660156,95.06580352783203,300.4522399902344,60.93157196044922,75.96440887451172,102.4947509765625,30.654447555541992
2020-01-27,151.3321533203125,122.2716293334961,210.18722534179688,93.48995208740234,295.6361389160156,60.49987030029297,74.39218139648438,101.06600189208984,30.103805541992188
2020-01-28,152.59088134765625,123.34613800048828,213.41558837890625,94.32855224609375,298.7341613769531,60.8596076965332,75.14447784423828,101.79322052001953,30.532434463500977
2020-01-29,151.72085571289062,122.96305847167969,213.7625274658203,94.45755004882812,298.4874267578125,60.65276336669922,74.34146881103516,101.33975982666016,30.598255157470703
2020-01-30,151.72085571289062,123.83197784423828,214.52391052246094,94.58657836914062,299.4561462402344,61.12940979003906,74.38372039794922,101.78465270996094,30.675317764282227
2020-01-31,148.57408142089844,121.71100616455078,211.12191772460938,92.43941497802734,294.0186462402344,60.38294219970703,72.9805679321289,99.97087860107422,30.159997940063477
2020-02-03,150.2307891845703,122.86959075927734,214.31187438964844,93.3609390258789,296.2027893066406,60.70671463012695,73.31868743896484,100.33019256591797,30.556520462036133
2020-02-04,152.49830627441406,124.39266204833984,219.21722412109375,94.7340316772461,300.7172546386719,61.120426177978516,74.63731384277344,101.51941680908203,31.160133361816406
2020-02-05,154.8491668701172,124.30854797363281,219.94000244140625,95.8859634399414,304.1899719238281,61.59709548950195,76.23487854003906,103.2562026977539,31.221134185791016
2020-02-06,154.49742126464844,124.93456268310547,221.8385467529297,96.22691345214844,305.2135009765625,61.66904067993164,76.32785034179688,103.31607818603516,31.43625259399414
2020-02-07,152.60009765625,124.45802307128906,220.88442993164062,95.59104919433594,303.5867614746094,61.50715637207031,75.71924591064453,102.7086410522461,31.296588897705078
2020-02-10,153.46083068847656,125.72879791259766,223.55397033691406,96.05183410644531,305.85321044921875,61.866912841796875,76.00663757324219,103.05087280273438,31.675460815429688
2020-02-11,154.52523803710938,125.83152770996094,223.59251403808594,96.22691345214844,306.38323974609375,61.97484588623047,76.60679626464844,103.4700927734375,31.673845291137695
2020-02-12,155.5895233154297,126.15856170654297,225.7705078125,96.8074722290039,308.3572998046875,62.06477737426758,77.2660903930664,103.88074493408203,31.93873405456543
2020-02-13,155.9967803955078,127.02753448486328,225.4813995361328,96.57710266113281,308.0282287597656,62.36154556274414,76.95333862304688,103.6069564819336,31.96763038635254
2020-02-14,155.3951873779297,127.88714599609375,226.1270751953125,96.76142120361328,308.521728515625,62.65833282470703,76.42928314208984,103.45297241210938,32.12015151977539
2020-02-18,155.06201171875,127.7844009399414,226.21383666992188,96.49417877197266,307.7266540527344,62.613372802734375,75.96440887451172,102.92255401611328,32.13619613647461
2020-02-19,155.8579559326172,128.08334350585938,228.38217163085938,96.81668853759766,309.197998046875,62.58638381958008,76.37010955810547,103.23908996582031,32.36415481567383
2020-02-20,156.23744201660156,127.55079650878906,226.26199340820312,96.52180480957031,307.9277648925781,62.460479736328125,76.23487854003906,103.13643646240234,32.16347885131836
2020-02-21,154.65478515625,126.3921890258789,221.91561889648438,95.59104919433594,304.7565612792969,62.280601501464844,75.4656753540039,102.69152069091797,31.62890625
2020-02-24,149.9993896484375,123.2527084350586,213.3577880859375,92.29195404052734,294.64923095703125,61.02149963378906,72.76081848144531,99.55166625976562,30.484277725219727
2020-02-25,144.66839599609375,119.83290100097656,207.5561981201172,89.47205352783203,285.7206726074219,59.49259567260742,70.1404800415039,96.42034149169922,29.625404357910156
2020-02-26,142.99319458007812,119.13214111328125,208.6259307861328,89.27850341796875,284.6697692871094,59.28573989868164,69.40509033203125,95.5904769897461,29.61898422241211
2020-02-27,137.95834350585938,113.8996353149414,198.17926025390625,85.4817886352539,271.88482666015625,56.65061569213867,66.48892211914062,91.55228424072266,28.196630477905273
2020-02-28,135.43170166015625,112.9653091430664,198.3334503173828,84.73533630371094,270.7424011230469,55.103729248046875,65.94795227050781,90.26041412353516,28.209474563598633
2020-03-02,139.78164672851562,118.41268157958984,208.568115234375,88.48600006103516,282.4674072265625,58.15256118774414,68.57671356201172,94.11892700195312,29.54995346069336
2020-03-03,136.93101501464844,116.11410522460938,201.87991333007812,85.83196258544922,274.3796691894531,57.145259857177734,66.36212921142578,91.5009536743164,28.70392608642578
2020-03-04,140.82748413085938,121.4306869506836,210.30284118652344,89.17716217041016,285.91259765625,59.717430114746094,68.97400665283203,95.5391616821289,29.874238967895508
2020-03-05,136.34793090820312,118.04824829101562,203.913330078125,86.36646270751953,276.408447265625,58.24248504638672,66.56498718261719,92.3821792602539,28.87569808959961
2020-03-06,133.64544677734375,116.42244720458984,200.47288513183594,85.10396575927734,271.8390197753906,57.720855712890625,65.32244110107422,90.83361053466797,28.329875946044922
2020-03-09,120.65109252929688,108.48030853271484,186.5471649169922,79.11396026611328,250.6099395751953,54.23133850097656,59.1519775390625,83.59568786621094,26.238086700439453
2020-03-10,124.41796112060547,113.15215301513672,196.70474243164062,83.20556640625,263.57769775390625,55.976104736328125,62.2625732421875,87.24032592773438,27.705394744873047
2020-03-11,116.50472259521484,107.5085678100586,188.1372528076172,79.11396026611328,250.72874450683594,53.53883743286133,58.84767150878906,82.82569885253906,26.38899040222168
2020-03-12,103.63074493408203,97.87520599365234,170.88665771484375,71.70479583740234,226.73973083496094,48.511417388916016,52.17849349975586,74.50975036621094,23.985755920410156
2020-03-13,110.57215881347656,105.71456909179688,185.36178588867188,78.20164489746094,246.12290954589844,51.7401123046875,57.36000442504883,81.31991577148438,26.112873077392578
2020-03-16,95.90261840820312,92.64276123046875,163.15768432617188,70.23957824707031,219.19119262695312,46.523834228515625,50.08222198486328,72.31098937988281,22.818666458129883
2020-03-17,100.2988510131836,99.09925079345703,175.5318145751953,73.29906463623047,231.0257568359375,48.96109390258789,52.79553985595703,77.17051696777344,24.1414794921875
2020-03-18,92.52445983886719,93.76399230957031,170.1927947998047,70.14741516113281,219.3282470703125,46.703704833984375,50.28508758544922,72.70455169677734,23.08675193786621
2020-03-19,96.13401794433594,93.13795471191406,171.2144012451172,70.16585540771484,219.79428100585938,45.89427947998047,50.03996276855469,71.89176940917969,23.333984375
2020-03-20,93.84795379638672,87.65322875976562,164.50680541992188,66.40596008300781,210.3224334716797,43.4839973449707,47.77463912963867,68.48670959472656,22.412500381469727
2020-03-23,92.45967864990234,84.42964172363281,164.62562561035156,63.84409713745117,204.94483947753906,41.919124603271484,46.768768310546875,65.67195892333984,22.078584671020508
2020-03-24,100.91895294189453,93.41827392578125,177.3738555908203,70.46073913574219,223.5135040283203,45.552528381347656,51.46001052856445,72.09712219238281,24.053184509277344
2020-03-25,102.17323303222656,95.58161926269531,176.0604248046875,71.961669921875,226.85958862304688,46.35160446166992,52.19875717163086,73.4231948852539,24.263490676879883
2020-03-26,108.52827453613281,101.88866424560547,185.33180236816406,76.00122833251953,240.10586547851562,49.582279205322266,55.5675048828125,78.11988830566406,25.568553924560547
2020-03-27,104.57959747314453,99.89894104003906,178.957763671875,73.6386489868164,232.95413208007812,48.550636291503906,53.464176177978516,76.05683898925781,24.75248146057129
2020-03-30,106.88377380371094,103.08060455322266,185.46702575683594,76.3903579711914,240.51956176757812,50.10715103149414,54.9775505065918,78.38750457763672,25.57982063293457
2020-03-31,106.34489440917969,99.93648529052734,183.8831787109375,75.083984375,236.9344940185547,48.87641525268555,53.866031646728516,76.87687683105469,25.22088050842285
2020-04-01,99.0979232788086,95.06542205810547,176.07008361816406,71.95240020751953,226.27127075195312,47.003173828125,50.873477935791016,73.5708236694336,24.086105346679688
2020-04-02,100.03630065917969,96.58586883544922,179.6433868408203,73.64791107177734,231.4925537109375,48.05290603637695,51.5745849609375,75.4784927368164,24.520700454711914
2020-04-03,97.20255279541016,94.86833953857422,177.0937957763672,72.5083236694336,228.1465606689453,47.37419891357422,50.66826248168945,74.3304214477539,24.208436965942383
2020-04-06,104.64464569091797,101.65402221679688,189.7550506591797,77.36318969726562,243.4702911376953,50.360530853271484,54.43888854980469,78.76729583740234,26.00153350830078
2020-04-07,104.91410064697266,100.87503051757812,189.67782592773438,77.59483337402344,243.7184600830078,50.279090881347656,55.09725570678711,79.06077575683594,25.938762664794922
2020-04-08,109.69895935058594,103.72821807861328,193.705078125,80.18904113769531,251.89974975585938,52.125186920166016,57.33740234375,82.26326751708984,26.72585678100586
2020-04-09,114.94837951660156,104.55411529541016,193.9851531982422,81.01361846923828,255.7329559326172,53.53691482543945,58.34632110595703,84.05011749267578,26.999486923217773
2020-04-13,111.83589172363281,104.98587036132812,196.08084106445312,79.71650695800781,253.39810180664062,52.42382049560547,57.48274612426758,82.4617919921875,26.985002517700195
2020-04-14,114.10289001464844,109.07792663574219,204.60865783691406,82.22735595703125,260.8715515136719,53.926048278808594,58.78236770629883,84.36946868896484,28.00387954711914
2020-04-15,109.4480972290039,107.67948913574219,202.26181030273438,80.32801055908203,255.3284454345703,52.60481643676758,56.72178268432617,82.02156829833984,27.57089614868164
2020-04-16,108.62120819091797,109.41584014892578,205.95108032226562,80.49479675292969,256.5602722167969,52.876304626464844,56.559326171875,81.89208221435547,27.867063522338867
2020-04-17,113.40607452392578,111.20842742919922,207.9212646484375,82.8203125,263.49139404296875,54.414710998535156,58.5429573059082,84.75791931152344,28.388578414916992
2020-04-20,112.06817626953125,110.01649475097656,205.4585723876953,81.31011199951172,258.84930419921875,53.22922897338867,57.18348693847656,83.10920715332031,27.963642120361328
2020-04-21,109.39236450195312,105.8962631225586,197.87722778320312,78.90120697021484,250.98965454101562,51.898948669433594,55.23405838012695,80.80447387695312,27.017200469970703
2020-04-22,110.72097778320312,108.72128295898438,203.74908447265625,80.71717071533203,256.5602722167969,52.84009552001953,56.25152587890625,82.03020477294922,27.846141815185547
2020-04-23,111.8080062866211,108.43031311035156,203.3145294189453,80.6337661743164,256.5419006347656,52.441917419433594,56.43108367919922,82.17695617675781,27.7978515625
2020-04-24,113.73123168945312,110.0071029663086,206.52088928222656,81.9123306274414,260.1177062988281,52.921539306640625,57.260433197021484,83.18688201904297,28.214738845825195
2020-04-27,118.23739624023438,111.40552520751953,208.1820068359375,83.32064056396484,263.8682556152344,53.76314926147461,58.67976379394531,84.9046630859375,28.498035430908203
2020-04-28,119.95623779296875,110.01649475097656,204.260986328125,83.32989501953125,262.6549072265625,53.75410842895508,59.33812713623047,85.29310607910156,28.13104248046875
2020-04-29,125.85604858398438,112.69136047363281,211.5042724609375,85.51646423339844,269.53076171875,54.26993942260742,61.57828140258789,86.94184875488281,29.043682098388672
2020-04-30,121.07112884521484,111.63079833984375,211.4173583984375,84.30270385742188,267.021240234375,53.45547103881836,59.834049224853516,85.07730102539062,29.024372100830078
2020-05-01,116.2677001953125,108.89958190917969,205.4585723876953,82.28296661376953,259.95233154296875,52.3604736328125,57.465641021728516,82.77255249023438,28.263032913208008
2020-05-04,116.76942443847656,110.3637466430664,207.85366821289062,82.54235076904297,260.6693420410156,52.514320373535156,57.38014602661133,82.49632263183594,28.546316146850586
2020-05-05,117.67063903808594,112.10945129394531,210.21014404296875,83.32989501953125,263.0776672363281,53.05729675292969,57.619544982910156,82.96246337890625,28.898822784423828
2020-05-06,116.80657958984375,112.08128356933594,211.5042724609375,82.9037094116211,261.2943115234375,52.38762283325195,56.93553161621094,81.73670196533203,28.96320915222168
2020-05-07,118.40464782714844,112.88843536376953,214.22776794433594,83.83946990966797,264.4474792480469,53.002986907958984,57.611000061035156,82.34957885742188,29.420333862304688
2020-05-08,122.97581481933594,114.17423248291016,217.16371154785156,85.23849487304688,268.8230285644531,53.736000061035156,59.39799118041992,84.24002838134766,29.787324905395508
2020-05-11,122.36260986328125,115.76038360595703,219.1049041748047,85.37747192382812,268.878173828125,53.5731086730957,58.850772857666016,83.7048110961914,29.98691749572754
2020-05-12,117.96797943115234,113.72372436523438,214.5175018310547,83.4966812133789,263.51898193359375,52.65911102294922,57.3288459777832,81.96115112304688,29.373659133911133
2020-05-13,114.01927185058594,112.61625671386719,211.83265686035156,82.19957733154297,258.8584289550781,51.90800857543945,55.490570068359375,80.2002182006836,28.972862243652344
2020-05-14,114.39089965820312,113.57357788085938,214.23741149902344,83.19091796875,261.9562683105469,52.40571975708008,56.704689025878906,81.41732788085938,29.22557830810547
2020-05-15,116.21195220947266,114.9344711303711,215.62811279296875,83.82093048095703,263.1604309082031,52.6319580078125,56.43963623046875,81.40006256103516,29.47989273071289
2020-05-18,123.27311706542969,116.05134582519531,219.64572143554688,86.41515350341797,271.1762390136719,54.07988357543945,59.41507339477539,84.56803894042969,30.15109634399414
2020-05-19,120.83885955810547,115.51636505126953,219.0952606201172,85.40528106689453,268.39093017578125,53.45547103881836,58.637027740478516,83.13510131835938,30.01911163330078
2020-05-20,124.49956512451172,116.65200805664062,223.4702606201172,86.76722717285156,272.95037841796875,53.926048278808594,59.90245056152344,84.47306823730469,30.590513229370117
2020-05-21,124.7225341796875,115.57266998291016,221.03643798828125,86.24837493896484,271.06591796875,53.56406021118164,59.44926834106445,83.87745666503906,30.347463607788086
2020-05-22,125.32644653320312,116.11703491210938,221.7994384765625,86.41515350341797,271.5806579589844,53.75410842895508,59.32103729248047,83.87745666503906,30.481067657470703
2020-05-26,128.94065856933594,115.24418640136719,221.20065307617188,87.804931640625,274.9267578125,54.36042785644531,61.35597229003906,85.9664306640625,30.553497314453125
2020-05-27,132.945068359375,116.0794906616211,222.40780639648438,88.8055191040039,279.0173034667969,55.03913116455078,63.425113677978516,87.96041870117188,30.75952911376953
2020-05-28,129.79539489746094,116.3610610961914,222.1181182861328,88.54612731933594,278.5025329589844,55.536842346191406,61.9459342956543,87.53744506835938,30.82069206237793
2020-05-29,129.05210876464844,118.18183135986328,225.3727569580078,89.03717041015625,279.7434997558594,55.763092041015625,61.90317153930664,87.52880859375,31.073394775390625
2020-06-01,130.28785705566406,118.82006072998047,226.04884338378906,89.3336410522461,280.8742370605469,55.95314025878906,62.15968704223633,87.7446060180664,31.285863876342773
2020-06-02,131.3656005859375,118.94207000732422,227.5651092529297,90.02851867675781,283.1998596191406,56.10697555541992,62.818077087402344,88.61643981933594,31.501554489135742
2020-06-03,134.5338134765625,118.79188537597656,228.58883666992188,91.37195587158203,286.9688720703125,56.59564971923828,64.32288360595703,90.38601684570312,31.775184631347656
2020-06-04,134.33868408203125,117.44978332519531,226.98562622070312,90.85311126708984,286.21502685546875,56.16127395629883,65.21210479736328,90.79170989990234,31.45326042175293
2020-06-05,139.53237915039062,118.80127716064453,231.48609924316406,93.13233184814453,293.550537109375,57.31960678100586,67.42659759521484,93.44176483154297,32.15988540649414
2020-06-08,142.236083984375,119.74921417236328,233.282470703125,93.9754409790039,297.0987854003906,57.925941467285156,68.87155151367188,95.09048461914062,32.43029022216797
2020-06-09,139.606689453125,120.20911407470703,234.97254943847656,93.03966522216797,294.88348388671875,57.31960678100586,67.39239501953125,93.35541534423828,32.4898567199707
2020-06-10,135.81597900390625,121.98294067382812,237.7926483154297,92.48375701904297,293.23809814453125,57.048126220703125,65.83625793457031,91.61174774169922,32.7071418762207
2020-06-11,125.45651245117188,116.31415557861328,226.01019287109375,86.99884033203125,276.33319091796875,54.18848419189453,61.01396560668945,85.66429138183594,30.97843360900879
2020-06-12,128.4668426513672,116.78339385986328,227.80648803710938,87.93462371826172,279.6424865722656,54.5323600769043,62.24521255493164,86.898681640625,31.303571701049805
2020-06-15,131.43692016601562,118.53960418701172,230.5782928466797,88.71116638183594,282.2530822753906,54.925262451171875,62.827213287353516,87.58922576904297,31.643199920654297
2020-06-16,134.5972442626953,120.7231216430664,234.53797912597656,90.36653900146484,287.6858215332031,55.72563934326172,64.0049819946289,89.28974914550781,32.25324249267578
2020-06-17,132.1640625,121.07135009765625,235.28160095214844,89.96663665771484,286.49078369140625,55.58011245727539,63.19688415527344,88.32294464111328,32.280601501464844
2020-06-18,132.1174774169922,121.09016418457031,235.91900634765625,89.90155792236328,286.60113525390625,55.607398986816406,63.03355026245117,88.27979278564453,32.34981155395508
2020-06-19,131.43692016601562,121.97486114501953,235.88040161132812,89.38074493408203,284.9632263183594,55.26179122924805,62.663875579833984,87.64965057373047,32.2323112487793
2020-06-22,132.75137329101562,123.04779052734375,238.70916748046875,89.9852294921875,286.791259765625,55.380027770996094,62.646663665771484,87.58059692382812,32.63149642944336
2020-06-23,133.3107147216797,123.25484466552734,240.74085998535156,90.47813415527344,288.111572265625,55.34363555908203,62.655250549316406,87.69280242919922,32.837528228759766
2020-06-24,128.9851531982422,120.90194702148438,235.77781677246094,88.04158020019531,280.76214599609375,54.179466247558594,60.71233367919922,85.24995422363281,32.05363845825195
2020-06-25,130.93348693847656,122.35133361816406,238.02230834960938,88.84136199951172,283.7721252441406,54.69789505004883,61.271148681640625,86.15824127197266,32.41318130493164
2020-06-26,127.40958404541016,119.95136260986328,232.40142822265625,86.55359649658203,277.03216552734375,53.86114501953125,59.92140579223633,84.33120727539062,31.584104537963867
2020-06-29,131.57675170898438,120.78898620605469,234.93612670898438,87.84626007080078,281.1038513183594,54.48870849609375,61.15937805175781,85.67106628417969,32.00025177001953
2020-06-30,133.47850036621094,123.29248046875,239.54124450683594,89.20406341552734,284.7046813964844,55.1435546875,62.13943862915039,86.64547729492188,32.59706115722656
2020-07-01,132.21066284179688,124.96776580810547,242.33717346191406,89.67833709716797,286.69891357421875,55.380027770996094,61.51186752319336,86.61066436767578,32.97128677368164
2020-07-02,132.75137329101562,125.927734375,243.98182678222656,90.22703552246094,288.27777099609375,55.55284118652344,61.89873123168945,87.0108871459961,33.11000061035156
2020-07-06,133.7115936279297,128.56298828125,249.9800567626953,91.52899169921875,292.72802734375,55.852970123291016,62.78422546386719,87.86349487304688,33.85036087036133
2020-07-07,131.34368896484375,128.1206817626953,248.25794982910156,90.41303253173828,289.70892333984375,55.461883544921875,61.580631256103516,86.80207061767578,33.56970977783203
2020-07-08,132.3225860595703,129.59828186035156,251.52796936035156,90.91522216796875,291.92474365234375,55.57102584838867,61.7697639465332,87.07177734375,33.98747634887695
2020-07-09,129.6470184326172,130.4735565185547,253.6466522216797,90.2921371459961,290.2628173828125,55.24360275268555,60.497406005859375,85.58403778076172,34.135868072509766
2020-07-10,131.73524475097656,131.2924041748047,255.37843322753906,91.21280670166016,293.2265625,55.67106628417969,61.890113830566406,87.16748046875,34.2794189453125
2020-07-13,130.06649780273438,128.5818634033203,250.1251983642578,90.44092559814453,290.6875305175781,55.27998352050781,61.735382080078125,87.44589233398438,33.579383850097656
2020-07-14,132.22003173828125,130.32298278808594,251.8956298828125,91.72431945800781,294.45458984375,56.15311050415039,62.60369110107422,88.7683334350586,33.992305755615234
2020-07-15,137.067626953125,130.595947265625,252.4083709716797,92.92398071289062,297.15985107421875,56.56238555908203,63.858863830566406,89.8906478881836,34.190704345703125
2020-07-16,136.2566375732422,129.95596313476562,250.686279296875,92.47760772705078,296.1811828613281,56.60786437988281,64.0221939086914,90.07333374023438,33.92617416381836
2020-07-17,136.65745544433594,130.7276611328125,250.97647094726562,92.88678741455078,297.0397644042969,57.18086242675781,64.08238983154297,90.22996520996094,34.05360412597656
2020-07-20,136.0701904296875,133.85235595703125,258.0970458984375,93.31458282470703,299.44036865234375,57.21723175048828,63.738502502441406,89.51655578613281,34.858482360839844
2020-07-21,137.99989318847656,132.48770141601562,255.40750122070312,93.69586944580078,300.077392578125,57.30818557739258,64.305908203125,90.57797241210938,34.64395523071289
2020-07-22,138.07447814941406,133.09945678710938,256.30718994140625,94.44915771484375,301.78546142578125,57.86298370361328,64.83892059326172,91.02168273925781,34.821388244628906
2020-07-23,138.2143096923828,130.4359588623047,249.61245727539062,93.4075927734375,298.1846618652344,57.571937561035156,64.80451202392578,90.96077728271484,34.06650924682617
2020-07-24,136.1820526123047,128.9676971435547,247.2421112060547,92.4496841430664,296.2641906738281,57.226318359375,63.0765380859375,90.11685180664062,33.927791595458984
2020-07-27,137.5990753173828,131.01943969726562,251.65371704101562,93.1099853515625,298.4247131347656,57.426422119140625,63.22268295288086,90.108154296875,34.398780822753906
2020-07-28,136.22866821289062,129.8053741455078,248.45147705078125,92.4032211303711,296.53192138671875,57.28089141845703,62.973358154296875,90.09075927734375,34.02456283569336
2020-07-29,139.23049926757812,131.3206329345703,251.3151092529297,93.37967681884766,300.17901611328125,57.817508697509766,63.566566467285156,91.01297760009766,34.503631591796875
2020-07-30,138.68045043945312,131.3206329345703,252.63082885742188,92.95189666748047,299.10791015625,57.58103942871094,63.03355026245117,90.16035461425781,34.53266525268555
2020-07-31,137.37533569335938,131.9418182373047,257.13916015625,93.62149047851562,301.47161865234375,57.66289138793945,62.792842864990234,89.88195037841797,35.06173324584961
2020-08-03,139.6127166748047,133.58885192871094,260.6122741699219,93.94696044921875,303.5674743652344,57.71746063232422,63.14529037475586,90.16035461425781,35.448848724365234
2020-08-04,140.5728759765625,134.13473510742188,261.579833984375,94.29107666015625,304.7399597167969,57.972137451171875,63.60954284667969,90.5866470336914,35.55207443237305
2020-08-05,143.36961364746094,134.3323516845703,262.22796630859375,95.21176147460938,306.6326904296875,57.92664337158203,63.81587600708008,91.25658416748047,35.752098083496094
2020-08-06,143.31369018554688,134.8029327392578,265.7010803222656,95.7790298461914,308.6824035644531,58.07217788696289,63.49777603149414,91.21308898925781,36.16018295288086
2020-08-07,145.58834838867188,133.6829071044922,262.6343078613281,96.03944396972656,308.9040222167969,58.50874328613281,64.22852325439453,92.27449798583984,35.83435821533203
2020-08-10,147.09861755371094,132.62884521484375,261.5120544433594,96.27191925048828,309.8272399902344,58.445068359375,65.4149169921875,93.18803405761719,35.72789764404297
2020-08-11,146.25027465820312,129.95596313476562,256.5587463378906,95.78833770751953,307.2697448730469,57.90845489501953,65.33757019042969,93.11842346191406,35.19883346557617
2020-08-12,146.8468780517578,133.4758758544922,263.01153564453125,96.98800659179688,311.5538330078125,58.49964141845703,65.66423797607422,93.80575561523438,35.88597106933594
2020-08-13,146.53924560546875,134.17234802246094,263.6114501953125,96.75553131103516,310.9907531738281,58.39049530029297,64.9936752319336,93.06624603271484,36.04081344604492
2020-08-14,146.44602966308594,134.06886291503906,263.30181884765625,96.70901489257812,310.99993896484375,58.39959716796875,65.36333465576172,93.30985260009766,35.97629928588867
2020-08-17,147.201171875,136.5063934326172,266.3590087890625,97.0066146850586,311.98779296875,58.672447204589844,65.24298095703125,92.9879379272461,36.340824127197266
2020-08-18,145.79347229003906,137.39117431640625,268.92279052734375,97.05311584472656,312.6618347167969,58.672447204589844,64.83030700683594,92.71822357177734,36.61665344238281
2020-08-19,145.80276489257812,136.70413208007812,267.1136169433594,96.75553131103516,311.3598937988281,58.24497985839844,64.78732299804688,92.43110656738281,36.42308807373047
2020-08-20,145.20616149902344,138.3040771484375,270.8189392089844,96.97872161865234,312.32940673828125,58.24497985839844,64.26290893554688,91.900390625,36.81020736694336
2020-08-21,144.13406372070312,139.00050354003906,272.69580078125,97.26702117919922,313.4373779296875,58.17221450805664,64.22852325439453,91.97869873046875,37.011837005615234
2020-08-24,145.644287109375,138.5487518310547,274.3985900878906,98.33648681640625,316.6134948730469,58.54511260986328,65.37194061279297,93.31854248046875,37.22637176513672
2020-08-25,145.80276489257812,139.46170043945312,276.5559387207031,98.67129516601562,317.7214660644531,58.65427017211914,65.26017761230469,93.19673156738281,37.497344970703125
2020-08-26,144.88914489746094,141.993408203125,282.45745849609375,99.57337188720703,320.9067687988281,58.808876037597656,64.98506927490234,92.94441986083984,38.27643585205078
2020-08-27,145.24342346191406,141.83343505859375,281.5769958496094,99.65706634521484,321.6084289550781,59.08171463012695,65.13982391357422,93.71875,38.199005126953125
2020-08-28,146.47398376464844,142.435791015625,283.00885009765625,100.64286804199219,323.6858215332031,59.35458755493164,65.81897735595703,94.43217468261719,38.4457893371582
2020-08-31,144.89852905273438,144.4498291015625,285.2824401855469,100.04766845703125,322.5132751464844,59.23633575439453,65.20858001708984,93.64041900634766,38.60063552856445
2020-09-01,146.55795288085938,146.12513732910156,290.15838623046875,100.75444793701172,325.5508117675781,59.21815490722656,65.10542297363281,93.6230239868164,39.19099807739258
2020-09-02,147.72320556640625,147.1792449951172,292.9058532714844,102.4470443725586,330.2596130371094,60.355037689208984,66.47234344482422,95.2586898803711,39.595855712890625
2020-09-03,143.36029052734375,139.7816925048828,278.05548095703125,99.03399658203125,318.8939514160156,58.90891647338867,64.91629028320312,93.5534439086914,37.73285675048828
2020-09-04,142.44671630859375,137.83348083496094,274.35015869140625,98.14119720458984,316.2903137207031,58.54511260986328,65.10542297363281,93.54473114013672,37.132816314697266
2020-09-08,139.70591735839844,132.0076904296875,261.16387939453125,95.79764556884766,307.6483154296875,57.60831832885742,63.93623733520508,91.88299560546875,35.745643615722656
2020-09-09,141.8220977783203,136.09231567382812,268.8356018066406,97.33212280273438,313.7236022949219,58.49964141845703,64.54662322998047,92.953125,36.732791900634766
2020-09-10,139.97625732421875,133.66412353515625,263.4759521484375,95.73252868652344,308.2762145996094,57.68107604980469,63.47198486328125,91.6045913696289,36.039207458496094
2020-09-11,139.0440216064453,133.2029571533203,261.6474609375,95.80693817138672,308.4331359863281,57.8538818359375,63.95341873168945,92.22229766845703,35.903709411621094
2020-09-14,142.70770263671875,136.15818786621094,266.2042541503906,97.06243133544922,312.4955749511719,58.66334915161133,64.9334716796875,93.35333251953125,36.4763298034668
2020-09-15,142.97808837890625,138.33229064941406,269.977294921875,97.5925064086914,314.0744323730469,58.936195373535156,64.76153564453125,93.17933654785156,36.90700149536133
2020-09-16,144.32984924316406,136.58177185058594,265.672119140625,97.4437026977539,312.8280029296875,58.92710494995117,65.40631103515625,93.7622299194336,36.47955322265625
2020-09-17,143.27638244628906,135.1417236328125,261.52178955078125,96.57881927490234,310.07659912109375,58.61787414550781,65.26017761230469,93.35333251953125,35.99565124511719
2020-09-18,142.90350341796875,134.6053009033203,258.1839904785156,95.67674255371094,306.5068054199219,58.08127212524414,64.65837860107422,92.64860534667969,35.55691909790039
2020-09-21,137.89736938476562,135.0852813720703,258.8031921386719,94.14228820800781,303.095458984375,57.39913558959961,63.093711853027344,90.63015747070312,35.55046463012695
2020-09-22,138.96011352539062,136.1488037109375,263.6114501953125,95.14665985107422,306.18231201171875,57.790225982666016,63.14529037475586,90.70845794677734,36.134376525878906
2020-09-23,134.8201446533203,132.3769989013672,255.56222534179688,93.53266143798828,299.0816955566406,56.66873550415039,61.95025634765625,89.02931213378906,35.12946701049805
2020-09-24,134.8201446533203,132.58436584472656,256.7522277832031,93.6634292602539,299.87884521484375,56.74185562133789,62.114662170410156,89.15982818603516,35.22786331176758
2020-09-25,137.0099334716797,135.7519073486328,262.7214050292969,94.98039245605469,304.72698974609375,57.52790451049805,62.633872985839844,90.14637756347656,35.98674774169922
2020-09-28,140.38818359375,137.675048828125,268.1777648925781,96.54019927978516,309.7882995605469,58.16770935058594,63.94055938720703,91.5131607055664,36.623443603515625
2020-09-29,139.75180053710938,137.59022521972656,266.9686584472656,96.25999450683594,308.1011962890625,57.91178894042969,63.4905891418457,90.74214172363281,36.54750442504883
2020-09-30,140.17288208007812,138.9571533203125,268.7969970703125,96.89512634277344,310.4372253417969,58.24996566772461,63.84536361694336,91.56573486328125,36.78181457519531
2020-10-01,142.4094696044922,140.70118713378906,273.0634765625,97.42754364013672,312.43017578125,58.49675750732422,64.07036590576172,91.62706756591797,37.27146911621094
2020-10-02,143.0364532470703,137.44879150390625,265.3818359375,96.65230560302734,309.4638671875,58.26826095581055,64.20016479492188,91.71466827392578,36.570125579833984
2020-10-05,146.9855194091797,140.5220489501953,271.04144287109375,98.24947357177734,314.95159912109375,59.036014556884766,65.3424072265625,93.16029357910156,37.26338195800781
2020-10-06,146.5643768310547,138.3443603515625,266.2042541503906,97.1006088256836,310.4742126464844,58.42362976074219,64.82322692871094,92.2841567993164,36.64121627807617
2020-10-07,149.76480102539062,140.87088012695312,270.8092956542969,98.62307739257812,315.8785400390625,59.1274299621582,66.09527587890625,93.73855590820312,37.25852584838867
2020-10-08,151.46795654296875,141.42709350585938,272.2508239746094,99.52906799316406,318.67803955078125,59.68497085571289,67.2115707397461,94.90381622314453,37.4831657409668
2020-10-09,152.2540283203125,143.18057250976562,276.4108581542969,100.4911117553711,321.52392578125,60.06886291503906,66.87409973144531,95.07029724121094,38.0455207824707
2020-10-12,153.2740478515625,145.80133056640625,284.9438781738281,101.77072143554688,326.6964416503906,60.62640380859375,67.42790222167969,95.762451171875,38.89876937866211
2020-10-13,152.2540283203125,146.02752685546875,284.93408203125,101.07954406738281,324.5644836425781,60.2150993347168,66.77889251708984,94.8600082397461,38.85029602050781
2020-10-14,150.74740600585938,145.0659942626953,282.5541687011719,100.48178100585938,322.5250244140625,59.94089126586914,66.59716033935547,94.43946838378906,38.53517150878906
2020-10-15,152.3008270263672,144.1138458251953,280.657958984375,100.35100555419922,322.12640380859375,59.67582321166992,66.96062469482422,94.67601776123047,38.35580062866211
2020-10-16,151.92654418945312,143.802734375,279.11968994140625,100.33233642578125,321.9316711425781,59.803794860839844,67.04714965820312,94.93887329101562,38.1877326965332
2020-10-19,150.111083984375,141.67221069335938,274.5629577636719,98.73516082763672,317.0373229980469,58.89892578125,66.41546630859375,93.65093231201172,37.610836029052734
2020-10-20,150.43861389160156,141.389404296875,275.1531982421875,99.22085571289062,318.3072814941406,58.972042083740234,66.63179779052734,93.86997985839844,37.751407623291016
2020-10-21,149.147216796875,140.61634826660156,274.9403076171875,99.379638671875,317.7047119140625,59.05430221557617,66.3548812866211,93.57207489013672,37.704551696777344
2020-10-22,151.72064208984375,140.48435974121094,274.9305725097656,99.9306869506836,319.44744873046875,59.25538635253906,67.298095703125,94.78119659423828,37.67544937133789
2020-10-23,152.6002960205078,140.85203552246094,275.472412109375,100.44441223144531,320.5320129394531,59.438194274902344,66.8481216430664,94.87753295898438,37.85969543457031
2020-10-26,149.3062286376953,139.2776336669922,271.3414001464844,98.29615783691406,314.6086120605469,58.56073760986328,65.23855590820312,93.04639434814453,37.21651840209961
2020-10-27,148.02423095703125,139.4945068359375,273.4600830078125,97.857177734375,313.52410888671875,58.122013092041016,64.10496520996094,91.80229187011719,37.43629455566406
2020-10-28,143.4669189453125,134.81863403320312,262.79876708984375,94.20515441894531,302.80810546875,56.40367126464844,62.253143310546875,89.14754486083984,35.98188781738281
2020-10-29,145.17942810058594,135.54449462890625,267.3941345214844,95.25125885009766,305.88568115234375,56.54991149902344,62.971370697021484,89.69953155517578,36.44245529174805
2020-10-30,143.26104736328125,133.14059448242188,260.6122741699219,94.38262939453125,302.6968994140625,56.35796356201172,63.1617546081543,89.90105438232422,35.67646789550781
2020-11-02,145.81578063964844,134.1964111328125,261.1927795410156,95.56883239746094,306.0896301269531,57.171443939208984,64.42514038085938,91.53943634033203,35.80089569091797
2020-11-03,149.95199584960938,136.6192169189453,265.7108459472656,97.36214447021484,311.4939270019531,58.13114929199219,65.679931640625,93.11650085449219,36.44892120361328
2020-11-04,150.12042236328125,142.75633239746094,277.5718688964844,99.72521209716797,318.4556884765625,58.77096176147461,65.75777435302734,93.4056167602539,37.93079376220703
2020-11-05,154.32212829589844,145.3865203857422,284.808349609375,101.44380950927734,324.6662902832031,59.27366256713867,67.36731719970703,94.93887329101562,38.800209045410156
2020-11-06,153.11497497558594,145.35821533203125,285.02117919921875,101.26631927490234,324.5921936035156,59.474754333496094,66.90003204345703,94.66727447509766,38.89070129394531
2020-11-09,158.66424560546875,141.14425659179688,279.1970520019531,103.6480941772461,328.6708068847656,60.443607330322266,69.3316650390625,98.46971893310547,38.292781829833984
2020-11-10,161.61196899414062,139.39080810546875,274.1954040527344,103.4706039428711,328.1888427734375,60.87318801879883,70.27490997314453,99.92413330078125,37.709407806396484
2020-11-11,161.54647827148438,142.22836303710938,280.3289794921875,103.7882080078125,330.62689208984375,61.165645599365234,70.20567321777344,99.52986145019531,38.418819427490234
2020-11-12,159.066650390625,141.84188842773438,279.0132751464844,102.55528259277344,327.4195251464844,60.53500747680664,68.96821594238281,98.25946044921875,38.194190979003906
2020-11-13,162.36062622070312,142.50181579589844,281.4609375,104.18048095703125,331.9524230957031,61.32105255126953,70.69029235839844,100.10810852050781,38.49154281616211
2020-11-16,166.2255096435547,142.7280731201172,283.6570129394531,105.478759765625,336.0960388183594,61.80548858642578,72.29981994628906,101.799072265625,38.77758026123047
2020-11-17,167.002197265625,142.77517700195312,282.7573547363281,105.04911804199219,334.28839111328125,61.421607971191406,71.94503021240234,101.32596588134766,38.695159912109375
2020-11-18,164.6626739501953,142.09642028808594,280.6676940917969,103.80687713623047,330.26531982421875,60.644683837890625,71.50369262695312,100.10810852050781,38.34286880493164
2020-11-19,165.92601013183594,143.24656677246094,282.8637390136719,103.94697570800781,331.6558532714844,60.75436019897461,71.72869873046875,100.248291015625,38.6434440612793
2020-11-20,166.1038360595703,142.55838012695312,280.928955078125,103.17174530029297,329.3846740722656,60.46188735961914,71.38255310058594,99.77518463134766,38.3574104309082
2020-11-23,169.210693359375,142.6432342529297,280.9385070800781,103.89093017578125,331.359130859375,60.54413986206055,73.09593200683594,101.00177764892578,38.41236877441406
2020-11-24,172.3924102783203,143.3502197265625,284.8856506347656,105.56283569335938,336.69854736328125,61.0925407409668,74.86124420166016,103.12205505371094,38.85029602050781
2020-11-25,171.80282592773438,144.9340057373047,286.6367492675781,105.18920135498047,336.1795959472656,60.98287582397461,74.22089385986328,102.48247528076172,39.07006072998047
2020-11-27,172.53273010253906,146.5932159423828,289.2779541015625,105.43206024169922,337.1156921386719,61.07427215576172,74.26416015625,102.47370910644531,39.33509063720703
2020-11-30,169.39784240722656,147.2908172607422,289.8680725097656,105.03977966308594,335.6233215332031,60.918888092041016,73.53726959228516,101.3697509765625,39.377113342285156
2020-12-01,170.969970703125,147.38510131835938,293.58319091796875,106.48751831054688,339.294189453125,61.36675262451172,74.3680191040039,102.28092956542969,39.80373764038086
2020-12-02,171.14772033691406,146.66864013671875,293.96044921875,106.27266693115234,340.0078430175781,61.165645599365234,74.9477767944336,102.9292984008789,39.69869613647461
2020-12-03,172.11163330078125,147.13058471679688,294.3763427734375,106.384765625,339.915283203125,61.05599594116211,75.44103240966797,103.13080596923828,39.67768096923828
2020-12-04,176.1168212890625,147.89414978027344,295.5760192871094,107.26275634765625,342.844482421875,61.36675262451172,76.85154724121094,104.39247131347656,39.915245056152344
2020-12-07,176.28529357910156,149.223388671875,297.249755859375,107.11329650878906,342.1400146484375,61.302757263183594,76.25446319580078,103.7353515625,40.070377349853516
2020-12-08,178.5499267578125,149.89273071289062,298.25592041015625,107.53359985351562,343.14117431640625,61.48555374145508,76.834228515625,104.20845794677734,40.1544075012207
2020-12-09,177.2491912841797,146.22555541992188,291.503173828125,106.73970031738281,340.0635681152344,61.20224380493164,76.74771881103516,104.20845794677734,39.43528366088867
2020-12-10,178.96170043945312,147.7527618408203,292.67364501953125,106.40345001220703,339.9523010253906,60.964599609375,76.20254516601562,103.86678314208984,39.575870513916016
2020-12-11,178.08201599121094,147.56422424316406,292.0255126953125,106.42213439941406,339.55364990234375,61.07427215576172,75.72657775878906,103.6126937866211,39.52900314331055
2020-12-14,178.29039001464844,148.4993438720703,294.144287109375,105.82970428466797,338.033447265625,60.90166091918945,75.2433853149414,102.48247528076172,39.63405990600586
2020-12-15,182.7493133544922,149.90676879882812,297.2884521484375,107.1607666015625,342.6033630371094,61.53519058227539,76.06179809570312,103.91934204101562,40.11886978149414
2020-12-16,182.09219360351562,150.59632873535156,298.9234313964844,107.1607666015625,343.14117431640625,61.51683044433594,75.8441390991211,103.75286865234375,40.322471618652344
2020-12-17,184.26063537597656,152.6177520751953,300.8777160644531,107.9669189453125,345.0600280761719,62.11363220214844,75.87895202636719,104.20845794677734,40.668296813964844
2020-12-18,183.36886596679688,152.9389190673828,299.9682922363281,107.57322692871094,343.68218994140625,62.10444259643555,74.95603942871094,103.6477279663086,40.65536880493164
2020-12-21,183.2749786376953,152.84449768066406,299.4071960449219,107.03890991210938,342.45330810546875,61.590274810791016,74.55553436279297,103.14832305908203,40.589115142822266
2020-12-22,185.35894775390625,153.82684326171875,300.22125244140625,106.80458068847656,341.8761901855469,61.397464752197266,73.88511657714844,102.3860855102539,40.758792877197266
2020-12-23,186.9359893798828,152.3438262939453,298.7093811035156,106.73896789550781,342.1834411621094,61.360740661621094,74.58167266845703,103.25346374511719,40.493778228759766
2020-12-24,186.81393432617188,152.77838134765625,300.02734375,107.2920150756836,343.5145568847656,61.61782455444336,74.68612670898438,103.46429443359375,40.6768798828125
2020-12-28,186.11932373046875,152.0887908935547,303.0513916015625,108.08878326416016,346.4656982421875,61.82899856567383,74.72967529296875,103.7994613647461,41.034664154052734
2020-12-29,182.51461791992188,151.6448211669922,303.32269287109375,107.98564910888672,345.8046875,61.700469970703125,74.62520599365234,103.68478393554688,40.94723892211914
2020-12-30,184.37326049804688,152.2021484375,303.3324279785156,108.23875427246094,346.2981262207031,61.7830696105957,74.9647445678711,104.01997375488281,40.93915939331055
2020-12-31,184.04476928710938,152.35325622558594,304.07867431640625,108.93240356445312,348.0576171875,62.32480239868164,75.66999816894531,104.928466796875,41.01524353027344
2021-01-04,181.64163208007812,151.20091247558594,299.78515625,107.1982650756836,343.3191223144531,61.452545166015625,74.99958038330078,103.5877685546875,40.4194450378418
2021-01-05,184.44837951660156,152.57052612304688,302.256591796875,107.62947082519531,345.6837158203125,61.51683044433594,75.92249298095703,104.36395263671875,40.68172836303711
2021-01-06,191.99566650390625,151.38978576660156,298.0696716308594,108.12628173828125,347.7502746582031,62.0768928527832,77.8989028930664,106.87779998779297,40.23650360107422
2021-01-07,195.41261291503906,156.07498168945312,305.280517578125,109.3448486328125,352.9171142578125,62.453346252441406,78.90889739990234,107.67163848876953,41.165809631347656
2021-01-08,194.99017333984375,158.65371704101562,309.2058410644531,109.87918853759766,354.9278259277344,62.78388214111328,78.55191040039062,107.75104522705078,41.606170654296875
2021-01-11,194.82119750976562,156.70785522460938,304.73779296875,109.37297821044922,352.5353698730469,62.4625129699707,79.09172058105469,107.93627166748047,41.045989990234375
2021-01-12,198.313232421875,157.633544921875,304.2532043457031,109.1386489868164,352.6098327636719,62.0768928527832,80.13654327392578,108.38609313964844,40.966670989990234
2021-01-13,196.89573669433594,158.18142700195312,306.3079528808594,109.17613220214844,353.55938720703125,62.06771469116211,80.37161254882812,108.46550750732422,41.12208938598633
2021-01-14,200.82899475097656,157.2556915283203,304.669921875,108.55746459960938,352.32122802734375,61.71882629394531,81.79080200195312,108.95944213867188,40.72220230102539
2021-01-15,197.83444213867188,155.52713012695312,302.256591796875,108.0044174194336,349.7519226074219,61.7830696105957,80.75471496582031,107.90101623535156,40.4922981262207
2021-01-19,200.36900329589844,157.29351806640625,306.6664733886719,108.857421875,352.4981689453125,62.10444259643555,81.47737121582031,108.35964965820312,40.9423942565918
2021-01-20,201.25143432617188,160.46734619140625,313.79974365234375,109.9729232788086,357.3762512207031,62.664520263671875,81.88658142089844,108.6330795288086,41.902442932128906
2021-01-21,199.50538635253906,161.11911010742188,316.31005859375,110.05728149414062,357.7020568847656,62.352359771728516,82.19132232666016,108.10383605957031,42.10319519042969
2021-01-22,201.8240203857422,161.17578125,315.3990783691406,109.3917236328125,356.43603515625,62.196266174316406,80.98109436035156,107.45113372802734,42.06757354736328
2021-01-25,201.6268768310547,161.67637634277344,318.0061950683594,109.69168090820312,357.8416748046875,62.65534973144531,80.78954315185547,107.45113372802734,42.337947845458984
2021-01-26,200.22824096679688,159.9383544921875,318.4714050292969,109.46672821044922,357.2831726074219,62.609439849853516,80.63284301757812,107.1247787475586,42.26994705200195
2021-01-27,196.55783081054688,154.49752807617188,309.5935363769531,106.95455169677734,348.55096435546875,61.21381759643555,78.93502044677734,104.51392364501953,41.18846893310547
2021-01-28,195.92892456054688,157.05735778808594,311.42529296875,108.14501190185547,351.548583984375,61.452545166015625,79.35294342041016,105.86343383789062,41.437808990478516
2021-01-29,192.96250915527344,154.78091430664062,304.8734130859375,105.84847259521484,344.5106506347656,60.626197814941406,78.1688232421875,104.0993423461914,40.599159240722656
2021-02-01,197.7030792236328,158.5970001220703,312.4914855957031,107.2920150756836,350.2452392578125,61.21381759643555,79.1526870727539,104.8490982055664,41.57378387451172
2021-02-02,200.51919555664062,161.82754516601562,317.58941650390625,108.91366577148438,355.1978454589844,61.755550384521484,79.90145111083984,106.18978881835938,42.31689453125
2021-02-03,201.1199951171875,161.35525512695312,316.3294372558594,108.70745849609375,355.47711181640625,61.42499542236328,80.26713562011719,106.5955581665039,42.211669921875
2021-02-04,205.22216796875,163.1688690185547,320.070556640625,110.01978302001953,359.517333984375,61.85655975341797,81.33805847167969,107.7333984375,42.70869064331055
2021-02-05,208.06649780273438,164.4629364013672,321.1561584472656,110.61969757080078,360.93231201171875,62.17790222167969,81.5905532836914,108.29789733886719,42.902976989746094
2021-02-08,213.37962341308594,166.05931091308594,323.3077697753906,111.3977279663086,363.5390930175781,62.4625129699707,82.879150390625,109.30342864990234,43.145809173583984
2021-02-09,214.38404846191406,165.96484375,323.2398986816406,111.3227310180664,363.29693603515625,62.4992561340332,82.879150390625,109.25933074951172,43.134483337402344
2021-02-10,212.97598266601562,165.3981475830078,322.5032653808594,111.41646575927734,363.138671875,62.352359771728516,82.8965835571289,109.39164733886719,43.07135009765625
2021-02-11,212.73193359375,166.9377899169922,324.2769470214844,112.00701904296875,363.72515869140625,62.37989044189453,83.30579376220703,109.25933074951172,43.306095123291016
2021-02-12,213.3326873779297,168.17523193359375,326.0893859863281,112.29759216308594,365.52197265625,62.4625129699707,83.93265533447266,109.78857421875,43.53437805175781
2021-02-16,211.99032592773438,167.74069213867188,325.20745849609375,111.98826599121094,365.20538330078125,62.01262664794922,83.98490142822266,109.95616149902344,43.35790252685547
2021-02-17,210.32876586914062,166.3143768310547,323.64697265625,112.16636657714844,365.2891845703125,62.187095642089844,84.13292694091797,110.3707275390625,43.20086669921875
2021-02-18,207.07144165039062,165.14305114746094,322.2319030761719,111.91326141357422,363.7344970703125,62.25135040283203,83.74111938476562,109.78857421875,43.05191421508789
2021-02-19,211.38954162597656,164.93528747558594,320.8265380859375,111.55708312988281,363.09210205078125,61.62699890136719,84.57695770263672,110.11491394042969,42.86574172973633
2021-02-22,210.01907348632812,159.05043029785156,312.5108337402344,110.85404205322266,360.2994079589844,61.333194732666016,84.37672424316406,110.89995574951172,41.90730667114258
2021-02-23,208.1697235107422,157.67132568359375,311.58038330078125,111.1915054321289,360.7368469238281,61.43418502807617,84.40283966064453,111.24394989013672,41.83930587768555
2021-02-24,213.08860778808594,158.7576446533203,314.1488037109375,112.45694732666016,364.71197509765625,61.746368408203125,86.36183166503906,112.7345962524414,42.11452102661133
2021-02-25,205.21279907226562,152.6461181640625,303.1967468261719,109.7104263305664,355.9239807128906,60.993465423583984,83.88040924072266,110.79411315917969,40.79830551147461
2021-02-26,204.93115234375,153.87408447265625,304.4664611816406,109.23238372802734,354.09002685546875,60.39666748046875,83.56698608398438,109.30342864990234,40.9423942565918
2021-03-01,212.21560668945312,158.5970001220703,313.6253356933594,111.7445297241211,362.6732177734375,61.42499542236328,85.59564971923828,111.68498229980469,42.04977035522461
2021-03-02,208.1322021484375,155.72549438476562,308.5951843261719,110.91026306152344,359.8431701660156,61.21381759643555,85.12548065185547,111.42916870117188,41.47989273071289
2021-03-03,205.8792724609375,149.4628448486328,299.6397705078125,109.32611083984375,355.0767822265625,60.48847961425781,85.05583190917969,111.42916870117188,40.341739654541016
2021-03-04,200.12496948242188,145.34442138671875,294.7355041503906,107.788818359375,350.6828308105469,59.84577178955078,83.77596282958984,110.3707275390625,39.65205764770508
2021-03-05,204.36793518066406,146.66685485839844,299.174560546875,110.33848571777344,357.1341857910156,61.204654693603516,85.9874496459961,112.82282257080078,40.1895637512207
2021-03-08,205.33480834960938,141.68882751464844,290.7037048339844,110.17913055419922,355.3561096191406,61.379085540771484,86.7362289428711,114.1458740234375,39.36549758911133
2021-03-09,209.6529541015625,148.77330017089844,302.1693115234375,111.5289306640625,360.4297180175781,61.72800827026367,87.10191345214844,113.73133850097656,40.654212951660156
2021-03-10,213.295166015625,148.46157836914062,301.3067626953125,112.29759216308594,362.6732177734375,62.11363220214844,88.11188507080078,115.25726318359375,40.64773941040039
2021-03-11,217.98870849609375,153.43008422851562,308.2463073730469,113.23497009277344,366.3504943847656,62.26054382324219,88.56464385986328,115.19552612304688,41.56245803833008
2021-03-12,219.2747802734375,152.04153442382812,305.7457275390625,113.11311340332031,366.84381103515625,62.55434036254883,89.53108215332031,116.24516296386719,41.30503463745117
2021-03-15,220.0538787841797,153.7512664794922,309.011962890625,114.24735260009766,369.0315246582031,62.99506759643555,90.3233871459961,116.51860809326172,41.70006561279297
2021-03-16,216.37411499023438,153.13729858398438,310.7081298828125,114.26608276367188,368.5660095214844,63.105247497558594,89.96641540527344,115.77767181396484,41.826351165771484
2021-03-17,218.0731658935547,153.59066772460938,311.98748779296875,114.27546691894531,369.82275390625,62.82060241699219,90.97637176513672,116.27161407470703,41.902442932128906
2021-03-18,211.43649291992188,148.41432189941406,302.4310607910156,112.60693359375,364.4420166015625,62.37070846557617,89.97512817382812,115.82176208496094,40.801536560058594
2021-03-19,213.0322723388672,149.8029022216797,303.4971618652344,112.21321868896484,363.7677307128906,62.23296356201172,89.98381805419922,115.31902313232422,40.867919921875
2021-03-22,211.42709350585938,151.91876220703125,309.188720703125,113.21623229980469,366.67236328125,62.79306411743164,90.3930435180664,115.44251251220703,41.46855926513672
2021-03-23,203.75779724121094,151.1252899169922,307.83984375,112.45694732666016,363.786376953125,62.72877883911133,88.17284393310547,114.04003143310547,41.29856872558594
2021-03-24,199.0454559326172,147.3847198486328,302.64801025390625,112.0163803100586,361.9371032714844,62.60023880004883,87.37183380126953,114.12824249267578,40.73353958129883
2021-03-25,203.7647705078125,147.10308837890625,302.1239929199219,112.49662780761719,363.9731140136719,63.000335693359375,88.47921752929688,115.48165893554688,40.74342727661133
2021-03-26,207.4796600341797,149.72116088867188,306.6560363769531,114.88836669921875,369.83856201171875,64.0697021484375,90.0625,117.34408569335938,41.349849700927734
2021-03-29,201.63931274414062,148.72869873046875,306.5685729980469,115.02960205078125,369.65179443359375,64.42000579833984,89.37146759033203,117.16669464111328,41.30607223510742
2021-03-30,205.034423828125,148.9272003173828,305.0256652832031,114.37044525146484,368.67108154296875,63.85767364501953,89.88756561279297,117.12239837646484,41.10499954223633
2021-03-31,207.79005432128906,152.03675842285156,309.6933288574219,114.67178344726562,370.16546630859375,63.78394317626953,89.62512969970703,116.59027099609375,41.67737579345703
2021-04-01,210.42340087890625,154.4468994140625,314.97259521484375,115.90531158447266,374.1628723144531,64.27250671386719,90.54359436035156,117.17559051513672,42.381072998046875
2021-04-05,211.5802001953125,156.6396484375,321.2608947753906,117.33657836914062,379.5333557128906,65.02845001220703,91.74197387695312,118.12458038330078,43.12693786621094
2021-04-06,210.95945739746094,157.59422302246094,321.0377197265625,117.31774139404297,379.3091735839844,65.010009765625,91.55827331542969,118.00928497314453,43.180442810058594
2021-04-07,207.55491638183594,157.5091552734375,321.8140563964844,117.28009796142578,379.7481384277344,64.86250305175781,91.42708587646484,117.97381591796875,43.3117790222168
2021-04-08,209.31361389160156,159.98550415039062,325.1717224121094,117.75092315673828,381.5506896972656,64.98236083984375,91.33960723876953,117.82303619384766,43.80146026611328
2021-04-09,209.34181213378906,161.02511596679688,327.1417236328125,118.68313598632812,384.3246765136719,65.24047088623047,91.84695434570312,118.50590515136719,44.1257438659668
2021-04-12,208.52359008789062,161.7717742919922,326.71478271484375,118.532470703125,384.4647216796875,65.3142318725586,91.48831176757812,118.58575439453125,44.1257438659668
2021-04-13,207.97811889648438,164.94752502441406,330.5285339355469,118.56072235107422,385.60418701171875,65.51703643798828,90.7710189819336,118.20438385009766,44.5894775390625
2021-04-14,210.0283966064453,162.49954223632812,326.5594787597656,118.27824401855469,384.28729248046875,65.44327545166016,90.94595336914062,118.66556549072266,44.117637634277344
2021-04-15,210.9406280517578,165.87374877929688,331.5086669921875,119.57765197753906,388.41552734375,66.19922637939453,91.3658447265625,119.34846496582031,44.814857482910156
2021-04-16,211.27920532226562,165.372802734375,331.8968200683594,120.14265441894531,389.7137756347656,66.5587387084961,91.74197387695312,120.04022979736328,44.82781982421875
2021-04-19,208.53297424316406,163.0760955810547,328.8594055175781,119.61534118652344,387.799072265625,66.35594177246094,91.1296615600586,119.74759674072266,44.453277587890625
2021-04-20,204.2632293701172,161.54498291015625,326.46234130859375,118.84320068359375,384.9597473144531,66.54952239990234,89.93128967285156,118.83407592773438,44.150062561035156
2021-04-21,209.25717163085938,162.91542053222656,329.25726318359375,119.96375274658203,388.6023254394531,66.83528137207031,91.43582153320312,120.07572937011719,44.501914978027344
2021-04-22,208.39193725585938,161.81907653808594,325.28814697265625,119.07860565185547,385.0532531738281,66.4665298461914,90.57857513427734,119.0823974609375,44.10627746582031
2021-04-23,212.3231658935547,164.4087677001953,329.3834228515625,120.11441040039062,389.22808837890625,66.77079010009766,91.21714782714844,119.99589538574219,44.77107238769531
2021-04-26,214.53329467773438,165.9777374267578,331.528076171875,120.09556579589844,390.04058837890625,66.45733642578125,91.46206665039062,119.83625793457031,44.98672866821289
2021-04-27,214.85302734375,165.42953491210938,330.09185791015625,120.00140380859375,389.9565124511719,66.30062103271484,91.62825775146484,120.06684112548828,44.89268493652344
2021-04-28,215.2198486328125,164.78680419921875,328.9757995605469,119.94491577148438,389.8444519042969,66.12547302246094,91.43582153320312,120.28858184814453,44.792152404785156
2021-04-29,214.42042541503906,164.06851196289062,330.15972900390625,121.06546020507812,392.3288879394531,66.45733642578125,92.02190399169922,121.34397888183594,44.90727233886719
2021-04-30,211.5049285888672,162.76422119140625,327.9956970214844,120.18033599853516,389.7510986328125,66.32827758789062,91.21714782714844,120.59896850585938,44.55866622924805
2021-05-03,212.5394744873047,161.64895629882812,326.2489318847656,120.75471496582031,390.59161376953125,66.73389434814453,91.96064758300781,121.77855682373047,44.30247497558594
2021-05-04,210.0001678466797,158.49209594726562,320.3778381347656,120.20857238769531,388.1820068359375,66.4665298461914,91.80319213867188,122.12444305419922,43.637691497802734
2021-05-05,209.16314697265625,157.6320343017578,319.30059814453125,120.13325500488281,388.3033752441406,66.4112548828125,92.50299835205078,122.74526977539062,43.407447814941406
2021-05-06,209.34181213378906,157.8777618408203,321.7073059082031,121.03719329833984,391.40423583984375,66.927490234375,93.45645904541016,123.80951690673828,43.58742904663086
2021-05-07,211.9751739501953,159.46563720703125,324.3177185058594,121.96942138671875,394.25286865234375,67.22250366210938,94.34867858886719,124.70526123046875,43.9538688659668
2021-05-10,206.5862274169922,155.4109344482422,316.1272888183594,120.86771392822266,390.3487548828125,67.32389831542969,93.7013931274414,124.88265991210938,43.03126907348633
2021-05-11,205.92788696289062,155.7322540283203,315.690673828125,119.83190155029297,386.86505126953125,66.66937255859375,92.48550415039062,123.19758605957031,42.90641403198242
2021-05-12,199.24107360839844,150.930908203125,307.5196228027344,117.1859359741211,378.6460266113281,65.57232666015625,90.13247680664062,121.21095275878906,41.782772064208984
2021-05-13,202.90892028808594,151.37515258789062,309.8972473144531,118.83377838134766,383.1944885253906,66.4112548828125,91.66325378417969,122.94034576416016,42.0957145690918
2021-05-14,207.8653106689453,154.92889404296875,316.7386779785156,120.50047302246094,389.07867431640625,66.96435546875,93.02783966064453,124.30616760253906,42.95993423461914
2021-05-17,208.1474151611328,153.93650817871094,314.81732177734375,119.96375274658203,388.088623046875,66.69702911376953,93.2290267944336,124.41259002685547,42.708614349365234
2021-05-18,206.56739807128906,153.17091369628906,312.69207763671875,118.97504425048828,384.7449035644531,66.40201568603516,92.04814910888672,123.22413635253906,42.439456939697266
2021-05-19,204.97796630859375,153.20877075195312,313.0510559082031,118.8055191040039,383.7362365722656,66.12547302246094,91.78572845458984,122.50580596923828,42.45404815673828
2021-05-20,206.34170532226562,156.62074279785156,319.1065979003906,120.17090606689453,387.8644104003906,66.90904998779297,92.51175689697266,123.10887145996094,43.196659088134766
2021-05-21,206.87774658203125,156.00636291503906,317.3403625488281,119.99197387695312,387.5469055175781,66.80764770507812,92.9053726196289,123.55233001708984,42.995601654052734
2021-05-24,208.22264099121094,158.69058227539062,322.67767333984375,121.13135528564453,391.4977111816406,67.02890014648438,93.4914321899414,124.05783081054688,43.700927734375
2021-05-25,206.21002197265625,158.96469116210938,323.1241760253906,120.97128295898438,390.6290283203125,66.7523422241211,92.67794799804688,123.28626251220703,43.78362274169922
2021-05-26,210.05657958984375,160.14613342285156,324.2497863769531,121.19727325439453,391.40423583984375,66.70624542236328,93.16778564453125,123.51685333251953,43.88253402709961
2021-05-27,212.2196807861328,161.04403686523438,323.0367431640625,121.25377655029297,391.6096496582031,66.66937255859375,94.04253387451172,123.94255065917969,43.80470275878906
2021-05-28,212.0786590576172,161.04403686523438,324.05572509765625,121.39501190185547,392.3102722167969,66.90904998779297,93.81509399414062,124.11992645263672,43.92144775390625
2021-06-01,214.4862518310547,162.18765258789062,322.97857666015625,121.15021514892578,391.9646911621094,66.51265716552734,94.18247985839844,124.24407958984375,43.7690315246582
2021-06-02,214.74021911621094,161.7528839111328,323.609375,121.69635772705078,392.5810241699219,66.73389434814453,94.49738311767578,124.55450439453125,43.817665100097656
2021-06-03,212.94387817382812,160.7037811279297,320.2418518066406,121.3479232788086,391.1239929199219,66.70624542236328,94.54113006591797,124.8028335571289,43.40907287597656
2021-06-04,213.86550903320312,162.3010711669922,325.6763610839844,122.59088134765625,394.7012023925781,67.21326446533203,95.10095977783203,125.20194244384766,43.997642517089844
2021-06-07,216.7339630126953,162.3672332763672,326.6468200683594,122.65680694580078,394.3182373046875,67.16719055175781,94.87352752685547,125.02454376220703,44.08033752441406
2021-06-08,219.02877807617188,162.27272033691406,326.8020324707031,122.54380798339844,394.40228271484375,67.08419036865234,94.75979614257812,124.85601043701172,44.1306037902832
2021-06-09,217.57102966308594,160.94004821777344,326.8796081542969,122.30838012695312,393.8138732910156,67.22250366210938,94.208740234375,124.44807434082031,44.14033889770508
2021-06-10,215.95758056640625,160.79440307617188,330.2859191894531,123.0147933959961,395.64453125,67.78925323486328,94.11119842529297,124.40373992919922,44.55866622924805
2021-06-11,218.23695373535156,161.58892822265625,331.1495666503906,123.26033782958984,396.2982177734375,67.7060317993164,94.4187240600586,124.49241638183594,44.724063873291016
2021-06-14,217.59645080566406,160.93626403808594,334.3228759765625,123.51531219482422,397.185546875,67.81697845458984,93.69819641113281,123.88046264648438,45.11156463623047
2021-06-15,216.97482299804688,160.12283325195312,332.1393737792969,123.19422149658203,396.4571228027344,67.56735229492188,93.89151000976562,124.03123474121094,44.85376739501953
2021-06-16,216.5132598876953,159.72555541992188,330.9263916015625,122.20262145996094,394.2435302734375,67.03107452392578,92.9864273071289,123.17095947265625,44.68513870239258
2021-06-17,214.08322143554688,158.20277404785156,335.12835693359375,122.4103775024414,394.11279296875,67.19751739501953,91.63320922851562,121.65437316894531,45.246150970458984
2021-06-18,209.22300720214844,156.01783752441406,332.4984436035156,120.82384490966797,388.79608154296875,66.42088317871094,89.87574768066406,119.30413818359375,44.923492431640625
2021-06-21,213.69703674316406,158.5432586669922,334.5649108886719,122.52371215820312,394.36199951171875,67.27149200439453,91.44864654541016,121.57457733154297,45.30615997314453
2021-06-22,214.66717529296875,159.64991760253906,337.6837463378906,123.28868103027344,396.47039794921875,67.47488403320312,91.44864654541016,121.65437316894531,45.77798843383789
2021-06-23,215.3736114501953,160.8416748046875,337.84881591796875,122.91088104248047,395.99249267578125,67.13279724121094,91.33442687988281,121.24639129638672,45.81203079223633
2021-06-24,218.4158935546875,162.85630798339844,339.93768310546875,123.69474792480469,398.3350830078125,67.56735229492188,92.10770416259766,122.15775299072266,46.04973220825195
2021-06-25,218.78326416015625,163.21580505371094,339.5199279785156,124.85633850097656,399.7499694824219,68.01113891601562,92.52948760986328,122.93354034423828,46.12765884399414
2021-06-28,217.05015563964844,163.4805908203125,343.6490173339844,125.41352844238281,400.5558776855469,68.14057922363281,92.35374450683594,122.38959503173828,46.5010871887207
2021-06-29,216.01406860351562,163.68869018554688,344.89263916015625,125.61183166503906,400.7713623046875,68.11284637451172,92.02862548828125,122.0953369140625,46.63420867919922
2021-06-30,216.04232788085938,164.03863525390625,344.3484802246094,125.4796371459961,401.1087951660156,68.05735778808594,92.3185806274414,122.57686614990234,46.5660285949707
2021-07-01,217.9449920654297,164.32240295410156,344.4846496582031,126.23512268066406,403.3294982910156,68.4734115600586,92.63494110107422,123.40619659423828,46.65046310424805
2021-07-02,215.87278747558594,164.50210571289062,348.43878173828125,127.35893249511719,406.4123840332031,68.89871978759766,92.60857391357422,123.78960418701172,47.166751861572266
2021-07-06,212.7362823486328,162.74282836914062,349.9446105957031,127.04728698730469,405.672119140625,68.88948822021484,91.35199737548828,122.50553894042969,47.46225357055664
2021-07-07,210.7583465576172,162.0996856689453,350.68316650390625,127.68004608154297,407.10577392578125,69.3055419921875,91.35199737548828,122.97815704345703,47.55316162109375
2021-07-08,208.81800842285156,160.19850158691406,348.5650939941406,126.63177490234375,403.7886047363281,68.85249328613281,90.3502426147461,121.74752807617188,47.21222686767578
2021-07-09,213.22608947753906,163.4900665283203,350.7413024902344,127.74616241455078,408.0989990234375,69.3332748413086,91.91438293457031,123.51316833496094,47.580772399902344
2021-07-12,213.405029296875,165.2588348388672,352.11126708984375,128.1333465576172,409.560791015625,69.35177612304688,92.3361587524414,124.03934478759766,47.68467330932617
2021-07-13,209.38316345214844,163.5562744140625,352.11126708984375,127.89726257324219,408.1645202636719,69.20382690429688,91.43987274169922,123.13865661621094,47.605125427246094
2021-07-14,206.1524658203125,162.364501953125,352.74273681640625,128.02001953125,408.7737121582031,69.45346069335938,91.41349029541016,123.07621002197266,47.666812896728516
2021-07-15,204.98451232910156,161.9861602783203,350.26531982421875,127.53837585449219,407.3775634765625,69.51819610595703,91.00051879882812,123.09403991699219,47.40704345703125
2021-07-16,202.46022033691406,160.17955017089844,347.4283752441406,126.82060241699219,404.1822204589844,69.60140991210938,89.8581771850586,122.15775299072266,47.09369659423828
2021-07-19,199.4273223876953,157.97576904296875,344.5818176269531,125.20574951171875,398.2132568359375,68.95421600341797,88.37312316894531,119.9373550415039,46.514076232910156
2021-07-20,205.6155548095703,161.6267547607422,348.5845642089844,126.83953094482422,403.9198913574219,69.51819610595703,90.10424041748047,121.87240600585938,47.24467849731445
2021-07-21,209.15708923339844,164.3981170654297,351.2757568359375,127.78392028808594,407.1900634765625,69.55517578125,91.21141052246094,123.04056549072266,47.56615447998047
2021-07-22,205.8321990966797,163.84951782226562,353.5977783203125,128.06719970703125,408.04278564453125,69.77706909179688,90.6402359008789,122.63929748535156,47.90873336791992
2021-07-23,206.79295349121094,165.3912353515625,357.726806640625,129.88043212890625,412.2408142089844,70.49820709228516,90.80719757080078,123.22785186767578,48.63934326171875
2021-07-26,207.395751953125,166.04385375976562,358.0085144042969,129.94650268554688,413.252685546875,70.36878967285156,91.36077880859375,123.61125183105469,48.6848030090332
2021-07-27,204.97506713867188,164.3602752685547,354.0640563964844,129.42713928222656,411.36932373046875,70.47972106933594,90.9653549194336,123.7093505859375,48.228580474853516
2021-07-28,207.98915100097656,165.49525451660156,355.42431640625,129.46490478515625,411.20062255859375,70.31332397460938,91.06201171875,123.41507720947266,48.348731994628906
2021-07-29,209.5903778076172,166.53570556640625,356.0558776855469,130.06932067871094,412.9060363769531,70.47972106933594,92.1692123413086,124.3870620727539,48.39418411254883
2021-07-30,208.20578002929688,165.55203247070312,354.2000427246094,129.7198944091797,410.90087890625,70.47048950195312,91.67713165283203,123.81636810302734,48.048362731933594
2021-08-02,207.16969299316406,165.41961669921875,354.2292785644531,129.51211547851562,410.0386657714844,70.35029602050781,91.5716781616211,123.68260192871094,47.95581817626953
2021-08-03,208.02684020996094,167.3302001953125,356.3763732910156,130.47540283203125,413.37457275390625,70.78484344482422,92.66129302978516,124.98450469970703,48.22370529174805
2021-08-04,205.43658447265625,167.00863647460938,356.891357421875,130.27708435058594,411.3411560058594,70.50747680664062,91.23775482177734,123.64694213867188,48.25618362426758
2021-08-05,209.12881469726562,169.0421600341797,359.1551208496094,131.12704467773438,413.9461364746094,70.74786376953125,91.67713165283203,124.22657012939453,48.662078857421875
2021-08-06,210.40980529785156,169.9691162109375,357.5810546875,131.13644409179688,414.630126953125,70.71087646484375,92.371337890625,125.00236511230469,48.48835754394531
2021-08-09,209.25125122070312,171.42575073242188,358.24176025390625,131.00425720214844,414.29290771484375,70.78484344482422,92.1692123413086,124.92211151123047,48.514339447021484
2021-08-10,209.66571044921875,171.99325561523438,356.4055480957031,131.04197692871094,414.8081970214844,70.72013092041016,92.79310607910156,125.90304565429688,48.2367057800293
2021-08-11,210.69236755371094,171.87026977539062,355.79351806640625,131.20254516601562,415.8390197753906,70.82180786132812,93.43457794189453,126.68773651123047,48.1506462097168
2021-08-12,210.19320678710938,172.1540069580078,357.0758972167969,131.32533264160156,417.0851745605469,70.97900390625,93.0127944946289,126.81256103515625,48.41366195678711
2021-08-13,208.28115844726562,171.3311767578125,358.3291931152344,131.84475708007812,417.8442687988281,71.27486419677734,92.95126342773438,126.78581237792969,48.550048828125
2021-08-16,206.3408203125,169.95021057128906,358.4847106933594,132.6285858154297,418.828125,71.64468383789062,92.8985595703125,127.05331420898438,48.62147903442383
2021-08-17,203.82595825195312,167.85992431640625,355.32708740234375,131.5142059326172,416.0826416015625,71.7186508178711,92.12527465820312,126.58071899414062,48.22370529174805
2021-08-18,202.04579162597656,166.6019287109375,351.9072570800781,129.94650268554688,411.52850341796875,70.89579772949219,91.16747283935547,125.02910614013672,47.77884292602539
2021-08-19,199.6251220703125,164.96560668945312,353.60748291015625,130.50372314453125,412.16571044921875,71.21013641357422,90.42054748535156,124.64566802978516,47.967185974121094
2021-08-20,202.9971160888672,166.1668243408203,357.2702331542969,131.7880859375,415.44537353515625,71.73715209960938,90.93022918701172,125.24312591552734,48.46724319458008
2021-08-23,206.85888671875,169.37327575683594,362.6137390136719,132.60968017578125,419.099853515625,71.88507843017578,91.7034912109375,125.87628936767578,49.07283401489258
2021-08-24,208.8933868408203,170.70687866210938,363.7213134765625,132.6946258544922,419.76519775390625,71.65394592285156,92.239501953125,126.15269470214844,49.160518646240234
2021-08-25,209.62803649902344,172.1067352294922,364.13916015625,132.911865234375,420.64605712890625,71.64468383789062,92.67887878417969,126.68773651123047,49.22709274291992
2021-08-26,207.40516662597656,171.05686950683594,361.8268127441406,132.01475524902344,418.162841796875,71.30259704589844,91.79136657714844,125.93865203857422,48.94295883178711
2021-08-27,213.25433349609375,173.4214630126953,365.3438720703125,133.34632873535156,421.9015808105469,71.616943359375,92.73159790039062,126.83930969238281,49.40079879760742
2021-08-30,212.37840270996094,172.9107208251953,369.4437255859375,133.89404296875,423.7569885253906,71.87582397460938,92.309814453125,126.51832580566406,49.89600372314453
2021-08-31,212.79281616210938,172.3716278076172,369.1426696777344,133.39349365234375,423.1291198730469,71.79261779785156,92.38009643554688,126.40235900878906,49.81319808959961
2021-09-01,214.22445678710938,172.1824188232422,369.75469970703125,133.46905517578125,423.3540344238281,72.0607681274414,91.80894470214844,126.1081314086914,49.960933685302734
2021-09-02,215.7127227783203,172.96746826171875,369.5797424316406,133.53515625,424.6565246582031,72.37509155273438,92.56463623046875,127.01768493652344,49.934967041015625
2021-09-03,214.71426391601562,173.18499755859375,370.716552734375,133.52574157714844,424.5534362792969,72.35659790039062,92.09014892578125,126.51832580566406,50.11355972290039
2021-09-07,213.23553466796875,173.21340942382812,371.2410888671875,132.4774627685547,423.0354309082031,71.5799560546875,91.43987274169922,125.26986694335938,50.16550827026367
2021-09-08,210.9090118408203,171.67166137695312,369.9490966796875,132.2791290283203,422.52008056640625,71.93132781982422,91.1498794555664,125.18962860107422,50.03400802612305
2021-09-09,210.80540466308594,172.33375549316406,368.6762390136719,131.7786102294922,420.71160888671875,71.45052337646484,90.83355712890625,124.57432556152344,49.88301467895508
2021-09-10,208.74266052246094,171.1892852783203,365.87823486328125,131.0987091064453,417.3945007324219,71.06221771240234,90.21843719482422,123.77178192138672,49.468994140625
2021-09-13,209.929443359375,171.5770721435547,365.62554931640625,130.96646118164062,418.462646484375,70.8680648803711,91.2026138305664,124.59219360351562,49.35697555541992
2021-09-14,207.2544708251953,170.27182006835938,364.5860900878906,130.3715057373047,416.2044677734375,70.56295013427734,90.14813995361328,123.2010498046875,49.29526901245117
2021-09-15,209.12881469726562,172.5513153076172,367.2967224121094,131.19313049316406,419.68084716796875,70.90504455566406,91.31684875488281,124.44947814941406,49.64271926879883
2021-09-16,209.27952575683594,172.57022094726562,367.54925537109375,130.9948272705078,419.015625,70.72013092041016,91.06201171875,123.92335510253906,49.71577835083008
2021-09-17,209.55267333984375,171.22711181640625,363.19671630859375,129.5971221923828,414.9338684082031,70.16536712646484,90.5084457397461,123.08513641357422,49.160518646240234
2021-09-20,204.57008361816406,166.66812133789062,355.69189453125,127.51949310302734,408.0151672363281,69.49967956542969,88.8124771118164,121.2481918334961,48.267547607421875
2021-09-21,204.8809051513672,166.67759704589844,356.1295166015625,127.41561126708984,407.6297607421875,69.46271514892578,88.35556030273438,120.93610382080078,48.358455657958984
2021-09-22,208.06446838378906,169.48675537109375,359.4560241699219,128.256103515625,411.60614013671875,69.80480194091797,89.26942443847656,121.95268249511719,48.85366439819336
2021-09-23,211.747314453125,172.97694396972656,362.77264404296875,129.5782470703125,416.6072082519531,70.28556823730469,90.49964141845703,123.61125183105469,49.34235382080078
2021-09-24,210.72607421875,173.32186889648438,363.1130676269531,129.557373046875,417.2933654785156,70.22618103027344,90.60496520996094,123.76914978027344,49.402008056640625
2021-09-27,213.92872619628906,173.76722717285156,360.2145690917969,128.75222778320312,416.09954833984375,69.5394287109375,91.56969451904297,124.29835510253906,48.97456359863281
2021-09-28,209.0632781982422,169.50311279296875,350.0213928222656,126.00514221191406,407.7143859863281,68.4721450805664,90.4987564086914,122.93496704101562,47.513427734375
2021-09-29,208.61927795410156,168.22389221191406,349.4476013183594,126.1756591796875,408.400634765625,68.89906311035156,90.56956481933594,123.43724822998047,47.461421966552734
2021-09-30,206.66360473632812,166.3950653076172,348.1636657714844,124.78316497802734,403.4090270996094,68.21229553222656,89.12688446044922,121.41914367675781,47.160743713378906
2021-10-01,209.9985809326172,168.08175659179688,350.3229675292969,126.0525131225586,408.203125,68.59281158447266,89.93231201171875,122.84529113769531,47.658077239990234
2021-10-04,208.09017944335938,165.7886199951172,342.9698791503906,123.98746490478516,402.9389953613281,68.00812530517578,89.72875213623047,122.36985778808594,46.64553451538086
2021-10-05,208.80819702148438,168.11013793945312,347.5995178222656,125.44625854492188,407.1315612792969,68.42573547363281,90.40139770507812,123.36549377441406,47.251766204833984
2021-10-06,207.7217559814453,167.98699951171875,349.826904296875,125.82518005371094,408.8236389160156,68.74127960205078,90.07391357421875,123.58973693847656,47.562191009521484
2021-10-07,210.92440795898438,169.92002868652344,353.03662109375,127.03768157958984,412.3581237792969,69.35381317138672,91.09175109863281,124.5853500366211,48.02051544189453
2021-10-08,209.33726501464844,169.62631225585938,351.2761535644531,126.91451263427734,411.60614013671875,69.06610870361328,91.07405090332031,124.71092987060547,47.83198547363281
2021-10-11,208.1374053955078,168.24281311035156,348.58197021484375,126.15669250488281,408.626220703125,68.70417022705078,90.44563293457031,123.76914978027344,47.49879837036133
2021-10-12,209.2805633544922,168.40391540527344,347.3660888671875,125.88202667236328,407.6204528808594,68.72272491455078,89.9588623046875,123.4013900756836,47.46954345703125
2021-10-13,210.27256774902344,169.133544921875,350.1478576660156,126.81983184814453,409.0868835449219,69.14034271240234,89.93231201171875,123.53590393066406,47.83361053466797
2021-10-14,213.39024353027344,172.33636474609375,356.59649658203125,129.11215209960938,415.9679260253906,70.15193176269531,91.53428649902344,125.500244140625,48.656005859375
2021-10-15,212.7194366455078,174.29786682128906,358.8432312011719,129.8321075439453,419.1358947753906,70.26331329345703,92.01224517822266,126.36128997802734,49.029815673828125
2021-10-18,212.5966339111328,175.6150360107422,362.4516906738281,130.55201721191406,420.376708984375,70.36539459228516,91.77326202392578,125.91282653808594,49.50602722167969
2021-10-19,213.39024353027344,176.46778869628906,365.1944885253906,131.66976928710938,423.61993408203125,70.9314956665039,92.31316375732422,127.03397369384766,49.861968994140625
2021-10-20,214.80731201171875,176.685791015625,364.7178649902344,132.1055450439453,425.28375244140625,71.32128143310547,93.26018524169922,128.31663513183594,49.751441955566406
2021-10-21,215.35531616210938,177.08375549316406,366.94525146484375,132.79705810546875,426.39300537109375,71.6553955078125,92.93272399902344,128.0296173095703,50.14149475097656
2021-10-22,214.84515380859375,177.00794982910156,363.8619689941406,132.7497100830078,425.9511413574219,71.94309997558594,92.33086395263672,128.51394653320312,49.80508041381836
2021-10-25,216.88577270507812,179.9454345703125,367.58721923828125,133.4696044921875,428.23541259765625,72.03590393066406,92.49018096923828,128.72023010253906,50.20814895629883
2021-10-26,215.2513885498047,179.670654296875,368.74468994140625,133.10964965820312,428.620849609375,72.02661895751953,91.8883285522461,128.76512145996094,50.28453063964844
2021-10-27,211.2928924560547,177.4722442626953,369.6004943847656,132.1339569091797,426.72198486328125,71.27489471435547,90.41912078857422,127.0609130859375,50.32028579711914
2021-10-28,215.5064697265625,180.3623504638672,373.7050476074219,133.3748779296875,430.83935546875,71.7389144897461,91.54313659667969,128.22691345214844,50.82899475097656
2021-10-29,215.4497833251953,180.68453979492188,375.5433044433594,134.4073944091797,431.713623046875,71.97093200683594,91.33956909179688,128.0296173095703,51.05815887451172
2021-11-01,221.03323364257812,182.54183959960938,376.8271484375,134.1421356201172,432.4562072753906,71.88739776611328,92.47246551513672,128.49603271484375,51.08253860473633
2021-11-02,221.4961700439453,182.51339721679688,378.4028625488281,134.90943908691406,434.2047424316406,72.2679214477539,92.70258331298828,129.10595703125,51.23369598388672
2021-11-03,225.4546661376953,183.59365844726562,382.4198303222656,135.5535888671875,436.8556823730469,72.45350646972656,93.59651947021484,129.79653930664062,51.57988739013672
2021-11-04,225.36964416503906,182.90185546875,387.3218688964844,137.07872009277344,438.9143371582031,72.54632568359375,93.46376037597656,129.2763671875,52.16660690307617
2021-11-05,228.44952392578125,182.6649932861328,387.6914978027344,137.16392517089844,440.43719482421875,72.18439483642578,94.322265625,129.9490509033203,52.2495002746582
2021-11-08,229.1580352783203,183.16720581054688,387.16632080078125,137.3344268798828,440.8132019042969,72.24934387207031,94.66746520996094,130.19125366210938,52.33563232421875
2021-11-09,227.82598876953125,180.39077758789062,384.5012512207031,137.4386444091797,439.3561096191406,72.20296478271484,94.5523910522461,130.12843322753906,52.07234191894531
2021-11-10,224.2359161376953,178.50514221191406,378.8502197265625,136.11248779296875,435.821533203125,72.18439483642578,94.22491455078125,129.9132080078125,51.2564582824707
2021-11-11,226.04039001464844,179.00733947753906,379.9007263183594,136.32086181640625,435.96258544921875,72.0822982788086,94.87102508544922,130.0028839111328,51.32796096801758
2021-11-12,226.2671356201172,179.80328369140625,383.89825439453125,137.77017211914062,439.2527160644531,72.53705596923828,95.26045227050781,130.3437042236328,51.97319412231445
2021-11-15,225.36964416503906,179.2537078857422,383.8106994628906,137.82701110839844,439.4031677246094,72.58345031738281,95.2516098022461,130.41546630859375,51.947181701660156
2021-11-16,225.7853240966797,180.1823272705078,386.5438232421875,138.38589477539062,441.1422424316406,72.79692840576172,94.92411804199219,130.2001953125,52.43315887451172
2021-11-17,222.82826232910156,178.808349609375,386.748046875,137.277587890625,440.070556640625,72.56488037109375,94.40192413330078,129.6171875,52.338890075683594
2021-11-18,221.8834686279297,178.76095581054688,390.7553405761719,137.44813537597656,441.5652160644531,72.3978500366211,93.87973022460938,129.1328582763672,52.75008010864258
2021-11-19,219.8617401123047,177.58595275878906,392.9339599609375,137.76072692871094,440.775634765625,72.31432342529297,93.09203338623047,127.89508056640625,52.93048858642578
2021-11-22,218.92645263671875,178.040771484375,388.3723449707031,136.70925903320312,439.5347595214844,72.03590393066406,94.13641357421875,128.6664581298828,52.226741790771484
2021-11-23,218.54856872558594,178.07872009277344,386.60223388671875,136.9081573486328,440.1175842285156,72.14726257324219,94.71170806884766,129.76963806152344,51.930946350097656
2021-11-24,218.78475952148438,178.8936004638672,387.84716796875,137.4386444091797,441.2926025390625,72.3235855102539,94.57009887695312,129.70687866210938,52.26250076293945
2021-11-26,210.537109375,175.34970092773438,380.4940185546875,134.57794189453125,431.45037841796875,71.44193267822266,92.48133087158203,126.98017120361328,51.197940826416016
2021-11-29,210.40481567382812,178.040771484375,388.75164794921875,136.25454711914062,436.7428283691406,72.02661895751953,92.75569915771484,127.25826263427734,52.155235290527344
2021-11-30,206.1156768798828,173.54925537109375,383.04229736328125,133.5927276611328,428.2448425292969,70.49532318115234,90.47221374511719,124.1368637084961,51.42222213745117
2021-12-01,201.47694396972656,169.83473205566406,376.52569580078125,131.72662353515625,423.48822021484375,70.01273345947266,89.9234619140625,123.39241790771484,50.32352828979492
2021-12-02,207.0981903076172,172.677490234375,379.23931884765625,133.5453643798828,429.9745788574219,71.19136047363281,91.835205078125,125.7962417602539,50.911895751953125
2021-12-03,202.84686279296875,168.93453979492188,372.6448669433594,132.3234100341797,426.2331848144531,71.08926391601562,91.78211975097656,125.73342895507812,50.01310729980469
2021-12-06,206.91871643066406,168.46075439453125,375.6308898925781,133.33700561523438,431.2812194824219,71.69251251220703,92.87075805664062,127.42864990234375,50.5689582824707
2021-12-07,211.71803283691406,174.1557159423828,386.9425964355469,136.4818878173828,440.2021789550781,72.4349594116211,94.39305877685547,128.83688354492188,52.0479621887207
2021-12-08,213.16351318359375,174.3168182373047,388.673828125,136.65240478515625,441.36785888671875,72.52778625488281,94.20720672607422,128.64846801757812,52.44290542602539
2021-12-09,208.33584594726562,171.4456787109375,382.95477294921875,135.54408264160156,438.3879699707031,72.2679214477539,93.74698638916016,128.42425537109375,51.75215530395508
2021-12-10,207.75950622558594,173.2650146484375,387.11773681640625,136.64297485351562,442.5146789550781,73.0289306640625,94.67628479003906,129.50059509277344,52.22511672973633
2021-12-13,204.72335815429688,170.54356384277344,381.5249328613281,135.6331329345703,438.5946960449219,73.34546661376953,93.54442596435547,128.96246337890625,51.51649856567383
2021-12-14,202.96080017089844,168.50132751464844,377.576171875,134.5311737060547,435.5771484375,72.8520278930664,93.3038101196289,129.00729370117188,50.84525680541992
2021-12-15,206.18270874023438,172.2058563232422,386.1839294433594,137.2290802001953,442.38311767578125,73.88545227050781,94.34654235839844,130.21815490722656,51.83992385864258
2021-12-16,202.01316833496094,169.47970581054688,376.2533264160156,135.50965881347656,438.4819641113281,73.99718475341797,94.97932434082031,131.1240692138672,50.669734954833984
2021-12-17,203.87051391601562,167.61788940429688,374.3761291503906,133.9612579345703,433.8152160644531,73.18719482421875,94.04351043701172,129.18666076660156,50.51206970214844
2021-12-20,201.00869750976562,164.8632354736328,370.7446594238281,132.13735961914062,429.2022705078125,72.84272003173828,92.93838500976562,127.9219741821289,49.90259552001953
2021-12-21,206.75125122070312,168.64376831054688,379.04205322265625,134.62620544433594,436.824462890625,73.37340545654297,94.91694641113281,129.410888671875,51.11505126953125
2021-12-22,208.7412567138672,170.64805603027344,383.6581726074219,135.7566680908203,441.1921691894531,73.89476776123047,95.62101745605469,130.15536499023438,51.69203186035156
2021-12-23,210.4091033935547,172.12037658691406,386.55059814453125,136.6781005859375,443.937255859375,74.17405700683594,96.43204498291016,130.92672729492188,52.0999755859375
2021-12-27,212.380126953125,175.20755004882812,392.9391784667969,138.95794677734375,450.2199401855469,75.01199340820312,97.43914794921875,132.28326416015625,52.91365051269531
2021-12-28,211.08184814453125,173.78269958496094,391.1180725097656,138.60647583007812,449.8519592285156,75.12370300292969,97.51935577392578,132.6171417236328,52.67762756347656
2021-12-29,211.30929565429688,173.9441680908203,391.0596008300781,138.97691345214844,450.427490234375,75.44956970214844,97.8312759399414,132.887939453125,52.69716262817383
2021-12-30,211.25242614746094,173.22227478027344,389.8909606933594,138.60647583007812,449.1822509765625,75.41233825683594,97.67086029052734,132.7164306640625,52.48881149291992
2021-12-31,210.79757690429688,172.70933532714844,387.4562683105469,138.2740020751953,448.0502014160156,75.31922149658203,97.56391143798828,132.77056884765625,52.231651306152344
2022-01-03,213.51727294921875,173.07980346679688,391.18621826171875,137.90354919433594,450.6444396972656,74.85372924804688,99.02555847167969,133.32110595703125,52.58810806274414
2022-01-04,213.19503784179688,172.4813690185547,386.11236572265625,137.74203491210938,450.4934997558594,74.60234069824219,100.72782135009766,134.84640502929688,51.953311920166016
2022-01-05,205.97421264648438,166.69650268554688,374.25054931640625,134.4267120361328,441.8430480957031,73.70855712890625,100.00592041015625,134.0070037841797,50.169395446777344
2022-01-06,207.14926147460938,167.28541564941406,373.98760986328125,134.5502166748047,441.427978515625,73.40131378173828,100.24653625488281,134.24171447753906,50.06033706665039
2022-01-07,204.75180053710938,165.74658203125,369.93621826171875,133.28675842285156,439.68280029296875,73.13133239746094,100.57630157470703,134.8554229736328,49.515079498291016
2022-01-10,204.04104614257812,166.32606506347656,370.1797180175781,132.68829345703125,439.1357116699219,72.94512176513672,100.6832504272461,134.7380828857422,49.414161682128906
2022-01-11,206.2111053466797,168.1973419189453,375.7405700683594,133.92324829101562,443.135498046875,73.19650268554688,101.4764404296875,135.65866088867188,50.0538330078125
2022-01-12,204.67599487304688,168.88125610351562,377.2305908203125,134.11322021484375,444.33343505859375,73.2802963256836,101.63688659667969,135.67674255371094,50.232879638671875
2022-01-13,202.79965209960938,164.1697998046875,367.79376220703125,132.19435119628906,438.211181640625,72.53549194335938,101.90422821044922,135.39695739746094,48.9079704284668
2022-01-14,203.083984375,163.52383422851562,370.0823669433594,131.9568634033203,438.390380859375,72.2282485961914,102.42117309570312,135.20742797851562,49.01538848876953
2022-01-18,196.9434356689453,159.27783203125,360.86944580078125,129.60096740722656,430.62664794921875,71.48343658447266,100.42479705810547,133.3752899169922,47.84672546386719
2022-01-19,193.74046325683594,157.4635772705078,356.9058837890625,128.41355895996094,426.15521240234375,71.39965057373047,98.35712432861328,132.20201110839844,47.39586639404297
2022-01-20,190.2342987060547,155.72525024414062,352.2701110839844,126.74166870117188,421.4385681152344,70.72930145263672,96.8509292602539,131.0467529296875,46.775726318359375
2022-01-21,186.67124938964844,151.9731903076172,342.5022277832031,124.65177154541016,413.1653747558594,70.00313568115234,95.11302947998047,129.521484375,45.504520416259766
2022-01-24,190.9734344482422,152.78057861328125,344.0701599121094,125.48774719238281,414.9200134277344,70.31967163085938,95.48731994628906,129.6298065185547,45.83494186401367
2022-01-25,188.42428588867188,150.3773651123047,336.0941162109375,123.682861328125,409.8542785644531,69.18383026123047,94.96150207519531,129.51246643066406,44.72976303100586
2022-01-26,185.7046356201172,150.53883361816406,335.568115234375,123.38834381103516,408.8260803222656,68.355224609375,94.11481475830078,128.86265563964844,44.674415588378906
2022-01-27,181.48777770996094,148.66757202148438,332.1888427734375,122.84688568115234,406.8072509765625,68.33660125732422,93.11662292480469,128.64601135253906,44.25122833251953
2022-01-28,185.02235412597656,152.5526123046875,342.6093444824219,126.16216278076172,416.9105529785156,69.97518920898438,94.5604476928711,130.22544860839844,45.877254486083984
2022-01-31,190.6986083984375,157.11209106445312,353.5653991699219,128.66053771972656,424.41949462890625,70.8130874633789,95.63883209228516,131.3446044921875,47.314483642578125
2022-02-01,192.7075958251953,158.92642211914062,355.9708557128906,129.39202880859375,427.28729248046875,70.91552734375,96.03099060058594,132.22903442382812,47.72465896606445
2022-02-02,190.79335021972656,160.17076110839844,358.8633117675781,131.1588897705078,431.4380187988281,71.63239288330078,96.9222183227539,133.41140747070312,47.98996353149414
2022-02-03,187.18296813964844,156.41868591308594,344.31353759765625,127.15010833740234,421.2970886230469,70.79446411132812,95.70122528076172,132.26519775390625,46.176753997802734
2022-02-04,187.9884490966797,158.4514617919922,348.6571044921875,126.713134765625,423.27813720703125,70.61759185791016,94.89910888671875,132.10272216796875,46.82292556762695
2022-02-07,188.91708374023438,158.06201171875,345.852294921875,126.19065856933594,421.9195861816406,70.4686279296875,95.2555923461914,132.35540771484375,46.45671463012695
2022-02-08,192.13900756835938,159.1353759765625,349.7380676269531,126.74166870117188,425.3911437988281,70.6827621459961,95.93295288085938,133.23086547851562,46.905941009521484
2022-02-09,195.78732299804688,163.01095581054688,357.1492614746094,129.1735076904297,431.6171875,71.52067565917969,97.41239929199219,134.52149963378906,47.872779846191406
2022-02-10,192.7834014892578,159.9617462158203,349.0661315917969,126.3426513671875,423.863037109375,70.08692169189453,96.11119842529297,132.60813903808594,46.94662857055664
2022-02-11,190.83128356933594,155.3358154296875,337.9931945800781,123.72083282470703,415.5048828125,69.37931823730469,95.06844329833984,131.29945373535156,45.49150085449219
2022-02-14,190.16793823242188,154.14842224121094,338.41192626953125,123.04637908935547,414.1465148925781,69.04417419433594,94.22177124023438,130.21644592285156,45.551727294921875
2022-02-15,195.26611328125,157.7580108642578,346.8262023925781,125.24072265625,420.8253479003906,69.52830505371094,95.74579620361328,131.53411865234375,46.590179443359375
2022-02-16,195.6736297607422,157.8815155029297,346.7386169433594,125.48774719238281,421.2970886230469,69.33279418945312,95.76360321044922,131.8500213623047,46.541343688964844
2022-02-17,190.6606903076172,152.52415466308594,336.42523193359375,122.70439910888672,412.2975769042969,68.48555755615234,94.23068237304688,130.05401611328125,45.17573547363281
2022-02-18,189.02133178710938,150.75735473632812,332.588134765625,121.9349365234375,409.6278991699219,68.31796264648438,93.6781234741211,129.55760192871094,44.664649963378906
2022-02-22,186.3585205078125,148.94305419921875,329.24774169921875,120.35803985595703,405.2319030761719,67.805908203125,92.50167846679688,128.6009521484375,44.018470764160156
2022-02-23,182.8712921142578,145.6848907470703,320.8139953613281,118.40113067626953,398.0436096191406,66.92144775390625,91.34306335449219,127.1478500366211,42.91328048706055
2022-02-24,187.66624450683594,149.8074188232422,331.59478759765625,120.64299774169922,404.0338439941406,67.61041259765625,91.65499114990234,126.76879119873047,44.37981033325195
2022-02-25,191.8926239013672,152.7425994873047,336.73687744140625,123.61634826660156,412.948486328125,69.12796783447266,94.07915496826172,130.5503387451172,45.061805725097656
2022-02-28,192.66966247558594,152.90408325195312,337.7399597167969,123.37884521484375,411.8919372558594,68.6438217163086,93.58008575439453,129.82833862304688,45.14481735229492
2022-03-01,189.04031372070312,150.51034545898438,332.5686340332031,121.74494171142578,405.6187438964844,68.39247131347656,91.82432556152344,127.87891387939453,44.47584533691406
2022-03-02,193.54150390625,153.844482421875,338.1489562988281,124.0533218383789,413.08056640625,69.37003326416016,94.5871810913086,130.50523376464844,45.174110412597656
2022-03-03,191.2482452392578,151.6122283935547,333.3185119628906,123.54983520507812,411.02398681640625,69.59347534179688,94.13264465332031,130.83921813964844,44.46281814575195
2022-03-04,188.25376892089844,149.1995086669922,328.4880676269531,122.40990447998047,407.6846008300781,70.05899047851562,93.01859283447266,130.80307006835938,43.7238655090332
2022-03-07,183.57249450683594,143.2816925048828,316.3730773925781,118.79063415527344,395.6663513183594,68.9697036743164,90.50531005859375,128.20382690429688,41.97087097167969
2022-03-08,184.5864715576172,142.55029296875,314.9024963378906,117.91666412353516,392.6665344238281,67.67558288574219,89.89035034179688,126.94025421142578,41.767417907714844
2022-03-09,189.78887939453125,148.26858520507812,326.2384338378906,121.07047271728516,403.1943054199219,68.7648696899414,91.61934661865234,128.83555603027344,43.4032096862793
2022-03-10,189.44775390625,147.54666137695312,322.6156311035156,120.28205108642578,401.3736572265625,68.66244506835938,91.01332092285156,128.81753540039062,42.99467468261719
2022-03-11,186.42486572265625,144.69705200195312,315.92510986328125,118.5246353149414,396.2701110839844,68.17832946777344,90.18446350097656,127.89696502685547,42.123870849609375
2022-03-14,182.61544799804688,143.0347137451172,309.8578796386719,117.36570739746094,393.37408447265625,68.10383605957031,89.60514068603516,128.07745361328125,41.40282440185547
2022-03-15,185.52464294433594,146.69180297851562,319.5771484375,119.90206146240234,402.02459716796875,69.33279418945312,91.02222442626953,129.57562255859375,42.7000617980957
2022-03-16,191.36195373535156,151.80221557617188,331.4292297363281,122.49540710449219,410.93914794921875,70.02173614501953,92.7244873046875,131.0648193359375,44.207279205322266
2022-03-17,194.3658905029297,154.4998779296875,335.4415588378906,124.19580841064453,416.0803527832031,70.84103393554688,93.59789276123047,132.72544860839844,44.856719970703125
2022-03-18,196.41273498535156,157.51104736328125,342.3074035644531,126.06721496582031,420.6375427246094,71.29722595214844,93.96329498291016,132.96014404296875,45.763328552246094
2022-03-21,194.6785888671875,157.31155395507812,341.355712890625,125.79169464111328,420.51458740234375,71.16688537597656,93.88309478759766,133.4655303955078,45.579402923583984
2022-03-22,196.63072204589844,160.17076110839844,348.06427001953125,127.06462860107422,425.4352111816406,71.52067565917969,94.6852035522461,134.19656372070312,46.41438674926758
2022-03-23,193.21926879882812,157.50157165527344,343.0621337890625,125.250244140625,419.95635986328125,70.6455078125,93.41072845458984,132.9371337890625,45.72206497192383
2022-03-24,195.4410858154297,160.18348693847656,350.68719482421875,127.2432861328125,426.2868957519531,71.34439086914062,94.82696533203125,134.20745849609375,46.57260513305664
2022-03-25,195.70692443847656,160.12637329101562,350.394775390625,127.64342498779297,428.3686218261719,71.73680114746094,95.58980560302734,135.60476684570312,46.53348922729492
2022-03-28,195.7733612060547,162.15426635742188,355.816162109375,128.5485076904297,431.4156494140625,72.3160629272461,95.32057189941406,135.43240356445312,47.25368118286133
2022-03-29,201.01449584960938,164.45823669433594,361.9396667480469,130.8921356201172,436.7526550292969,73.13827514648438,96.60395812988281,136.2852783203125,48.211761474609375
2022-03-30,196.9792022705078,162.53506469726562,357.9418640136719,129.9871368408203,434.0558166503906,73.06352233886719,95.76032257080078,136.07662963867188,47.638206481933594
2022-03-31,194.89990234375,160.20252990722656,353.5052490234375,128.2626953125,427.3750305175781,72.47491455078125,93.84870910644531,134.0895538330078,46.86100387573242
2022-04-01,197.0836639404297,160.45957946777344,352.83245849609375,128.43418884277344,428.5862121582031,72.951416015625,93.74101257324219,134.61578369140625,47.004390716552734
2022-04-04,197.406494140625,162.23040771484375,360.0968017578125,129.548828125,432.2577819824219,73.09154510498047,93.9743423461914,134.2618865966797,47.88261795043945
2022-04-05,192.73504638671875,158.6983184814453,352.10113525390625,127.83397674560547,426.7978210449219,72.89535522460938,92.54737854003906,133.57232666015625,46.95549774169922
2022-04-06,190.00051879882812,155.95635986328125,344.45648193359375,126.65262603759766,422.53009033203125,73.24105072021484,92.19735717773438,134.04412841796875,45.82633972167969
2022-04-07,189.3833465576172,157.18453979492188,345.27557373046875,127.2813949584961,424.6592712402344,73.75492858886719,92.5294189453125,134.76095581054688,45.99415969848633
2022-04-08,187.87371826171875,156.40380859375,340.44891357421875,126.75741577148438,423.5237731933594,73.90441131591797,93.10380554199219,135.71368408203125,45.44670104980469
2022-04-11,186.61090087890625,153.0811767578125,332.394775390625,124.59476470947266,416.2847595214844,73.00747680664062,92.89739990234375,134.4796905517578,44.382713317871094
2022-04-12,187.19960021972656,152.27191162109375,330.9906921386719,124.06127166748047,414.7422790527344,72.63374328613281,92.67301177978516,134.1530303955078,44.15785598754883
2022-04-13,190.76016235351562,154.38546752929688,337.7187194824219,125.49031829833984,419.4925537109375,73.14762878417969,93.38201904296875,134.824462890625,44.99372863769531
2022-04-14,188.90863037109375,151.51025390625,329.99603271484375,124.08985900878906,414.26922607421875,72.6711196899414,92.80763244628906,134.33448791503906,44.029136657714844
2022-04-18,187.63633728027344,151.63401794433594,330.2495422363281,123.75640106201172,414.439453125,72.15724182128906,93.06790161132812,134.28005981445312,43.959075927734375
2022-04-19,191.37730407714844,154.5092315673828,337.6309814453125,126.30013275146484,421.129638671875,73.04486083984375,94.3692398071289,135.70458984375,44.97418212890625
2022-04-20,192.1083984375,154.13792419433594,332.7067565917969,126.24295806884766,420.8173522949219,73.32514190673828,94.96158599853516,136.82974243164062,44.465797424316406
2022-04-21,187.80723571777344,150.58676147460938,325.8227233886719,124.09937286376953,414.5246887207031,72.65243530273438,94.0820541381836,135.37796020507812,43.541954040527344
2022-04-22,182.9458770751953,145.8931427001953,317.2907409667969,120.80303192138672,403.1504821777344,70.87723541259766,91.50630950927734,131.83926391601562,42.292213439941406
2022-04-25,184.05679321289062,146.98802185058594,321.3665771484375,121.80335235595703,405.48779296875,71.16687774658203,91.874267578125,131.82110595703125,42.836429595947266
2022-04-26,178.25546264648438,141.504150390625,309.2366638183594,118.71658325195312,393.7445068359375,69.73735809326172,89.8729019165039,129.52552795410156,41.15165328979492
2022-04-27,177.51487731933594,141.44700622558594,308.8661193847656,118.6022720336914,394.85162353515625,69.82145690917969,89.72931671142578,129.72512817382812,41.24616241455078
2022-04-28,180.82852172851562,145.28379821777344,319.8357849121094,121.95579528808594,404.8253479003906,70.99868774414062,91.35374450683594,131.62147521972656,42.70445251464844
2022-04-29,175.6064453125,139.88563537597656,305.44354248046875,117.64002990722656,389.8647766113281,68.60684204101562,88.45490264892578,127.66543579101562,40.82740020751953
2022-05-02,177.44839477539062,141.7516632080078,310.54327392578125,118.67847442626953,392.2115173339844,68.40128326416016,89.1549301147461,127.71986389160156,41.36346435546875
2022-05-03,178.9676055908203,142.84654235839844,310.8747863769531,118.99287414550781,394.00946044921875,68.64421844482422,90.32164764404297,128.80870056152344,41.32761764526367
2022-05-04,183.74343872070312,147.54019165039062,321.3861083984375,122.75605773925781,406.00823974609375,70.1764907836914,93.00508880615234,132.24757385253906,42.67185974121094
2022-05-05,176.29002380371094,141.20899963378906,305.1998291015625,117.84010314941406,391.5775146484375,68.35456848144531,90.77935028076172,129.3621826171875,40.54063415527344
2022-05-06,173.3561553955078,139.61903381347656,301.5433044433594,116.5348892211914,389.2402648925781,67.97151184082031,90.43832397460938,129.2986602783203,39.985023498535156
2022-05-09,166.0641326904297,132.93565368652344,289.7447814941406,113.09561920166016,376.77783203125,66.63544464111328,88.2574462890625,126.24990844726562,38.22365188598633
2022-05-10,166.1116180419922,133.7353515625,293.26483154296875,113.25758361816406,377.64837646484375,66.61676025390625,88.03308868408203,125.86881256103516,38.544639587402344
2022-05-11,161.98141479492188,130.5364532470703,284.5671081542969,111.3140640258789,371.64898681640625,66.158935546875,86.82148742675781,125.224609375,37.40407180786133
2022-05-12,163.8802947998047,130.68878173828125,283.89434814453125,111.7999496459961,371.26104736328125,66.36447143554688,87.0817642211914,125.44239807128906,37.34378433227539
2022-05-13,169.07398986816406,135.53475952148438,294.41546630859375,114.53421020507812,380.1371154785156,67.43895721435547,88.8408203125,127.11190032958984,38.748313903808594
2022-05-16,168.26695251464844,133.79248046875,291.0025939941406,114.14360809326172,378.59466552734375,67.44830322265625,88.80491638183594,127.52931213378906,38.241573333740234
2022-05-17,173.41310119628906,136.98187255859375,298.5399475097656,116.26813507080078,386.38250732421875,68.07429504394531,91.19220733642578,129.5526885986328,39.157283782958984
2022-05-18,167.33642578125,130.6602325439453,283.8845520019531,110.91392517089844,370.80682373046875,65.54227447509766,87.6561508178711,125.24278259277344,37.347042083740234
2022-05-19,167.61181640625,130.74591064453125,282.3634338378906,109.92311096191406,368.5357971191406,65.28069305419922,86.72277069091797,124.13577270507812,37.31282424926758
2022-05-20,167.1844940185547,130.46981811523438,281.48583984375,110.49475860595703,368.6966552734375,65.71046447753906,86.68688201904297,124.38080596923828,37.255794525146484
2022-05-23,169.2069549560547,133.4021453857422,286.1662902832031,112.30487060546875,375.5949401855469,66.67281341552734,88.1856689453125,126.61287689208984,37.93362045288086
2022-05-24,166.70028686523438,131.08865356445312,280.081787109375,111.26643371582031,372.7277526855469,67.00916290283203,87.8625717163086,127.13912200927734,37.07819747924805
2022-05-25,169.7006378173828,133.1355743408203,284.0015869140625,112.50493621826172,376.02081298828125,67.2147216796875,89.08313751220703,128.01930236816406,37.555599212646484
2022-05-26,173.48907470703125,137.16281127929688,291.87042236328125,115.37259674072266,383.5341796875,68.06492614746094,90.76139831542969,129.72512817382812,38.58211898803711
2022-05-27,178.16049194335938,140.84725952148438,301.3970031738281,118.4688949584961,392.9496154785156,69.32627868652344,92.45762634277344,131.7938995361328,39.919837951660156
2022-05-31,175.94822692871094,139.04786682128906,300.5973815917969,117.43995666503906,390.74481201171875,68.63488006591797,91.9101791381836,130.7413330078125,39.72919464111328
2022-06-01,174.95127868652344,138.65750122070312,298.3742370605469,116.05854797363281,387.58428955078125,68.10231018066406,91.05756378173828,129.71603393554688,39.4179801940918
2022-06-02,179.22393798828125,139.2953643798828,306.5454406738281,118.80233764648438,394.9651794433594,68.91517639160156,91.9640121459961,130.8139190673828,40.64002227783203
2022-06-03,177.6098175048828,138.695556640625,298.56927490234375,116.96360778808594,388.4832458496094,68.32655334472656,90.69857025146484,129.73416137695312,39.631439208984375
2022-06-06,178.37890625,138.82888793945312,299.5638122558594,117.22084045410156,389.66607666015625,68.33589935302734,90.9767837524414,129.9791717529297,39.77971267700195
2022-06-07,181.25584411621094,141.06622314453125,302.14776611328125,118.4307861328125,393.40374755859375,68.86843872070312,91.8563232421875,131.44906616210938,40.14143753051758
2022-06-08,178.45484924316406,139.7523651123047,299.9734191894531,117.11604309082031,389.1266784667969,68.01822662353516,90.22291564941406,129.73416137695312,39.8253288269043
2022-06-09,174.75546264648438,136.68179321289062,291.9386901855469,114.35516357421875,379.8721008300781,66.63308715820312,88.11117553710938,126.9576644897461,38.74667739868164
2022-06-10,170.0146026611328,134.5437774658203,281.64190673828125,110.89448547363281,368.8575134277344,65.63031005859375,85.73467254638672,124.2537612915039,37.27860641479492
2022-06-13,162.02743530273438,129.9049835205078,268.54656982421875,106.40135955810547,354.85260009765625,63.746585845947266,82.12926483154297,120.14341735839844,35.57264709472656
2022-06-14,161.246826171875,129.25595092773438,269.0341491699219,106.11455535888672,353.7833557128906,63.3717041015625,82.21963500976562,119.29955291748047,35.58893585205078
2022-06-15,163.6077423095703,129.3609161376953,275.75238037109375,107.55809020996094,358.82696533203125,63.830936431884766,83.04191589355469,119.91658020019531,36.473697662353516
2022-06-16,156.0299530029297,126.0488510131836,264.6268005371094,103.79150390625,346.95123291015625,62.537635803222656,79.92444610595703,116.66822052001953,35.02680969238281
2022-06-17,157.2484893798828,124.3212661743164,267.844482421875,103.83930206298828,347.6991271972656,62.71568298339844,79.87928009033203,116.15103149414062,35.408084869384766
2022-06-21,160.0663604736328,128.48281860351562,274.60211181640625,106.05718231201172,356.4520568847656,64.14019012451172,81.713623046875,118.98199462890625,36.30912780761719
2022-06-22,159.7617645263672,127.76693725585938,274.2016296386719,105.87555694580078,355.8057861328125,64.38386535644531,81.32505798339844,118.70071411132812,36.30912780761719
2022-06-23,161.6752166748047,128.1964569091797,278.2853088378906,107.4051284790039,359.2936096191406,65.42412567138672,81.54191589355469,119.05227661132812,37.00114059448242
2022-06-24,166.6826629638672,130.85943603515625,287.8203125,110.95184326171875,370.7169494628906,66.92359161376953,84.09913635253906,122.12055969238281,38.38648223876953
2022-06-27,167.3014678955078,131.909423828125,285.7101135253906,110.47384643554688,369.3008728027344,66.84864044189453,84.24372100830078,122.42195129394531,37.98018264770508
2022-06-28,164.15988159179688,130.9549102783203,277.00543212890625,107.6632308959961,361.7550964355469,65.69590759277344,83.2136001586914,121.30785369873047,36.76290512084961
2022-06-29,162.49391174316406,130.54449462890625,277.2594299316406,107.46249389648438,361.46044921875,65.9676742553711,82.48168182373047,120.85124969482422,36.83634567260742
2022-06-30,161.22779846191406,130.1626739501953,273.8205261230469,106.81243133544922,358.5238342285156,65.79900360107422,81.79492950439453,120.43119812011719,36.36967086791992
2022-07-01,163.1793975830078,131.5562286376953,275.6278991699219,107.37644958496094,362.3157653808594,66.59558868408203,82.32807159423828,121.64572143554688,36.723758697509766
2022-07-05,164.53118896484375,129.56137084960938,280.34661865234375,108.10301208496094,362.9999694824219,66.38002014160156,81.90335845947266,120.30333709716797,37.361759185791016
2022-07-06,163.3126220703125,129.93360900878906,282.1441955566406,108.69570922851562,364.22601318359375,66.80177307128906,81.78589630126953,120.41291809082031,37.55594253540039
2022-07-07,167.17771911621094,131.2317352294922,288.1817626953125,110.5790023803711,369.68109130859375,67.1016616821289,83.2136001586914,121.64572143554688,38.31631088256836
2022-07-08,167.15863037109375,131.44171142578125,288.5432434082031,110.44515991210938,369.3769226074219,66.98921203613281,83.15033721923828,121.5361328125,38.30326843261719
2022-07-11,163.79811096191406,130.8881072998047,282.378662109375,109.16413879394531,365.1573791503906,66.72679138183594,82.30095672607422,120.84214782714844,37.601619720458984
2022-07-12,163.2364501953125,129.5900115966797,279.6432189941406,108.10301208496094,361.9261169433594,66.11762237548828,82.33709716796875,120.24855041503906,37.110469818115234
2022-07-13,163.0936737060547,129.17958068847656,279.0667724609375,107.63455963134766,360.025390625,65.93019104003906,81.86722564697266,119.41755676269531,36.99135971069336
2022-07-14,161.41818237304688,128.63552856445312,280.06329345703125,107.5963363647461,359.1510009765625,65.76150512695312,81.05397033691406,118.39478302001953,37.048458099365234
2022-07-15,164.77867126464844,130.6781005859375,285.1434326171875,109.44137573242188,366.0127258300781,66.61434936523438,83.00578308105469,120.77818298339844,37.73215866088867
2022-07-18,164.3122100830078,129.43731689453125,282.7303771972656,108.63835906982422,362.9905090332031,65.77088165283203,82.5991439819336,119.85588836669922,37.41070556640625
2022-07-19,170.10977172851562,131.75668334960938,291.4252624511719,111.79310607910156,372.7982482910156,67.01731872558594,84.93046569824219,122.55892944335938,38.60513687133789
2022-07-20,172.77532958984375,131.3462677001953,296.0462646484375,112.9403076171875,375.1741638183594,66.85799407958984,85.02081298828125,122.35802459716797,39.21703338623047
2022-07-21,173.66067504882812,131.44171142578125,300.29595947265625,113.86759948730469,378.9945983886719,67.39218139648438,85.02986145019531,122.85111999511719,39.840362548828125
2022-07-22,170.89039611816406,131.26991271972656,295.0302429199219,112.50054168701172,375.4782409667969,67.19536590576172,84.24372100830078,122.60456085205078,39.13545227050781
2022-07-25,171.7757568359375,132.921142578125,293.349853515625,112.32847595214844,375.9344177246094,67.14851379394531,84.62323760986328,123.54515838623047,38.9233283996582
2022-07-26,170.71905517578125,132.66343688964844,287.5858459472656,110.78931427001953,371.48675537109375,67.02668762207031,83.99974060058594,123.01551818847656,38.113983154296875
2022-07-27,174.60313415527344,134.16197204589844,299.7391357421875,113.60948944091797,381.1329650878906,67.8326644897461,85.52685546875,124.43094635009766,39.680458068847656
2022-07-28,177.00213623046875,135.29779052734375,302.6700134277344,115.41632080078125,385.9132995605469,68.78857421875,86.267822265625,125.54507446289062,40.30866622924805
2022-07-29,178.25875854492188,136.8917999267578,308.1897277832031,116.64952087402344,391.53936767578125,69.17280578613281,86.58406829833984,126.52217102050781,41.11311340332031
2022-08-01,178.19212341308594,135.8991241455078,308.004150390625,116.3531723022461,390.3799133300781,68.9478988647461,86.71058654785156,126.1112289428711,41.055992126464844
2022-08-02,178.02078247070312,135.1545867919922,307.0857849121094,115.36851501464844,387.8044128417969,68.5074234008789,85.71661376953125,125.125,40.9009895324707
2022-08-03,180.63873291015625,135.45053100585938,315.44854736328125,116.85983276367188,393.8772888183594,69.26654052734375,86.73770141601562,126.01078033447266,41.925716400146484
2022-08-04,180.25791931152344,133.8851776123047,316.9237365722656,117.1370849609375,393.6112060546875,69.24778747558594,86.22264099121094,125.24368286132812,42.13294219970703
2022-08-05,181.6383056640625,134.3528594970703,314.3348083496094,116.93632507324219,392.9459228515625,69.36962127685547,86.08709716796875,125.56332397460938,41.91102600097656
2022-08-08,183.56129455566406,134.85873413085938,313.3186950683594,116.86939239501953,392.48968505859375,69.56644439697266,86.303955078125,125.70943450927734,41.82128143310547
2022-08-09,181.05758666992188,135.64141845703125,309.77239990234375,115.7413330078125,390.9311218261719,69.52893829345703,85.65335083007812,125.91947937011719,41.366031646728516
2022-08-10,186.22683715820312,136.77725219726562,318.41851806640625,118.64753723144531,399.1422119140625,70.28804016113281,87.31598663330078,127.69102478027344,42.5816650390625
2022-08-11,186.92178344726562,137.0540313720703,316.61114501953125,118.25559997558594,399.1422119140625,69.99752807617188,88.08407592773438,128.357666015625,42.351593017578125
2022-08-12,190.73927307128906,139.00120544433594,322.77569580078125,120.25359344482422,405.89935302734375,70.98155975341797,89.55694580078125,130.21144104003906,43.18214797973633
2022-08-15,191.41513061523438,139.0393829345703,325.3841857910156,120.7029037475586,407.57196044921875,71.48764038085938,89.54792022705078,130.4214630126953,43.44975280761719
2022-08-16,191.33900451660156,139.3925323486328,324.6220703125,120.91323852539062,408.3702697753906,71.81564331054688,89.79187774658203,130.97853088378906,43.42527389526367
2022-08-17,188.12127685546875,139.4307098388672,320.9194641113281,119.8807601928711,405.4716491699219,71.3470687866211,88.73467254638672,130.29360961914062,42.99123001098633
2022-08-18,189.36837768554688,140.3756866455078,321.6912841796875,120.45436096191406,406.65020751953125,71.53448486328125,89.43948364257812,130.74105834960938,43.02876281738281
2022-08-19,185.30340576171875,140.24197387695312,315.4192199707031,118.58061218261719,401.185546875,71.09402465820312,88.62623596191406,129.85528564453125,42.19005584716797
2022-08-22,181.48599243164062,138.82937622070312,307.1151123046875,116.19065856933594,392.8319396972656,70.07251739501953,86.58406829833984,127.72755432128906,41.09516143798828
2022-08-23,181.78111267089844,139.0871124267578,306.8611145019531,115.827392578125,391.8815612792969,69.58517456054688,86.54792022705078,127.4992446899414,41.01358413696289
2022-08-24,183.17100524902344,139.7266082763672,307.7502136230469,116.18109893798828,393.13592529296875,69.67890167236328,86.83708953857422,127.8736801147461,41.13922119140625
2022-08-25,186.01742553710938,140.9483184814453,313.1918029785156,118.21735382080078,398.6860656738281,70.25054931640625,88.40033721923828,129.4352264404297,41.84086227416992
2022-08-26,179.90567016601562,137.91310119628906,300.35455322265625,113.82938385009766,385.1909484863281,68.40433502197266,85.60816192626953,125.95598602294922,40.14875030517578
2022-08-29,178.24923706054688,137.60763549804688,297.3945007324219,112.72997283935547,382.6440124511719,68.0107192993164,85.1925048828125,125.51765441894531,39.74409103393555
2022-08-30,175.7550506591797,135.45053100585938,294.08251953125,111.58280181884766,378.4434509277344,67.4203109741211,84.3340835571289,124.12960815429688,39.34104919433594
2022-08-31,174.68878173828125,134.16197204589844,292.3728942871094,110.65547943115234,375.5638122558594,66.98921203613281,83.49372100830078,123.13422393798828,39.05712890625
2022-09-01,172.7848663330078,134.68690490722656,292.4998779296875,110.88492584228516,376.74224853515625,67.64522552490234,83.62023162841797,123.6912841796875,39.06365203857422
2022-09-02,171.44256591796875,133.96156311035156,288.367431640625,109.76642608642578,372.76971435546875,66.78301239013672,83.05094909667969,122.65938568115234,38.55455780029297
2022-09-06,169.748046875,133.6274871826172,286.29632568359375,109.6612548828125,371.36322021484375,66.64244079589844,82.35517120361328,122.30319213867188,38.409332275390625
2022-09-07,173.44174194335938,134.89694213867188,292.0798034667969,111.61148834228516,378.03466796875,67.98259735107422,83.46661376953125,124.13874053955078,39.20724868774414
2022-09-08,174.88876342773438,135.70822143554688,293.5940856933594,112.4623031616211,380.5057067871094,68.27312469482422,84.08106994628906,125.05194854736328,39.47648239135742
2022-09-09,178.4015655517578,137.4739990234375,300.0126953125,114.42208099365234,386.4169616699219,68.97602081298828,85.43648529052734,126.50390625,40.311927795410156
2022-09-12,180.5625762939453,138.60983276367188,303.5785217285156,115.11994934082031,390.57000732421875,69.37899780273438,86.322021484375,127.6088638305664,40.801448822021484
2022-09-13,173.4988555908203,134.2956085205078,286.9312744140625,109.89070892333984,373.58709716796875,67.11104583740234,82.64431762695312,123.24380493164062,38.69651794433594
2022-09-14,174.1747589111328,135.3455352783203,289.20758056640625,110.0149917602539,375.0125732421875,67.11104583740234,82.50877380371094,123.42646789550781,38.946170806884766
2022-09-15,172.9086151123047,134.22874450683594,284.3911437988281,108.4662857055664,370.7550048828125,66.33317565917969,82.25579071044922,122.75982666015625,38.29185104370117
2022-09-16,170.39537048339844,133.4461212158203,282.6521911621094,107.64412689208984,367.926513671875,66.145751953125,81.61421203613281,121.919677734375,37.88554000854492
2022-09-19,171.8519287109375,133.92333984375,284.8533020019531,108.37067413330078,370.77972412109375,66.47376251220703,82.15637969970703,122.69588470458984,38.21189498901367
2022-09-20,169.51007080078125,133.01658630371094,282.5826721191406,106.84109497070312,366.5237731933594,65.66778564453125,80.49374389648438,121.11607360839844,37.818641662597656
2022-09-21,166.92062377929688,131.1840057373047,277.5228271484375,105.13944244384766,360.13018798828125,64.81497192382812,79.21060180664062,119.22577667236328,37.13984680175781
2022-09-22,163.16029357910156,131.44171142578125,274.1072082519531,104.08785247802734,357.10516357421875,64.59940338134766,78.47866821289062,118.64132690429688,36.62422180175781
2022-09-23,159.27622985839844,128.45416259765625,269.64422607421875,102.56784057617188,351.1218566894531,63.97150802612305,76.80699157714844,116.52143859863281,36.03239440917969
2022-09-26,157.09542846679688,126.91329956054688,268.5284118652344,101.43416595458984,347.6484069824219,63.285911560058594,75.488525390625,114.87589263916016,35.80024719238281
2022-09-27,157.63125610351562,126.81714630126953,268.63604736328125,101.2900619506836,346.7608642578125,62.8997802734375,75.39735412597656,114.361083984375,35.806793212890625
2022-09-28,162.61676025390625,129.54873657226562,273.9798889160156,103.7015151977539,353.5839538574219,64.02989959716797,77.02035522460938,116.72369384765625,36.50322723388672
2022-09-29,158.97096252441406,127.7020034790039,266.0816955566406,101.56868743896484,346.1979064941406,62.97513198852539,75.515869140625,114.90347290039062,35.57300567626953
2022-09-30,157.81312561035156,126.17268371582031,261.5698547363281,99.85857391357422,340.8444519042969,62.249977111816406,74.64054107666016,113.51533508300781,34.97791290283203
2022-10-03,161.99476623535156,129.6448516845703,267.706298828125,102.63508605957031,349.84320068359375,63.78504943847656,76.9291763305664,116.54902648925781,35.7937126159668
2022-10-04,168.4156494140625,132.82855224609375,276.1232604980469,105.60374450683594,360.68365478515625,65.14115142822266,79.72843933105469,119.94124603271484,36.98715591430664
2022-10-05,167.17164611816406,133.00167846679688,275.9764099121094,105.62296295166016,359.8438415527344,64.86805725097656,79.50960540771484,119.59188842773438,36.94301223754883
2022-10-06,166.23388671875,132.1168212890625,273.8037414550781,104.71986389160156,356.1318664550781,63.879215240478516,78.6342544555664,118.1026382446289,36.6847038269043
2022-10-07,161.3441162109375,129.98155212402344,263.3706970214844,101.78004455566406,346.1979064941406,62.47599411010742,76.76505279541016,115.79519653320312,35.386627197265625
2022-10-10,160.44461059570312,129.27940368652344,260.73797607421875,101.18438720703125,343.5545349121094,62.40066146850586,76.09031677246094,115.20684051513672,34.932132720947266
2022-10-11,160.49246215820312,129.47178649902344,257.15582275390625,100.59833526611328,341.37884521484375,62.362979888916016,75.9991226196289,115.08734130859375,34.469459533691406
2022-10-12,160.0522918701172,129.08706665039062,257.0677795410156,100.2044448852539,340.2528381347656,61.92035675048828,75.66177368164062,114.627685546875,34.41879653930664
2022-10-13,164.0138397216797,132.61695861816406,263.0965881347656,102.30843353271484,349.23248291015625,63.229400634765625,77.88658905029297,117.9371566772461,35.16264724731445
2022-10-14,159.6216583251953,130.00079345703125,255.18862915039062,99.7432861328125,341.27386474609375,62.089874267578125,76.54621887207031,116.116943359375,34.086910247802734
2022-10-17,164.71240234375,131.80905151367188,263.6153564453125,102.3660888671875,350.0436096191406,63.285911560058594,77.74068450927734,118.12104797363281,35.298343658447266
2022-10-18,166.66448974609375,133.1940460205078,265.6999816894531,103.53816223144531,354.1564636230469,64.01105499267578,78.67984771728516,119.71141052246094,35.67108154296875
2022-10-19,163.83206176757812,133.33831787109375,264.7310485839844,102.69274139404297,351.6466979980469,63.446006774902344,78.06893920898438,118.80130004882812,35.43894577026367
2022-10-20,161.74598693847656,132.76123046875,263.3804626464844,101.8857192993164,348.6980285644531,62.92803955078125,77.99598693847656,117.80846405029297,35.167545318603516
2022-10-21,165.25782775878906,136.11802673339844,269.55609130859375,104.47008514404297,357.1719970703125,64.05813598632812,80.34844970703125,120.71344757080078,35.94902038574219
2022-10-24,165.96595764160156,137.88778686523438,272.5215759277344,105.74786376953125,361.54254150390625,64.91515350341797,81.38793182373047,122.31302642822266,36.305419921875
2022-10-25,170.4921417236328,138.76304626464844,278.1589660644531,108.02479553222656,367.3158264160156,65.68737030029297,82.4911880493164,123.5724868774414,37.15718078613281
2022-10-26,171.33421325683594,139.64791870117188,272.0127258300781,107.56364440917969,364.5484313964844,65.75331115722656,83.07476806640625,124.34468841552734,36.36427688598633
2022-10-27,171.3724822998047,139.69602966308594,267.0604248046875,106.6317367553711,362.6017150878906,65.72503662109375,82.84680938720703,124.82273864746094,35.870540618896484
2022-10-28,175.26712036132812,142.4564666748047,275.2326354980469,109.15847778320312,371.228271484375,67.47671508789062,84.84367370605469,127.36919403076172,36.80732345581055
2022-10-31,175.42977905273438,142.00442504882812,272.0322570800781,108.14007568359375,368.54681396484375,67.04350280761719,84.41511535644531,126.83602142333984,36.41495132446289
2022-11-01,175.6689910888672,141.76393127441406,269.252685546875,108.10164642333984,366.9340515136719,66.9681625366211,84.84367370605469,127.09337615966797,36.0552864074707
2022-11-02,169.84141540527344,139.359375,260.0234069824219,105.08495330810547,357.7253723144531,65.62145233154297,83.09298706054688,125.14449310302734,34.749027252197266
2022-11-03,168.70272827148438,139.45556640625,254.94390869140625,104.12419891357422,354.0419616699219,65.18824768066406,82.19943237304688,124.88709259033203,34.08036422729492
2022-11-04,170.98013305664062,140.22499084472656,259.0447998046875,105.81511688232422,359.13775634765625,65.71562957763672,83.74039459228516,126.54181671142578,34.52668380737305
2022-11-07,171.75526428222656,141.69662475585938,261.8928527832031,107.03524780273438,362.5731201171875,66.21475219726562,84.54277038574219,127.63578796386719,34.87000274658203
2022-11-08,171.82225036621094,142.61036682128906,263.80126953125,107.66932678222656,364.5293273925781,66.72329711914062,84.88923645019531,128.38958740234375,35.004066467285156
2022-11-09,167.10467529296875,139.359375,257.71368408203125,105.44042205810547,357.01922607421875,65.94164276123047,83.17506408691406,126.24763488769531,34.162113189697266
2022-11-10,177.39146423339844,143.0431671142578,276.73004150390625,112.24242401123047,376.63897705078125,68.26778411865234,86.88612365722656,130.67868041992188,36.85800552368164
2022-11-11,178.8459014892578,142.43724060058594,281.8291015625,113.84683990478516,380.2842712402344,67.89108276367188,87.74320983886719,130.75221252441406,37.613311767578125
2022-11-14,176.84600830078125,142.37954711914062,279.3628234863281,112.91493225097656,377.04925537109375,67.7121353149414,87.15965270996094,130.00759887695312,37.15718078613281
2022-11-15,179.46791076660156,142.91812133789062,283.22869873046875,114.18309783935547,380.2651672363281,68.07942962646484,87.67939758300781,130.50404357910156,37.681968688964844
2022-11-16,176.31011962890625,142.244873046875,279.3628234863281,112.56905364990234,377.3642272949219,68.06060028076172,86.14756774902344,129.7501983642578,37.266719818115234
2022-11-17,174.673828125,142.81234741210938,278.7462463378906,112.3673095703125,376.2095031738281,68.0135269165039,86.32078552246094,129.75936889648438,36.988792419433594
2022-11-18,175.80296325683594,143.74534606933594,278.75592041015625,112.79004669189453,377.9176330566406,68.67274475097656,86.9681625366211,130.89013671875,37.01332092285156
2022-11-21,174.8843231201172,143.75494384765625,275.88836669921875,112.1751708984375,376.54351806640625,68.94584655761719,86.67638397216797,131.02801513671875,36.63402557373047
2022-11-22,176.75027465820312,145.83250427246094,279.8619384765625,114.0101547241211,381.6106872558594,69.56739807128906,88.09882354736328,132.63681030273438,37.16372299194336
2022-11-23,177.2096405029297,145.75552368164062,282.6708068847656,114.74031829833984,384.0155029296875,69.8216781616211,88.30852508544922,133.0137176513672,37.5626335144043
2022-11-25,177.5828094482422,145.94790649414062,280.8112487792969,114.52896118164062,383.9295654296875,70.01946258544922,88.51824951171875,133.38143920898438,37.42693328857422
2022-11-28,174.0039520263672,144.2262420654297,276.6908874511719,112.97257232666016,377.8031311035156,69.25662231445312,86.93170166015625,131.5612030029297,36.772987365722656
2022-11-29,174.51113891601562,144.37051391601562,274.5964660644531,112.90531921386719,377.1543273925781,69.19071197509766,87.3875961303711,131.9748992919922,36.48525619506836
2022-11-30,179.29566955566406,146.92901611328125,287.1141357421875,116.47923278808594,389.03485107421875,70.8764419555664,89.2568130493164,134.4386444091797,38.098873138427734
2022-12-01,178.90335083007812,146.20758056640625,287.4664611816406,116.45042419433594,388.7486267089844,70.97061157226562,88.96504974365234,134.25479125976562,38.22473907470703
2022-12-02,179.94638061523438,146.83277893066406,286.3214111328125,116.41199493408203,388.3000793457031,71.10247039794922,88.69149780273438,134.21800231933594,38.120113372802734
2022-12-05,174.98959350585938,144.59173583984375,281.51593017578125,114.50013732910156,381.3148498535156,70.09478759765625,87.1231918334961,131.9748992919922,37.34845733642578
2022-12-06,172.31028747558594,142.89892578125,275.6828308105469,112.63630676269531,375.81829833984375,69.53914642333984,86.07460021972656,130.81658935546875,36.565364837646484
2022-12-07,171.8031005859375,143.3317108154297,274.55731201171875,112.49220275878906,375.1789245605469,69.6144790649414,86.15665435791016,130.8257598876953,36.41658020019531
2022-12-08,173.0470733642578,143.5241241455078,277.806640625,113.44335174560547,378.1180725097656,70.0665512084961,86.63079833984375,131.47845458984375,36.83838653564453
2022-12-09,170.92274475097656,141.06182861328125,276.03515625,112.38652038574219,375.2934265136719,69.41671752929688,86.08372497558594,130.41209411621094,36.586612701416016
2022-12-12,172.9322509765625,143.0143280029297,279.4997253417969,114.25996398925781,380.7042236328125,70.43382263183594,87.28731536865234,132.2506866455078,37.12775421142578
2022-12-13,174.36460876464844,142.66806030273438,282.50439453125,115.25448608398438,383.5860290527344,70.46882629394531,87.75406646728516,132.63681030273438,37.59205627441406
2022-12-14,173.2206573486328,142.43585205078125,280.4100036621094,114.79146575927734,381.1335144042969,70.20391845703125,87.2946548461914,132.14959716796875,37.31576156616211
2022-12-15,168.88504028320312,140.53993225097656,270.9948425292969,111.82039642333984,371.81036376953125,68.83200073242188,85.208984375,129.7134246826172,36.1059684753418
2022-12-16,167.62571716308594,139.56298828125,268.4110412597656,110.51815032958984,367.4207458496094,68.1507797241211,84.07888793945312,128.38958740234375,35.615501403808594
2022-12-19,165.35702514648438,139.32115173339844,264.6388854980469,109.33163452148438,364.30511474609375,67.76284790039062,83.26115417480469,127.96673583984375,35.064552307128906
2022-12-20,166.2318115234375,139.8628387451172,264.4328308105469,109.50527954101562,364.8036804199219,67.80069732666016,83.23359680175781,128.2609405517578,35.085811614990234
2022-12-21,169.09658813476562,141.8651885986328,268.268798828125,111.4634780883789,370.2583312988281,68.61437225341797,84.33614349365234,129.9892120361328,35.644935607910156
2022-12-22,166.8855438232422,140.30783081054688,261.70556640625,109.74642944335938,364.9761657714844,68.1129150390625,83.32545471191406,128.99917602539062,34.881187438964844
2022-12-23,167.6449737548828,141.8361358642578,262.29412841796875,110.39273071289062,367.07562255859375,68.47248077392578,83.81243896484375,129.8789825439453,34.99750518798828
2022-12-27,166.52024841308594,142.08763122558594,258.58575439453125,110.04547119140625,365.62811279296875,68.595458984375,83.80323791503906,130.18463134765625,34.60105895996094
2022-12-28,163.9342803955078,140.4142303466797,255.17173767089844,108.57921600341797,361.0841369628906,67.87638092041016,82.52611541748047,128.84173583984375,34.14727020263672
2022-12-29,168.0872039794922,141.17840576171875,261.3916015625,110.47955322265625,367.58367919921875,68.595458984375,83.82161712646484,130.2864532470703,35.008975982666016
2022-12-30,167.61611938476562,141.15902709960938,261.234619140625,109.92971801757812,366.615478515625,68.21699523925781,83.73893737792969,129.9993896484375,34.912315368652344
2023-01-03,166.6932830810547,138.9051971435547,259.46875,109.62103271484375,365.072021484375,68.28324890136719,83.74812316894531,129.7771453857422,34.66658401489258
2023-01-04,168.76971435546875,138.7794647216797,260.7048034667969,110.50848388671875,367.8905029296875,68.66168975830078,85.0619888305664,130.90699768066406,34.90576171875
2023-01-05,166.96241760253906,138.6826934814453,256.6236877441406,109.22552490234375,363.6916198730469,68.02777099609375,84.63014221191406,130.0457000732422,34.27996063232422
2023-01-06,170.71160888671875,141.00425720214844,263.70684814453125,112.0326156616211,372.0318298339844,69.5037612915039,86.7801284790039,132.8054962158203,35.08269119262695
2023-01-09,171.0,139.1180419921875,265.41387939453125,111.94580841064453,371.8209228515625,69.00230407714844,86.55962371826172,131.8145751953125,35.3890380859375
2023-01-10,173.52825927734375,139.8338623046875,267.6605529785156,112.75609588623047,374.428466796875,69.20100402832031,87.17521667480469,132.48138427734375,35.703582763671875
2023-01-11,175.69122314453125,140.4722442626953,272.29107666015625,114.37667846679688,379.1641845703125,69.8065185546875,87.8826904296875,133.31491088867188,36.429325103759766
2023-01-12,178.64248657226562,140.8591766357422,273.76263427734375,114.9168701171875,380.5445861816406,69.6173095703125,88.25939178466797,133.60198974609375,36.63737487792969
2023-01-13,179.8153076171875,141.19773864746094,275.6462707519531,115.16767883300781,382.02093505859375,69.70245361328125,88.15831756591797,133.85203552246094,36.86181640625
2023-01-17,179.59420776367188,140.7430877685547,276.2054138183594,114.92650604248047,381.3211364746094,69.38076782226562,87.64380645751953,133.09263610839844,36.96829605102539
2023-01-18,176.6909942626953,138.36351013183594,272.61480712890625,113.32522583007812,375.30078125,68.16022491455078,86.15538024902344,130.59210205078125,36.52924346923828
2023-01-19,174.99908447265625,138.208740234375,269.9364929199219,112.35093688964844,372.5686950683594,67.74393463134766,85.51219940185547,129.70303344726562,36.213069915771484
2023-01-20,177.883056640625,139.01161193847656,277.3238525390625,114.60820007324219,379.5092468261719,68.46300506591797,86.84443664550781,131.15704345703125,37.19109344482422
2023-01-23,180.08448791503906,139.30181884765625,283.4848937988281,116.13230895996094,384.0628967285156,68.79415893554688,88.16751861572266,132.0738983154297,37.86112976074219
2023-01-24,179.69996643066406,139.737060546875,282.90606689453125,116.05513763427734,383.650634765625,68.7846908569336,87.91026306152344,132.11090087890625,37.74317932128906
2023-01-25,180.1998291015625,140.16270446777344,282.27825927734375,115.92009735107422,383.7945251464844,68.8887710571289,88.65448760986328,132.52769470214844,37.65471649169922
2023-01-26,181.2669219970703,141.48794555664062,287.7818908691406,117.16448211669922,388.01251220703125,68.99284362792969,89.31600189208984,133.3334503173828,38.24119567871094
2023-01-27,182.2474365234375,139.8241424560547,290.6465759277344,117.4442138671875,388.90399169921875,68.7846908569336,89.24249267578125,132.94444274902344,38.62126922607422
2023-01-30,179.7095489501953,138.6826934814453,284.7700500488281,115.86222076416016,384.0245056152344,68.45354461669922,88.23182678222656,131.96278381347656,37.90372848510742
2023-01-31,184.07395935058594,140.3852081298828,289.03759765625,117.79148864746094,389.6709289550781,69.25775909423828,89.74784088134766,133.62049865722656,38.5377197265625
2023-02-01,186.96754455566406,139.30181884765625,295.2183532714844,119.20950317382812,393.812255859375,69.68352508544922,90.3818130493164,133.97247314453125,39.281471252441406
2023-02-02,190.6494140625,136.64170837402344,305.8136291503906,121.7368392944336,399.5450744628906,69.58891296386719,91.45680236816406,133.99093627929688,40.503597259521484
2023-02-03,189.37086486816406,136.5159912109375,300.3785400390625,120.338134765625,395.2981872558594,69.04960632324219,90.354248046875,133.2500762939453,39.8466682434082
2023-02-06,186.6310577392578,136.71914672851562,297.8376770019531,119.27702331542969,392.8823547363281,68.9076919555664,89.2884521484375,132.88885498046875,39.48297882080078
2023-02-07,188.01539611816406,138.31520080566406,304.008544921875,120.7336196899414,398.0207824707031,69.22937774658203,90.10616302490234,133.83352661132812,40.23164749145508
2023-02-08,185.26600646972656,137.59934997558594,298.6028747558594,119.05514526367188,393.66845703125,68.55760955810547,89.19656372070312,132.94444274902344,39.64189147949219
2023-02-09,182.58392333984375,137.31883239746094,295.9638366699219,117.8590087890625,390.2557373046875,68.14130401611328,88.72798156738281,131.83311462402344,39.26509094238281
2023-02-10,182.94921875,139.98861694335938,294.0213928222656,118.04227447509766,391.1664123535156,68.77523803710938,89.46302795410156,133.1296844482422,39.011165618896484
2023-02-13,185.15065002441406,140.6947479248047,298.73046875,119.75933074951172,395.7583312988281,69.3523941040039,90.354248046875,134.25025939941406,39.59273910522461
2023-02-14,185.06411743164062,140.23040771484375,300.9378356933594,119.5953369140625,395.57623291015625,68.8036117553711,90.23480987548828,133.694580078125,39.81226348876953
2023-02-15,186.93870544433594,139.35986328125,303.2432861328125,119.6532211303711,396.86083984375,68.97390747070312,90.4552993774414,133.6483154296875,40.133358001708984
2023-02-16,185.15065002441406,138.0443115234375,297.5531921386719,118.00370025634766,391.3964538574219,68.5765380859375,89.78459167480469,132.54620361328125,39.37321090698242
2023-02-17,185.66014099121094,137.73477172851562,295.4537658691406,117.5310287475586,390.4187316894531,68.9171371459961,89.42626953125,132.8054962158203,39.040653228759766
2023-02-21,180.18057250976562,136.6610565185547,288.4588317871094,115.0036849975586,382.5865478515625,68.0372314453125,87.3038558959961,130.6754608154297,38.077369689941406
2023-02-22,180.6708984375,136.20643615722656,288.6746826171875,114.74324798583984,382.0592956542969,67.78177642822266,87.10172271728516,130.34205627441406,38.10523223876953
2023-02-23,181.9590301513672,136.77713012695312,291.1959533691406,115.86222076416016,384.09161376953125,67.80069732666016,87.40492248535156,130.59210205078125,38.423038482666016
2023-02-24,180.2575225830078,136.02264404296875,286.3202209472656,114.51173400878906,379.9886474609375,67.26139068603516,86.65149688720703,129.94381713867188,37.766117095947266
2023-02-27,180.89199829101562,136.1290283203125,288.3705139160156,114.69500732421875,381.28277587890625,67.28031921386719,86.60556030273438,129.9345703125,38.03151321411133
2023-02-28,180.9015655517578,134.71678161621094,287.9977111816406,114.55030059814453,379.87359619140625,66.83564758300781,86.11859893798828,129.29550170898438,37.988914489746094
2023-03-01,181.13232421875,135.43260192871094,285.6824951171875,114.21267700195312,378.4163818359375,66.48556518554688,86.21966552734375,129.14736938476562,37.69239807128906
2023-03-02,181.56488037109375,136.02264404296875,288.0467224121094,115.32203674316406,381.3594970703125,67.06269836425781,86.7525634765625,129.80490112304688,38.057716369628906
2023-03-03,184.09317016601562,137.3671875,294.00177001953125,117.11624145507812,387.4756774902344,67.66826629638672,87.84593963623047,131.37005615234375,38.85717010498047
2023-03-06,181.40147399902344,137.5413360595703,294.3353271484375,117.23200225830078,387.74407958984375,67.69662475585938,87.37734985351562,131.3793182373047,38.89976119995117
2023-03-07,179.2962188720703,135.67440795898438,290.7249755859375,115.59210968017578,381.8004150390625,66.87348937988281,85.90728759765625,129.20294189453125,38.37717056274414
2023-03-08,179.38272094726562,134.8715362548828,292.177001953125,115.98761749267578,382.42352294921875,66.89241027832031,86.19210815429688,128.9899444580078,38.51314926147461
2023-03-09,174.39346313476562,132.94659423828125,287.1147766113281,114.07763671875,375.367919921875,66.13548278808594,84.3545150756836,126.52643585205078,37.8201789855957
2023-03-10,169.36572265625,131.6407470703125,283.0826721191406,112.19660949707031,369.9515686035156,65.39750671386719,83.11415100097656,124.92423248291016,37.14686965942383
2023-03-13,166.6067352294922,130.78953552246094,285.1820983886719,112.15802764892578,369.4242858886719,65.62458801269531,81.75433349609375,123.87771606445312,37.381126403808594
2023-03-14,169.6925811767578,131.97927856445312,291.7355651855469,114.15480041503906,375.5309143066406,66.23957824707031,82.86608123779297,125.35027313232422,38.19696044921875
2023-03-15,166.89517211914062,129.72549438476562,293.2659912109375,113.60497283935547,373.1821594238281,66.14495086669922,81.53382110595703,123.72029113769531,38.2100715637207
2023-03-16,169.17349243164062,130.95396423339844,300.9966735839844,115.60174560546875,379.7297668457031,66.79778289794922,82.93040466308594,125.0446548461914,39.15041732788086
2023-03-17,164.60719299316406,128.81617736816406,299.5741271972656,114.77217864990234,375.28973388671875,66.20171356201172,81.5613784790039,122.94235229492188,38.91779327392578
2023-03-20,166.74131774902344,131.07005310058594,300.6372985839844,115.76575469970703,378.8984069824219,66.96808624267578,82.51692199707031,124.65568542480469,39.035743713378906
2023-03-21,169.8175506591797,132.77247619628906,304.93115234375,117.04872131347656,383.8734436035156,67.06269836425781,83.54598236083984,126.03558349609375,39.664825439453125
2023-03-22,165.00131225585938,130.60572814941406,300.78466796875,115.10979461669922,377.3298034667969,66.14495086669922,81.80026245117188,123.69252014160156,39.0635871887207
2023-03-23,164.26898193359375,129.74356079101562,304.35137939453125,115.8886947631836,378.3498229980469,66.23049926757812,81.63063049316406,123.1259536743164,39.45402908325195
2023-03-24,165.75486755371094,131.12535095214844,305.47161865234375,116.3821792602539,380.83258056640625,67.16197967529297,82.11266326904297,124.1882553100586,39.56070327758789
2023-03-27,167.59779357910156,132.39041137695312,303.3786926269531,116.3434829711914,381.54473876953125,67.36160278320312,82.7152099609375,125.2691879272461,39.3785285949707
2023-03-28,167.35658264160156,132.86721801757812,301.76727294921875,116.02418518066406,380.688232421875,67.41861724853516,82.72447967529297,125.35306549072266,39.214412689208984
2023-03-29,169.2573699951172,133.966796875,307.2696533203125,117.5916748046875,386.22149658203125,68.06494903564453,84.31888580322266,126.84406280517578,39.89222717285156
2023-03-30,169.0258026123047,134.22955322265625,310.1780700683594,118.28834533691406,388.4829406738281,68.37862396240234,84.77310943603516,127.31929779052734,40.21225357055664
2023-03-31,172.13267517089844,135.29994201660156,315.3365478515625,120.04936981201172,393.9584045410156,69.1390151977539,85.82988739013672,128.69845581054688,40.93765640258789
2023-04-03,172.20986938476562,138.014892578125,314.5702209472656,120.59121704101562,395.4596862792969,69.41466522216797,86.33972930908203,129.74209594726562,40.89990997314453
2023-04-04,169.18984985351562,136.8083038330078,313.5089416503906,119.49784088134766,393.2655944824219,69.23406219482422,85.35711669921875,128.6332244873047,40.778465270996094
2023-04-05,167.5302734375,138.44308471679688,310.413818359375,119.3720474243164,392.2359313964844,69.65229797363281,85.301513671875,129.369384765625,40.341915130615234
2023-04-06,167.7811279296875,138.2484893798828,312.5067443847656,119.65264129638672,393.76593017578125,69.88990020751953,85.25516510009766,129.48118591308594,40.59464645385742
2023-04-10,169.5757598876953,138.842041015625,312.3298645019531,120.0783920288086,394.17010498046875,69.82337188720703,86.14507293701172,129.89120483398438,40.553619384765625
2023-04-11,170.9169464111328,139.32858276367188,310.325439453125,120.30094146728516,394.2760314941406,69.99445343017578,86.62709045410156,130.4689483642578,40.38950729370117
2023-04-12,169.66259765625,139.56214904785156,307.5840759277344,119.69134521484375,392.6689453125,70.0229721069336,86.0245590209961,130.254638671875,40.14168167114258
2023-04-13,171.91075134277344,140.5839385986328,313.6072998046875,121.09436798095703,397.8846130371094,70.46019744873047,86.36754608154297,131.04669189453125,40.95242691040039
2023-04-14,170.30906677246094,139.805419921875,313.0177001953125,120.9492416381836,396.9127197265625,70.00395202636719,86.27484893798828,130.8510284423828,40.84575653076172
2023-04-17,172.49932861328125,139.63026428222656,313.2829895019531,121.11370086669922,398.3369445800781,70.3271255493164,86.71980285644531,131.52195739746094,40.91960525512695
2023-04-18,171.7660369873047,139.79568481445312,313.3026428222656,121.30724334716797,398.5967102050781,70.19405364990234,86.74761199951172,131.59652709960938,40.960636138916016
2023-04-19,171.98794555664062,139.08531188964844,313.1553039550781,121.00728607177734,398.5293273925781,70.0229721069336,85.98748016357422,131.44740295410156,40.99346160888672
2023-04-20,171.1002655029297,138.68637084960938,310.767578125,120.99761962890625,396.3545227050781,69.9469223022461,85.06976318359375,130.69259643554688,40.73415756225586
2023-04-21,171.32217407226562,138.579345703125,311.0918273925781,120.81377410888672,396.6624755859375,70.13703155517578,84.93071746826172,130.7392120361328,40.788299560546875
2023-04-24,171.2064208984375,139.4842987060547,310.4433288574219,120.99761962890625,397.0762634277344,70.26058197021484,84.95852661132812,131.13059997558594,40.73578643798828
2023-04-25,166.9802703857422,138.36524963378906,304.5872802734375,118.92694854736328,390.773193359375,69.6998062133789,83.64219665527344,129.68621826171875,39.89058303833008
2023-04-26,165.3689422607422,136.23414611816406,306.4344482421875,118.02709197998047,389.11798095703125,68.8348617553711,82.75228881835938,128.01815795898438,40.08588409423828
2023-04-27,167.5784912109375,137.58676147460938,314.7667236328125,120.81377410888672,396.8645935058594,69.747314453125,83.75343322753906,129.8352813720703,41.04597854614258
2023-04-28,169.0451202392578,138.54039001464844,316.9380798339844,122.10067749023438,400.2519836425781,70.1655502319336,84.89363861083984,130.9814910888672,41.36272430419922
2023-05-01,169.14157104492188,138.82261657714844,316.5745849609375,122.34256744384766,399.8477478027344,70.38416290283203,84.69896697998047,131.083984375,41.30363845825195
2023-05-02,165.66802978515625,136.4676971435547,313.8135681152344,120.65895080566406,395.3537292480469,69.78533935546875,83.29922485351562,129.1643524169922,40.94750213623047
2023-05-03,166.27593994140625,135.52378845214844,311.75994873046875,119.87519836425781,392.64007568359375,69.5287094116211,82.7430191040039,128.10203552246094,40.730873107910156
2023-05-04,164.41372680664062,134.41444396972656,310.6595458984375,118.51091003417969,389.8590087890625,69.14852142333984,81.67697143554688,126.97450256347656,40.52899932861328
2023-05-05,168.32142639160156,136.74990844726562,317.2624206542969,120.50413513183594,397.0762634277344,69.9469223022461,83.29922485351562,128.9686737060547,41.37256622314453
2023-05-08,167.93548583984375,136.71096801757812,318.0484924316406,120.51380920410156,397.1821594238281,69.80435180664062,83.16015625,128.8475341796875,41.49073791503906
2023-05-09,167.43377685546875,136.61366271972656,316.0342102050781,120.03002166748047,395.4404602050781,69.63328552246094,82.76155853271484,128.35366821289062,41.30363845825195
2023-05-10,168.2828826904297,136.52609252929688,319.4731750488281,120.6105728149414,397.2879943847656,69.9469223022461,82.37222290039062,128.12998962402344,41.73527145385742
2023-05-11,166.98995971679688,135.961669921875,320.5147399902344,120.48477172851562,396.5951843261719,69.75682830810547,81.89019012451172,127.58952331542969,41.76646041870117
2023-05-12,166.65223693847656,136.23414611816406,319.36505126953125,120.59121704101562,396.0754699707031,69.82337188720703,81.72332763671875,127.56156921386719,41.630245208740234
2023-05-15,168.68809509277344,136.48715209960938,321.0944519042969,121.11370086669922,397.4419860839844,69.79484558105469,82.59468841552734,127.98089599609375,41.791072845458984
2023-05-16,166.22767639160156,134.4825897216797,321.4580078125,120.11709594726562,394.7860412597656,69.02494812011719,81.31546020507812,126.387451171875,41.72871017456055
2023-05-17,169.9327850341797,135.7086639404297,325.3489685058594,121.62655639648438,399.5782775878906,69.27207946777344,82.60395812988281,127.85045623779297,42.24896240234375
2023-05-18,170.96519470214844,135.6113739013672,331.39178466796875,122.91344451904297,403.42755126953125,69.41466522216797,83.23432159423828,128.26043701171875,42.92021179199219
2023-05-19,169.92311096191406,136.16600036621094,330.64508056640625,122.61348724365234,402.8404846191406,69.50970458984375,83.15087890625,128.26043701171875,42.79219436645508
2023-05-22,171.99758911132812,135.60165405273438,331.75531005859375,122.76829528808594,403.0041198730469,69.34811401367188,83.3084945678711,128.04615783691406,42.90707778930664
2023-05-23,171.1870880126953,134.93991088867188,327.5498962402344,121.28787994384766,398.4812316894531,68.69227600097656,82.863525390625,127.32861328125,42.244049072265625
2023-05-24,169.37313842773438,134.5409393310547,325.8697204589844,120.42672729492188,395.5943298339844,68.15999603271484,81.7789535522461,126.10789489746094,42.012638092041016
2023-05-25,168.05130004882812,133.19805908203125,333.799072265625,122.42964172363281,399.0201416015625,67.92237091064453,81.43595886230469,125.55810546875,42.797119140625
2023-05-26,169.96170043945312,133.0229034423828,342.3277587890625,124.1229476928711,404.1877746582031,68.21703338623047,82.60395812988281,126.50855255126953,43.602935791015625
2023-05-30,169.33456420898438,132.67259216308594,343.88031005859375,124.14228820800781,404.3417053222656,67.96040344238281,82.53909301757812,126.12652587890625,43.758846282958984
2023-05-31,167.66537475585938,131.85520935058594,341.92498779296875,122.98116302490234,402.09954833984375,67.90338134765625,81.7789535522461,125.5860366821289,43.501182556152344
2023-06-01,169.4793243408203,133.16888427734375,345.8748474121094,124.07454681396484,405.9199523925781,68.13148498535156,82.35368347167969,126.41539001464844,44.032928466796875
2023-06-02,175.62551879882812,134.6674346923828,348.4688720703125,125.8646011352539,411.7899475097656,68.91088104248047,83.81832885742188,128.90345764160156,44.526920318603516
2023-06-05,173.27120971679688,134.40469360351562,348.7145080566406,125.25503540039062,411.00091552734375,68.76831817626953,83.29922485351562,128.5399932861328,44.46128463745117
2023-06-06,177.83506774902344,134.11277770996094,348.6555480957031,125.54531860351562,411.8958435058594,68.51168060302734,84.3652572631836,128.9593505859375,44.543331146240234
2023-06-07,181.16246032714844,133.2530975341797,342.74053955078125,124.80289459228516,410.4715576171875,68.5975570678711,85.66646575927734,130.06826782226562,43.87372970581055
2023-06-08,180.48516845703125,134.47421264648438,346.9949645996094,125.33663177490234,412.9543762207031,68.98878479003906,85.67581176757812,130.31053161621094,44.308650970458984
2023-06-09,179.02415466308594,134.79664611816406,348.32147216796875,125.51134490966797,413.6954040527344,68.9697036743164,85.53588104248047,130.29190063476562,44.44486999511719
2023-06-12,179.76918029785156,136.46719360351562,354.2070617675781,126.95735931396484,417.4483337402344,69.33230590820312,86.30077362060547,130.66465759277344,45.083290100097656
2023-06-13,181.83006286621094,137.38548278808594,356.92877197265625,127.75312042236328,420.20050048828125,69.57084655761719,87.30817413330078,131.59652709960938,45.40167999267578
2023-06-14,179.87562561035156,138.50897216796875,359.52276611328125,128.35479736328125,420.70086669921875,69.57084655761719,86.80447387695312,131.12127685546875,45.619956970214844
2023-06-15,181.35592651367188,139.993896484375,363.8068542480469,129.86875915527344,425.9165954589844,70.53457641601562,87.77455139160156,132.71470642089844,46.22718811035156
2023-06-16,179.90463256835938,139.2514190673828,361.51739501953125,129.55819702148438,424.4659118652344,70.5155029296875,87.80252838134766,132.67745971679688,45.93669509887695
2023-06-20,179.1209259033203,138.64573669433594,360.99981689453125,128.98562622070312,422.2635803222656,69.98114776611328,86.67388153076172,131.55921936035156,45.852989196777344
2023-06-21,178.7048797607422,138.2842559814453,356.080322265625,128.61680603027344,420.1000671386719,69.96207427978516,86.0115966796875,131.5499267578125,45.367210388183594
2023-06-22,177.37936401367188,138.67503356933594,360.2816467285156,128.96621704101562,421.6165771484375,70.01931762695312,85.74110412597656,131.083984375,45.82509994506836
2023-06-23,174.7089385986328,137.61019897460938,356.7099609375,128.15101623535156,418.4291076660156,69.47541809082031,85.03218841552734,130.13754272460938,45.473690032958984
2023-06-26,174.88307189941406,136.7895965576172,351.9280700683594,127.4620132446289,416.7195129394531,69.63763427734375,85.42396545410156,130.64405822753906,44.96089172363281
2023-06-27,177.40838623046875,138.8411102294922,357.9792175292969,129.18942260742188,421.2881164550781,70.08612060546875,86.55261993408203,131.46949768066406,45.6627197265625
2023-06-28,178.27915954589844,138.62619018554688,358.6778259277344,128.8885498046875,421.5006103515625,69.72352600097656,86.49666595458984,131.16934204101562,45.82050323486328
2023-06-29,180.33035278320312,139.1634979248047,357.95953369140625,129.4611053466797,423.1619567871094,70.20062255859375,86.93505096435547,132.16363525390625,45.838584899902344
2023-06-30,181.19146728515625,140.92202758789062,363.4793395996094,130.88775634765625,428.155517578125,70.92581939697266,87.48540496826172,133.2892303466797,46.507530212402344
2023-07-03,181.55909729003906,140.4335174560547,364.3353576660156,130.71307373046875,428.648193359375,70.84947204589844,88.1290283203125,133.80511474609375,46.51081848144531
2023-07-05,179.7498321533203,140.06228637695312,364.32550048828125,130.5966033935547,428.0106201171875,70.73497009277344,87.59733581542969,133.23292541503906,46.5338249206543
2023-07-06,176.8472137451172,138.635986328125,361.5508117675781,129.56790161132812,424.6590576171875,70.36284637451172,86.6832046508789,131.9291229248047,46.19524383544922
2023-07-07,178.71453857421875,138.0986328125,360.3504333496094,128.96621704101562,423.5868835449219,69.95252990722656,86.86975860595703,131.72274780273438,46.04402542114258
2023-07-10,181.77197265625,139.61293029785156,360.468505859375,129.80081176757812,424.6590576171875,70.24832916259766,87.52272033691406,132.50128173828125,46.042381286621094
2023-07-11,183.63934326171875,139.98411560058594,362.24945068359375,130.67420959472656,427.3634948730469,70.74451446533203,88.65138244628906,133.77696228027344,46.285640716552734
2023-07-12,185.64215087890625,141.56675720214844,366.82470703125,131.8776397705078,430.802001953125,70.87808990478516,88.75397491455078,134.1146240234375,46.837890625
2023-07-13,187.141845703125,142.26036071777344,373.0528259277344,133.12953186035156,434.2213134765625,70.96399688720703,89.239013671875,134.4053955078125,47.49368667602539
2023-07-14,185.31317138671875,142.1333770751953,372.97412109375,133.1974639892578,433.9508056640625,70.92581939697266,88.17565155029297,133.9739532470703,47.53478240966797
2023-07-17,187.29666137695312,142.99305725097656,376.457275390625,133.94473266601562,435.45758056640625,70.9735107421875,88.13833618164062,134.02084350585938,47.85528564453125
2023-07-18,189.6090545654297,143.99928283691406,379.536865234375,134.6822967529297,438.6932373046875,71.15483093261719,88.93119812011719,134.97760009765625,48.239891052246094
2023-07-19,190.41213989257812,143.57920837402344,379.44830322265625,134.71141052246094,439.6688537597656,71.48878479003906,89.77070617675781,135.73739624023438,48.20372772216797
2023-07-20,188.74795532226562,142.30923461914062,370.7013244628906,133.7312469482422,436.7518615722656,71.92771911621094,89.63079071044922,136.9286346435547,47.26522445678711
2023-07-21,188.14810180664062,142.00637817382812,369.5894775390625,133.8477020263672,436.7518615722656,72.33802032470703,89.77070617675781,137.35072326660156,47.1666145324707
2023-07-24,188.61253356933594,141.89891052246094,370.1798400878906,134.439697265625,438.7029113769531,72.44300079345703,90.18114471435547,138.05421447753906,47.316184997558594
2023-07-25,188.5931396484375,142.9539794921875,372.6888427734375,135.2742919921875,439.900634765625,72.57658386230469,90.10650634765625,137.8666229248047,47.60380935668945
2023-07-26,190.08316040039062,142.1236114501953,371.44903564453125,135.2257843017578,439.96826171875,72.36666107177734,90.40499877929688,138.02606201171875,47.54793167114258
2023-07-27,187.6256103515625,141.7718963623047,370.5635986328125,134.62408447265625,437.05133056640625,71.81321716308594,90.14382934570312,137.16314697265625,47.232357025146484
2023-07-28,190.05413818359375,143.10052490234375,377.31329345703125,135.79835510253906,441.3301086425781,71.96590423583984,90.48894500732422,137.6133575439453,47.9703369140625
2023-07-31,192.26014709472656,143.36428833007812,377.510009765625,135.837158203125,442.1705322265625,71.90864562988281,90.75013732910156,137.894775390625,48.06895446777344
2023-08-01,191.3796844482422,143.38385009765625,376.63433837890625,135.837158203125,440.9051818847656,71.74642944335938,90.51692962646484,137.57583618164062,47.91774368286133
2023-08-02,188.77699279785156,141.00991821289062,368.3694763183594,133.72154235839844,434.77178955078125,71.55559539794922,89.55616760253906,136.7504119873047,46.900352478027344
2023-08-03,188.24484252929688,140.9708251953125,367.77911376953125,133.46920776367188,433.5257873535156,71.28841400146484,89.239013671875,136.36581420898438,46.793514251708984
2023-08-04,187.86749267578125,140.8633575439453,366.05718994140625,132.721923828125,431.5650939941406,70.89718627929688,89.26699829101562,135.7561492919922,46.52889633178711
2023-08-07,187.9932861328125,142.7586212158203,369.1565246582031,134.20677185058594,435.33197021484375,71.5269546508789,90.08785247802734,137.13499450683594,46.86748123168945
2023-08-08,186.8128662109375,142.4752655029297,366.017822265625,133.67298889160156,433.4388732910156,71.34567260742188,89.79867553710938,136.515869140625,46.6718864440918
2023-08-09,185.35191345214844,141.1955108642578,361.9936218261719,132.83840942382812,430.541259765625,71.45062255859375,89.26699829101562,136.09384155273438,46.18701934814453
2023-08-10,184.5294647216797,141.27366638183594,362.6626892089844,132.68312072753906,430.69573974609375,71.4124526977539,88.86590576171875,135.87808227539062,46.27248764038086
2023-08-11,184.7906951904297,140.677734375,360.3504333496094,132.15907287597656,430.4446105957031,71.68917846679688,88.84725189208984,136.4502410888672,46.022666931152344
2023-08-14,184.471435546875,142.38735961914062,364.39434814453125,133.58567810058594,432.82073974609375,71.76551055908203,89.00584411621094,136.31895446777344,46.535465240478516
2023-08-15,182.03323364257812,141.55697631835938,360.527587890625,132.4016876220703,427.7788391113281,71.15483093261719,87.6626205444336,134.56488037109375,46.0703239440918
2023-08-16,179.80787658691406,140.15997314453125,356.7099609375,131.6059112548828,424.6397705078125,70.94489288330078,86.70185089111328,133.8144989013672,45.68572235107422
2023-08-17,177.68894958496094,138.32334899902344,352.81365966796875,130.7421875,421.4040222167969,70.47733306884766,86.1048812866211,133.25169372558594,45.2025032043457
2023-08-18,178.65650939941406,138.69456481933594,352.37091064453125,130.87803649902344,421.60687255859375,70.6395492553711,86.51531982421875,133.5706024169922,45.141693115234375
2023-08-21,178.395263671875,140.2088165283203,358.0481262207031,132.13967895507812,424.34991455078125,70.64909362792969,86.711181640625,133.35484313964844,45.75310134887695
2023-08-22,177.86309814453125,139.61293029785156,357.5364685058594,131.557373046875,423.2005615234375,70.49642181396484,86.24480438232422,132.5575714111328,45.76626205444336
2023-08-23,179.759521484375,141.37135314941406,363.17425537109375,132.95486450195312,427.9140319824219,70.96399688720703,86.85110473632812,133.38302612304688,46.44342803955078
2023-08-24,177.27293395996094,139.05604553222656,355.4111633300781,131.15948486328125,421.98358154296875,70.44872283935547,85.90898895263672,132.42625427246094,45.59203338623047
2023-08-25,178.02761840820312,139.8571319580078,358.1661682128906,131.94554138183594,424.9584655761719,70.92581939697266,86.1515121459961,133.1391143798828,45.94705581665039
2023-08-28,179.61434936523438,141.05873107910156,360.8620910644531,132.81900024414062,427.6532287597656,71.2025375366211,86.89775848388672,133.83323669433594,46.28070831298828
2023-08-29,182.12030029296875,143.39358520507812,368.7432861328125,134.81817626953125,433.8349304199219,71.76551055908203,87.9704360961914,134.9869842529297,47.17319107055664
2023-08-30,182.8072509765625,143.843017578125,370.7996826171875,135.21609497070312,435.62176513671875,71.8609390258789,88.0450668334961,135.17459106445312,47.48054122924805
2023-08-31,182.48797607421875,143.8039093017578,371.91156005859375,135.2451934814453,434.9843444824219,71.45062255859375,88.11036682128906,134.61178588867188,47.546287536621094
2023-09-01,184.6552734375,143.8625030517578,371.5179443359375,135.5557403564453,435.79559326171875,71.59375,88.76331329345703,135.09017944335938,47.5955924987793
2023-09-05,180.76576232910156,143.13961791992188,371.99029541015625,134.78904724121094,433.9122009277344,71.08802032470703,87.82120513916016,133.77696228027344,47.60380935668945
2023-09-06,180.08847045898438,142.73907470703125,368.71380615234375,133.8961944580078,430.9952087402344,70.84947204589844,87.59733581542969,133.41114807128906,47.164974212646484
2023-09-07,178.34689331054688,142.30923461914062,366.0768127441406,133.38185119628906,429.6719970703125,71.09757232666016,87.26153564453125,133.4955596923828,46.916786193847656
2023-09-08,177.9501953125,142.51438903808594,366.5885314941406,133.3721466064453,430.3191223144531,71.3074951171875,87.62532043457031,133.78634643554688,46.94965362548828
2023-09-11,178.37591552734375,143.33497619628906,370.9079284667969,133.818603515625,433.14910888671875,71.5746841430664,87.6812744140625,134.0959014892578,47.46739196777344
2023-09-12,178.20175170898438,141.99659729003906,366.7951354980469,132.99366760253906,430.7730407714844,71.27885437011719,87.80252838134766,134.22720336914062,46.94965362548828
2023-09-13,177.03102111816406,142.09429931640625,368.1922912597656,133.22659301757812,431.2753601074219,71.4315414428711,87.56934356689453,134.07711791992188,47.0745735168457
2023-09-14,179.52728271484375,143.25685119628906,371.20306396484375,134.09033203125,434.99395751953125,71.96590423583984,88.50212860107422,135.5685272216797,47.35891342163086
2023-09-15,177.6502685546875,140.66796875,364.8470458984375,132.05230712890625,429.7530517578125,71.4124526977539,87.76522827148438,134.63055419921875,46.58970642089844
2023-09-18,176.46987915039062,140.9610595703125,365.227294921875,132.42108154296875,430.00506591796875,71.50788116455078,87.63463592529297,134.67742919921875,46.61107635498047
2023-09-19,175.7829132080078,140.78518676757812,364.4488525390625,132.25611877441406,429.11328125,71.5746841430664,87.53202819824219,134.33038330078125,46.5338249206543
2023-09-20,174.02198791503906,139.35890197753906,359.197021484375,130.9848175048828,425.16827392578125,71.61283874511719,86.92573547363281,133.99270629882812,45.82871627807617
2023-09-21,171.3225555419922,136.87750244140625,352.6148986816406,128.5004119873047,418.1409606933594,70.73497009277344,85.78773498535156,132.30966186523438,44.9294319152832
2023-09-22,170.9355010986328,137.17054748535156,352.6642150878906,128.67507934570312,417.2007141113281,70.69678497314453,85.44261169433594,131.8566131591797,44.8685417175293
2023-09-25,171.69989013671875,137.6297149658203,354.33929443359375,129.10208129882812,418.9552001953125,70.78268432617188,85.75043487548828,132.2624969482422,45.11541748046875
2023-09-26,169.49227905273438,136.1296844482422,349.0184326171875,127.39722442626953,412.8002014160156,69.93570709228516,84.57576751708984,130.6295166015625,44.36491394042969
2023-09-27,171.0767822265625,136.39422607421875,349.83624267578125,127.69921112060547,412.9649353027344,69.70549011230469,84.80130004882812,130.4879150390625,44.429107666015625
2023-09-28,172.62237548828125,137.50135803222656,352.7627258300781,128.61497497558594,415.3591003417969,69.81099700927734,85.32754516601562,131.04483032226562,44.7730827331543
2023-09-29,171.80584716796875,136.87432861328125,353.0188903808594,128.3909149169922,414.3510437011719,69.42733001708984,85.25237274169922,130.19528198242188,44.81751251220703
2023-10-02,169.2103729248047,136.93310546875,355.965087890625,128.70265197753906,414.18621826171875,68.97648620605469,84.4723892211914,128.93988037109375,45.16973114013672
2023-10-03,166.36215209960938,134.76780700683594,349.7180480957031,127.08547973632812,408.64190673828125,68.54485321044922,83.54206085205078,127.8354721069336,44.33365249633789
2023-10-04,166.43994140625,135.86514282226562,354.4771728515625,128.07919311523438,411.61761474609375,68.97648620605469,83.54206085205078,127.98651123046875,44.95083999633789
2023-10-05,166.5663299560547,135.64959716796875,353.4327392578125,128.1376190185547,411.4625549316406,68.84220886230469,83.46688842773438,127.58062744140625,44.980464935302734
2023-10-06,168.17022705078125,137.66793823242188,359.35467529296875,129.94961547851562,416.3477478027344,69.29302978515625,84.03071594238281,128.43017578125,45.74248123168945
2023-10-09,169.14231872558594,138.48117065429688,361.18743896484375,130.95306396484375,419.0133361816406,69.85896301269531,84.70733642578125,129.55343627929688,45.948204040527344
2023-10-10,171.0573272705078,139.34335327148438,363.18768310546875,131.4694061279297,421.1942443847656,70.146728515625,85.27116394042969,130.3368682861328,46.16545867919922
2023-10-11,170.7657012939453,139.8136444091797,365.7791442871094,132.40464782714844,422.9195861816406,70.27143859863281,85.5812759399414,130.25193786621094,46.5291748046875
2023-10-12,166.9065399169922,138.8828582763672,364.50799560546875,132.00518798828125,420.34124755859375,69.77262878417969,84.56636810302734,129.2891387939453,46.30205154418945
2023-10-13,165.51649475097656,137.9618682861328,359.9261779785156,131.2843017578125,418.2475891113281,69.9644775390625,84.14348602294922,129.6100616455078,45.78527069091797
2023-10-16,168.18971252441406,139.58828735351562,363.9956359863281,132.73587036132812,422.6481628417969,70.60713958740234,85.12081909179688,130.9032440185547,46.31028747558594
2023-10-17,170.06582641601562,139.44131469726562,362.80340576171875,132.5215301513672,422.6287536621094,70.59754943847656,85.42151641845703,131.22415161132812,46.18849182128906
2023-10-18,166.5663299560547,137.677734375,358.044189453125,130.82640075683594,416.9971618652344,70.06999969482422,84.2844467163086,129.87435913085938,45.45445251464844
2023-10-19,163.91250610351562,136.7665252685547,354.69403076171875,129.50149536132812,413.3332824707031,69.32181549072266,83.51387023925781,128.6850128173828,45.08249282836914
2023-10-20,161.79336547851562,135.28707885742188,349.4027099609375,128.07919311523438,408.2541809082031,68.78465270996094,82.72449493408203,127.40129852294922,44.401119232177734
2023-10-23,160.42276000976562,135.69859313964844,350.4570617675781,128.010986328125,407.546630859375,68.40098571777344,81.86935424804688,126.41963195800781,44.5410270690918
2023-10-24,161.82257080078125,137.0310516357422,353.86627197265625,128.9462127685547,410.6192932128906,68.91893005371094,82.5929183959961,127.26913452148438,44.92285919189453
2023-10-25,159.1493377685547,134.9539794921875,345.205078125,126.91011810302734,404.72601318359375,68.76547241210938,81.7095718383789,126.6083984375,43.90737533569336
2023-10-26,159.55758666992188,132.75926208496094,338.6230773925781,124.81556701660156,399.87957763671875,68.50648498535156,81.43706512451172,126.17418670654297,43.044960021972656
2023-10-27,157.68148803710938,132.6417236328125,340.2488708496094,124.367431640625,398.0669860839844,67.68157196044922,80.76985931396484,124.42794036865234,43.19802474975586
2023-10-30,158.5563507080078,134.08197021484375,344.0819091796875,125.92615509033203,402.826171875,68.33382415771484,81.33369445800781,125.70223999023438,43.787235260009766
2023-10-31,159.92698669433594,134.6502227783203,345.7273864746094,126.49120330810547,405.3560485839844,68.82302856445312,82.17945098876953,126.7594223022461,44.02751922607422
2023-11-01,160.8407440185547,136.73715209960938,351.7281799316406,127.79664611816406,409.6790771484375,69.25466918945312,82.90303802490234,127.29743957519531,44.707252502441406
2023-11-02,165.1276397705078,139.2551727294922,358.1131286621094,130.38803100585938,417.53033447265625,70.19468688964844,84.48178100585938,129.6950225830078,45.571311950683594
2023-11-03,169.61865234375,140.84239196777344,362.3205871582031,131.50840759277344,421.33966064453125,70.71266174316406,85.9289779663086,130.81825256347656,46.0650634765625
2023-11-06,167.49951171875,141.5772247314453,363.7986145019531,131.9662628173828,422.30889892578125,70.8277587890625,85.47789764404297,130.4123992919922,46.328392028808594
2023-11-07,166.9065399169922,141.78297424316406,367.2374572753906,132.55076599121094,423.51080322265625,70.7798080444336,85.3369369506836,129.94989013671875,46.75959396362305
2023-11-08,165.1276397705078,142.3806610107422,367.4739074707031,132.95994567871094,423.8210144042969,70.85652923583984,84.54757690429688,129.6100616455078,46.940635681152344
2023-11-09,162.57107543945312,141.5576171875,364.6459655761719,132.10263061523438,420.5157165527344,70.30020904541016,83.69241333007812,128.55288696289062,46.567039489746094
2023-11-10,164.38882446289062,144.03648376464844,372.8440856933594,134.2458953857422,427.07781982421875,70.90448760986328,84.9140625,129.91212463378906,47.478824615478516
2023-11-13,164.44715881347656,144.46754455566406,371.6812744140625,134.02183532714844,426.67071533203125,70.9236831665039,84.58515167236328,129.8366241455078,47.455780029296875
2023-11-14,173.47781372070312,146.83859252929688,379.6822814941406,136.39891052246094,434.94842529296875,71.72941589355469,86.84991455078125,132.16810607910156,48.403778076171875
2023-11-15,173.7791748046875,146.02537536621094,379.96807861328125,136.2722625732422,435.8692321777344,71.6718521118164,87.49832916259766,132.7816162109375,48.403778076171875
2023-11-16,170.96983337402344,146.6132354736328,380.293212890625,136.19430541992188,436.4023132324219,71.6718521118164,86.89690399169922,132.46072387695312,48.612796783447266
2023-11-17,173.31256103515625,146.94639587402344,380.38189697265625,136.2722625732422,436.94512939453125,71.70064544677734,87.49832916259766,133.0742645263672,48.571659088134766
2023-11-20,174.32354736328125,148.4258575439453,385.01300048828125,137.38284301757812,440.3085632324219,71.95004272460938,87.90241241455078,133.47071838378906,49.11807632446289
2023-11-21,172.07801818847656,147.93597412109375,382.7762756347656,137.12957763671875,439.3489990234375,72.17063903808594,87.2352066040039,133.39520263671875,48.969947814941406
2023-11-22,173.1570281982422,148.17108154296875,384.343017578125,137.52896118164062,441.0451965332031,72.66944122314453,87.648681640625,133.82937622070312,49.20035934448242
2023-11-24,174.32354736328125,148.2494659423828,383.801025390625,137.52896118164062,441.3166198730469,72.86128997802734,88.01518249511719,134.33914184570312,49.157562255859375
2023-11-27,173.7402801513672,147.82818603515625,383.4660339355469,137.1198272705078,440.5218200683594,72.65985107421875,87.7238540649414,133.85772705078125,49.121360778808594
2023-11-28,173.06954956054688,147.32847595214844,384.4710388183594,137.0223846435547,440.9580383300781,72.5831069946289,87.6017074584961,133.80108642578125,49.24150848388672
2023-11-29,173.9832763671875,147.20114135742188,384.0966491699219,136.95419311523438,440.64776611328125,72.5063705444336,88.32528686523438,133.95213317871094,49.169090270996094
2023-11-30,174.64430236816406,147.07379150390625,383.1309814453125,137.4315643310547,442.3828430175781,73.23536682128906,88.94551086425781,135.22640991210938,49.13945770263672
2023-12-01,179.7477569580078,147.46568298339844,384.2247619628906,138.24990844726562,445.0,73.74373626708984,89.91343688964844,136.42520141601562,49.31227493286133
2023-12-04,181.6724853515625,145.82945251464844,380.6578063964844,137.54847717285156,442.6639404296875,73.70539093017578,89.7254867553711,136.4440460205078,48.854740142822266
2023-12-05,179.24227905273438,145.80987548828125,381.6136169433594,137.4802703857422,442.5766906738281,73.45598602294922,89.35899353027344,135.5095977783203,49.085147857666016
2023-12-06,178.9214630126953,144.42837524414062,379.4064025878906,137.08087158203125,440.793212890625,73.37926483154297,89.17103576660156,135.22640991210938,48.82017135620117
2023-12-07,180.21435546875,146.51527404785156,384.70751953125,138.12326049804688,444.1566467285156,73.43680572509766,89.97923278808594,135.5378875732422,49.40608215332031
2023-12-08,181.58499145507812,147.7498016357422,386.4220886230469,138.83445739746094,446.0661315917969,73.40804290771484,90.60883331298828,136.07595825195312,49.64473342895508
2023-12-11,181.96409606933594,149.30764770507812,389.72296142578125,140.03273010253906,447.8011779785156,74.15620422363281,91.58615112304688,137.3596649169922,49.677650451660156
2023-12-12,181.77940368652344,150.64012145996094,392.8268127441406,141.12384033203125,449.84637451171875,74.47276306152344,91.27603912353516,137.46351623535156,50.0347900390625
2023-12-13,187.93267822265625,151.61012268066406,397.8224792480469,142.75074768066406,456.0498046875,75.42235565185547,92.69503021240234,139.64395141601562,50.61247634887695
2023-12-14,193.1624755859375,150.69891357421875,397.47760009765625,142.65328979492188,457.513427734375,74.66458892822266,94.83763122558594,141.03155517578125,50.53841781616211
2023-12-15,191.53909301757812,151.384765625,399.3990173339844,142.5266571044922,456.7601623535156,74.2137680053711,94.28318786621094,140.2386474609375,50.67667007446289
2023-12-18,191.60714721679688,153.06016540527344,401.9146728515625,143.5203857421875,459.3294372558594,74.65499114990234,94.1234359741211,140.58792114257812,51.06507873535156
2023-12-19,195.32049560546875,153.95176696777344,403.96832275390625,144.173095703125,462.12255859375,74.79888916015625,95.06316375732422,141.541259765625,51.34652328491211
2023-12-20,191.4998779296875,151.40736389160156,397.9654235839844,142.29591369628906,455.7188415527344,73.7764892578125,93.41356658935547,139.2852783203125,50.67337417602539
2023-12-21,194.7584991455078,153.42050170898438,402.595947265625,143.55648803710938,460.03985595703125,74.32624816894531,94.51078033447266,140.6265106201172,51.218353271484375
2023-12-22,196.57325744628906,153.5579833984375,403.1982116699219,143.3512725830078,460.9643859863281,74.6734848022461,94.98369598388672,141.1683349609375,51.213409423828125
2023-12-26,199.12940979003906,154.41232299804688,405.66650390625,143.9962158203125,462.9108581542969,74.85675048828125,95.9295654296875,141.91928100585938,51.39644241333008
2023-12-27,199.8319091796875,154.79531860351562,406.4923095703125,144.26980590820312,463.747802734375,74.99178314208984,95.99577331542969,142.1949462890625,51.45415496826172
2023-12-28,199.0708770751953,154.70693969726562,406.29473876953125,144.227783203125,463.9230651855469,75.11715698242188,96.05253601074219,142.41358947753906,51.47394943237305
2023-12-29,195.82200622558594,154.0686492919922,404.536376953125,143.87576293945312,462.5799865722656,75.26185607910156,95.68363952636719,142.10939025878906,51.26287078857422
2024-01-02,194.66098022460938,151.25025939941406,397.6907653808594,142.82949829101562,459.9911804199219,75.55120849609375,95.8160629272461,142.9839324951172,50.38893127441406
2024-01-03,189.4705047607422,149.96380615234375,393.4825744628906,141.91036987304688,456.2346496582031,75.37759399414062,94.8607406616211,142.0904083251953,49.879398345947266
2024-01-04,189.09979248046875,149.58078002929688,391.4575500488281,141.41165161132812,454.7650451660156,75.23292541503906,94.35943603515625,141.94781494140625,49.641944885253906
2024-01-05,188.5436553955078,149.89503479003906,391.92181396484375,141.53878784179688,455.3878479003906,75.09788513183594,94.88911437988281,142.22344970703125,49.69801330566406
2024-01-08,191.93893432617188,153.4401397705078,400.0220031738281,143.6313018798828,461.88897705078125,75.67659759521484,95.85388946533203,143.17401123046875,50.74675369262695
2024-01-09,190.22177124023438,153.96058654785156,400.81231689453125,143.52374267578125,461.1882629394531,75.53191375732422,95.10667419433594,142.3755645751953,50.85722732543945
2024-01-10,190.3291015625,155.4630889892578,403.52886962890625,144.38424682617188,463.7965087890625,75.72482299804688,94.8985824584961,142.43260192871094,51.40468978881836
2024-01-11,188.83633422851562,156.3567352294922,404.36846923828125,144.73623657226562,463.59210205078125,75.64764404296875,94.41619110107422,141.96681213378906,51.533302307128906
2024-01-12,188.52415466308594,156.6709747314453,404.5758972167969,145.08828735351562,463.9132995605469,76.0141830444336,94.16081237792969,141.99534606933594,51.57453155517578
2024-01-16,186.19236755371094,157.0637969970703,404.536376953125,144.46246337890625,462.21014404296875,75.79234313964844,93.65950012207031,141.0828094482422,51.50691604614258
2024-01-17,184.86546325683594,156.17013549804688,402.2545166015625,143.88552856445312,459.6408996582031,75.62836456298828,92.85551452636719,140.17027282714844,51.27936553955078
2024-01-18,185.9582061767578,158.21273803710938,407.9641418457031,145.3522491455078,463.7283020019531,76.00453186035156,93.03522491455078,140.6170196533203,51.962032318115234
2024-01-19,187.74362182617188,161.62033081054688,416.0545349121094,147.46437072753906,469.5093078613281,76.56394958496094,94.29322052001953,141.82421875,52.763427734375
2024-01-22,191.75352478027344,162.05242919921875,416.59783935546875,147.98260498046875,470.50201416015625,76.69898223876953,94.65264129638672,142.27099609375,52.84752655029297
2024-01-23,191.19741821289062,162.18991088867188,418.3265075683594,147.65013122558594,471.87420654296875,77.02693939208984,95.0120620727539,142.78431701660156,53.012420654296875
2024-01-24,189.6266326904297,163.79058837890625,420.64794921875,147.91416931152344,472.39007568359375,76.6893539428711,94.7188491821289,142.3090362548828,53.205352783203125
2024-01-25,191.19741821289062,164.9002685546875,421.16162109375,148.34439086914062,474.9593200683594,77.08480072021484,95.99577331542969,143.5542755126953,53.33066940307617
2024-01-26,191.20716857910156,164.14410400390625,418.6524353027344,147.99237060546875,474.3559265136719,77.14266967773438,95.04046630859375,143.6303253173828,53.23173141479492
2024-01-29,194.5536346435547,166.01976013183594,422.9396667480469,149.3417510986328,478.11248779296875,77.36450958251953,95.37150573730469,144.1245880126953,53.864933013916016
2024-01-30,192.89503479003906,165.65640258789062,420.1243591308594,149.3417510986328,477.7427062988281,77.62494659423828,95.88227844238281,144.70443725585938,53.52524948120117
2024-01-31,188.18267822265625,162.6710968017578,411.8957824707031,147.16123962402344,469.947265625,76.89189910888672,94.87020111083984,143.3451385498047,52.36933135986328
2024-02-01,190.6802978515625,165.45021057128906,416.74603271484375,148.9213104248047,476.09796142578125,77.76960754394531,95.6930923461914,144.78048706054688,53.22183609008789
2024-02-02,189.67543029785156,169.78086853027344,423.78924560546875,150.87692260742188,481.1100158691406,77.4995346069336,95.27693176269531,144.69496154785156,54.292015075683594
2024-02-05,187.2655792236328,170.2031707763672,423.2360534667969,150.78890991210938,479.35821533203125,77.03656768798828,94.44454956054688,143.6683349609375,54.25739288330078
2024-02-06,188.95343017578125,169.4568328857422,422.38653564453125,151.05294799804688,480.7499694824219,77.1908950805664,94.87020111083984,144.44781494140625,54.27387619018555
2024-02-07,188.514404296875,172.19667053222656,426.73291015625,152.82278442382812,484.75958251953125,77.5284652709961,95.04046630859375,144.8660430908203,54.97798538208008
2024-02-08,191.37303161621094,172.94297790527344,427.52325439453125,153.1845703125,484.97369384765625,77.41275024414062,95.07828521728516,144.904052734375,55.07032012939453
2024-02-09,194.4853515625,175.25071716308594,431.7314147949219,154.142822265625,487.7765808105469,77.4995346069336,95.42825317382812,144.8660430908203,55.68208694458008
2024-02-12,198.01719665527344,174.21961975097656,430.042236328125,154.13304138183594,487.5624694824219,77.4416732788086,96.47816467285156,145.69305419921875,55.362186431884766
2024-02-13,189.87054443359375,172.14755249023438,423.3348083496094,152.21652221679688,480.8472595214844,76.86296844482422,94.66210174560547,143.80142211914062,54.54595947265625
2024-02-14,194.2804718017578,175.5944366455078,427.947998046875,153.76148986816406,485.2170104980469,77.24877166748047,95.53231048583984,144.63792419433594,55.26325607299805
2024-02-15,199.46115112304688,175.92831420898438,429.2223205566406,154.65127563476562,488.5648498535156,77.78890228271484,96.56328582763672,146.37744140625,55.345703125
2024-02-16,196.7488555908203,174.19015502929688,425.3302917480469,153.47793579101562,486.1318359375,77.60563659667969,96.09037017822266,146.02572631835938,54.949951171875
2024-02-20,194.0365447998047,172.000244140625,422.11981201171875,152.3338623046875,483.45550537109375,77.56706237792969,95.92011260986328,145.99720764160156,54.38105773925781
2024-02-21,193.11944580078125,170.44869995117188,420.4305725097656,152.57830810546875,483.8934326171875,77.80819702148438,96.11873626708984,146.67210388183594,54.2392463684082
2024-02-22,194.5829315185547,177.14602661132812,432.739013671875,156.50914001464844,493.9078369140625,78.60875701904297,96.60113525390625,147.85081481933594,55.97230529785156
2024-02-23,195.02194213867188,176.82196044921875,431.4646911621094,156.70469665527344,494.2484436035156,78.88845825195312,96.82813262939453,148.31658935546875,55.87337112426758
2024-02-26,196.25123596191406,177.29331970214844,431.23748779296875,156.5580596923828,492.438232421875,78.52195739746094,96.46871185302734,147.71775817871094,55.72166442871094
2024-02-27,199.03184509277344,177.4013214111328,432.2746887207031,156.54824829101562,493.3530578613281,78.55087280273438,96.82813262939453,147.92684936523438,55.81731033325195
2024-02-28,197.39279174804688,177.02818298339844,429.9730224609375,156.20602416992188,492.7010803222656,78.60875701904297,96.62005615234375,147.94586181640625,55.65735626220703
2024-02-29,198.7684326171875,178.93328857421875,433.65765380859375,156.7242431640625,494.4722595214844,78.5026626586914,97.26323699951172,148.12649536132812,56.0695915222168
2024-03-01,200.87582397460938,183.12649536132812,440.18719482421875,158.77767944335938,499.114501953125,78.88845825195312,98.26583862304688,149.08653259277344,56.6533317565918
2024-03-04,200.69044494628906,184.35400390625,438.6165466308594,158.66033935546875,498.57928466796875,78.98491668701172,98.73878479003906,149.3812255859375,56.40103530883789
2024-03-05,198.7684326171875,181.00537109375,430.74359130859375,156.93939208984375,493.59637451171875,78.48336791992188,98.21855163574219,148.80137634277344,55.497406005859375
2024-03-06,200.25143432617188,182.78280639648438,433.4502258300781,158.08343505859375,496.09759521484375,79.03314971923828,99.09820556640625,149.74244689941406,55.752994537353516
2024-03-07,201.91978454589844,185.79757690429688,440.0292053222656,159.93150329589844,501.0220642089844,79.32250213623047,99.76032257080078,150.5408935546875,56.513160705566406
2024-03-08,201.79296875,182.3212432861328,433.6773986816406,158.02476501464844,498.01483154296875,79.21640014648438,99.39143371582031,150.34129333496094,55.97065734863281
2024-03-11,200.19288635253906,179.91529846191406,432.0672607421875,157.584716796875,497.5865478515625,79.4961166381836,99.85491180419922,150.93064880371094,55.663944244384766
2024-03-12,199.91970825195312,183.69606018066406,438.2609558105469,159.88259887695312,502.9393310546875,79.82405090332031,100.0819091796875,151.3298797607422,56.6566276550293
2024-03-13,200.70022583007812,182.6846160888672,434.8924560546875,159.64791870117188,502.1509704589844,79.71794891357422,99.99678039550781,151.60556030273438,56.38949203491211
2024-03-14,197.1098175048828,181.71240234375,433.7959899902344,159.39370727539062,501.1582946777344,79.43824768066406,98.88066101074219,150.68350219726562,56.40928268432617
2024-03-15,197.4805908203125,179.25733947753906,428.6395263671875,157.8976287841797,497.7170715332031,79.27427673339844,98.80499267578125,150.60743713378906,55.74805450439453
2024-03-18,196.34881591796875,180.55361938476562,432.7276306152344,158.78744506835938,500.6750793457031,79.45753479003906,99.1265869140625,150.94017028808594,56.2575798034668
2024-03-19,197.1781463623047,181.3293914794922,433.8057556152344,159.7163543701172,503.4573974609375,79.93978118896484,99.5522232055664,151.74813842773438,56.579124450683594
2024-03-20,201.08071899414062,183.4604034423828,438.94927978515625,161.28089904785156,508.114013671875,80.15198516845703,100.77239227294922,152.92684936523438,57.154605865478516
2024-03-21,203.3910369873047,185.36911010742188,441.0264587402344,162.138427734375,509.793212890625,80.30699157714844,101.49593353271484,154.21434020996094,57.12456130981445
2024-03-22,200.58384704589844,185.35931396484375,441.5309143066406,161.29559326171875,508.82672119140625,80.10355377197266,101.01992797851562,153.47781372070312,57.175743103027344
2024-03-25,201.04354858398438,185.14303588867188,439.9284973144531,160.66836547851562,507.4209899902344,79.85167694091797,100.89615631103516,153.20997619628906,56.99081802368164
2024-03-26,200.681640625,184.51400756835938,438.5041809082031,160.05093383789062,506.4837341308594,79.84200286865234,100.85808563232422,153.12387084960938,56.84881591796875
2024-03-27,205.05386352539062,184.50421142578125,439.99774169921875,160.8839874267578,510.7401123046875,80.77198028564453,102.61933135986328,155.3143768310547,56.972652435302734
2024-03-28,205.69943237304688,184.14053344726562,439.1866760253906,161.0701904296875,510.6424865722656,80.96571350097656,103.11439514160156,155.7830810546875,56.83395767211914
2024-04-01,203.76275634765625,184.33709716796875,440.116455078125,160.59974670410156,509.7540588378906,80.67509460449219,102.70500946044922,155.1708984375,56.84550857543945
2024-04-02,200.01654052734375,183.128173828125,436.3181457519531,159.6001434326172,506.5130310058594,80.25853729248047,101.66729736328125,154.1760711669922,56.44757080078125
2024-04-03,201.32720947265625,184.69093322753906,437.29736328125,159.64910888671875,507.0694885253906,80.07449340820312,101.61970520019531,154.20480346679688,56.5648078918457
2024-04-04,199.3123016357422,181.16246032714844,430.6108703613281,157.39500427246094,500.8800964355469,79.37702178955078,100.55342864990234,152.62646484375,55.77388381958008
2024-04-05,199.97738647460938,184.36659240722656,435.68511962890625,159.2962646484375,506.11279296875,79.7645034790039,100.96280670166016,153.630859375,56.599491119384766
2024-04-08,201.07289123535156,183.88499450683594,435.8136901855469,159.1982879638672,506.3958435058594,79.716064453125,100.87712097167969,153.67868041992188,56.599491119384766
2024-04-09,201.86517333984375,182.72520446777344,437.4260559082031,159.2178955078125,506.9815979003906,79.73544311523438,101.28649139404297,153.81259155273438,56.607730865478516
2024-04-10,196.53439331054688,181.99786376953125,433.60791015625,157.66943359375,501.9051513671875,78.9604721069336,99.2396240234375,151.87081909179688,56.28080368041992
2024-04-11,197.86463928222656,184.0324249267578,440.5318298339844,159.07089233398438,505.6929626464844,78.7957763671875,99.2586669921875,151.6986083984375,57.154273986816406
2024-04-12,194.3434295654297,180.74961853027344,433.509033203125,156.9539794921875,498.7127990722656,77.94330596923828,97.53548431396484,149.489013671875,56.36006164550781
2024-04-15,191.49708557128906,177.68309020996094,426.3773193359375,155.0135040283203,492.4649353027344,77.47832489013672,97.04044342041016,148.67593383789062,55.30825424194336
2024-04-16,190.7928466796875,178.5676727294922,426.4169006347656,155.1605224609375,491.5667724609375,77.4201889038086,96.3740234375,148.0924835205078,55.328067779541016
2024-04-17,188.7778778076172,176.14979553222656,421.2139892578125,154.07264709472656,488.65753173828125,77.4201889038086,95.98368835449219,147.85333251953125,54.80793762207031
2024-04-18,188.6213836669922,175.06863403320312,418.81048583984375,153.73944091796875,487.65203857421875,77.49769592285156,96.01225280761719,148.08287048339844,54.472755432128906
2024-04-19,188.9148406982422,170.60641479492188,410.1456298828125,151.47552490234375,483.3956298828125,77.9820556640625,96.383544921875,149.18292236328125,53.2442626953125
2024-04-22,191.02757263183594,172.30677795410156,414.27032470703125,152.7692108154297,487.8472900390625,78.34049987792969,97.09756469726562,150.2447052001953,53.76438522338867
2024-04-23,194.22604370117188,176.00238037109375,420.452392578125,154.52346801757812,493.6363830566406,78.631103515625,97.86869812011719,151.2586212158203,54.677494049072266
2024-04-24,193.35549926757812,175.1964111328125,421.8768310546875,154.41567993164062,493.402099609375,78.80546569824219,98.1733627319336,151.36383056640625,54.66594314575195
2024-04-25,192.18173217773438,174.39047241210938,419.839111328125,153.94525146484375,491.5276794433594,78.6795425415039,97.58309936523438,151.13427734375,54.35551834106445
2024-04-26,194.02059936523438,176.60191345214844,426.3179931640625,155.87596130371094,496.18438720703125,78.39860534667969,97.26892852783203,151.04818725585938,55.34457778930664
2024-04-29,195.58563232421875,176.660888671875,428.04901123046875,155.7975311279297,497.94158935546875,78.73765563964844,97.87821960449219,151.63168334960938,55.48492431640625
2024-04-30,191.61444091796875,174.07595825195312,419.9776611328125,153.82766723632812,490.0535888671875,77.93360900878906,96.1074447631836,149.68988037109375,54.45954132080078
2024-05-01,192.0154571533203,172.28712463378906,416.94097900390625,153.07301330566406,488.4623107910156,77.82705688476562,95.35535430908203,149.2403106689453,54.30597686767578
2024-05-02,195.5465087890625,174.17425537109375,422.26251220703125,154.22946166992188,493.0310974121094,78.11767578125,95.95512390136719,150.0342254638672,55.01763916015625
2024-05-03,197.48316955566406,177.0147247314453,430.7492980957031,156.01315307617188,499.1423645019531,78.5729751586914,96.5739517211914,150.90469360351562,55.97367477416992
2024-05-06,200.0360870361328,180.6120147705078,435.467529296875,158.1202392578125,504.296875,79.04763793945312,97.36412811279297,151.9186248779297,56.7249755859375
2024-05-07,200.4860076904297,180.50392150878906,435.5367736816406,158.62986755371094,504.85345458984375,79.5513916015625,97.25941467285156,152.40646362304688,56.70020294189453
2024-05-08,199.32203674316406,180.7594757080078,435.27960205078125,158.62986755371094,504.9021301269531,79.57074737548828,97.4402847290039,152.64561462402344,56.60609436035156
2024-05-09,201.3565673828125,181.13294982910156,436.2290954589844,159.14927673339844,507.8114318847656,80.03575134277344,98.1067123413086,153.95606994628906,56.800926208496094
2024-05-10,199.84046936035156,181.4573211669922,437.2578430175781,159.68829345703125,508.4655456542969,80.31666564941406,98.297119140625,154.3865203857422,56.769554138183594
2024-05-13,200.2610626220703,180.5334014892578,438.26678466796875,159.5902862548828,508.53375244140625,80.31666564941406,98.55416107177734,154.25259399414062,56.77120590209961
2024-05-14,202.33468627929688,181.70298767089844,441.0858154296875,160.2959442138672,510.8670349121094,80.39417266845703,98.96353149414062,154.89349365234375,57.0733757019043
2024-05-15,204.85824584960938,185.9391632080078,447.9801330566406,162.89308166503906,517.193115234375,80.93666076660156,99.98221588134766,156.2613525390625,58.01950454711914
2024-05-16,203.3812713623047,184.3567657470703,447.070068359375,162.26583862304688,516.1289672851562,81.25633239746094,99.54426574707031,156.11790466308594,57.844478607177734
2024-05-17,203.5279998779297,184.18968200683594,446.8525390625,162.23641967773438,516.8710327148438,81.44039154052734,99.64899444580078,156.5387420654297,57.89566421508789
2024-05-20,203.9779052734375,185.76226806640625,449.96826171875,162.78526306152344,517.4663696289062,81.314453125,99.3919448852539,155.86915588378906,58.20113754272461
2024-05-21,203.7823028564453,185.86053466796875,450.8485412597656,162.93228149414062,518.7355346679688,81.26602172851562,99.40147399902344,155.97439575195312,58.425697326660156
2024-05-22,202.060791015625,185.51654052734375,450.75958251953125,162.4324493408203,517.241943359375,81.21758270263672,99.2015380859375,155.37176513671875,58.293601989746094
2024-05-23,198.7449493408203,185.45758056640625,448.7318420410156,162.04042053222656,513.4638061523438,80.28760528564453,97.84966278076172,153.41085815429688,58.052528381347656
2024-05-24,200.9457244873047,187.32504272460938,452.9751892089844,163.19686889648438,516.8611450195312,80.42323303222656,98.4589614868164,153.86044311523438,58.69319152832031
2024-05-28,200.671875,188.1309814453125,454.6864013671875,163.5986785888672,517.222412109375,79.65794372558594,97.71638488769531,152.7699737548828,59.011871337890625
2024-05-29,197.70816040039062,186.76480102539062,451.4816589355469,162.29525756835938,513.6004638671875,78.9798355102539,96.65010070800781,151.1725311279297,58.80216598510742
2024-05-30,199.58616638183594,183.48199462890625,446.6447448730469,161.4033966064453,510.19342041015625,79.11544799804688,97.5640640258789,151.822998046875,57.951805114746094
2024-05-31,201.26853942871094,183.4033966064453,445.81390380859375,162.4324493408203,514.84033203125,80.21012115478516,99.11585998535156,154.1760711669922,57.90391540527344
2024-06-03,200.13389587402344,183.08885192871094,448.20758056640625,162.57945251464844,515.2601318359375,79.99699401855469,98.4875259399414,153.315185546875,58.34974670410156
2024-06-04,197.5516357421875,182.59742736816406,449.4341125488281,162.97146606445312,515.8361206054688,80.38449096679688,98.1257553100586,153.07603454589844,58.59906768798828
2024-06-05,200.57403564453125,186.76480102539062,458.4945983886719,165.03933715820312,521.967041015625,80.5782241821289,98.75409698486328,153.8030242919922,59.6228141784668
2024-06-06,199.13621520996094,185.8998565673828,458.3363342285156,164.9707489013672,521.95703125,80.6363525390625,98.4970474243164,153.65956115722656,59.69050979614258
2024-06-07,196.79847717285156,186.04730224609375,457.9307861328125,164.79434204101562,521.322509765625,80.49104309082031,98.28760528564453,153.42042541503906,59.62940979003906
2024-06-10,197.4734344482422,188.11131286621094,459.780517578125,165.4607696533203,522.933349609375,80.67509460449219,98.70649719238281,153.9752197265625,59.81104278564453
2024-06-11,196.79856872558594,187.6272430419922,462.9358825683594,166.22186279296875,524.1927490234375,80.6080093383789,98.21913146972656,153.04737854003906,60.408775329589844
2024-06-12,199.81959533691406,189.74261474609375,468.9992370605469,167.34140014648438,528.4979248046875,80.52052307128906,98.34361267089844,153.2864990234375,61.22446823120117
2024-06-13,198.07366943359375,191.4644317626953,471.5413513183594,167.7931365966797,529.5621337890625,80.51078796386719,97.97018432617188,153.6499786376953,61.295467376708984
2024-06-14,194.92515563964844,191.54310607910156,473.9844970703125,168.0583038330078,529.88427734375,80.56912231445312,97.29993438720703,153.22909545898438,61.506813049316406
2024-06-17,196.56317138671875,194.16026306152344,479.79071044921875,169.39389038085938,534.1015625,81.2010726928711,97.90316009521484,154.42478942871094,62.01042556762695
2024-06-18,196.90647888183594,195.59674072265625,479.9390869140625,170.0813446044922,535.4586181640625,81.35663604736328,98.31488037109375,154.9987030029297,62.126014709472656
2024-06-20,196.07273864746094,193.93397521972656,476.23974609375,169.32513427734375,534.0039672851562,81.80386352539062,98.57339477539062,155.2665557861328,61.713218688964844
2024-06-21,196.51412963867188,192.2711944580078,474.9637451171875,168.96180725097656,533.2880249023438,81.79413604736328,98.73616790771484,154.90306091308594,61.65377426147461
2024-06-24,197.3674774169922,190.00823974609375,469.55645751953125,168.3529052734375,531.5545654296875,82.28025817871094,99.32981872558594,155.86915588378906,61.05108642578125
2024-06-25,196.72012329101562,191.75958251953125,474.9261169433594,169.11891174316406,533.6014404296875,81.88164520263672,98.73616790771484,154.6256561279297,61.89484405517578
2024-06-26,196.2002410888672,191.20860290527344,475.90692138671875,168.75555419921875,534.2675170898438,81.54137420654297,98.2861557006836,154.1473846435547,62.16233825683594
2024-06-27,198.19140625,191.91700744628906,477.1354064941406,168.6573486328125,535.1097412109375,81.71636199951172,98.23828125,153.95968627929688,62.34352493286133
2024-06-28,199.00550842285156,191.7300567626953,474.6585693359375,167.6949462890625,533.0040283203125,81.62884521484375,99.06172180175781,154.41209411621094,61.83103942871094
2024-07-01,197.3380584716797,192.0547332763672,477.4425048828125,167.370849609375,534.1009521484375,81.43441009521484,98.75532531738281,153.77679443359375,62.2757453918457
2024-07-02,198.01483154296875,193.22557067871094,482.4554748535156,168.38238525390625,537.6953125,81.68719482421875,99.02342987060547,154.35435485839844,62.81303405761719
2024-07-03,197.96578979492188,194.8588409423828,486.4777526855469,169.11891174316406,540.0948486328125,81.54137420654297,98.85107421875,154.4698486328125,63.279232025146484
2024-07-05,197.024169921875,195.39010620117188,491.5501708984375,170.29737854003906,543.2092895507812,81.784423828125,98.54467010498047,154.33509826660156,64.03804779052734
2024-07-08,198.40719604492188,196.30514526367188,492.71923828125,170.12059020996094,543.8361206054688,81.84275817871094,99.41598510742188,154.55648803710938,64.04466247558594
2024-07-09,197.5440216064453,196.73805236816406,493.14520263671875,170.1795196533203,544.364990234375,81.67747497558594,99.71281433105469,154.5757293701172,64.19839477539062
2024-07-10,199.47630310058594,198.341796875,498.2869873046875,171.52491760253906,549.7515869140625,82.31913757324219,100.72775268554688,156.0292510986328,64.79521942138672
2024-07-11,206.6463623046875,195.53773498535156,487.3594970703125,169.94384765625,545.0113525390625,82.659423828125,101.35011291503906,157.2614288330078,63.441246032714844
2024-07-12,209.0592498779297,196.1182098388672,490.2226867675781,171.1910400390625,548.448974609375,83.28166198730469,102.25973510742188,158.1566619873047,63.826438903808594
2024-07-15,213.03172302246094,197.0922393798828,491.540283203125,171.83920288085938,549.957275390625,83.39832305908203,102.57569885253906,158.76309204101562,63.98514938354492
2024-07-16,220.29986572265625,198.1351776123047,491.728515625,172.91944885253906,553.2186279296875,84.21500396728516,104.50983428955078,160.9867401123047,63.97358322143555
2024-07-17,217.99484252929688,190.69699096679688,477.29388427734375,170.11077880859375,545.4618530273438,84.38028717041016,104.39492797851562,161.36215209960938,62.22449493408203
2024-07-18,213.7771453857422,189.2506866455078,475.03509521484375,168.9814453125,541.27001953125,83.91361236572266,103.8204345703125,160.05299377441406,61.726890563964844
2024-07-19,212.68841552734375,188.11917114257812,470.8245849609375,167.71458435058594,537.6757202148438,83.27194213867188,102.61399841308594,158.8978729248047,61.3565673828125
2024-07-22,216.07237243652344,191.2479705810547,477.83880615234375,169.9831085205078,543.2191162109375,83.65111541748047,103.02571105957031,159.66793823242188,62.310462951660156
2024-07-23,218.36756896972656,191.55296325683594,476.1545715332031,169.39389038085938,542.3670654296875,83.2427749633789,101.97248077392578,159.0807647705078,62.30385971069336
2024-07-24,213.67909240722656,184.62640380859375,459.07476806640625,165.446044921875,530.0756225585938,82.9413833618164,101.46501922607422,158.098876953125,59.98772430419922
2024-07-25,216.34701538085938,182.61927795410156,454.0122375488281,164.1988067626953,527.3136596679688,83.0774917602539,101.26394653320312,158.65721130371094,59.296695709228516
2024-07-26,219.9271240234375,185.05929565429688,458.6685485839844,166.320068359375,533.219482421875,83.98167419433594,102.66187286376953,160.66905212402344,59.79927062988281
2024-07-29,217.48480224609375,184.3705596923828,459.5898742675781,166.30039978027344,533.5328979492188,84.088623046875,102.43207550048828,160.42840576171875,59.96954345703125
2024-07-30,218.3087158203125,181.97975158691406,453.2791442871094,165.62278747558594,530.8297729492188,84.36083984375,102.59485626220703,160.82308959960938,59.26694107055664
2024-07-31,219.57400512695312,187.89291381835938,466.6933288574219,168.69662475585938,539.4581909179688,84.62333679199219,103.0161361694336,161.72793579101562,60.721744537353516
2024-08-01,212.43341064453125,182.7570037841797,455.3893127441406,166.81109619140625,531.8189697265625,84.67195129394531,101.1777572631836,159.99526977539062,59.72486877441406
2024-08-02,204.92007446289062,176.5093231201172,444.5806884765625,164.51309204101562,521.9174194335938,84.47750091552734,97.68293762207031,157.55020141601562,58.46017837524414
2024-08-05,198.32870483398438,172.6328125,431.3249816894531,159.72068786621094,506.7171630859375,82.59137725830078,95.09771728515625,153.97894287109375,56.387081146240234
2024-08-06,200.48655700683594,175.51559448242188,435.44635009765625,161.4392852783203,511.388916015625,83.1260986328125,95.66264343261719,155.23995971679688,57.10952377319336
2024-08-07,198.11289978027344,173.18380737304688,430.73052978515625,160.113525390625,507.9707946777344,83.1066665649414,94.92536926269531,154.34471130371094,56.56892013549805
2024-08-08,202.9289093017578,179.84471130371094,443.90704345703125,164.2381134033203,519.7136840820312,84.19556427001953,97.0126953125,156.9918975830078,58.26675796508789
2024-08-09,202.5071563720703,181.6747283935547,446.2252502441406,165.2397918701172,522.0054321289062,84.40945434570312,97.05099487304688,157.2614288330078,58.678401947021484
2024-08-12,200.68276977539062,182.1863555908203,447.186279296875,165.51478576660156,522.2796630859375,84.29278564453125,96.39032745361328,156.62611389160156,58.909847259521484
2024-08-13,203.98822021484375,186.11209106445312,458.28216552734375,167.979736328125,530.868896484375,84.99279022216797,97.75953674316406,158.13739013671875,60.22248840332031
2024-08-14,202.72293090820312,187.5977325439453,458.4307861328125,168.39218139648438,532.5435791015625,85.53724670410156,97.83613586425781,159.0807647705078,60.35142517089844
2024-08-15,207.9803009033203,191.89732360839844,470.0122375488281,171.3972930908203,541.6715698242188,86.14002990722656,99.45428466796875,160.9385986328125,61.554954528808594
2024-08-16,208.52960205078125,191.7300567626953,470.61651611328125,171.4954833984375,542.8861083984375,86.42198944091797,99.93303680419922,161.41989135742188,61.68886184692383
2024-08-19,211.07980346679688,193.87493896484375,476.7985534667969,172.75250244140625,548.0767822265625,86.96642303466797,100.90966033935547,162.47874450683594,62.4377555847168
2024-08-20,208.61788940429688,193.52072143554688,475.79791259765625,172.7132110595703,547.1854858398438,87.03448486328125,100.34475708007812,162.00709533691406,62.37493896484375
2024-08-21,211.33482360839844,194.46527099609375,478.01708984375,173.96041870117188,549.0660400390625,87.4622802734375,101.01498413085938,162.6231689453125,62.66755294799805
2024-08-22,209.47122192382812,192.83200073242188,470.438232421875,172.61502075195312,544.7567138671875,87.24837493896484,100.54582214355469,162.3247528076172,61.74837875366211
2024-08-23,216.16065979003906,194.6817169189453,475.54034423828125,174.1961212158203,550.544921875,87.74421691894531,102.32674407958984,164.1248321533203,62.4559440612793
2024-08-26,216.22930908203125,192.9107208251953,470.9236755371094,173.94078063964844,549.2324829101562,87.8122787475586,102.20227813720703,164.3269805908203,62.093894958496094
2024-08-27,214.55203247070312,193.5502471923828,472.3304443359375,174.5692901611328,549.9866943359375,87.9872817993164,102.00120544433594,164.4039764404297,62.28070831298828
2024-08-28,213.10035705566406,191.75958251953125,466.970703125,173.2336883544922,546.7938232421875,87.88033294677734,101.74269104003906,164.24032592773438,61.62273406982422
2024-08-29,214.62071228027344,191.39553833007812,466.2871398925781,173.25332641601562,546.8427734375,88.17200469970703,102.13526153564453,164.76014709472656,61.4755973815918
2024-08-30,215.8664093017578,194.18978881835938,471.8450012207031,174.5889434814453,552.0629272460938,88.78451538085938,103.43743896484375,166.386962890625,62.08562469482422
2024-09-03,209.26524353027344,188.473388671875,457.5193176269531,170.8276824951172,540.7020263671875,88.2886734008789,101.71395874023438,164.567626953125,60.24893569946289
2024-09-04,208.91212463378906,188.22743225097656,456.3304443359375,170.601806640625,539.5953979492188,88.34700775146484,101.35011291503906,164.4713592529297,60.055503845214844
2024-09-05,207.87240600585938,187.1156463623047,456.75653076171875,169.60995483398438,538.2828979492188,87.7053451538086,100.5171127319336,163.24884033203125,60.11172103881836
2024-09-06,203.91957092285156,183.0325164794922,444.5212097167969,167.59671020507812,529.2235717773438,86.84004211425781,99.25321197509766,161.15997314453125,58.89166259765625
2024-09-09,204.4884796142578,186.1514129638672,450.23760986328125,169.46261596679688,535.1488647460938,87.6178207397461,100.23943328857422,162.8638153076172,59.62403106689453
2024-09-10,204.32174682617188,186.52529907226562,454.3985900878906,169.88490295410156,537.4797973632812,87.8219985961914,99.7894058227539,163.04672241210938,60.04558563232422
2024-09-11,204.92007446289062,189.50648498535156,464.2660827636719,171.652587890625,542.9938354492188,87.7344970703125,99.99048614501953,162.8638153076172,61.265647888183594
2024-09-12,207.55853271484375,192.015380859375,468.8233642578125,172.89981079101562,547.5675659179688,88.24977111816406,100.603271484375,163.84568786621094,61.865753173828125
2024-09-13,212.67861938476562,193.589599609375,470.9236755371094,173.6461639404297,550.4273681640625,88.80394744873047,101.78099060058594,165.0200653076172,62.10215759277344
2024-09-16,213.44366455078125,194.12091064453125,468.8431701660156,173.9800567626953,551.2402954101562,89.2706298828125,102.9491195678711,166.32919311523438,61.86906433105469
2024-09-17,215.20921325683594,194.00282287597656,469.0907897949219,173.96041870117188,551.465576171875,88.7553482055664,103.12147521972656,166.26182556152344,61.87897872924805
2024-09-18,215.24842834472656,193.392822265625,467.0598449707031,173.20425415039062,549.8299560546875,88.3178482055664,102.98741149902344,165.8960418701172,61.6458854675293
2024-09-19,219.68191528320312,197.15130615234375,478.8691101074219,175.76736450195312,559.2125244140625,88.7456283569336,104.24172973632812,167.34957885742188,63.15855026245117
2024-09-20,217.32786560058594,198.32212829589844,477.95770263671875,175.19778442382812,558.2457885742188,88.7553482055664,103.76299285888672,167.19554138183594,62.96842956542969
2024-09-23,216.53335571289062,199.4338836669922,479.224609375,175.8164825439453,559.6408081054688,89.11506652832031,104.21300506591797,167.78273010253906,63.12548065185547
2024-09-24,216.89630126953125,199.7290802001953,481.5361633300781,175.87539672851562,561.2421264648438,88.93034362792969,104.44280242919922,167.8597412109375,63.37181091308594
2024-09-25,214.25074768066406,200.11358642578125,481.98260498046875,175.6123809814453,560.0042724609375,88.56705474853516,103.70844268798828,166.85862731933594,63.51894760131836
2024-09-26,215.39242553710938,200.45870971679688,485.6037902832031,176.4102783203125,562.2244262695312,88.83072662353516,104.78923034667969,167.79151916503906,63.6356315612793
2024-09-27,216.84906005859375,199.1177215576172,482.9052734375,176.01626586914062,561.4091186523438,88.93815612792969,105.26209259033203,168.33343505859375,63.279781341552734
2024-09-30,217.40020751953125,199.92625427246094,484.21484375,176.61715698242188,563.6588134765625,89.17253112792969,105.2234878540039,168.9334259033203,63.54625701904297
2024-10-01,214.4475860595703,198.8120574951172,477.46856689453125,175.4744873046875,558.609375,89.01628112792969,104.57695007324219,168.52696228027344,62.695518493652344
2024-10-02,214.15232849121094,199.39381408691406,478.1431884765625,175.77000427246094,558.8450927734375,88.85026550292969,104.49008178710938,168.41085815429688,62.76337432861328
2024-10-03,212.71539306640625,198.97967529296875,477.7860107421875,175.69122314453125,557.8233642578125,88.54752349853516,104.2102279663086,167.67538452148438,62.766685485839844
2024-10-04,215.68768310546875,200.9122772216797,483.47076416015625,176.52847290039062,562.8925170898438,88.96745300292969,104.99188232421875,168.9818115234375,63.45356750488281
2024-10-07,213.994873046875,199.47268676757812,478.2920227050781,174.9327392578125,557.8037109375,88.00062561035156,104.702392578125,167.71408081054688,62.73027038574219
2024-10-08,214.14251708984375,201.45458984375,485.4350891113281,176.69593811035156,563.0792236328125,88.71354675292969,104.8567886352539,167.89794921875,63.75811767578125
2024-10-09,214.61489868164062,203.07167053222656,489.2547302246094,177.84841918945312,566.9793090820312,89.48503875732422,105.92794036865234,169.368896484375,64.16694641113281
2024-10-10,213.42404174804688,202.13494873046875,488.6990966796875,177.56275939941406,565.9871215820312,89.21160125732422,105.24278259277344,168.84629821777344,64.11397552490234
2024-10-11,217.76434326171875,204.46197509765625,489.46307373046875,178.71527099609375,569.3763427734375,89.85614776611328,106.30428314208984,170.61720275878906,64.35065460205078
2024-10-14,219.36859130859375,206.03964233398438,493.57037353515625,180.44894409179688,574.0328979492188,90.45187377929688,107.06663513183594,171.68170166015625,64.90679168701172
2024-10-15,219.5457763671875,203.9393768310547,486.972900390625,178.2326202392578,569.5728759765625,90.08075714111328,106.14988708496094,170.76239013671875,64.32086181640625
2024-10-16,223.1577606201172,205.73394775390625,487.0324401855469,179.18809509277344,572.0484619140625,90.52999114990234,107.24998474121094,172.01072692871094,64.42183685302734
2024-10-17,222.5475616455078,205.73394775390625,487.3697204589844,178.892578125,572.0975952148438,90.6764907836914,107.01837921142578,171.83653259277344,64.50128173828125
2024-10-18,222.08499145507812,206.40443420410156,490.56427001953125,179.6904754638672,574.2981567382812,90.6960220336914,106.96048736572266,172.07847595214844,64.91175842285156
2024-10-21,218.59107971191406,205.79312133789062,491.5068054199219,179.2471923828125,573.3551025390625,90.28585052490234,105.72528076171875,170.43338012695312,65.18817901611328
2024-10-22,217.76434326171875,205.15219116210938,492.0425720214844,178.666015625,573.050537109375,89.93427276611328,105.435791015625,170.1817626953125,65.17657470703125
2024-10-23,215.77627563476562,204.67889404296875,484.5025634765625,177.15890502929688,567.8142700195312,89.74872589111328,105.44542694091797,169.79469299316406,64.2298355102539
2024-10-24,216.24867248535156,204.07740783691406,488.4312438964844,177.03085327148438,569.0422973632812,89.42644500732422,105.2234878540039,169.21405029296875,64.66018676757812
2024-10-25,215.43179321289062,202.86460876464844,491.4075622558594,177.0702362060547,568.8458862304688,88.86978912353516,104.67344665527344,168.02377319335938,64.95976257324219
2024-10-28,218.94540405273438,203.63369750976562,491.4869384765625,177.3953094482422,570.6043701171875,89.01628112792969,105.51298522949219,168.94309997558594,65.06734466552734
2024-10-29,218.23678588867188,203.42665100097656,496.2093811035156,177.84841918945312,571.5277709960938,88.92839813232422,104.80854034423828,167.82052612304688,65.59368133544922
2024-10-30,217.94149780273438,202.23358154296875,492.459228515625,176.93235778808594,569.7987670898438,88.51822662353516,104.45147705078125,167.70440673828125,65.2543716430664
2024-10-31,214.31964111328125,199.58114624023438,480.02813720703125,173.7802276611328,558.6289672851562,87.88343811035156,103.85320281982422,166.60121154785156,63.37908935546875
2024-11-01,215.52037048339844,198.88108825683594,483.5799255371094,174.4402313232422,560.9866943359375,87.8639144897461,104.1137466430664,166.63992309570312,63.88722229003906
2024-11-04,216.61282348632812,198.50640869140625,482.1711120605469,174.2432098388672,559.7783813476562,87.8346176147461,103.93038940429688,166.2044677734375,63.708465576171875
2024-11-05,220.68743896484375,201.87860107421875,488.3221435546875,176.01626586914062,566.5470581054688,88.60611724853516,105.2234878540039,167.96571350097656,64.585693359375
2024-11-06,233.47219848632812,206.54248046875,501.5865783691406,179.5328369140625,580.6345825195312,90.28585052490234,108.41763305664062,172.48489379882812,66.17960357666016
2024-11-07,232.64547729492188,207.5186767578125,509.48358154296875,181.22711181640625,585.1242065429688,90.46163940429688,108.47554016113281,171.97201538085938,67.27531433105469
2024-11-08,234.3579864501953,210.8513946533203,510.07891845703125,181.6605224609375,587.65869140625,91.28197479248047,108.72643280029297,172.9591064453125,67.54346466064453
2024-11-11,237.88140869140625,210.61476135253906,509.7814025878906,181.4930877685547,588.2186279296875,91.15502166748047,109.53703308105469,173.3848876953125,67.6146240234375
2024-11-12,233.70840454101562,209.54000854492188,508.8586120605469,181.31576538085938,586.3915405273438,90.95970153808594,108.44658660888672,172.03009033203125,67.66261291503906
2024-11-13,231.39552307128906,209.00753784179688,508.203857421875,180.87249755859375,586.6763916015625,90.95970153808594,108.71678924560547,172.25265502929688,67.63282012939453
2024-11-14,228.27561950683594,206.84812927246094,504.6719970703125,179.8185272216797,582.9039306640625,89.97334289550781,108.07988739013672,171.03334045410156,67.22068786621094
2024-11-15,224.87026977539062,205.497314453125,492.647705078125,176.8732452392578,575.437744140625,89.01628112792969,107.08592987060547,170.4527130126953,65.84691619873047
2024-11-18,225.31317138671875,206.4833221435547,496.07049560546875,177.28697204589844,577.7955932617188,89.34832763671875,107.73249053955078,171.23655700683594,66.14649200439453
2024-11-19,226.986328125,208.04124450683594,499.4833068847656,177.70066833496094,579.9075317382812,89.23113250732422,107.14383697509766,170.56884765625,66.83338928222656
2024-11-20,227.2815704345703,208.652587890625,499.1955871582031,178.183349609375,580.1041259765625,89.81710052490234,107.45263671875,170.91722106933594,66.78042602539062
2024-11-21,230.73611450195312,210.8218231201172,500.9913024902344,179.35556030273438,583.2183227539062,90.7839126586914,108.90978240966797,172.997802734375,66.85987854003906
2024-11-22,234.9977264404297,211.90646362304688,501.794921875,180.01553344726562,585.0259399414062,91.27220916748047,110.13533020019531,174.26548767089844,66.87311553955078
2024-11-25,238.5703582763672,211.46273803710938,502.5885314941406,181.0005645751953,587.01025390625,91.68238067626953,111.3415756225586,175.35899353027344,66.9840087890625
2024-11-26,236.81849670410156,213.23757934570312,505.287109375,181.78858947753906,590.075439453125,92.3562240600586,110.51167297363281,175.4848175048828,67.54346466064453
2024-11-27,237.14328002929688,212.24171447753906,501.3087158203125,181.4930877685547,588.2874755859375,92.22926330566406,110.11603546142578,175.4073944091797,67.15282440185547
2024-11-29,238.04872131347656,213.4939727783203,505.71368408203125,182.51751708984375,591.9420776367188,92.33670043945312,110.5599365234375,175.99769592285156,67.71723937988281
2024-12-02,237.93063354492188,211.7881317138672,511.2198181152344,183.1971893310547,593.0029907226562,91.95582580566406,110.1739273071289,174.82676696777344,68.3362808227539
2024-12-03,236.23780822753906,212.2614288330078,512.787353515625,183.23660278320312,593.2780151367188,91.623779296875,109.52738189697266,173.91712951660156,68.66895294189453
2024-12-04,237.084228515625,213.6320037841797,519.1268310546875,184.05418395996094,596.9619140625,91.86793518066406,108.99663543701172,173.32681274414062,69.69184875488281
2024-12-05,234.318603515625,213.56297302246094,517.6882934570312,183.27598571777344,595.9796142578125,91.67262268066406,108.48518371582031,172.997802734375,69.58425903320312
2024-12-06,235.1551971435547,214.50955200195312,522.3214721679688,183.67001342773438,597.1093139648438,91.34056854248047,108.42728424072266,172.54299926757812,70.05596923828125
2024-12-09,233.97413635253906,210.01329040527344,518.25390625,182.7933349609375,594.034423828125,90.5397720336914,107.80003356933594,171.51722717285156,69.58258819580078
2024-12-10,232.9604034423828,208.0313720703125,516.4878540039062,182.37960815429688,592.1875,90.23702239990234,106.78678894042969,170.35594177246094,69.5064697265625
2024-12-11,234.01353454589844,210.36825561523438,525.7343139648438,183.33509826660156,596.7655029296875,90.04170227050781,106.44902801513672,169.8527374267578,70.66010284423828
2024-12-12,230.97230529785156,208.83006286621094,522.3412475585938,181.9757537841797,593.6906127929688,89.78779602050781,106.25603485107422,169.0592041015625,70.23307037353516
2024-12-13,229.38778686523438,211.29510498046875,526.3394775390625,181.20742797851562,593.5728759765625,89.51434326171875,105.9472427368164,169.40757751464844,70.13211059570312
2024-12-16,230.73611450195312,213.03053283691406,533.9190673828125,181.15817260742188,596.1072998046875,89.15300750732422,105.26209259033203,168.79791259765625,70.85871887207031
2024-12-17,228.09458923339844,210.4658660888672,531.5677490234375,180.49424743652344,593.6513061523438,88.75862121582031,104.58969116210938,167.69471740722656,70.66340637207031
2024-12-18,217.99630737304688,203.1835174560547,512.3905029296875,175.78155517578125,575.9584350585938,86.87493896484375,101.71356964111328,163.45616149902344,68.28661346435547
2024-12-19,217.0289306640625,203.02520751953125,510.1087341308594,175.5740966796875,575.7815551757812,86.91417694091797,101.06256103515625,162.88523864746094,68.40910339355469
2024-12-20,219.0624237060547,206.9038543701172,514.563232421875,177.27340698242188,582.697265625,87.74810791015625,102.60750579833984,164.79159545898438,69.1489486694336
2024-12-23,218.55899047851562,207.71519470214844,519.576416015625,178.6170654296875,586.1866455078125,87.71867370605469,103.02531433105469,165.3463897705078,69.6965103149414
2024-12-24,220.51348876953125,210.38671875,526.6218872070312,179.9508514404297,592.7021484375,88.36618041992188,103.81236267089844,166.72850036621094,70.63617706298828
2024-12-26,222.77398681640625,210.68353271484375,526.2640380859375,180.05953979492188,592.7416381835938,88.4054183959961,104.13301849365234,167.0983428955078,70.52680206298828
2024-12-27,219.5263671875,208.1307830810547,519.2684326171875,178.35032653808594,586.5020141601562,87.97374725341797,103.50143432617188,166.11529541015625,69.51586151123047
2024-12-30,217.83837890625,205.69671630859375,512.3621826171875,176.43362426757812,579.80908203125,87.04171752929688,102.30628204345703,164.4314727783203,68.64248657226562
2024-12-31,218.1147918701172,204.73695373535156,508.009765625,175.93966674804688,577.6997680664062,87.11039733886719,102.61721801757812,164.78189086914062,68.02101135253906
2025-01-02,218.29244995117188,205.7857666015625,507.0160827636719,175.4752960205078,576.2803344726562,86.98284912109375,102.47147369384766,164.5482635498047,67.888427734375
2025-01-03,221.54006958007812,209.03115844726562,515.3135375976562,177.14498901367188,583.4857788085938,87.41453552246094,103.48199462890625,165.81358337402344,69.02531433105469
2025-01-06,221.62892150878906,209.66441345214844,521.2359619140625,177.83656311035156,586.8470458984375,86.93379974365234,104.03585052490234,165.57998657226562,69.8058853149414
2025-01-07,219.85211181640625,206.62680053710938,511.93487548828125,176.49290466308594,580.2132568359375,86.77682495117188,103.72491455078125,165.46319580078125,68.45687103271484
2025-01-08,218.85511779785156,207.5667724609375,512.0242919921875,176.83871459960938,581.0608520507812,87.31642150878906,103.43341064453125,165.6189422607422,68.55962371826172
2025-01-10,214.0379638671875,204.71714782714844,503.9952392578125,174.23045349121094,572.1896362304688,86.02139282226562,102.04393768310547,163.25376892089844,67.50559997558594
2025-01-13,214.45254516601562,204.65777587890625,502.3754577636719,174.52682495117188,573.0768432617188,86.50212097167969,102.78240966796875,164.72348022460938,67.20563507080078
2025-01-14,216.89073181152344,206.78512573242188,501.89849853515625,174.5169677734375,573.8653564453125,86.96322631835938,103.79293060302734,166.00823974609375,66.92555236816406
2025-01-15,221.1551055908203,210.73300170898438,513.4453125,177.2931671142578,584.3038940429688,87.49301147460938,105.2601318359375,167.84780883789062,68.57122802734375
2025-01-16,221.5993194580078,212.13804626464844,509.8481140136719,177.31292724609375,583.1802978515625,88.01298522949219,105.6682357788086,169.064453125,68.03094482421875
2025-01-17,222.5568389892578,215.0569305419922,518.45361328125,178.5182647705078,589.0353393554688,88.15033721923828,106.59131622314453,170.01828002929688,68.92754364013672
2025-01-21,226.83106994628906,218.44085693359375,521.4942626953125,179.9508514404297,594.4270629882812,88.9842529296875,107.79618072509766,172.1595916748047,69.34185791015625
2025-01-22,225.35035705566406,219.6380615234375,528.1619873046875,181.51185607910156,597.7686767578125,88.9253921508789,107.4852523803711,171.27386474609375,70.35113525390625
2025-01-23,226.37698364257812,221.4190673828125,529.284912109375,182.3911590576172,601.0313110351562,89.22953033447266,108.1848373413086,172.568359375,70.61299133300781
2025-01-24,225.7452392578125,220.65719604492188,526.2938842773438,181.8872833251953,599.2766723632812,89.21971893310547,107.89335632324219,172.5196990966797,70.2715835571289
2025-01-27,223.58343505859375,211.66310119628906,510.9710693359375,180.35592651367188,590.7997436523438,90.16156005859375,107.67957305908203,172.87010192871094,68.43367767333984
2025-01-28,223.8302001953125,214.00808715820312,518.5230712890625,181.50198364257812,595.8761596679688,89.90648651123047,106.63018798828125,171.4198760986328,69.96001434326172
2025-01-29,223.31690979003906,214.0575714111328,517.54931640625,180.94869995117188,593.2047729492188,89.78874969482422,106.72734069824219,171.2349395751953,69.50260925292969
2025-01-30,225.5872802734375,217.57012939453125,519.7553100585938,182.63816833496094,596.388671875,90.65210723876953,107.82532501220703,173.0258331298828,69.5970687866211
2025-01-31,223.56369018554688,216.81814575195312,519.0,181.15618896484375,593.2147827148438,90.21061706542969,106.8828125,171.98439025878906,69.33190155029297
2025-02-03,220.94781494140625,216.75877380371094,514.846435546875,180.2670135498047,589.2225952148438,90.62267303466797,106.24151611328125,171.47825622558594,68.6474609375
2025-02-04,224.00790405273438,218.0450439453125,521.166259765625,181.1166534423828,593.17529296875,90.5932388305664,106.56217193603516,171.47825622558594,69.53740692138672
2025-02-05,226.4460906982422,221.44876098632812,523.5313110351562,181.9070281982422,595.580322265625,91.34867095947266,107.4366683959961,172.8408966064453,69.66004943847656
2025-02-06,225.70574951171875,223.714599609375,526.2640380859375,182.1441650390625,597.6503295898438,91.35848236083984,106.89253997802734,172.6072998046875,70.13734436035156
2025-02-07,223.0898895263672,222.49755859375,519.6260986328125,180.7115936279297,592.1796875,90.95624542236328,106.31925964355469,171.4977264404297,69.40980529785156
2025-02-10,224.0967254638672,224.68426513671875,525.916259765625,182.03549194335938,596.2013549804688,91.33885955810547,106.75650787353516,172.13040161132812,70.05779266357422
2025-02-11,222.79373168945312,223.57606506347656,524.6641845703125,182.2034454345703,596.6548461914062,91.4664077758789,107.222900390625,172.7532958984375,69.92520904541016
2025-02-12,220.74049377441406,223.11105346679688,524.9722290039062,181.6403045654297,594.7327270507812,91.09358978271484,107.2909164428711,171.7897186279297,69.84400177001953
2025-02-13,223.22805786132812,225.3076171875,532.5244140625,183.56686401367188,601.0115966796875,91.9177017211914,108.72897338867188,173.0355682373047,70.72733306884766
2025-02-14,223.06024169921875,225.89138793945312,534.7601928710938,182.88516235351562,600.9819946289062,91.19169616699219,108.83585357666016,172.6365203857422,70.85162353515625
2025-02-18,224.28427124023438,227.05892944335938,535.9724731445312,183.34950256347656,602.7463989257812,91.39773559570312,110.2544937133789,173.59034729003906,70.84832000732422
2025-02-19,223.5143280029297,226.78189086914062,536.1215209960938,183.97195434570312,604.1658325195312,91.9765625,110.34192657470703,174.42739868164062,70.86653900146484
2025-02-20,221.3722686767578,222.79440307617188,533.845947265625,183.4680633544922,601.6522827148438,91.95695495605469,110.16703033447266,173.6389923095703,70.50525665283203
2025-02-21,214.99545288085938,217.59979248046875,522.7661743164062,180.4053192138672,591.361572265625,91.29962158203125,108.4763412475586,171.6339874267578,68.94576263427734
2025-02-24,213.4456787109375,215.3636474609375,516.5953369140625,179.83230590820312,588.670654296875,91.75090789794922,108.27229309082031,171.79945373535156,68.26131439208984
2025-02-25,212.63624572753906,214.5621795654297,510.0865783691406,179.6445770263672,585.7430419921875,92.30033111572266,108.04881286621094,172.21800231933594,67.50725555419922
2025-02-26,212.90274047851562,215.89793395996094,511.3188171386719,179.35804748535156,586.0387573242188,91.61357116699219,107.89335632324219,171.57559204101562,67.76081085205078
2025-02-27,209.65512084960938,212.19740295410156,497.1187744140625,176.789306640625,576.6843872070312,91.54488372802734,106.8828125,170.99159240722656,66.05879974365234
2025-02-28,211.88601684570312,216.12551879882812,504.9690246582031,179.38771057128906,585.6839599609375,92.78105163574219,108.00994873046875,173.376220703125,67.24044036865234
2025-03-03,206.09161376953125,212.0885772705078,493.9190673828125,176.9473876953125,575.4227905273438,92.63389587402344,106.47472381591797,171.77999877929688,65.60470581054688
2025-03-04,203.76199340820312,207.72508239746094,492.42852783203125,175.1295166015625,568.6116333007812,91.56450653076172,104.15245056152344,168.32473754882812,65.2086181640625
2025-03-05,205.7855987548828,210.37681579589844,498.8478698730469,176.9967803955078,574.7229614257812,91.9177017211914,105.09496307373047,169.72628784179688,66.16486358642578
2025-03-06,202.6366729736328,202.24354553222656,485.1248474121094,174.1020050048828,564.52099609375,91.31924438476562,104.36621856689453,168.2955322265625,64.27889251708984
2025-03-07,203.2980499267578,202.19407653808594,488.6922302246094,174.70468139648438,567.6849975585938,92.04524230957031,105.6779556274414,169.79443359375,64.41975402832031
2025-03-10,198.18475341796875,194.05088806152344,469.7522888183594,170.80215454101562,552.564453125,91.3879165649414,104.08444213867188,167.70181274414062,61.799617767333984
2025-03-11,198.16500854492188,194.7039337158203,468.62939453125,168.69773864746094,547.9710083007812,90.11251068115234,102.26742553710938,165.6578369140625,61.61731719970703
2025-03-12,198.51051330566406,197.77120971679688,473.9159240722656,169.0534210205078,550.8787841796875,89.41593170166016,102.02449798583984,164.9181365966797,62.46418380737305
2025-03-13,195.5491180419922,194.66436767578125,465.38995361328125,166.13888549804688,543.535400390625,89.22953033447266,101.91761779785156,164.0713653564453,61.16985321044922
2025-03-14,200.27743530273438,199.8589630126953,476.63861083984375,169.32015991210938,554.762451171875,90.2498550415039,103.72491455078125,166.72850036621094,62.69951248168945
2025-03-17,202.80447387695312,202.20394897460938,479.7290344238281,171.01951599121094,559.0404663085938,91.48603057861328,105.28929901123047,168.94764709472656,62.903350830078125
2025-03-18,201.04347229003906,198.75872802734375,471.5508728027344,169.28761291503906,552.9981079101562,91.00853729248047,105.1025390625,168.11061096191406,61.872528076171875
2025-03-19,204.16976928710938,202.54818725585938,477.86090087890625,170.8917694091797,559.020751953125,91.42204284667969,105.69898223876953,169.13258361816406,62.82049560546875
2025-03-20,202.87374877929688,202.260498046875,476.24114990234375,170.2481231689453,557.4041137695312,91.10699462890625,105.1807632446289,168.79190063476562,62.668025970458984
2025-03-21,201.61727905273438,203.0937957763672,477.8111877441406,169.92135620117188,557.5880737304688,90.98884582519531,104.58429718017578,167.88674926757812,63.03593826293945
2025-03-24,206.6332244873047,208.7779998779297,488.29644775390625,172.8623046875,567.5736083984375,91.5992431640625,106.0998764038086,169.89175415039062,64.50096893310547
2025-03-25,205.485595703125,209.36328125,491.08294677734375,173.12966918945312,568.93798828125,91.41218566894531,106.01187133789062,169.38563537597656,64.915283203125
2025-03-26,203.39810180664062,205.35557556152344,482.04669189453125,171.6641387939453,562.1458129882812,91.69770050048828,105.689208984375,169.5900421142578,63.47842788696289
2025-03-27,202.4285430908203,203.18309020996094,479.2999572753906,171.37698364257812,560.6529541015625,92.0225830078125,105.00475311279297,169.22097778320312,63.15650177001953
2025-03-28,198.31288146972656,199.2547149658203,466.68109130859375,167.95082092285156,549.3623657226562,91.30388641357422,103.47941589355469,167.24334716796875,61.470516204833984
2025-03-31,197.36314392089844,200.51458740234375,466.66119384765625,169.21829223632812,553.0501098632812,92.20964050292969,104.28119659423828,169.11326599121094,61.53523254394531
2025-04-01,197.3828887939453,201.9132843017578,470.4229431152344,169.6143798828125,554.6121215820312,92.1407241821289,104.16386413574219,168.72164916992188,62.09114456176758
2025-04-02,200.49932861328125,204.45285034179688,473.8562927246094,170.57489013671875,558.1219482421875,92.32778930664062,104.85809326171875,169.64193725585938,62.608890533447266
2025-04-03,187.62803649902344,193.431640625,448.4891052246094,162.99974060058594,530.6173095703125,91.24482727050781,99.61713409423828,163.33712768554688,59.00624465942383
2025-04-04,179.25823974609375,179.712158203125,420.6339416503906,153.9689483642578,499.5533447265625,85.84967803955078,93.7210693359375,153.64498901367188,55.42850112915039
2025-04-07,177.63572692871094,181.2498016357422,421.6490173339844,153.07774353027344,498.6635437011719,84.87500762939453,93.36907196044922,152.39186096191406,55.49488067626953
2025-04-08,172.95614624023438,179.39471435546875,414.0557556152344,150.92898559570312,490.8531188964844,84.09723663330078,91.42327117919922,150.44363403320312,54.67677688598633
2025-04-09,187.65769958496094,198.19325256347656,463.7552185058594,164.02957153320312,542.4021606445312,88.4684829711914,98.55135345458984,160.42950439453125,61.03407669067383
2025-04-10,179.77268981933594,191.71546936035156,444.03070068359375,159.12799072265625,518.6347045898438,87.24768829345703,95.05086517333984,156.23934936523438,58.62623977661133
2025-04-11,182.39443969726562,194.49307250976562,452.21112060546875,161.85107421875,527.8885498046875,88.58663177490234,96.23399353027344,158.4323272705078,59.772911071777344
2025-04-14,184.5413055419922,196.2191925048828,455.27630615234375,163.23739624023438,533.0098266601562,89.69912719726562,97.42689514160156,160.5176239013672,60.16785430908203
2025-04-15,184.7688446044922,197.31036376953125,455.7837829589844,162.83139038085938,531.516845703125,89.44315338134766,97.32911682128906,159.822509765625,60.11475372314453
2025-04-16,182.9979248046875,193.14395141601562,442.0403137207031,159.4349365234375,519.702392578125,88.43895721435547,95.91131591796875,157.99176025390625,58.28107452392578
2025-04-17,184.4918212890625,193.7887725830078,441.9607238769531,159.850830078125,520.44384765625,88.64569854736328,96.4588851928711,158.36378479003906,58.43540573120117
2025-04-21,180.79171752929688,188.4219970703125,431.02362060546875,156.31576538085938,508.05584716796875,86.83419036865234,94.77708435058594,155.41697692871094,56.82574462890625
2025-04-22,185.4712677001953,194.20538330078125,442.33892822265625,160.18751525878906,521.2744140625,88.6358642578125,96.8304443359375,158.92181396484375,58.35076904296875
2025-04-23,188.22164916992188,198.72897338867188,452.3703308105469,162.0689239501953,529.3516845703125,88.97059631347656,98.25801849365234,159.92041015625,59.81439971923828
2025-04-24,191.9910125732422,203.18309020996094,465.0987243652344,165.1881103515625,540.4940795898438,89.50223541259766,99.79313659667969,161.61407470703125,61.551822662353516
2025-04-25,192.05038452148438,205.1373291015625,470.2835998535156,166.08920288085938,544.3992309570312,89.40377807617188,99.26512908935547,161.291015625,62.4744758605957
2025-04-28,192.86163330078125,206.0995635986328,470.13433837890625,166.23773193359375,544.6068725585938,89.73851776123047,99.81269836425781,161.81967163085938,62.39482116699219
2025-04-29,193.99937438964844,207.63719177246094,473.23931884765625,167.23785400390625,548.0374755859375,90.43751525878906,100.1158218383789,162.76931762695312,62.851165771484375
2025-04-30,192.78250122070312,207.95465087890625,473.1795959472656,167.71316528320312,548.2550659179688,91.10699462890625,100.28204345703125,162.9846954345703,62.77482604980469
2025-05-01,193.97959899902344,209.8295440673828,479.35968017578125,167.7527618408203,552.1405029296875,90.48674011230469,100.38958740234375,162.59310913085938,63.69581604003906
2025-05-02,198.3425750732422,214.65069580078125,486.4752502441406,170.59469604492188,560.3365478515625,91.39250183105469,102.13005065917969,165.01123046875,64.60187530517578
2025-05-05,196.81898498535156,214.3134002685547,483.5892028808594,170.02037048339844,557.1234130859375,91.31372833251953,101.73894500732422,164.16929626464844,64.24176788330078
2025-05-06,194.672119140625,212.35916137695312,479.09100341796875,168.36671447753906,552.4667358398438,90.91992950439453,101.18160247802734,163.0727996826172,63.66594696044922
2025-05-07,195.31520080566406,213.95626831054688,480.9718933105469,169.2975311279297,554.7901611328125,91.38265228271484,101.61182403564453,164.09097290039062,63.83354568481445
2025-05-08,199.0351104736328,215.90060424804688,485.9378662109375,169.79261779785156,558.6558227539062,90.96915435791016,102.66783905029297,164.77627563476562,64.38282012939453
2025-05-09,198.6690673828125,215.4740447998047,485.619384765625,169.2480010986328,557.9440307617188,90.70333099365234,102.73629760742188,164.5021514892578,64.34300231933594
2025-05-12,205.65377807617188,221.46578979492188,505.40362548828125,174.614990234375,576.3826293945312,91.40233612060547,105.65987396240234,167.93846130371094,67.02963256835938
2025-05-13,206.40570068359375,225.65203857421875,513.1063232421875,174.9219512939453,580.18896484375,90.73287963867188,105.9043197631836,167.1160888671875,68.119873046875
2025-05-14,204.57540893554688,226.673828125,516.1814575195312,174.99127197265625,580.9304809570312,90.06340026855469,105.00475311279297,165.90213012695312,68.62931823730469
2025-05-15,205.91099548339844,227.1103057861328,516.7487182617188,176.18942260742188,583.7679443359375,91.63863372802734,106.40299224853516,167.84056091308594,68.55133819580078
2025-05-16,207.6126708984375,228.82647705078125,518.9978637695312,177.38758850097656,587.465576171875,92.51484680175781,107.11678314208984,169.46571350097656,68.92304229736328
2025-05-19,206.74205017089844,229.35223388671875,519.4954833984375,177.9123992919922,588.108154296875,92.9283447265625,107.03855895996094,169.68109130859375,68.94793701171875
2025-05-20,206.85089111328125,228.48919677734375,517.763916015625,177.2093505859375,586.130859375,92.7806625366211,106.84300231933594,169.3482208251953,68.61604309082031
2025-05-21,201.04347229003906,224.32276916503906,510.5686340332031,174.3971405029297,576.254150390625,91.55986785888672,104.62342071533203,166.31332397460938,67.59548950195312
2025-05-22,201.0335693359375,224.45172119140625,511.5240783691406,174.10008239746094,576.4814453125,91.12667083740234,104.11497497558594,165.62799072265625,67.7879867553711
2025-05-23,200.40040588378906,223.92596435546875,506.78692626953125,172.30776977539062,572.5465698242188,90.98884582519531,103.6456298828125,165.49093627929688,67.10595703125
2025-05-27,205.485595703125,228.73721313476562,518.709228515625,175.84286499023438,584.4501953125,91.9044418334961,105.36653900146484,168.0265655517578,68.70897674560547
2025-05-28,203.31893920898438,228.28085327148438,516.4103393554688,174.6645050048828,581.06884765625,91.21528625488281,104.515869140625,166.7930145263672,68.44512176513672
2025-05-29,203.92242431640625,228.4792938232422,517.4254760742188,175.15960693359375,583.362548828125,91.53033447265625,104.6429672241211,167.5272674560547,68.62268829345703
2025-05-30,202.88363647460938,229.68951416015625,516.609375,175.32794189453125,582.7100830078125,92.06196594238281,104.61363220214844,167.79161071777344,68.55797576904297
2025-06-02,203.51681518554688,231.6338653564453,520.689697265625,176.11021423339844,585.9924926757812,92.21949005126953,104.68209075927734,168.06573486328125,69.05414581298828
2025-06-03,206.80140686035156,232.42747497558594,524.7599487304688,177.2093505859375,589.3341674804688,92.22933197021484,105.95320892333984,168.9566192626953,69.56192016601562
2025-06-04,206.21771240234375,231.8520965576172,526.222900390625,177.87281799316406,589.1759033203125,91.83552551269531,105.7087631225586,168.0853271484375,69.81084442138672
2025-06-05,206.3067626953125,229.56056213378906,522.2620849609375,177.4073944091797,586.3285522460938,91.66815948486328,105.6109848022461,167.72308349609375,69.3096923828125
2025-06-06,209.6407928466797,230.87994384765625,527.3673095703125,178.63526916503906,592.3495483398438,92.29824829101562,106.852783203125,169.38739013671875,70.02657318115234
2025-06-09,211.0852508544922,229.60025024414062,528.1435546875,177.98171997070312,592.8834228515625,91.6878433227539,107.36123657226562,169.46571350097656,70.0896224975586
2025-06-10,212.22299194335938,229.51097106933594,531.6366577148438,179.37791442871094,596.2449340820312,91.81584167480469,108.7008056640625,170.3566131591797,70.47295379638672
2025-06-11,211.35238647460938,230.5128936767578,529.8452758789062,178.80360412597656,594.54443359375,91.62877655029297,108.11412811279297,170.0824737548828,70.24229431152344
2025-06-12,210.5114288330078,230.43353271484375,531.0892944335938,179.41754150390625,596.9072875976562,92.35731506347656,108.30968475341797,171.0810546875,70.38335418701172
2025-06-13,206.6629180908203,228.4197540283203,524.421630859375,176.53599548339844,590.2338256835938,91.56970977783203,107.04833984375,169.73983764648438,69.4192123413086
2025-06-16,209.09945678710938,230.33926391601562,531.7162475585938,178.14166259765625,595.8494262695312,91.61416625976562,108.36351013183594,170.56219482421875,70.29872131347656
2025-06-17,206.89703369140625,228.58975219726562,526.5313110351562,176.43478393554688,590.7578125,91.00163269042969,107.32003021240234,169.15243530273438,69.74114227294922
2025-06-18,207.98831176757812,228.8979034423828,526.4417114257812,175.2340087890625,590.6688842773438,90.66571807861328,107.6744155883789,169.4069366455078,69.62995910644531
2025-06-20,207.55181884765625,228.92771911621094,524.292236328125,174.30116271972656,589.2816162109375,90.69536590576172,107.95989990234375,169.70066833496094,69.27317810058594
2025-06-23,210.09152221679688,232.8342742919922,529.6832275390625,176.24623107910156,595.1022338867188,91.55488586425781,108.84586334228516,170.95379638671875,70.03817749023438
2025-06-24,212.77012634277344,235.4784393310547,537.7831420898438,178.24090576171875,601.6764526367188,92.02911376953125,110.3126220703125,172.22650146484375,71.08362579345703
2025-06-25,210.28993225097656,233.79852294921875,539.157958984375,178.00274658203125,602.0136108398438,91.23873901367188,109.67276763916016,171.29644775390625,71.40058135986328
2025-06-26,213.7026824951172,235.71702575683594,544.19921875,178.9951171875,606.7236328125,91.58452606201172,110.6670150756836,172.48104858398438,71.96810913085938
2025-06-27,213.77210998535156,236.29356384277344,546.0624389648438,180.205810546875,609.738037109375,91.89080047607422,110.84420776367188,172.96075439453125,72.41781616210938
2025-06-30,214.0796356201172,238.8880157470703,549.5992431640625,181.42645263671875,612.6533813476562,92.7404556274414,111.44469451904297,173.9785919189453,72.83381652832031
2025-07-01,216.28204345703125,235.39892578125,544.9664916992188,182.0317840576172,612.455078125,93.13563537597656,113.08866119384766,175.77015686035156,72.09783172607422
2025-07-02,219.2781219482422,235.48837280273438,548.7622680664062,182.5379180908203,615.2315063476562,92.25634765625,113.38397979736328,175.89813232421875,72.64442443847656
2025-07-03,221.31187438964844,237.9436492919922,554.1622924804688,183.56004333496094,620.0803833007812,93.02696228027344,113.99431610107422,176.8234405517578,73.42858123779297
2025-07-07,217.9884033203125,237.14845275878906,549.9878540039062,182.20050048828125,615.4595336914062,92.71080780029297,112.63582611083984,175.415771484375,72.88531494140625
2025-07-08,219.4963836669922,235.02117919921875,550.2966918945312,182.4088897705078,615.1224365234375,92.42430114746094,113.48241424560547,175.3271942138672,72.82052612304688
2025-07-09,221.87734985351562,236.4724884033203,554.1921997070312,183.53028869628906,618.8110961914062,92.60214233398438,113.6202392578125,175.46499633789062,73.51497650146484
2025-07-10,223.01824951171875,236.19415283203125,553.3952026367188,183.52035522460938,620.5563354492188,92.32550048828125,114.2207260131836,176.59703063964844,73.49504089355469
2025-07-11,219.9427947998047,234.8422393798828,552.1497802734375,182.45851135253906,618.3748168945312,91.6240463256836,113.28553009033203,175.474853515625,73.37043762207031
2025-07-14,221.42100524902344,237.78463745117188,554.1524047851562,182.49819946289062,619.5547485351562,92.11803436279297,113.18710327148438,175.65203857421875,73.63459777832031
2025-07-15,217.08566284179688,235.81640625,554.660400390625,181.22796630859375,616.9072875976562,91.07078552246094,111.72032928466797,173.3387451171875,73.79075622558594
2025-07-16,219.26820373535156,236.74087524414062,555.2283325195312,181.982177734375,618.9697265625,91.68333435058594,111.58251190185547,174.2050018310547,74.00009155273438
2025-07-17,222.1452178955078,237.84426879882812,559.7216796875,183.0737762451172,622.7576293945312,91.91056060791016,112.21253204345703,175.16969299316406,74.44200897216797
2025-07-18,220.5678253173828,237.6454620361328,559.1836547851562,182.62721252441406,622.301513671875,91.83151245117188,112.1928482055664,174.8842315673828,74.49351501464844
2025-07-21,219.67494201660156,238.12258911132812,562.0828857421875,183.0142364501953,623.4815063476562,91.85128021240234,112.25190734863281,174.65782165527344,74.76099395751953
2025-07-22,221.5003662109375,236.1444549560547,559.1736450195312,183.42112731933594,623.5707397460938,92.67130279541016,113.0689697265625,176.0753173828125,74.3091049194336
2025-07-23,224.88333129882812,238.92774963378906,561.7242431640625,184.83030700683594,628.8757934570312,92.8392562866211,114.6932373046875,177.74876403808594,74.82744598388672
2025-07-24,221.77816772460938,238.1723175048828,562.9197998046875,184.73106384277344,629.083984375,92.86888122558594,113.73836517333984,177.07937622070312,75.13812255859375
2025-07-25,222.60157775878906,239.8522186279297,564.2747802734375,185.46542358398438,631.741455078125,93.11588287353516,113.8072738647461,177.8373565673828,75.4637451171875
2025-07-28,222.3436279296875,239.3054962158203,566.0381469726562,185.3562469482422,631.5828247070312,92.29586791992188,113.31507110595703,176.9317169189453,75.74783325195312
2025-07-29,220.9249725341797,239.25579833984375,565.1614379882812,184.6119842529297,629.9168701171875,92.65153503417969,113.0099105834961,176.91204833984375,75.3906478881836
2025-07-30,219.80392456054688,239.91189575195312,565.918701171875,183.86769104003906,629.1236572265625,92.21682739257812,112.5177001953125,175.91781616210938,75.56175994873047
2025-07-31,217.651123046875,239.8522186279297,562.9197998046875,182.71653747558594,626.7637329101562,91.49561309814453,111.18875122070312,174.27391052246094,75.62157440185547
2025-08-01,213.216552734375,237.35719299316406,551.8309936523438,180.940185546875,616.49072265625,91.2288589477539,109.81058502197266,172.76780700683594,73.93695831298828
2025-08-04,217.9884033203125,240.89598083496094,562.0130615234375,184.03640747070312,625.8612670898438,92.24647521972656,110.93281555175781,174.41171264648438,75.35907745361328
2025-08-05,219.09954833984375,239.69317626953125,558.1973266601562,182.47836303710938,622.6881713867188,91.45609283447266,111.27735137939453,174.431396484375,74.7094955444336
2025-08-06,218.8118438720703,242.605712890625,565.2212524414062,183.9768524169922,627.457763671875,91.9599609375,111.31672668457031,174.26406860351562,75.72125244140625
2025-08-07,218.09754943847656,242.41683959960938,567.1341552734375,182.71653747558594,626.9321899414062,91.47584533691406,111.4742202758789,174.1164093017578,75.70962524414062
2025-08-08,218.57374572753906,244.19618225097656,572.4244384765625,184.23487854003906,631.8207397460938,91.72283935546875,112.65552520751953,175.20907592773438,76.27946472167969
2025-08-11,218.52415466308594,244.23594665527344,570.730712890625,183.8875274658203,630.5713500976562,91.52525329589844,112.55707550048828,174.85470581054688,76.12330627441406
2025-08-12,225.01229858398438,246.383056640625,577.9041137695312,185.80282592773438,637.2844848632812,91.71297454833984,114.6932373046875,176.62655639648438,76.91410827636719
2025-08-13,229.38735961914062,244.7926025390625,578.1930541992188,187.26161193847656,639.4659423828125,92.4440689086914,115.89421844482422,177.98501586914062,76.89749908447266
2025-08-14,226.43096923828125,244.49440002441406,577.7447509765625,187.17230224609375,639.525390625,92.12791442871094,116.08125305175781,177.6503143310547,77.00880432128906
2025-08-15,225.32977294921875,243.4009552001953,575.2042236328125,186.67613220214844,638.0281372070312,92.3946533203125,115.12638092041016,177.4337615966797,76.76292419433594
2025-08-18,226.1531982421875,243.38107299804688,574.9749755859375,186.66619873046875,637.8892822265625,92.34526062011719,115.40201568603516,177.46328735351562,76.77621459960938
2025-08-19,224.4170684814453,240.66732788085938,567.1740112304688,186.12039184570312,634.4286499023438,92.96768188476562,116.03203582763672,178.30001831054688,75.69633483886719
2025-08-20,223.62339782714844,241.41287231445312,563.8064575195312,185.7234344482422,632.742919921875,93.44190979003906,115.21497344970703,178.80203247070312,75.26770782470703
2025-08-21,224.17898559570312,240.09080505371094,561.1962280273438,185.13792419433594,630.2044677734375,93.1949234008789,114.94917297363281,178.12281799316406,74.95703125
2025-08-22,232.96875,242.20809936523438,569.85400390625,187.92649841308594,639.8824462890625,93.40238952636719,117.56770324707031,180.6329803466797,76.15985870361328
2025-08-25,230.51832580566406,241.3929901123047,568.2100830078125,186.9738311767578,637.0662231445312,92.55274200439453,117.08535766601562,179.18594360351562,76.02694702148438
2025-08-26,232.423095703125,243.70912170410156,570.4916381835938,187.61888122558594,639.733642578125,92.54285430908203,117.29207611083984,179.67813110351562,76.447265625
2025-08-27,234.06996154785156,243.31149291992188,571.368408203125,187.90667724609375,641.1912841796875,92.92816162109375,117.93193817138672,180.20970153808594,76.59844970703125
2025-08-28,234.3477325439453,244.85226440429688,574.9451293945312,188.24407958984375,643.4619750976562,92.89852142333984,118.20757293701172,180.2884521484375,77.08357238769531
2025-08-29,233.30606079101562,242.27769470214844,568.2899169921875,187.5097198486328,639.6245727539062,93.1257553100586,117.81380462646484,180.35736083984375,76.19308471679688
2025-09-02,232.04612731933594,241.04507446289062,563.5274658203125,186.17994689941406,634.884765625,92.88864135742188,117.21331787109375,179.74705505371094,75.58502197265625
2025-09-03,231.81793212890625,241.2239990234375,567.9611206054688,187.23184204101562,638.3255615234375,92.92816162109375,116.86878204345703,178.94969177246094,76.40906524658203
2025-09-04,234.71478271484375,243.48046875,573.1019287109375,188.8791961669922,643.6602783203125,93.07635498046875,118.11898040771484,180.27859497070312,77.08854675292969
2025-09-05,235.8854522705078,242.8442840576172,573.9288940429688,187.77764892578125,641.796142578125,92.85900115966797,118.54226684570312,179.69781494140625,76.85430145263672
2025-09-08,236.36163330078125,245.01129150390625,576.7284545898438,188.26393127441406,643.3727416992188,92.93804168701172,118.06975555419922,179.46156311035156,77.34773254394531
2025-09-09,234.97274780273438,246.95962524414062,578.3624877929688,188.55172729492188,644.8601684570312,93.10599517822266,118.20757293701172,179.61907958984375,77.63015747070312
2025-09-10,234.55606079101562,252.85426330566406,578.5517578125,188.125,646.724365234375,92.61201477050781,118.51273345947266,180.93812561035156,77.62018585205078
2025-09-11,238.89141845703125,252.4467315673828,581.9192504882812,190.10975646972656,652.0988159179688,93.76793670654297,120.35358428955078,183.15296936035156,78.06542205810547
2025-09-12,236.45091247558594,252.00936889648438,584.4896240234375,189.35552978515625,651.880615234375,93.00720977783203,119.75309753417969,182.04061889648438,78.33456420898438
2025-09-15,237.4529266357422,253.10279846191406,589.4911499023438,189.98074340820312,655.3511352539062,92.72068786621094,119.82200622558594,181.68626403808594,79.11539459228516
2025-09-16,237.06192016601562,252.48899841308594,588.992919921875,189.80067443847656,654.4488525390625,92.33586883544922,119.8615951538086,181.4893798828125,78.9841537475586
2025-09-17,237.66880798339844,252.2100067138672,587.8173217773438,190.29808044433594,653.6357421875,92.79209899902344,120.25749969482422,182.27688598632812,78.678466796875
2025-09-18,243.58837890625,253.764404296875,593.11767578125,191.0242919921875,656.6898193359375,92.92103576660156,122.72203826904297,182.91673278808594,79.09215545654297
2025-09-19,241.73789978027344,255.88674926757812,597.1326904296875,191.71072387695312,659.9423217773438,93.0698013305664,121.83123779296875,182.77890014648438,79.81483459472656
2025-09-22,243.14068603515625,256.7635803222656,600.667724609375,192.77517700195312,663.0645141601562,93.16898345947266,121.7916488647461,182.90689086914062,80.42288970947266
2025-09-23,242.59349060058594,255.86683654785156,596.6779174804688,191.86988830566406,659.4551391601562,93.3673324584961,122.20735931396484,183.34983825683594,79.57560729980469
2025-09-24,240.36495971679688,254.2327117919922,594.583251953125,191.20335388183594,657.3569946289062,93.38717651367188,122.33602142333984,182.9954833984375,79.23169708251953
2025-09-25,238.06675720214844,252.67832946777344,592.0198364257812,190.30804443359375,654.3242797851562,92.84169006347656,122.08858489990234,182.14891052246094,78.79476928710938
2025-09-26,240.1062774658203,253.74447631835938,594.4535522460938,191.60130310058594,658.072998046875,93.7640609741211,123.3554916381836,183.655029296875,79.1519546508789
2025-09-29,240.3848419189453,254.72096252441406,597.20654296875,192.35736083984375,659.9224243164062,93.94258117675781,123.5732421875,183.78659057617188,79.50570678710938
2025-09-30,240.72311401367188,255.52804565429688,598.8424072265625,193.49143981933594,662.4082641601562,94.359130859375,123.77120208740234,184.50885009765625,79.76514434814453
2025-10-01,241.25039672851562,254.98001098632812,601.7150268554688,194.82447814941406,664.6654663085938,94.1905288696289,125.51319885253906,184.8848114013672,80.13935089111328
2025-10-02,242.7725830078125,254.89035034179688,604.188720703125,195.341796875,665.4309692382812,94.05168151855469,125.64187622070312,184.5484161376953,80.37551879882812
2025-10-03,244.57333374023438,253.3558807373047,601.645263671875,195.4512176513672,665.421142578125,94.36904907226562,126.10707092285156,185.5377960205078,80.06949615478516
2025-10-06,245.54830932617188,253.2960968017578,606.1636962890625,195.78945922851562,667.8074951171875,94.29962158203125,125.90911102294922,185.33993530273438,80.66323852539062
2025-10-07,242.911865234375,253.58505249023438,602.9718627929688,194.79464721679688,665.3316040039062,94.45831298828125,124.9193344116211,185.17173767089844,80.18093872070312
2025-10-08,245.4587860107422,254.99993896484375,609.88427734375,195.6700897216797,669.2990112304688,94.6467514038086,125.63197326660156,185.0826873779297,81.00916290283203
2025-10-09,243.8769073486328,255.11952209472656,609.1461181640625,194.75486755371094,667.3600463867188,94.10126495361328,124.55311584472656,184.0735321044922,80.91270446777344
2025-10-10,236.57443237304688,249.07135009765625,588.0000610351562,190.01953125,649.32275390625,93.21856689453125,121.03942108154297,180.92730712890625,78.24006652832031
2025-10-13,243.1605987548828,253.82418823242188,600.4782104492188,191.8798370361328,659.2860107421875,93.50618743896484,122.84081268310547,182.57955932617188,79.76847839355469
2025-10-14,246.6327362060547,253.2064208984375,596.4783935546875,192.02906799316406,658.4805908203125,93.92274475097656,123.78108978271484,184.15267944335938,79.14646911621094
2025-10-15,249.05032348632812,253.94375610351562,600.6876220703125,192.70555114746094,661.4039916992188,93.47643280029297,125.07769775390625,184.66714477539062,79.57721710205078
2025-10-16,243.8072509765625,251.98085021972656,598.4633178710938,191.2928924560547,656.899658203125,92.5639877319336,124.03843688964844,182.7576446533203,79.17806243896484
2025-10-17,242.16571044921875,251.89117431640625,602.393310546875,192.45684814453125,660.62841796875,93.2879867553711,124.59270477294922,183.66787719726562,79.53730010986328
2025-10-20,246.89141845703125,253.30606079101562,609.98388671875,194.59568786621094,667.499267578125,93.8434066772461,125.94869995117188,185.03321838378906,80.61167907714844
2025-10-21,245.7274169921875,252.6584014892578,609.8244018554688,195.1129913330078,667.4892578125,93.95249938964844,127.13642120361328,185.23109436035156,80.57675170898438
2025-10-22,242.09605407714844,250.01792907714844,603.9493408203125,193.83963012695312,664.0191040039062,93.90290069580078,126.11695861816406,184.66714477539062,79.9913330078125
2025-10-23,245.16030883789062,252.05059814453125,609.0264282226562,195.07318115234375,667.9566650390625,93.65496063232422,126.92858123779297,185.2113037109375,80.65492248535156
2025-10-24,248.15492248535156,254.5814666748047,615.52978515625,195.83920288085938,673.4155883789062,93.72438049316406,128.5023193359375,186.13143920898438,81.42993927001953
2025-10-27,249.02047729492188,256.9927978515625,626.4918823242188,198.1471710205078,681.3603515625,94.1508560180664,129.5415802001953,186.75473022460938,82.87020874023438
2025-10-28,247.6873321533203,257.0226745605469,631.3095703125,198.09744262695312,683.1700439453125,93.45660400390625,129.45249938964844,185.49822998046875,83.50052642822266
2025-10-29,245.57815551757812,257.0924072265625,634.15234375,197.29164123535156,683.4981689453125,92.2763671875,128.96751403808594,184.0240478515625,83.86475372314453
2025-10-30,243.5983428955078,252.64842224121094,624.45703125,195.68002319335938,675.98095703125,92.47472381591797,128.24497985839844,183.62831115722656,82.54756164550781
2025-10-31,244.97128295898438,253.30606079101562,627.4693603515625,195.2821044921875,678.1983642578125,92.41521453857422,129.07638549804688,183.78659057617188,82.96500396728516
2025-11-03,244.18531799316406,252.60858154296875,630.4716796875,195.00355529785156,679.4711303710938,91.9887466430664,129.23475646972656,182.91595458984375,83.46227264404297
2025-11-04,239.9669952392578,248.31407165527344,617.6743774414062,193.51133728027344,671.4169921875,92.05817413330078,126.9582748413086,182.36190795898438,82.07024383544922
2025-11-05,243.42918395996094,249.2506866455078,621.6941528320312,194.27734375,673.7437133789062,92.18710327148438,128.84872436523438,183.24246215820312,82.1617202758789
2025-11-06,239.12135314941406,246.04225158691406,610.1136474609375,192.267822265625,666.514892578125,91.58211517333984,128.08660888671875,183.00498962402344,80.80127716064453
2025-11-07,240.37490844726562,247.2877655029297,608.1885375976562,192.20814514160156,667.1710815429688,92.22677612304688,128.9477081298828,184.18235778808594,80.5750961303711
2025-11-10,242.78253173828125,251.71180725097656,621.6442260742188,194.8941192626953,677.5819091796875,92.62348937988281,130.1255340576172,184.99363708496094,82.43446350097656
2025-11-11,242.99147033691406,250.8648681640625,619.9884643554688,195.50096130371094,679.1329956054688,93.52603149414062,130.1255340576172,186.5172882080078,82.30806732177734
2025-11-12,242.39451599121094,250.68551635742188,619.4996948242188,195.98841857910156,679.5108642578125,93.78388977050781,131.3132781982422,187.4176025390625,82.07024383544922
2025-11-13,235.5795440673828,244.90635681152344,606.8519897460938,193.89932250976562,668.2350463867188,93.33758544921875,129.40301513671875,185.5377960205078,80.30899047851562
2025-11-14,236.26602172851562,245.18536376953125,607.310791015625,193.3720703125,668.125732421875,93.42684173583984,129.32383728027344,185.16183471679688,80.41543579101562
2025-11-17,231.57012939453125,242.48509216308594,602.1240234375,191.32275390625,661.901123046875,92.94086456298828,127.0869369506836,183.0940399169922,79.71192932128906
2025-11-18,232.27651977539062,241.1698455810547,594.792724609375,190.07923889160156,656.3428344726562,92.89128112792969,126.71083068847656,183.07424926757812,78.71073150634766
2025-11-19,232.23670959472656,242.07656860351562,598.3436889648438,190.75570678710938,658.87841796875,92.41521453857422,126.51287078857422,182.64881896972656,79.26288604736328
2025-11-20,227.9387969970703,237.164306640625,584.1798095703125,188.3780975341797,648.8355712890625,91.8697280883789,123.39508056640625,180.94708251953125,77.66795349121094
2025-11-21,234.3956298828125,236.9749755859375,588.568603515625,190.98451232910156,655.2987670898438,92.93094635009766,126.08726501464844,183.44033813476562,78.1535873413086
2025-11-24,238.6736297607422,241.4289093017578,603.6201782226562,192.67568969726562,664.9437866210938,92.84169006347656,127.65111541748047,183.3314971923828,79.2246322631836
2025-11-25,243.8769073486328,243.33206176757812,607.3406982421875,194.9737091064453,671.1981811523438,93.88307189941406,129.50198364257812,186.02259826660156,80.65325164794922
2025-11-26,246.03582763671875,246.78956604003906,612.70703125,196.31671142578125,675.8318481445312,94.14093017578125,130.69961547851562,187.2197265625,81.22371673583984
2025-11-28,247.4783935546875,249.35032653808594,617.6743774414062,197.05287170410156,679.5208129882812,94.54756927490234,132.30303955078125,188.45645141601562,81.6328353881836
2025-12-01,244.36439514160156,246.75967407226562,615.599609375,196.64500427246094,676.4185180664062,93.78388977050781,131.87745666503906,187.1405792236328,81.30354309082031
2025-12-02,243.9167022705078,247.91549682617188,620.4173583984375,197.4010467529297,677.67138671875,93.51610565185547,132.65936279296875,186.84378051757812,81.74759674072266
2025-12-03,248.35389709472656,248.90194702148438,621.9335327148438,198.0874786376953,680.0180053710938,93.81364440917969,133.98565673828125,188.56527709960938,81.79415893554688
2025-12-04,250.53271484375,250.6954803466797,621.35498046875,198.2466583251953,680.51513671875,93.73430633544922,133.33242797851562,188.54550170898438,81.80248260498047
2025-12-05,249.4880828857422,251.8811798095703,623.8884887695312,198.72415161132812,681.8078002929688,93.80372619628906,133.92626953125,188.33773803710938,82.17335510253906
2025-12-08,249.5875701904297,252.46908569335938,622.6915893554688,197.52044677734375,679.7594604492188,93.11939239501953,133.90647888183594,187.42752075195312,82.0153579711914
2025-12-09,250.1049041748047,252.58865356445312,623.4595947265625,197.38116455078125,679.1727294921875,92.89128112792969,134.10443115234375,186.92291259765625,81.99872589111328
2025-12-10,253.50743103027344,254.99993896484375,626.0130615234375,198.3063507080078,683.6771850585938,93.08963775634766,136.85601806640625,189.52499389648438,82.03864288330078
2025-12-11,256.48211669921875,255.13943481445312,623.98828125,199.96768188476562,685.26806640625,93.87316131591797,137.162841796875,191.0882110595703,81.99539947509766
2025-12-12,252.55233764648438,248.56317138671875,612.0587158203125,198.4754638671875,677.9000244140625,93.85330963134766,135.38124084472656,190.4550018310547,80.7048110961914
2025-12-15,250.6421356201172,247.4471893310547,608.9865112304688,198.65452575683594,676.8758544921875,93.9921646118164,135.56930541992188,191.17724609375,80.30567169189453
2025-12-16,249.4562530517578,247.48817443847656,610.1934204101562,197.76742553710938,675.0264282226562,93.31594848632812,134.5766143798828,189.32711791992188,80.50190734863281
2025-12-17,246.8009796142578,241.66339111328125,598.8822631835938,195.9413299560547,667.5986938476562,93.38565826416016,133.46142578125,188.94125366210938,79.09159088134766
2025-12-18,248.26837158203125,245.84963989257812,607.5601806640625,197.34832763671875,672.6399536132812,93.46533203125,134.54673767089844,188.83242797851562,80.1510009765625
2025-12-19,250.34466552734375,251.02499389648438,615.4799194335938,198.41603088378906,678.7363891601562,93.7342300415039,136.00042724609375,189.2677459716797,81.25863647460938
2025-12-22,253.12973022460938,253.16307067871094,618.4302368164062,199.44383239746094,682.96484375,94.34173583984375,136.99610900878906,190.72569274902344,81.67634582519531
2025-12-23,251.63238525390625,254.09225463867188,621.3265380859375,199.7332305908203,686.0863037109375,94.36164855957031,136.67750549316406,190.8450164794922,82.24571990966797
2025-12-24,252.2612762451172,255.2412109375,623.144287109375,200.56146240234375,688.4996948242188,94.68033599853516,137.60348510742188,191.8096923828125,82.42051696777344
2025-12-26,250.9735565185547,254.80160522460938,623.1043090820312,200.6013641357422,688.4298706054688,94.72016906738281,137.66322326660156,191.72018432617188,82.41885375976562
2025-12-29,249.43629455566406,253.2629852294922,620.088134765625,200.07249450683594,685.9765625,94.68033599853516,137.5437469482422,191.53123474121094,81.99931335449219
2025-12-30,247.58956909179688,252.5635986328125,618.64990234375,199.67335510253906,685.138916015625,94.56082153320312,137.37448120117188,191.31243896484375,81.8578109741211
2025-12-31,245.722900390625,250.08583068847656,613.536376953125,198.19650268554688,680.062744140625,93.7740707397461,136.13983154296875,189.94003295898438,81.22017669677734
2026-01-02,248.33824157714844,252.503662109375,612.347900390625,198.76528930664062,681.309326171875,93.26615905761719,138.74851989746094,191.75001525878906,80.94381713867188
2026-01-05,252.28123474121094,254.8915252685547,617.2117309570312,200.75103759765625,685.846923828125,93.6147232055664,139.88360595703125,193.57989501953125,81.31840515136719
2026-01-06,255.62527465820312,257.87884521484375,622.6348876953125,202.47735595703125,689.92578125,94.16246795654297,142.46241760253906,195.2108917236328,81.61474609375
2026-01-07,255.02635192871094,256.2403259277344,623.2341918945312,201.4994354248047,687.701904296875,93.79398345947266,141.1182403564453,192.953369140625,81.82451629638672
2026-01-08,257.8113708496094,253.10313415527344,619.6885986328125,201.97842407226562,687.632080078125,94.13258361816406,141.70570373535156,194.4849090576172,81.2684555053711
2026-01-09,259.7679138183594,256.75982666015625,625.86083984375,203.6348876953125,692.1796264648438,94.2520980834961,143.61741638183594,195.7379913330078,81.74793243408203
2026-01-12,261.03564453125,258.7181091308594,626.3801879882812,203.79454040527344,693.2666625976562,94.47119903564453,143.07974243164062,195.81753540039062,81.9976577758789
2026-01-13,260.88592529296875,258.6781311035156,625.4513549804688,203.09603881835938,691.8804931640625,93.89356994628906,143.04986572265625,195.50924682617188,81.78289794921875
2026-01-14,262.72265625,255.5009765625,618.769775390625,202.17799377441406,688.479736328125,94.24213409423828,143.06979370117188,196.59324645996094,80.76568603515625
2026-01-15,265.0385437011719,256.9796447753906,620.9970092773438,203.05612182617188,690.3546142578125,94.19234466552734,143.88624572753906,197.31924438476562,80.8422622680664
2026-01-16,265.2881164550781,258.14862060546875,620.4776611328125,202.8765106201172,689.7761840820312,94.03299713134766,143.8663330078125,197.27944946289062,80.75902557373047
2026-01-20,262.1137390136719,252.61355590820312,607.2942504882812,199.1045684814453,675.7345581054688,93.226318359375,142.22344970703125,194.65396118164062,78.6746597290039
2026-01-21,267.3144836425781,255.1712646484375,615.50390625,201.53936767578125,683.5332641601562,93.95332336425781,145.9473114013672,197.3689727783203,79.42050170898438
2026-01-22,269.3109436035156,255.84068298339844,619.978271484375,202.19796752929688,687.103515625,94.3516845703125,146.69407653808594,197.6872100830078,80.07644653320312
2026-01-23,264.33978271484375,255.26119995117188,621.935791015625,202.2478485107422,687.352783203125,94.4911117553711,144.42391967773438,196.5037384033203,80.49431610107422
2026-01-26,263.5112609863281,256.71990966796875,624.67236328125,203.2956085205078,690.84326171875,95.12848663330078,144.12521362304688,197.17005920410156,81.04037475585938
2026-01-27,264.25994873046875,259.9869689941406,630.335205078125,203.70474243164062,693.5957641601562,94.93927001953125,145.47933959960938,197.12034606933594,81.55980682373047
2026-01-28,262.83245849609375,259.8570556640625,632.4225463867188,203.83445739746094,693.5259399414062,94.76997375488281,147.3213653564453,197.19989013671875,81.51485443115234
2026-01-29,262.90234375,260.8861389160156,628.6373291015625,204.303466796875,692.1497192382812,94.29193115234375,147.82916259765625,198.4927520751953,80.76568603515625
2026-01-30,259.1889343261719,255.66082763671875,621.0868530273438,201.9884033203125,690.0853271484375,94.60066223144531,146.54470825195312,198.65187072753906,80.16967010498047
2026-02-02,261.7144470214844,258.12860107421875,625.3515014648438,203.2956085205078,693.5159912109375,94.98905944824219,148.98414611816406,200.342529296875,80.38111114501953
2026-02-03,262.3133850097656,256.2203369140625,615.7435913085938,200.94064331054688,687.6520385742188,94.4911117553711,148.92440795898438,201.35691833496094,78.8211669921875
2026-02-04,260.0574035644531,246.82875061035156,604.9871826171875,201.1901092529297,684.3211059570312,94.7400894165039,148.48631286621094,202.480712890625,77.80895233154297
2026-02-05,255.375732421875,243.911376953125,596.2781982421875,198.815185546875,675.7744750976562,94.54090881347656,147.51052856445312,201.33702087402344,76.39552307128906
2026-02-06,264.5494079589844,253.2629852294922,608.8822631835938,203.20579528808594,688.739013671875,95.63639831542969,151.2244415283203,205.25537109375,78.0120620727539
2026-02-09,266.4060974121094,257.199462890625,613.54638671875,203.594970703125,692.0599975585938,95.5069351196289,150.67681884765625,204.8874053955078,78.81117248535156
2026-02-10,265.6873779296875,254.83157348632812,610.699951171875,203.1858367919922,690.2349243164062,95.53681182861328,150.1590576171875,204.69845581054688,78.42993927001953
2026-02-11,264.47955322265625,254.92149353027344,612.337890625,203.35548400878906,690.075439453125,95.63639831542969,152.24002075195312,205.6929473876953,78.08531951904297
2026-02-12,259.07916259765625,249.97592163085938,599.8836059570312,200.31199645996094,679.41455078125,94.79984283447266,149.22311401367188,203.4851531982422,76.60694885253906
2026-02-13,262.4930725097656,251.25477600097656,601.1619873046875,201.31983947753906,679.8931884765625,95.79574584960938,150.9058074951172,204.99679565429688,76.24568176269531
2026-02-17,262.57293701171875,251.42462158203125,600.542724609375,201.8087921142578,680.9901733398438,95.44717407226562,150.19888305664062,204.7183380126953,76.50373077392578
2026-02-18,263.521240234375,253.2629852294922,605.027099609375,203.05612182617188,684.4208374023438,95.63639831542969,151.6426239013672,205.404541015625,76.99485778808594
2026-02-19,264.1301574707031,253.07315063476562,602.7100219726562,202.59710693359375,682.61572265625,95.65631866455078,150.72659301757812,204.98684692382812,76.78508758544922
2026-02-20,264.14013671875,254.5518341064453,608.0433349609375,203.95420837402344,687.5523071289062,95.79574584960938,151.76210021972656,205.74267578125,77.42105102539062
2026-02-23,260.0274353027344,249.52633666992188,600.652587890625,201.8287353515625,680.531494140625,95.4073486328125,149.59152221679688,204.1116943359375,76.46211242675781
2026-02-24,262.8623962402344,251.91419982910156,607.1044921875,203.53509521484375,685.4779052734375,95.99492645263672,150.49757385253906,205.02664184570312,77.2379150390625
2026-02-25,264.11016845703125,256.150390625,615.9033813476562,205.01194763183594,691.26220703125,96.01484680175781,151.33396911621094,205.51393127441406,78.3000717163086
2026-02-26,265.5176696777344,254.66172790527344,608.4727783203125,204.3633270263672,687.422607421875,96.40324401855469,150.46771240234375,205.79238891601562,77.49097442626953
2026-02-27,260.9458312988281,252.73345947265625,606.5252075195312,204.42320251464844,684.1216430664062,97.40910339355469,150.13912963867188,206.12057495117188,76.72682189941406
2026-03-02,263.341552734375,253.47279357910156,607.32421875,204.03404235839844,684.5106201171875,97.2796401977539,149.64129638671875,205.6730499267578,76.95489501953125
2026-03-03,258.7796630859375,246.78878784179688,600.8224487304688,201.85867309570312,678.4771118164062,96.81156158447266,146.46507263183594,203.14703369140625,76.47376251220703
2026-03-04,261.2951965332031,250.4854736328125,609.9808959960938,203.0062255859375,683.2639770507812,96.96095275878906,148.61573791503906,203.86306762695312,77.24957275390625
2026-03-05,256.3040771484375,246.8087615966797,608.1431274414062,201.24996948242188,679.4544067382812,96.41320037841797,146.99278259277344,201.2176971435547,77.29951477050781
2026-03-06,250.4445037841797,241.26373291015625,598.9946899414062,198.23641967773438,670.5487060546875,96.25386047363281,143.93603515625,198.93032836914062,76.2623291015625
2026-03-09,253.16964721679688,247.01858520507812,606.99462890625,200.2820587158203,676.4227294921875,96.243896484375,144.71266174316406,199.367919921875,77.26455688476562
2026-03-10,252.9101104736328,248.05764770507812,607.004638671875,199.85296630859375,675.3356323242188,95.52684783935547,145.0910186767578,198.82093811035156,77.12803649902344
2026-03-11,252.40103149414062,248.5671844482422,606.9247436523438,199.09458923339844,674.4879760742188,95.02890014648438,145.73822021484375,198.29385375976562,77.16632843017578
2026-03-12,246.97068786621094,243.6815643310547,596.5078735351562,195.80162048339844,664.2459106445312,94.60066223144531,143.16934204101562,195.9169921875,75.79950714111328
2026-03-13,246.15213012695312,243.22198486328125,592.9722900390625,194.73390197753906,660.4862060546875,94.68033599853516,144.0654754638672,196.18551635742188,74.95211791992188
2026-03-16,248.47799682617188,246.55899047851562,599.6239013671875,196.55999755859375,667.2078857421875,95.24800109863281,145.5590057373047,197.67726135253906,75.84612274169922
2026-03-17,250.0500030517578,248.22999572753906,602.5502319335938,196.8800048828125,668.9630126953125,95.08999633789062,147.00999450683594,198.2341766357422,76.0192642211914
2026-03-18,246.02000427246094,246.24000549316406,594.15087890625,194.0800018310547,659.6285400390625,93.48999786376953,145.47999572753906,195.66836547851562,74.92047882080078
2026-03-19,247.6300048828125,246.86000061035156,592.273193359375,194.2100067138672,658.0029907226562,93.27999877929688,145.36000061035156,195.38990783691406,74.6790771484375
2026-03-20,242.22000122070312,241.52000427246094,581.3269653320312,191.88999938964844,648.5700073242188,92.3499984741211,143.10000610351562,193.45062255859375,73.3022689819336
2026-03-23,247.4499969482422,244.52000427246094,588.0,193.9499969482422,655.3800048828125,92.76000213623047,143.8000030517578,194.81309509277344,74.30116271972656
2026-03-24,248.77999877929688,245.5399932861328,583.97998046875,193.3000030517578,653.1799926757812,92.30999755859375,144.91000366210938,195.87721252441406,73.4421157836914
2026-03-25,251.82000732421875,247.17999267578125,587.8200073242188,194.1199951171875,656.8200073242188,92.62999725341797,145.55999755859375,196.5435333251953,73.95987701416016
2026-03-26,247.44000244140625,238.2100067138672,573.7899780273438,190.14999389648438,645.0900268554688,92.20999908447266,142.89999389648438,195.19100952148438,72.04033660888672
2026-03-27,243.10000610351562,235.75999450683594,562.5800170898438,187.3000030517578,634.0900268554688,91.12000274658203,141.0800018310547,193.35000610351562,70.3949966430664
2026-03-30,239.61000061035156,230.77000427246094,558.280029296875,186.49000549316406,631.969970703125,91.69000244140625,138.47999572753906,193.02999877929688,70.00166320800781
2026-03-31,248.0,239.99000549316406,577.1799926757812,191.80999755859375,650.3400268554688,92.73999786376953,142.19000244140625,196.1999969482422,72.79833221435547
2026-04-01,249.55999755859375,245.24000549316406,584.3099975585938,192.77000427246094,655.239990234375,92.66999816894531,144.75999450683594,196.6699981689453,73.59333038330078
2026-04-02,251.2899932861328,245.85000610351562,584.97998046875,193.16000366210938,655.8300170898438,93.36000061035156,145.22000122070312,196.99000549316406,73.67166900634766
2026-04-06,252.36000061035156,247.69000244140625,588.5,194.02999877929688,658.9299926757812,93.41999816894531,146.25,197.83999633789062,74.01333618164062
2026-04-07,252.91000366210938,249.27999877929688,588.5900268554688,193.38999938964844,659.219970703125,93.20999908447266,146.30999755859375,197.5800018310547,74.15499877929688
2026-04-08,260.4700012207031,259.6400146484375,606.0900268554688,199.00999450683594,676.010009765625,94.12000274658203,151.64999389648438,201.97999572753906,76.1500015258789
2026-04-09,261.9599914550781,262.4100036621094,610.1900024414062,200.25,679.9099731445312,93.86000061035156,152.8300018310547,202.9499969482422,76.586669921875
2026-04-10,261.29998779296875,263.44000244140625,611.0700073242188,199.47000122070312,679.4600219726562,92.75,152.13999938964844,201.30999755859375,76.8550033569336
2026-04-13,265.07000732421875,266.04998779296875,617.3900146484375,201.25,686.0999755859375,93.51000213623047,153.4600067138672,202.61000061035156,77.8933334350586
2026-04-14,268.7200012207031,270.3299865722656,628.5999755859375,203.27000427246094,694.4600219726562,93.66999816894531,155.02000427246094,202.9600067138672,79.45333099365234
2026-04-15,269.3900146484375,269.989990234375,637.4000244140625,204.3699951171875,699.9400024414062,93.94000244140625,154.47000122070312,202.0399932861328,80.9433364868164
2026-04-16,269.95001220703125,270.82000732421875,640.469970703125,204.32000732421875,701.6599731445312,94.38999938964844,156.27999877929688,202.5800018310547,81.08333587646484
2026-04-17,275.7799987792969,274.4599914550781,648.8499755859375,206.9199981689453,710.1400146484375,94.86000061035156,158.22000122070312,204.24000549316406,82.31999969482422
2026-04-20,277.3500061035156,273.55999755859375,646.7899780273438,206.58999633789062,708.719970703125,94.73999786376953,158.11000061035156,204.25,82.09666442871094
2026-04-21,274.510009765625,271.5899963378906,644.3300170898438,205.4600067138672,704.0800170898438,94.08999633789062,158.22999572753906,202.97000122070312,81.5
2026-04-22,276.4800109863281,275.989990234375,655.1099853515625,207.1699981689453,711.2100219726562,94.08999633789062,159.11000061035156,202.8699951171875,83.0199966430664
2026-04-23,275.5199890136719,275.8800048828125,651.4199829101562,205.88999938964844,708.4500122070312,94.30999755859375,159.91000366210938,204.10000610351562,82.04000091552734
2026-04-24,276.6499938964844,280.8999938964844,663.8800048828125,207.39999389648438,713.9400024414062,94.08000183105469,162.3300018310547,203.52999877929688,83.25
2026-04-27,277.1400146484375,280.75,664.22998046875,207.19000244140625,715.1699829101562,93.56999969482422,163.52999877929688,203.4600067138672,83.48999786376953
2026-04-28,273.9100036621094,276.2099914550781,657.5499877929688,205.91000366210938,711.6900024414062,93.77999877929688,162.11000061035156,203.5,82.7699966430664
2026-04-29,272.0799865722656,277.7099914550781,661.5700073242188,205.75999450683594,711.5800170898438,93.87999725341797,164.97000122070312,203.58999633789062,82.68000030517578
2026-04-30,277.9700012207031,283.9800109863281,667.739990234375,207.25,718.6599731445312,94.63999938964844,167.07000732421875,206.77999877929688,83.16999816894531
2026-05-01,279.2799987792969,285.0899963378906,674.1500244140625,207.16000366210938,720.6500244140625,94.58000183105469,168.30999755859375,205.9499969482422,83.86000061035156
